Country,Year,Status,Life expectancy ,Adult Mortality,infant deaths,Alcohol,percentage expenditure,Hepatitis B,Measles,BMI,under-five deaths,Polio,Total expenditure,Diphtheria, HIV/AIDS,GDP,Population,thinness 10-19 years,thinness 5-9 years,Income composition of resources,Schooling
Afghanistan,2015,Developing,65.0,263.0,62,0.01,71.27962362,65.0,1154,19.1,83,6.0,8.16,65.0,0.1,0.05835296996413422,0.02607428879088441,17.2,17.3,0.479,10.1
Afghanistan,2014,Developing,59.9,271.0,64,0.01,73.52358168,62.0,492,18.6,86,58.0,8.18,62.0,0.1,0.06120134656768889,0.00025315581850842106,17.5,17.5,0.476,10.0
Afghanistan,2013,Developing,59.9,268.0,66,0.01,73.21924272,64.0,430,18.1,89,62.0,8.13,64.0,0.1,0.06310930498366603,0.02452481114522456,17.7,17.7,0.47,9.9
Afghanistan,2012,Developing,59.5,272.0,69,0.01,78.1842153,67.0,2787,17.6,93,67.0,8.52,67.0,0.1,0.06693695094789939,0.0028572844932145095,17.9,18.0,0.463,9.8
Afghanistan,2011,Developing,59.2,275.0,71,0.01,7.097108703,68.0,3013,17.2,97,68.0,7.87,68.0,0.1,0.006195694367956346,0.002302078048272422,18.2,18.2,0.454,9.5
Afghanistan,2010,Developing,58.8,279.0,74,0.01,79.67936736,66.0,1989,16.7,102,66.0,9.2,66.0,0.1,0.055254889449552765,0.0022283204125308036,18.4,18.4,0.448,9.2
Afghanistan,2009,Developing,58.6,281.0,77,0.01,56.76221682,63.0,2861,16.2,106,63.0,9.42,63.0,0.1,0.04449377196297548,0.0002197279169296976,18.6,18.7,0.434,8.9
Afghanistan,2008,Developing,58.1,287.0,80,0.03,25.87392536,64.0,1599,15.7,110,64.0,8.33,64.0,0.1,0.03722870319716634,0.0021095006886606817,18.8,18.9,0.433,8.7
Afghanistan,2006,Developing,57.3,295.0,84,0.03,17.17151751,64.0,1990,14.7,116,58.0,7.43,58.0,0.1,0.027132499882628544,0.0020012307984718525,19.2,19.3,0.405,8.1
Afghanistan,2005,Developing,57.3,291.0,85,0.02,1.388647732,66.0,1296,14.2,118,58.0,8.7,58.0,0.1,0.0023651359429869376,0.00019922104974539503,19.3,19.5,0.396,7.9
Afghanistan,2004,Developing,57.0,293.0,87,0.02,15.29606643,67.0,466,13.8,120,5.0,8.79,5.0,0.1,0.021781529788634506,0.01864108852148262,19.5,19.7,0.381,6.8
Afghanistan,2003,Developing,56.7,295.0,87,0.01,11.08905273,65.0,798,13.4,122,41.0,8.82,41.0,0.1,0.01973691374000677,0.0018277235191716294,19.7,19.9,0.373,6.5
Afghanistan,2002,Developing,56.2,3.0,88,0.01,16.88735091,64.0,2486,13.0,122,36.0,7.76,36.0,0.1,0.018646876337156136,0.016987851522583686,19.9,2.2,0.341,6.2
Afghanistan,2001,Developing,55.3,316.0,88,0.01,10.5747282,63.0,8762,12.6,122,35.0,7.8,33.0,0.1,0.011600485433427357,0.0022926983573159265,2.1,2.4,0.34,5.9
Afghanistan,2000,Developing,54.8,321.0,88,0.01,10.42496,62.0,6532,12.2,122,24.0,8.2,24.0,0.1,0.01130630757756915,0.00022701232590011374,2.3,2.5,0.338,5.5
Albania,2015,Developing,77.8,74.0,0,4.6,364.9752287,99.0,0,58.0,0,99.0,6.0,99.0,0.1,0.39590043128189667,2.2289132127090857e-05,1.2,1.3,0.762,14.2
Albania,2014,Developing,77.5,8.0,0,4.51,428.7490668,98.0,0,57.2,1,98.0,5.88,98.0,0.1,0.4581555760799678,0.00022327003324921135,1.2,1.3,0.761,14.2
Albania,2013,Developing,77.2,84.0,0,4.76,430.8769785,99.0,0,56.5,1,99.0,5.66,99.0,0.1,0.44202519989746797,0.0002237940469661283,1.3,1.4,0.759,14.2
Albania,2012,Developing,76.9,86.0,0,5.14,412.4433563,99.0,9,55.8,1,99.0,5.59,99.0,0.1,0.42528702098173693,2.2467667774005038e-06,1.3,1.4,0.752,14.2
Albania,2011,Developing,76.6,88.0,0,5.37,437.0621,99.0,28,55.1,1,99.0,5.71,99.0,0.1,0.44427442277584583,0.0002281245025057826,1.4,1.5,0.738,13.3
Albania,2010,Developing,76.2,91.0,1,5.28,41.82275719,99.0,10,54.3,1,99.0,5.34,99.0,0.1,0.0493482438710446,0.00022513035923242534,1.4,1.5,0.725,12.5
Albania,2009,Developing,76.1,91.0,1,5.79,348.0559517,98.0,0,53.5,1,98.0,5.79,98.0,0.1,0.41191742932469616,0.0022625992567383256,1.5,1.6,0.721,12.2
Albania,2007,Developing,75.9,9.0,1,5.58,32.24655228,98.0,22,51.7,1,99.0,6.1,98.0,0.1,0.036204606084534546,2.2941444187677724e-05,1.6,1.7,0.703,11.6
Albania,2006,Developing,74.2,99.0,1,5.31,3.3021542,98.0,68,5.8,1,97.0,5.86,97.0,0.1,0.003350259863483077,0.0023128582006670495,1.7,1.8,0.696,11.4
Albania,2005,Developing,73.5,15.0,1,5.16,26.99312143,98.0,6,49.9,1,97.0,6.12,98.0,0.1,0.02779149091298147,0.00024071628934355658,1.8,1.8,0.685,10.8
Albania,2004,Developing,73.0,17.0,1,4.54,221.8428,99.0,7,48.9,1,98.0,6.38,97.0,0.1,0.24188524590787908,0.0002526588556470972,1.8,1.9,0.681,10.9
Albania,2003,Developing,72.8,18.0,1,4.29,14.71928882,97.0,8,47.9,1,97.0,6.27,97.0,0.1,0.018830736946168904,0.0002624566755429026,1.9,2.0,0.674,10.7
Albania,2002,Developing,73.3,15.0,1,3.73,104.5169157,96.0,16,46.9,1,98.0,6.3,98.0,0.1,0.1454333701229437,2.6873092827731514e-06,2.0,2.1,0.67,10.7
Albania,2001,Developing,73.6,14.0,1,4.25,96.20557078,96.0,18,46.0,1,97.0,6.0,97.0,0.1,0.13274573565810788,2.793116772221424e-05,2.1,2.1,0.662,10.6
Albania,2000,Developing,72.6,11.0,1,3.66,91.71154052,96.0,662,45.0,1,97.0,6.26,97.0,0.1,0.11760259362826417,3.0059683616593663e-05,2.1,2.2,0.656,10.7
Algeria,2015,Developing,75.6,19.0,21,3.65,0.0,95.0,63,59.5,24,95.0,5.73,95.0,0.1,0.4137831100783652,0.03081594361352718,6.0,5.8,0.743,14.4
Algeria,2014,Developing,75.4,11.0,21,0.01,54.2373183,95.0,0,58.4,24,95.0,7.21,95.0,0.1,0.05470627055557977,0.030229933199998893,6.0,5.8,0.741,14.4
Algeria,2013,Developing,75.3,112.0,21,0.53,544.4507432,95.0,25,57.2,24,95.0,7.12,95.0,0.1,0.5479122829660795,0.029631142416525272,5.9,5.8,0.737,14.4
Algeria,2012,Developing,75.1,113.0,21,0.66,555.9260834,95.0,18,56.1,24,95.0,6.14,95.0,0.1,0.5572233603720783,0.02903392521996558,5.9,5.8,0.732,14.4
Algeria,2011,Developing,74.9,116.0,21,0.56,509.0020405,95.0,112,55.0,24,95.0,5.29,95.0,0.1,0.5439443639918788,0.02845713219226023,5.9,5.8,0.724,14.0
Algeria,2010,Developing,74.7,119.0,21,0.45,430.7175861,95.0,103,53.9,24,95.0,5.12,95.0,0.1,0.44690030555281035,0.02791463037486782,5.9,5.8,0.714,13.6
Algeria,2009,Developing,74.4,123.0,20,0.5,352.0636419,94.0,107,52.8,23,94.0,5.36,95.0,0.1,0.38734681883455924,0.002741057014191791,6.0,5.9,0.705,13.1
Algeria,2008,Developing,74.1,126.0,20,0.46,43.08717334,91.0,217,51.8,23,92.0,4.2,93.0,0.1,0.04943799366876064,0.0026947915494301908,6.0,5.9,0.697,12.6
Algeria,2007,Developing,73.8,129.0,20,0.44,320.3239241,9.0,0,5.8,23,95.0,3.82,95.0,0.1,0.3939928710153714,2.654229950790784e-05,6.0,5.9,0.69,12.3
Algeria,2006,Developing,73.4,132.0,20,0.36,270.2401962,8.0,944,49.8,23,95.0,3.36,95.0,0.1,0.3468594438001001,0.026106302319156414,6.1,6.0,0.686,12.3
Algeria,2004,Developing,72.3,14.0,19,0.45,220.393699,81.0,3289,47.9,23,86.0,3.54,86.0,0.1,0.26015445269953663,0.0025374954614460926,6.2,6.1,0.673,11.7
Algeria,2003,Developing,71.7,146.0,20,0.34,25.0185226,92.0,15374,47.0,23,87.0,3.6,87.0,0.1,0.0293132360471224,0.0025068259742562727,6.3,6.1,0.663,11.5
Algeria,2002,Developing,71.6,145.0,20,0.36,148.5119843,92.0,5862,46.1,23,86.0,3.73,86.0,0.1,0.1775551617184713,0.002472843916578686,6.3,6.2,0.653,11.1
Algeria,2001,Developing,71.4,145.0,20,0.23,147.9860714,92.0,2686,45.3,24,89.0,3.84,89.0,0.1,0.17340050964972842,0.024416967112790924,6.4,6.3,0.644,10.9
Algeria,2000,Developing,71.3,145.0,21,0.25,154.4559436,92.0,0,44.4,25,86.0,3.49,86.0,0.1,0.17583648224977028,0.0024101013892345604,6.5,6.4,0.636,10.7
Angola,2015,Developing,52.4,335.0,66,3.65,0.0,64.0,118,23.3,98,7.0,5.73,64.0,1.9,0.3700147990598713,0.0021531715899301136,8.3,8.2,0.531,11.4
Angola,2014,Developing,51.7,348.0,67,8.33,23.965612,64.0,11699,22.7,101,68.0,3.31,64.0,2.0,0.04784112629702868,0.0020809311207464713,8.5,8.3,0.527,11.4
Angola,2013,Developing,51.1,355.0,69,8.1,35.95857279,77.0,8523,22.1,105,67.0,4.26,77.0,2.3,0.048372457391558134,0.0020093375534522974,8.6,8.5,0.523,11.4
Angola,2012,Developing,56.0,358.0,72,8.24,256.1225243,75.0,4458,21.5,110,75.0,3.3,75.0,2.6,0.46040787006786577,0.0002006253755914689,8.8,8.6,0.508,10.3
Angola,2011,Developing,51.0,361.0,75,8.06,239.8913921,72.0,1449,21.0,115,73.0,3.38,71.0,2.5,0.4304468886340145,0.01871805670734234,8.9,8.8,0.495,9.4
Angola,2010,Developing,49.6,365.0,78,7.8,191.6537407,77.0,1190,2.4,121,81.0,3.39,77.0,2.5,0.35336174219318367,0.018061544808204256,9.1,9.0,0.488,9.0
Angola,2009,Developing,49.1,369.0,81,7.01,212.9229325,61.0,2807,19.8,127,63.0,4.37,6.0,2.5,0.33516305993945983,0.017428103424479105,9.3,9.2,0.48,8.5
Angola,2008,Developing,48.7,371.0,84,7.07,249.9101958,69.0,265,19.3,133,65.0,3.84,69.0,2.6,0.38732154290506976,0.0016817192311936618,9.5,9.4,0.468,8.1
Angola,2007,Developing,48.2,375.0,87,6.35,184.8213446,73.0,1014,18.8,138,75.0,3.38,73.0,2.6,0.2881856609336591,0.002316830812031287,9.6,9.6,0.454,7.7
Angola,2006,Developing,47.7,381.0,90,5.84,25.08688824,92.0,765,18.2,143,36.0,4.54,34.0,2.5,0.02611597965923663,0.0017485402546796318,9.8,9.7,0.439,7.2
Angola,2005,Developing,47.4,382.0,92,5.04,98.19145117,92.0,258,17.7,148,39.0,4.1,38.0,2.6,0.14446670852774948,0.015111773439717084,1.0,9.9,0.426,6.8
Angola,2004,Developing,47.1,386.0,94,3.53,8.8667775,92.0,29,17.2,152,4.0,4.71,4.0,2.5,0.014041613342685869,0.014580938269901164,1.2,1.1,0.415,6.4
Angola,2003,Developing,46.8,388.0,95,3.49,35.93349121,92.0,1196,16.8,155,4.0,4.41,4.0,2.4,0.07790577863637296,0.0014092220509362046,1.4,1.3,0.406,5.9
Angola,2002,Developing,46.5,391.0,96,2.82,24.037942,92.0,11945,16.3,157,37.0,3.63,41.0,2.3,0.07106595768459213,0.013581550593068368,1.5,1.5,0.401,5.5
Angola,2001,Developing,45.7,44.0,97,2.58,30.35993647,92.0,9046,15.8,159,41.0,5.38,38.0,2.1,0.052534432204986395,0.013126027323868285,1.7,1.7,0.391,5.1
Angola,2000,Developing,45.3,48.0,97,1.85,15.88149254,92.0,2219,15.4,160,3.0,2.79,28.0,2.0,0.0554520111797882,0.001271305195898973,1.9,1.9,0.382,4.6
Antigua and Barbuda,2009,Developing,75.4,14.0,0,7.82,149.3587355,98.0,0,43.8,0,98.0,4.86,99.0,0.1,0.13129271853144328,0.001069443209766107,3.4,3.3,0.788,14.2
Antigua and Barbuda,2008,Developing,75.2,142.0,0,8.27,180.7762695,98.0,0,43.2,0,99.0,4.69,99.0,0.1,0.14740423024267035,0.001069443209766107,3.4,3.3,0.786,14.4
Antigua and Barbuda,2004,Developing,74.4,149.0,0,7.28,22.86295206,97.0,0,4.8,0,97.0,4.21,97.0,0.1,0.1353363624263171,0.001069443209766107,3.5,3.4,0.0,0.0
Antigua and Barbuda,2003,Developing,74.2,151.0,0,7.16,1158.065259,99.0,0,4.1,0,99.0,4.53,99.0,0.1,0.9754054790076256,0.001069443209766107,3.5,3.5,0.0,0.0
Antigua and Barbuda,2002,Developing,74.0,153.0,0,7.21,927.4075855,99.0,0,39.5,0,93.0,4.41,98.0,0.1,0.9400368757909052,0.001069443209766107,3.6,3.5,0.0,0.0
Antigua and Barbuda,2001,Developing,73.8,154.0,0,7.51,163.7676978,96.0,0,38.9,0,99.0,4.48,97.0,0.1,0.9371759801666244,0.001069443209766107,3.6,3.5,0.0,0.0
Antigua and Barbuda,2000,Developing,73.6,156.0,0,7.27,1127.74347,92.0,0,38.2,0,96.0,4.13,95.0,0.1,0.9889612083880536,0.001069443209766107,3.7,3.6,0.0,0.0
Argentina,2010,Developing,75.5,121.0,10,8.15,187.610955,94.0,17,59.8,11,95.0,6.55,94.0,0.1,0.12766661171302765,0.031861158531260966,1.0,0.9,0.802,16.8
Argentina,2009,Developing,75.6,126.0,10,8.33,1398.042623,94.0,3,59.2,11,97.0,7.63,94.0,0.1,0.8173019943980142,0.0003709159217208833,1.0,0.9,0.794,16.5
Argentina,2008,Developing,75.4,126.0,10,8.41,1413.73543,9.0,0,58.6,11,94.0,6.66,93.0,0.1,0.8966303544149933,0.0033870414932146483,1.0,0.9,0.792,16.3
Argentina,2007,Developing,74.8,129.0,10,8.16,1105.659031,85.0,0,58.0,12,92.0,6.49,91.0,0.1,0.7203686770972328,0.0030893545562289365,1.1,0.9,0.788,16.3
Argentina,2006,Developing,75.2,127.0,11,7.75,961.1774676,84.0,0,57.5,12,92.0,6.68,91.0,0.1,0.5886682134617617,0.0030574074957735358,1.1,0.9,0.782,16.1
Argentina,2005,Developing,74.9,127.0,11,7.53,96.16653429,88.0,0,56.9,12,95.0,6.85,98.0,0.1,0.05761422684408663,0.030254800665104796,1.1,1.0,0.78,16.3
Argentina,2004,Developing,74.7,13.0,11,7.63,719.3663797,81.0,0,56.3,12,91.0,6.84,98.0,0.1,0.42568366477757724,0.02993266980212361,1.1,1.0,0.775,16.3
Argentina,2003,Developing,74.1,137.0,11,7.62,57.58467352,73.0,0,55.7,13,95.0,8.22,96.0,0.1,0.03322982869905801,0.00296735906191219,1.2,1.0,0.77,16.4
Argentina,2002,Developing,74.1,138.0,12,7.81,470.1869145,66.0,0,55.1,13,94.0,8.31,93.0,0.1,0.258172306269852,0.0029283733688314755,1.2,1.0,0.776,16.3
Argentina,2001,Developing,74.0,138.0,12,7.76,123.0128671,92.0,0,54.6,13,85.0,9.38,83.0,0.1,0.07171831759842692,0.0028960839218324257,1.2,1.1,0.771,15.6
Argentina,2000,Developing,74.1,137.0,12,7.68,1349.025282,92.0,6,54.0,14,88.0,9.21,83.0,0.1,0.768012019373714,0.0029040391920215495,1.2,1.1,0.764,15.0
Armenia,2015,Developing,74.8,118.0,1,3.65,0.0,94.0,33,54.9,1,96.0,5.73,94.0,0.1,0.036857463610061605,0.00022541941694647686,2.1,2.2,0.741,12.7
Armenia,2014,Developing,74.6,12.0,1,3.91,295.6087143,93.0,13,54.1,1,95.0,4.48,93.0,0.1,0.3999554983099112,2.2868020436782283e-05,2.1,2.1,0.739,12.7
Armenia,2013,Developing,74.4,123.0,1,3.79,279.4290812,95.0,10,53.3,1,96.0,4.55,95.0,0.1,0.3848186933168899,0.0002236139655560374,2.1,2.1,0.736,12.7
Armenia,2012,Developing,74.4,121.0,1,3.89,274.1526986,95.0,0,52.6,1,96.0,4.48,95.0,0.1,0.3689184459149338,0.002227358174953279,2.0,2.1,0.732,12.7
Armenia,2011,Developing,73.9,128.0,1,4.09,260.9963826,95.0,0,51.9,1,96.0,3.71,95.0,0.1,0.353105656772792,0.0022224573328014055,2.0,2.1,0.729,12.7
Armenia,2010,Developing,73.5,132.0,1,4.23,224.3212014,94.0,2,51.2,1,96.0,4.56,94.0,0.1,0.32219558821079536,0.002223794417949291,2.0,2.1,0.72,12.3
Armenia,2009,Developing,73.3,137.0,1,3.96,201.1855461,93.0,0,5.7,1,94.0,4.55,93.0,0.1,0.2997039880524154,0.0022325071120950202,2.0,2.1,0.725,11.9
Armenia,2008,Developing,73.2,14.0,1,3.96,2.8888979,89.0,0,5.1,1,91.0,3.8,89.0,0.1,0.003965330151375,2.3022596754456896e-05,2.0,2.1,0.721,12.3
Armenia,2006,Developing,72.9,141.0,1,4.01,244.5352767,78.0,137,49.2,1,87.0,4.58,87.0,0.1,0.21601412205155157,2.283942381801248e-05,2.0,2.1,0.692,11.2
Armenia,2005,Developing,73.0,137.0,1,4.25,20.21822828,91.0,2281,48.8,1,92.0,5.25,9.0,0.1,0.16447599399397914,0.0023041339132974944,2.0,2.1,0.679,10.9
Armenia,2004,Developing,73.0,132.0,1,3.81,97.74087744,91.0,1783,48.4,1,93.0,5.5,91.0,0.1,0.11922252992948025,2.765370323198831e-06,2.0,2.1,0.668,10.9
Armenia,2003,Developing,72.7,134.0,1,3.03,7.341493148,93.0,4,48.1,1,96.0,5.56,94.0,0.1,0.009163427833559836,2.45405361940216e-05,2.0,2.1,0.657,10.8
Armenia,2002,Developing,72.6,134.0,1,2.86,57.17810403,91.0,40,47.8,1,96.0,5.4,94.0,0.1,0.07828573270833626,0.000258036565738997,2.1,2.1,0.645,10.8
Armenia,2001,Developing,72.6,141.0,1,2.86,53.19373012,69.0,69,47.4,1,97.0,5.94,94.0,0.1,0.06938856185677529,2.753081505943699e-05,2.1,2.1,0.644,11.1
Armenia,2000,Developing,72.0,142.0,1,2.9,32.75626853,55.0,15,47.1,1,96.0,6.25,93.0,0.1,0.062207611332623106,0.0002856214825096201,2.1,2.2,0.639,11.2
Australia,2007,Developed,81.3,66.0,1,10.56,872.5986092,94.0,11,62.5,2,92.0,8.53,92.0,0.1,0.49984548996694234,2.1827721818832136e-05,0.7,0.6,0.918,19.0
Australia,2005,Developed,81.0,67.0,1,10.3,579.1331637,95.0,10,61.5,2,92.0,8.45,92.0,0.1,0.34206131019972635,1.8482690304353505e-05,0.7,0.6,0.91,20.3
Australia,2004,Developed,86.0,69.0,1,9.84,588.568371,95.0,70,6.9,1,92.0,8.57,92.0,0.1,0.3476368989663083,1.6416004937043928e-05,0.7,0.6,0.908,20.7
Australia,2002,Developed,79.9,73.0,1,9.84,46.3871819,95.0,32,59.6,2,92.0,8.39,92.0,0.1,0.028059397816292388,0.00015185577448354005,0.7,0.7,0.902,20.1
Australia,2000,Developed,79.5,78.0,1,10.17,347.18736,92.0,108,58.2,2,9.0,8.8,9.0,0.1,0.21717822090165748,1.4776723088104652e-05,0.7,0.7,0.897,20.4
Austria,2013,Developed,81.1,68.0,0,11.82,90.58501176,95.0,0,56.6,0,95.0,11.14,95.0,0.1,0.055393753962012744,0.006553526540436863,1.8,2.0,0.887,15.7
Austria,2006,Developed,79.8,81.0,0,12.4,69.92899358,83.0,23,53.2,0,83.0,1.35,83.0,0.1,0.04430349279416201,0.006390654111792653,1.7,1.9,0.854,15.0
Austria,2003,Developed,78.8,88.0,0,12.2,504.4308735,83.0,90,51.7,0,84.0,1.48,84.0,0.1,0.32165008289561736,0.006276872030115547,1.7,1.9,0.837,14.7
Azerbaijan,2015,Developing,72.7,118.0,5,3.65,0.0,96.0,0,52.5,6,98.0,5.73,96.0,0.1,0.005372009693283452,0.0074577717208593455,2.8,2.9,0.758,12.7
Azerbaijan,2014,Developing,72.5,119.0,5,0.01,306.1824313,94.0,0,51.5,6,97.0,6.4,94.0,0.1,0.7902508808708554,0.0007369773741851954,2.8,2.9,0.752,12.2
Azerbaijan,2013,Developing,72.2,121.0,5,2.14,275.6514934,93.0,164,5.6,6,96.0,5.54,93.0,0.1,0.7886940591205801,0.0007277816290467327,2.8,2.8,0.745,11.9
Azerbaijan,2012,Developing,71.9,123.0,5,0.01,285.6103912,88.0,0,49.7,6,92.0,5.37,89.0,0.1,0.7506899452220877,0.00718451402511893,2.8,2.8,0.742,11.8
Azerbaijan,2011,Developing,71.6,125.0,5,1.98,263.142699,84.0,0,48.8,6,91.0,5.1,87.0,0.1,0.719975394484073,0.0007090013793308555,2.8,2.9,0.741,11.7
Azerbaijan,2010,Developing,71.1,13.0,5,1.98,246.5686008,8.0,0,48.0,6,85.0,5.33,81.0,0.1,0.5850720044118685,0.0007375593540212403,2.8,2.9,0.737,11.7
Azerbaijan,2009,Developing,78.0,132.0,6,2.1,22.48638351,74.0,0,47.3,6,84.0,5.85,81.0,0.1,0.049441992691871155,0.006915133103425793,2.8,2.9,0.728,11.6
Azerbaijan,2008,Developing,73.0,141.0,6,1.18,206.2616134,68.0,5,46.6,6,85.0,4.37,81.0,0.1,0.5582062175851757,6.770442714148059e-05,2.8,2.9,0.719,11.6
Azerbaijan,2007,Developing,73.0,14.0,6,1.02,176.0107106,62.0,0,45.9,7,81.0,5.1,79.0,0.1,0.38560464093578306,6.629700976905325e-05,2.8,2.9,0.708,11.6
Azerbaijan,2006,Developing,69.2,154.0,6,0.85,105.6337264,52.0,222,45.3,7,8.0,6.17,78.0,0.1,0.24762155533815028,0.0006557289700890652,2.9,2.9,0.682,10.7
Azerbaijan,2005,Developing,68.4,162.0,6,0.73,81.28883085,49.0,1238,44.7,7,79.0,7.86,75.0,0.1,0.15793186967544975,0.0006485643577648468,2.9,3.0,0.675,11.2
Azerbaijan,2004,Developing,68.4,154.0,6,0.62,8.59680496,5.0,827,44.2,8,78.0,7.92,77.0,0.1,0.014376946329806468,6.438876512736015e-06,3.0,3.0,0.668,11.0
Azerbaijan,2003,Developing,67.8,154.0,7,0.55,42.41491183,51.0,1978,43.6,8,79.0,6.56,77.0,0.1,0.08834036333049598,6.361356489422196e-05,3.0,3.0,0.659,10.8
Azerbaijan,2002,Developing,67.8,146.0,7,0.55,39.33253687,5.0,4353,43.1,9,8.0,4.47,76.0,0.1,0.07633023104094845,0.0006315686916365231,3.1,3.1,0.651,10.6
Azerbaijan,2001,Developing,67.5,151.0,8,0.51,4.104190077,92.0,574,42.6,10,77.0,4.48,77.0,0.1,0.007212013403174938,6.266369342211146e-05,3.1,3.1,0.642,10.4
Azerbaijan,2000,Developing,66.6,16.0,9,0.65,35.09462644,92.0,210,42.1,11,75.0,4.67,76.0,0.1,0.06553619867440894,6.532395184929156e-06,3.2,3.1,0.636,10.1
Bahamas,2015,Developing,76.1,147.0,0,3.65,0.0,95.0,0,64.5,0,95.0,5.73,95.0,0.1,0.17423032051730014,0.001069443209766107,2.5,2.5,0.79,12.6
Bahamas,2014,Developing,75.4,16.0,0,9.45,0.0,96.0,0,63.8,0,96.0,7.74,96.0,0.1,0.17423032051730014,0.001069443209766107,2.5,2.5,0.789,12.6
Bahamas,2013,Developing,74.8,172.0,0,9.42,0.0,97.0,0,63.2,0,97.0,7.5,97.0,0.1,0.17423032051730014,0.001069443209766107,2.5,2.5,0.79,12.6
Bahamas,2012,Developing,74.9,167.0,0,9.5,0.0,96.0,0,62.6,0,99.0,7.43,98.0,0.2,0.17423032051730014,0.001069443209766107,2.5,2.5,0.789,12.6
Bahamas,2011,Developing,75.0,162.0,0,9.34,0.0,95.0,0,62.0,0,97.0,7.63,98.0,0.1,0.17423032051730014,0.001069443209766107,2.5,2.5,0.788,12.6
Bahamas,2010,Developing,75.0,161.0,0,9.19,0.0,98.0,0,61.3,0,97.0,7.44,99.0,0.2,0.17423032051730014,0.001069443209766107,2.5,2.5,0.788,12.6
Bahamas,2009,Developing,74.6,168.0,0,9.29,0.0,95.0,0,6.7,0,97.0,7.43,96.0,0.1,0.17423032051730014,0.001069443209766107,2.5,2.5,0.791,12.6
Bahamas,2008,Developing,74.5,167.0,0,10.15,0.0,9.0,0,6.1,0,93.0,7.3,93.0,0.1,0.17423032051730014,0.001069443209766107,2.5,2.5,0.791,12.6
Bahamas,2007,Developing,74.4,167.0,0,10.75,0.0,93.0,0,59.4,0,95.0,7.8,95.0,0.1,0.17423032051730014,0.001069443209766107,2.5,2.5,0.79,12.5
Bahamas,2006,Developing,74.2,171.0,0,11.07,0.0,96.0,0,58.7,0,94.0,6.93,95.0,0.1,0.17423032051730014,0.001069443209766107,2.5,2.5,0.788,12.4
Bahamas,2005,Developing,74.1,172.0,0,10.49,0.0,93.0,0,58.1,0,93.0,5.95,93.0,0.1,0.17423032051730014,0.001069443209766107,2.6,2.5,0.786,12.4
Bahamas,2004,Developing,73.8,174.0,0,10.1,0.0,93.0,0,57.4,0,92.0,6.2,93.0,0.1,0.17423032051730014,0.001069443209766107,2.6,2.5,0.784,12.3
Bahamas,2003,Developing,73.2,189.0,0,10.68,0.0,88.0,0,56.7,0,93.0,5.62,92.0,0.1,0.17423032051730014,0.001069443209766107,2.6,2.5,0.783,12.2
Bahamas,2002,Developing,73.1,19.0,0,10.85,0.0,89.0,0,56.0,0,93.0,5.26,94.0,0.1,0.17423032051730014,0.001069443209766107,2.6,2.6,0.781,12.1
Bahamas,2001,Developing,72.9,189.0,0,11.64,0.0,21.0,0,55.2,0,98.0,5.15,99.0,0.2,0.17423032051730014,0.001069443209766107,2.7,2.6,0.779,12.1
Bahamas,2000,Developing,72.6,192.0,0,12.15,0.0,92.0,0,54.4,0,91.0,5.21,99.0,0.1,0.17423032051730014,0.001069443209766107,2.7,2.6,0.0,12.0
Bahrain,2013,Developing,76.7,7.0,0,1.65,3.968695982,99.0,0,62.2,0,99.0,4.69,99.0,0.1,0.024990958651970086,0.001069443209766107,6.1,6.0,0.815,14.5
Bahrain,2011,Developing,76.1,76.0,0,1.66,197.7734681,99.0,0,6.8,0,99.0,3.4,99.0,0.1,0.22831670973732252,0.001069443209766107,6.1,6.0,0.812,14.4
Bahrain,2010,Developing,76.1,73.0,0,1.93,266.7696122,99.0,0,6.1,0,99.0,3.64,99.0,0.1,0.272490234530801,0.001069443209766107,6.0,5.9,0.81,14.4
Bahrain,2008,Developing,75.8,76.0,0,2.0,231.5478912,97.0,2,58.5,0,97.0,3.17,97.0,0.1,0.23697494784753015,0.001069443209766107,6.0,5.9,0.815,14.4
Bahrain,2007,Developing,75.6,77.0,0,2.0,278.3602806,97.0,7,57.6,0,97.0,3.8,97.0,0.1,0.29802953362253626,0.001069443209766107,6.1,5.9,0.813,14.4
Bahrain,2006,Developing,75.5,79.0,0,2.1,170.7374027,98.0,3,56.8,0,98.0,3.8,98.0,0.1,0.19394777695902896,0.001069443209766107,6.1,5.9,0.81,14.2
Bahrain,2002,Developing,74.9,87.0,0,1.99,106.4303336,98.0,8,55.0,0,98.0,3.89,98.0,0.1,0.13127946190755654,0.001069443209766107,6.2,5.9,0.796,13.5
Bangladesh,2015,Developing,71.8,129.0,92,3.65,0.0,97.0,240,18.3,113,97.0,5.73,97.0,0.1,0.011967197605521384,0.0012465436155706766,17.9,18.3,0.575,10.2
Bangladesh,2014,Developing,71.4,132.0,98,0.01,10.44640334,97.0,289,17.7,121,97.0,2.82,97.0,0.1,0.018318288352321386,0.012323786282597692,18.1,18.6,0.57,10.0
Bangladesh,2013,Developing,71.0,135.0,104,0.01,52.82986467,96.0,237,17.0,130,96.0,2.88,96.0,0.1,0.0951760592536291,0.12178392416498221,18.3,18.8,0.565,10.0
Bangladesh,2012,Developing,77.0,137.0,111,0.01,59.2589257,94.0,1986,16.4,139,94.0,3.8,94.0,0.1,0.08560578880816495,0.012035867796007427,18.5,19.0,0.557,9.9
Bangladesh,2011,Developing,73.0,14.0,118,0.01,62.34988484,96.0,5625,15.8,150,96.0,3.16,96.0,0.1,0.08354707909028218,0.11895565982964794,18.7,19.2,0.545,9.4
Bangladesh,2010,Developing,69.9,142.0,126,0.01,62.65945432,94.0,788,15.2,161,94.0,3.6,94.0,0.1,0.07572255753851545,0.01175929907554242,18.9,19.4,0.535,8.9
Bangladesh,2009,Developing,69.5,144.0,135,0.01,53.26400378,97.0,718,14.6,173,97.0,2.91,97.0,0.1,0.0680554121549773,0.0011944452134616248,19.1,19.7,0.523,8.4
Bangladesh,2008,Developing,69.1,147.0,144,0.01,42.48865034,96.0,2660,14.0,186,96.0,2.85,96.0,0.1,0.06150995266855408,0.01150494529057202,19.3,19.9,0.52,8.6
Bangladesh,2007,Developing,68.6,151.0,154,0.01,46.36536703,95.0,2924,13.5,201,96.0,2.8,94.0,0.1,0.054085235938817734,0.11372114537403397,19.5,2.1,0.513,8.6
Bangladesh,2006,Developing,68.2,152.0,164,0.01,42.3304549,86.0,6192,13.0,215,95.0,2.8,94.0,0.1,0.04936385213086341,0.0011234993209385076,19.7,2.3,0.506,8.4
Bangladesh,2005,Developing,67.8,155.0,174,0.01,38.05462002,45.0,25934,12.5,231,94.0,2.68,93.0,0.1,0.048326240704006596,0.011085500133917193,19.9,2.5,0.499,8.2
Bangladesh,2004,Developing,67.3,158.0,185,0.01,4.11469667,11.0,9743,12.0,247,88.0,2.62,99.0,0.1,0.004515021464652627,0.010926578675952746,2.1,2.7,0.491,8.1
Bangladesh,2003,Developing,66.8,161.0,196,0.01,35.48458957,5.0,4067,11.6,264,9.0,2.51,87.0,0.1,0.043176182672947726,0.00010755188319323078,2.3,2.9,0.484,7.9
Bangladesh,2002,Developing,66.3,164.0,207,0.01,0.397228764,92.0,3484,11.2,280,83.0,2.59,83.0,0.1,0.0002937015288850807,0.0010562454837630486,2.5,21.1,0.476,7.7
Bangladesh,2001,Developing,65.8,168.0,219,0.01,3.395069781,92.0,4414,1.8,298,85.0,2.47,85.0,0.1,0.00409836166919411,0.0010369613152515522,2.7,21.3,0.468,7.5
Bangladesh,2000,Developing,65.3,173.0,231,0.01,3.69633051,92.0,5098,1.4,316,83.0,2.33,82.0,0.1,0.004402417117143474,0.10169669381196839,2.9,21.5,0.459,7.3
Barbados,2010,Developing,74.7,16.0,0,8.41,154.9630863,86.0,0,5.7,0,9.0,6.17,86.0,0.1,0.15968356900535588,0.001069443209766107,3.8,3.8,0.781,15.8
Barbados,2008,Developing,74.4,111.0,0,8.95,25.52277112,85.0,0,49.2,0,85.0,6.1,85.0,0.1,0.16583465050186705,0.001069443209766107,3.9,3.9,0.775,15.3
Barbados,2003,Developing,73.7,121.0,0,7.65,13.5139917,91.0,0,45.4,0,9.0,5.82,89.0,0.4,0.12288678497436735,0.001069443209766107,4.1,4.1,0.753,14.2
Belarus,2015,Developing,72.3,196.0,0,3.65,0.0,99.0,2,62.3,0,99.0,5.73,99.0,0.1,0.5957152584323887,0.007334323209156458,1.9,2.0,0.798,15.6
Belarus,2014,Developing,72.0,199.0,0,13.94,1147.1114,97.0,64,61.7,0,97.0,5.69,97.0,0.1,0.8330336188462552,0.007322648832764083,1.9,2.0,0.796,15.7
Belarus,2013,Developing,71.7,23.0,0,14.66,1109.854619,98.0,16,61.1,1,98.0,6.7,98.0,0.1,0.799017747873906,0.007316068518920674,2.0,2.0,0.796,15.7
Belarus,2012,Developing,71.9,194.0,0,16.35,91.70962117,97.0,10,6.5,1,98.0,5.1,98.0,0.1,0.06936941021708026,0.007314907650774938,2.0,2.1,0.793,15.6
Belarus,2011,Developing,72.0,232.0,0,17.31,846.9113071,98.0,50,59.9,1,98.0,4.92,98.0,0.1,0.6528685615287202,0.007321613944317251,2.0,2.1,0.787,15.5
Belarus,2009,Developing,70.0,226.0,0,14.09,434.7985025,98.0,0,58.7,1,98.0,6.9,96.0,0.1,0.5182945595464628,0.000739439774925752,2.1,2.2,0.771,15.4
Belarus,2008,Developing,70.0,224.0,1,14.67,501.8056141,98.0,0,58.2,1,98.0,5.95,97.0,0.1,0.6384916725925328,0.007363977902820744,2.1,2.3,0.755,15.1
Belarus,2007,Developing,69.8,226.0,1,14.22,464.077513,91.0,1,57.7,1,9.0,6.44,95.0,0.1,0.4741537759596548,0.0007395850766643661,2.2,2.3,0.739,14.9
Belarus,2006,Developing,68.9,243.0,1,12.6,364.426052,98.0,149,57.2,1,97.0,6.34,99.0,0.1,0.3852819242280346,0.0007457457158052878,2.2,2.4,0.723,14.6
Belarus,2005,Developing,68.1,252.0,1,11.01,45.65007798,99.0,1,56.7,1,98.0,6.89,99.0,0.1,0.31301421327234874,0.007469035697128295,2.3,2.5,0.713,14.4
Belarus,2004,Developing,68.2,247.0,1,12.05,42.33443901,99.0,2,56.2,1,99.0,6.59,99.0,0.1,0.23805410013484157,0.0007521003482248912,2.4,2.5,0.703,14.1
Belarus,2002,Developing,67.2,262.0,1,12.23,145.4233629,99.0,14,55.3,1,99.0,6.47,99.0,0.1,0.14801161218952488,0.0076248741304367216,2.5,2.7,0.687,13.6
Belarus,2000,Developing,68.0,247.0,1,12.98,24.24947846,7.0,21,54.4,1,99.0,6.13,99.0,0.1,0.12766894952641272,0.0007712794048403688,2.7,2.8,0.675,13.1
Belgium,2015,Developed,81.1,74.0,0,3.65,0.0,98.0,47,63.7,1,99.0,5.73,99.0,0.1,0.43623093443070093,0.008713592234135264,1.0,1.0,0.895,16.6
Belgium,2013,Developed,87.0,77.0,0,11.77,702.359357,98.0,39,63.0,1,99.0,1.57,99.0,0.1,0.46573019992459225,0.008642967087471322,1.0,0.9,0.889,16.3
Belgium,2012,Developed,83.0,78.0,0,10.08,664.4738975,98.0,109,62.6,1,99.0,1.54,99.0,0.1,0.44801983420107283,0.008600790166312215,0.9,0.9,0.886,16.2
Belgium,2011,Developed,83.0,8.0,0,10.11,713.5297354,97.0,576,62.3,1,98.0,1.42,98.0,0.1,0.4778888007424399,0.0008870439277916518,0.9,0.9,0.884,16.1
Belgium,2010,Developed,80.0,81.0,0,10.22,665.7356115,97.0,40,61.9,1,98.0,1.17,98.0,0.1,0.4443804687555027,0.0014650372406037424,0.9,0.9,0.878,15.9
Belgium,2009,Developed,79.8,85.0,0,10.05,671.9376566,97.0,33,61.6,1,98.0,1.39,98.0,0.1,0.44942109991207013,0.0013884500853670902,0.9,0.9,0.876,15.8
Belgium,2007,Developed,79.5,86.0,0,10.25,640.3560918,94.0,64,6.9,1,99.0,9.25,98.0,0.1,0.44494077270986576,1.2538458008176254e-05,0.8,0.8,0.871,15.8
Belgium,2003,Developed,78.3,95.0,0,11.28,507.306164,64.0,44,59.4,1,96.0,9.3,95.0,0.1,0.3748389863584122,0.001063561580878588,0.8,0.8,0.878,18.6
Belgium,2002,Developed,78.0,99.0,1,11.29,320.3177664,6.0,0,59.0,1,96.0,8.46,95.0,0.1,0.25548188091257945,0.0010300587097857924,0.8,0.8,0.875,18.8
Belgium,2000,Developed,77.6,11.0,1,11.21,287.2084529,6.0,0,58.1,1,96.0,8.12,95.0,0.1,0.23295777012363922,9.668053077117522e-05,0.8,0.8,0.869,18.0
Belize,2015,Developing,71.0,175.0,0,3.65,0.0,94.0,0,5.9,0,94.0,5.73,94.0,0.2,0.48562375230979765,0.0002776608021493775,3.5,3.4,0.706,12.8
Belize,2014,Developing,70.0,177.0,0,6.58,670.0920883,95.0,0,5.1,0,95.0,5.79,95.0,0.2,0.48584673313076127,0.0002717915393672725,3.4,3.4,0.705,12.8
Belize,2013,Developing,69.8,18.0,0,6.56,629.2018591,95.0,0,49.3,0,95.0,5.79,95.0,0.2,0.46945146726657005,0.0002659848799938256,3.4,3.4,0.706,12.9
Belize,2012,Developing,69.4,189.0,0,6.66,582.8027185,98.0,0,48.5,0,98.0,5.45,98.0,0.1,0.46795903654940246,2.5997417988104827e-05,3.5,3.4,0.702,12.5
Belize,2011,Developing,69.4,188.0,0,6.64,605.6286892,95.0,0,47.8,0,95.0,5.61,95.0,0.5,0.45219414824195275,0.00025440015786570174,3.5,3.4,0.7,12.4
Belize,2010,Developing,69.5,186.0,0,6.76,569.9527122,96.0,0,47.0,0,96.0,5.85,96.0,0.2,0.43495653265711354,2.483577696078011e-05,3.5,3.4,0.7,12.4
Belize,2009,Developing,69.5,184.0,0,6.85,549.8096097,97.0,0,46.3,0,98.0,5.81,97.0,0.3,0.42640626977350404,0.00024260366618236362,3.5,3.4,0.7,12.7
Belize,2008,Developing,69.6,181.0,0,7.22,51.25232422,94.0,0,45.7,0,94.0,5.9,94.0,0.1,0.04462745623555248,2.7924984669507256e-05,3.5,3.4,0.699,12.8
Belize,2007,Developing,69.6,181.0,0,7.24,69.63051047,96.0,0,45.0,0,97.0,4.76,96.0,0.6,0.4330258490723865,2.3041918794166222e-05,3.5,3.5,0.7,12.8
Belize,2006,Developing,69.4,184.0,0,6.48,387.3324928,98.0,0,44.4,0,98.0,4.4,98.0,0.6,0.4192535713635225,2.2964630635328916e-05,3.6,3.5,0.692,12.3
Belize,2005,Developing,69.0,191.0,0,6.25,365.799896,96.0,0,43.8,0,96.0,4.45,96.0,0.8,0.3938074557704738,0.0002189132997355524,3.6,3.5,0.695,12.8
Belize,2004,Developing,68.7,197.0,0,6.2,325.6807462,97.0,0,43.2,0,97.0,4.39,97.0,0.8,0.3836114217444755,2.1374040326457145e-05,3.6,3.5,0.691,12.5
Belize,2003,Developing,68.4,21.0,0,5.67,312.7995946,96.0,0,42.6,0,95.0,4.53,96.0,1.5,0.3684323660330964,2.0774284213879646e-05,3.6,3.6,0.684,12.2
Belize,2002,Developing,68.5,199.0,0,4.99,262.8299189,97.0,0,42.0,0,93.0,4.38,89.0,0.1,0.35606885847629394,2.024331456266735e-05,3.7,3.6,0.678,11.9
Belize,2001,Developing,68.2,21.0,0,4.9,251.6586929,96.0,0,41.4,0,96.0,4.5,96.0,0.4,0.34231781750829193,0.00019704616095571323,3.7,3.7,0.677,11.8
Belize,2000,Developing,68.3,196.0,0,4.79,219.0239836,76.0,0,4.8,0,91.0,3.98,91.0,0.3,0.33682365476187986,0.0001911189320544802,3.8,3.7,0.668,11.7
Benin,2015,Developing,60.0,249.0,25,3.65,0.0,82.0,55,25.7,39,78.0,5.73,82.0,1.0,0.07835446592430854,0.0012179980069857057,6.9,6.8,0.481,10.7
Benin,2014,Developing,59.7,252.0,25,0.01,90.12206791,78.0,786,25.2,39,74.0,4.59,78.0,1.1,0.0943544311836404,0.00099444973636468,7.1,6.9,0.475,10.7
Benin,2013,Developing,59.5,251.0,25,0.01,87.4080423,77.0,637,24.6,39,73.0,4.59,77.0,1.2,0.09150787631165054,1.1142633859574496e-05,7.2,7.1,0.466,10.3
Benin,2012,Developing,59.3,251.0,25,0.01,9.80407467,8.0,288,24.1,39,8.0,4.86,8.0,1.3,0.08376400884088504,0.0007519225854595654,7.4,7.3,0.458,10.0
Benin,2011,Developing,59.1,251.0,25,1.4,110.2633619,75.0,426,23.5,39,77.0,5.37,75.0,1.4,0.08256081475957627,7.315169657633397e-05,7.6,7.5,0.454,9.8
Benin,2010,Developing,58.7,254.0,25,1.33,94.25737917,76.0,392,23.0,39,77.0,4.95,76.0,1.4,0.07572498317515572,0.00710991162980122,7.8,7.6,0.451,9.5
Benin,2009,Developing,58.4,259.0,25,1.16,71.01399249,79.0,1461,22.5,39,8.0,4.46,79.0,1.6,0.07930647081183297,0.0006912977536675821,7.9,7.8,0.448,9.3
Benin,2008,Developing,57.6,278.0,25,1.28,7.615430126,75.0,928,22.0,39,77.0,4.2,75.0,1.8,0.008060147499157086,0.006721659974053129,8.1,8.0,0.444,9.1
Benin,2007,Developing,57.1,283.0,25,1.12,7.49281752,82.0,341,21.5,39,82.0,4.55,82.0,2.0,0.007497636865311412,0.0065345260194683,8.3,8.2,0.438,8.9
Benin,2006,Developing,56.8,284.0,25,1.19,75.91429496,74.0,176,21.0,39,76.0,4.75,74.0,2.0,0.06251776247372083,0.006350661354002289,8.5,8.4,0.434,8.7
Benin,2005,Developing,56.5,285.0,25,1.13,7.106997355,7.0,210,2.5,39,73.0,4.73,7.0,2.1,0.006021685128260776,0.0061692884587771935,8.7,8.6,0.43,8.5
Benin,2004,Developing,56.1,285.0,25,1.15,10.73628066,75.0,262,2.1,39,74.0,4.56,72.0,2.1,0.058276275261576076,5.9666458622400715e-06,8.9,8.8,0.423,8.1
Benin,2003,Developing,55.8,285.0,25,1.35,8.931827297,73.0,217,19.7,40,75.0,4.63,73.0,2.1,0.051845662870979234,0.0005816096257640882,9.1,9.0,0.416,7.7
Benin,2002,Developing,55.6,283.0,25,1.23,40.48815233,15.0,1588,19.2,40,76.0,4.27,75.0,2.1,0.041769856617638136,0.005638449424553332,9.3,9.2,0.407,7.3
Benin,2001,Developing,55.5,281.0,25,1.29,45.33476384,92.0,5859,18.8,40,77.0,4.69,76.0,2.1,0.037767123825973956,0.0006002963568077722,9.5,9.4,0.395,6.6
Benin,2000,Developing,55.4,279.0,25,1.34,37.38182018,92.0,4244,18.4,40,78.0,4.34,78.0,2.0,0.03731196680476473,0.005306540836597637,9.7,9.6,0.389,6.4
Bhutan,2015,Developing,69.8,211.0,0,3.65,0.0,99.0,11,24.5,0,98.0,5.73,99.0,0.5,0.26162313608061943,0.0006085298643687104,15.4,16.0,0.604,12.5
Bhutan,2014,Developing,69.4,216.0,0,0.01,209.3921344,99.0,0,23.6,1,98.0,3.57,99.0,0.5,0.2525234551995586,0.0006000760855550859,15.7,16.2,0.596,12.5
Bhutan,2012,Developing,68.7,223.0,0,0.01,188.7373664,97.0,1,21.9,1,97.0,3.7,97.0,0.6,0.24250903992570985,0.0005819280529784979,16.1,16.7,0.581,12.3
Bhutan,2011,Developing,68.3,225.0,0,0.23,289.8524057,95.0,10,21.1,1,95.0,4.73,95.0,0.5,0.2460792395496517,5.732462740963032e-06,16.3,17.0,0.572,11.9
Bhutan,2010,Developing,67.9,228.0,1,0.28,244.0391949,91.0,21,2.3,1,92.0,5.17,91.0,0.5,0.21807972972120773,0.0005623540538713616,16.6,17.3,0.0,11.4
Bhutan,2009,Developing,67.4,232.0,1,0.17,27.48907048,93.0,6,19.5,1,93.0,6.3,93.0,0.4,0.017583997294370643,0.0005521651558918394,16.8,17.5,0.0,10.9
Bhutan,2008,Developing,67.0,234.0,1,0.21,302.667579,96.0,7,18.8,1,96.0,6.58,96.0,0.4,0.1796430314013892,5.881628887519034e-07,17.1,17.8,0.0,10.5
Bhutan,2007,Developing,66.5,238.0,1,0.16,283.806236,95.0,11,18.0,1,93.0,5.88,95.0,0.3,0.17423032051730014,0.0005309109122115801,17.3,18.1,0.0,10.1
Bhutan,2006,Developing,65.8,245.0,1,0.29,169.2023968,95.0,2,17.4,1,96.0,5.27,95.0,0.3,0.13359547873862698,0.0005195263664148448,17.5,18.3,0.0,9.6
Bhutan,2005,Developing,65.0,254.0,1,0.73,145.5965445,95.0,11,16.7,1,95.0,5.28,95.0,0.3,0.12479682258187182,0.0005074779153336972,17.8,18.6,0.0,9.2
Bhutan,2004,Developing,64.2,263.0,1,0.96,2.586698228,89.0,3,16.1,1,9.0,4.41,89.0,0.3,0.019609639773767614,4.9656096289792756e-05,18.0,18.8,0.0,8.8
Bhutan,2003,Developing,63.3,273.0,1,0.52,19.15664091,95.0,0,15.5,1,96.0,4.9,95.0,0.2,0.09976877684433784,0.00048181438219176945,18.3,19.1,0.0,8.4
Bhutan,2002,Developing,62.5,282.0,1,0.29,151.9755193,83.0,27,14.9,1,89.0,7.75,86.0,0.1,0.08854011195565939,5.129228661237854e-05,18.6,19.4,0.0,8.0
Bhutan,2001,Developing,61.7,29.0,1,0.14,8.574029812,89.0,756,14.4,1,88.0,5.91,88.0,0.1,0.008639834821204314,4.5306318710429145e-06,18.9,19.6,0.0,7.6
Bhutan,2000,Developing,62.0,312.0,1,0.17,93.35872844,98.0,418,13.9,1,98.0,6.91,92.0,0.1,0.07654304375594165,0.00044315639090452543,19.2,19.9,0.0,7.3
Bolivia (Plurinational State of),2015,Developing,77.0,186.0,8,3.65,0.0,99.0,0,52.6,10,99.0,5.73,99.0,0.1,0.17423032051730014,0.001069443209766107,1.2,1.1,0.671,13.8
Bolivia (Plurinational State of),2014,Developing,74.0,189.0,8,3.62,0.0,98.0,0,51.9,10,99.0,6.33,98.0,0.1,0.17423032051730014,0.001069443209766107,1.2,1.1,0.666,13.8
Bolivia (Plurinational State of),2013,Developing,71.0,192.0,8,3.78,0.0,94.0,0,51.2,10,95.0,5.96,94.0,0.1,0.17423032051730014,0.001069443209766107,1.2,1.1,0.661,13.8
Bolivia (Plurinational State of),2012,Developing,69.8,194.0,8,3.89,0.0,93.0,0,5.6,11,93.0,5.56,93.0,0.1,0.17423032051730014,0.001069443209766107,1.2,1.1,0.655,13.8
Bolivia (Plurinational State of),2011,Developing,69.3,198.0,9,3.93,0.0,95.0,0,49.9,11,95.0,5.49,95.0,0.2,0.17423032051730014,0.001069443209766107,1.2,1.1,0.649,13.8
Bolivia (Plurinational State of),2010,Developing,68.7,22.0,9,3.95,0.0,91.0,0,49.3,12,9.0,5.44,91.0,0.2,0.17423032051730014,0.001069443209766107,1.2,1.1,0.643,13.8
Bolivia (Plurinational State of),2008,Developing,67.4,211.0,10,3.77,0.0,88.0,0,48.0,13,87.0,5.0,88.0,0.2,0.17423032051730014,0.001069443209766107,1.3,1.1,0.632,14.0
Bolivia (Plurinational State of),2007,Developing,66.8,216.0,11,3.47,0.0,84.0,0,47.3,14,85.0,4.96,84.0,0.2,0.17423032051730014,0.001069443209766107,1.3,1.2,0.626,14.1
Bolivia (Plurinational State of),2006,Developing,66.2,219.0,11,3.23,0.0,83.0,0,46.7,15,82.0,5.19,83.0,0.2,0.17423032051730014,0.001069443209766107,1.3,1.2,0.625,14.3
Bolivia (Plurinational State of),2005,Developing,65.7,222.0,12,2.86,0.0,85.0,0,46.0,16,84.0,5.67,85.0,0.2,0.17423032051730014,0.001069443209766107,1.3,1.2,0.622,14.4
Bolivia (Plurinational State of),2004,Developing,65.1,226.0,12,2.66,0.0,84.0,0,45.4,16,84.0,5.22,84.0,0.2,0.17423032051730014,0.001069443209766107,1.4,1.2,0.62,14.6
Bolivia (Plurinational State of),2003,Developing,64.5,23.0,13,2.37,0.0,8.0,0,44.7,17,82.0,5.3,88.0,0.2,0.17423032051730014,0.001069443209766107,1.4,1.3,0.617,14.4
Bolivia (Plurinational State of),2002,Developing,63.9,234.0,14,2.26,0.0,77.0,0,44.0,18,76.0,6.53,77.0,0.1,0.17423032051730014,0.001069443209766107,1.4,1.3,0.61,14.0
Bolivia (Plurinational State of),2001,Developing,63.3,238.0,14,2.2,0.0,77.0,0,43.3,19,71.0,6.31,71.0,0.1,0.17423032051730014,0.001069443209766107,1.5,1.4,0.607,13.7
Bolivia (Plurinational State of),2000,Developing,62.6,243.0,15,2.32,0.0,77.0,122,42.6,20,74.0,5.67,75.0,0.1,0.17423032051730014,0.001069443209766107,1.5,1.4,0.6,13.3
Bosnia and Herzegovina,2015,Developing,77.4,88.0,0,3.65,0.0,82.0,1677,55.8,0,74.0,5.73,82.0,0.1,0.4580769391092284,0.002732852876131211,2.3,2.3,0.747,14.2
Bosnia and Herzegovina,2014,Developing,77.2,89.0,0,4.03,732.8662491,89.0,3000,55.3,0,86.0,9.57,86.0,0.1,0.5200751310720014,2.7536225230555603e-05,2.4,2.4,0.742,14.2
Bosnia and Herzegovina,2013,Developing,77.0,9.0,0,4.12,75.61062911,91.0,0,54.7,0,87.0,9.46,89.0,0.1,0.05350569720915083,0.0002820747289005761,2.4,2.4,0.735,14.2
Bosnia and Herzegovina,2012,Developing,76.8,92.0,0,4.61,693.8226461,92.0,22,54.2,0,87.0,9.94,92.0,0.1,0.4722695522591759,2.8169988133021517e-05,2.5,2.5,0.728,13.9
Bosnia and Herzegovina,2011,Developing,76.9,92.0,0,4.64,7.959131146,88.0,10,53.7,0,89.0,9.71,88.0,0.1,0.0053562854442658365,0.002851029562519806,2.6,2.5,0.711,13.4
Bosnia and Herzegovina,2010,Developing,76.4,94.0,0,4.54,630.3883564,89.0,45,53.1,0,9.0,9.58,89.0,0.1,0.4617323296946219,0.0002877051712718739,2.6,2.6,0.717,13.3
Bosnia and Herzegovina,2009,Developing,76.1,97.0,0,4.75,645.021302,9.0,22,52.6,0,9.0,9.64,9.0,0.1,0.4703888840583428,0.0028956217386425787,2.7,2.7,0.716,13.3
Bosnia and Herzegovina,2008,Developing,76.0,98.0,0,5.13,66.04635027,88.0,8,52.1,0,92.0,8.58,91.0,0.1,0.05745725189030943,0.002908790095145279,2.8,2.7,0.71,13.1
Bosnia and Herzegovina,2007,Developing,75.4,16.0,0,5.16,8.240355867,94.0,166,51.5,0,95.0,8.37,95.0,0.1,0.04172915018828753,2.890577140515268e-06,2.8,2.8,0.703,12.9
Bosnia and Herzegovina,2006,Developing,75.7,1.0,0,4.82,38.25414065,9.0,17,51.0,0,91.0,8.28,87.0,0.1,0.0343200167877037,0.002921054953071171,2.9,2.8,0.697,12.7
Bosnia and Herzegovina,2005,Developing,75.0,12.0,0,4.56,45.71354264,93.0,23,5.5,0,95.0,8.5,93.0,0.1,0.2971577676187533,0.00029224121331403543,2.9,2.9,0.0,12.5
Bosnia and Herzegovina,2004,Developing,75.5,99.0,0,4.25,3.479918859,36.0,28,49.9,0,87.0,9.4,84.0,0.1,0.026439258183406575,0.0029224608246804216,3.0,3.0,0.0,12.3
Bosnia and Herzegovina,2003,Developing,75.2,12.0,0,4.14,39.86518043,92.0,18,49.4,0,87.0,7.94,87.0,0.1,0.22166666694712417,0.0029208841462401406,3.0,3.0,0.0,12.1
Bosnia and Herzegovina,2002,Developing,75.4,11.0,0,3.84,151.1399301,92.0,28,48.8,0,86.0,7.1,8.0,0.1,0.17627316225170914,0.0002918037623350163,3.1,3.1,0.0,11.9
Bosnia and Herzegovina,2001,Developing,74.9,113.0,0,3.85,143.2947487,92.0,0,48.2,0,92.0,7.16,91.0,0.1,0.15252187702527858,0.002914729690151926,3.2,3.2,0.0,11.6
Bosnia and Herzegovina,2000,Developing,74.6,116.0,0,3.64,165.6168642,92.0,43,47.6,0,87.0,7.9,85.0,0.1,0.1462459378639412,0.0002910996672080084,3.3,3.2,0.0,0.0
Botswana,2015,Developing,65.7,256.0,2,3.65,0.0,95.0,0,37.9,2,96.0,5.73,95.0,2.2,0.6541640216521826,0.00017711586343633696,6.4,6.1,0.698,12.6
Botswana,2014,Developing,65.1,268.0,2,0.01,662.802194,95.0,1,37.3,2,96.0,5.41,95.0,2.3,0.7508328431136988,0.0016760238667689405,6.7,6.4,0.697,12.6
Botswana,2013,Developing,64.2,286.0,2,0.01,1.117811275,95.0,1,36.8,2,96.0,5.84,95.0,2.8,0.007606851413461204,0.00016448697828232107,7.0,6.7,0.693,12.6
Botswana,2012,Developing,63.4,3.0,2,0.01,12.83447357,95.0,7,36.2,3,96.0,6.27,95.0,4.4,0.07287388042477576,0.00022357995876614897,7.3,7.0,0.687,12.5
Botswana,2011,Developing,62.2,325.0,2,5.76,668.9562854,95.0,8,35.7,3,96.0,5.25,95.0,5.5,0.765602165878529,0.0001942290075660934,7.7,7.4,0.678,12.4
Botswana,2010,Developing,61.1,349.0,2,5.99,547.0386679,95.0,853,35.2,3,96.0,5.64,95.0,6.2,0.6354840753721293,0.00016603969739336256,8.0,7.8,0.669,12.3
Botswana,2008,Developing,57.5,427.0,2,6.56,476.8625872,94.0,0,34.2,3,96.0,5.55,96.0,12.7,0.5630883177497938,0.0015042725744375011,8.8,8.6,0.646,12.1
Botswana,2007,Developing,56.9,436.0,2,6.21,512.5887995,93.0,1,33.7,3,96.0,4.71,96.0,13.4,0.5722131824100308,0.0014795890551496304,9.2,9.0,0.63,12.1
Botswana,2006,Developing,54.8,491.0,2,6.45,76.31867911,93.0,6,33.2,3,96.0,4.93,96.0,14.4,0.5381651938482406,0.001456266580338885,9.6,9.4,0.61,11.9
Botswana,2005,Developing,51.7,566.0,2,6.37,629.8425643,92.0,5,32.7,3,96.0,5.62,96.0,20.6,0.5358312733130778,0.001434327563571327,1.0,9.9,0.593,11.9
Botswana,2004,Developing,48.1,652.0,2,4.9,469.5823898,91.0,1,32.2,4,96.0,5.56,96.0,28.4,0.4902899977774146,0.00014135926963184544,1.5,1.4,0.58,11.8
Botswana,2003,Developing,46.4,693.0,2,5.51,299.3671252,9.0,59,31.6,4,96.0,4.65,96.0,31.9,0.41687782610487445,0.00014244594114509797,1.9,1.8,0.567,11.8
Botswana,2002,Developing,46.0,699.0,2,6.41,6.3300072,88.0,7,31.1,4,97.0,6.47,97.0,34.6,0.03545153088634506,0.0013756666238953995,11.4,11.3,0.558,11.9
Botswana,2001,Developing,46.7,679.0,2,5.48,306.9527349,87.0,1,3.5,4,97.0,5.73,97.0,37.2,0.3132406085629132,0.0013563306723174823,11.8,11.8,0.56,11.8
Botswana,2000,Developing,47.8,647.0,2,5.37,250.8916484,86.0,2672,29.9,4,97.0,4.64,97.0,38.8,0.33534769911845724,0.00013355393847086584,12.3,12.2,0.559,11.7
Brazil,2015,Developing,75.0,142.0,42,3.65,0.0,96.0,214,56.1,47,98.0,5.73,96.0,0.1,0.8769886077692666,0.0020065428136287404,2.7,2.6,0.754,15.2
Brazil,2014,Developing,74.8,144.0,44,7.32,83.16465362,96.0,876,55.3,49,96.0,8.32,93.0,0.1,0.12269373106947098,0.0187138584145543,2.7,2.7,0.747,15.2
Brazil,2009,Developing,73.6,157.0,57,7.33,564.5233902,99.0,0,51.1,64,99.0,8.65,99.0,0.1,0.8565675474257398,0.15063150067805675,3.0,2.9,0.714,13.8
Brazil,2008,Developing,73.4,158.0,61,7.21,526.3780636,96.0,0,5.3,68,99.0,8.24,99.0,0.1,0.8800287217301971,0.014914987739856651,3.0,3.0,0.704,13.3
Brazil,2007,Developing,73.3,159.0,65,7.19,394.9321299,99.0,0,49.4,73,99.0,8.28,99.0,0.1,0.7323823056397842,0.014782599306821053,3.1,3.0,0.7,13.5
Brazil,2006,Developing,73.0,161.0,70,7.1,30.30374691,99.0,57,48.6,79,99.0,8.36,99.0,0.1,0.058541954731551195,0.014617028748551832,3.1,3.1,0.698,13.8
Brazil,2005,Developing,72.7,163.0,75,6.97,23.76370075,98.0,6,47.8,85,99.0,8.27,99.0,0.1,0.0476278289715505,0.14446496058620784,3.2,3.1,0.694,13.8
Brazil,2004,Developing,72.0,17.0,81,6.85,186.6090485,96.0,0,46.9,93,99.0,7.7,99.0,0.1,0.362771275798572,0.142780926574657,3.2,3.2,0.695,14.0
Brazil,2003,Developing,71.8,172.0,88,6.95,15.85781237,97.0,2,46.1,100,99.0,6.94,99.0,0.1,0.03584909939054748,0.14103706689087653,3.3,3.3,0.699,14.8
Brazil,2002,Developing,71.4,176.0,95,7.0,140.9824766,92.0,1,45.3,109,99.0,7.13,99.0,0.1,0.2822572293182905,0.0014028473235953036,3.3,3.3,0.692,14.6
Brazil,2000,Developing,75.0,183.0,111,7.26,179.4777293,94.0,36,43.7,127,99.0,7.3,98.0,0.1,0.3743544389763517,0.13547652238466804,3.4,3.4,0.677,14.1
Brunei Darussalam,2015,Developing,77.7,78.0,0,3.65,0.0,99.0,4,41.2,0,99.0,5.73,99.0,0.1,0.39726939129661765,0.001069443209766107,5.7,5.1,0.864,14.9
Brunei Darussalam,2014,Developing,77.6,8.0,0,0.01,269.1432784,99.0,1,4.2,0,99.0,2.65,99.0,0.1,0.41649776616021417,0.001069443209766107,5.7,5.2,0.863,15.0
Brunei Darussalam,2011,Developing,77.4,79.0,0,0.97,295.7730171,93.0,4,37.2,0,99.0,2.25,97.0,0.1,0.47232961773654103,0.001069443209766107,5.9,5.4,0.846,14.1
Brunei Darussalam,2006,Developing,76.3,93.0,0,0.67,24.97532919,99.0,0,32.2,0,94.0,2.24,97.0,0.1,0.03979346714856954,0.001069443209766107,6.3,5.8,0.837,14.3
Brunei Darussalam,2005,Developing,76.2,92.0,0,0.16,179.7147814,99.0,9,31.2,0,93.0,2.62,94.0,0.1,0.2614717163884516,0.001069443209766107,6.4,5.9,0.834,14.1
Brunei Darussalam,2000,Developing,74.4,16.0,0,0.37,11.79686108,99.0,42,26.1,0,99.0,3.5,99.0,0.1,0.01870720574503837,0.001069443209766107,6.8,6.3,0.818,13.4
Bulgaria,2015,Developed,74.5,137.0,0,3.65,0.0,92.0,0,65.7,1,91.0,5.73,91.0,0.1,0.7003219493560628,0.005547710807433569,1.9,1.8,0.792,15.0
Bulgaria,2014,Developed,74.3,138.0,1,12.03,153.1400362,95.0,0,65.1,1,88.0,8.44,88.0,0.1,0.7864482195609906,0.005583222397774546,1.9,1.9,0.787,14.8
Bulgaria,2013,Developed,74.1,14.0,1,12.06,149.659879,95.0,14,64.5,1,95.0,7.93,95.0,0.1,0.7685721003643841,0.005615047342938983,1.9,1.9,0.781,14.4
Bulgaria,2012,Developed,73.9,139.0,1,10.99,851.450672,95.0,1,63.9,1,95.0,7.11,95.0,0.1,0.7388626189713633,0.0005687280083306743,1.9,1.9,0.778,14.3
Bulgaria,2009,Developed,73.2,152.0,1,10.93,661.5144334,96.0,2249,62.1,1,94.0,6.78,94.0,0.1,0.6965668614467874,0.005753646652418749,2.0,2.1,0.768,13.8
Bulgaria,2008,Developed,72.9,155.0,1,10.98,107.9826127,96.0,1,61.5,1,96.0,6.61,95.0,0.1,0.7306359086589427,0.005790836168688084,2.1,2.1,0.761,13.8
Bulgaria,2007,Developed,72.6,157.0,1,10.89,591.5100978,95.0,1,6.9,1,95.0,6.41,95.0,0.1,0.5940908995171108,0.005831626540277649,2.1,2.2,0.755,13.5
Bulgaria,2006,Developed,72.2,161.0,1,10.39,508.6304588,96.0,1,6.3,1,96.0,6.67,95.0,0.1,0.45188259304058553,5.880701429612986e-05,2.2,2.2,0.75,13.5
Bulgaria,2005,Developed,72.1,16.0,1,10.48,456.3404657,96.0,3,59.7,1,97.0,7.8,96.0,0.1,0.38983675535925993,0.005919452166690834,2.2,2.3,0.745,13.5
Bulgaria,2004,Developed,72.2,157.0,1,10.96,384.1473028,94.0,0,59.1,1,94.0,7.9,95.0,0.1,0.3385419234605427,0.0005963956234312532,2.3,2.3,0.738,13.3
Bulgaria,2003,Developed,72.0,155.0,1,11.19,32.38616103,96.0,0,58.6,1,96.0,7.43,96.0,0.1,0.02702276789043645,0.0060093808039059825,2.3,2.4,0.729,12.9
Bulgaria,2002,Developed,71.8,157.0,1,10.2,33.26778134,88.0,0,58.1,1,94.0,7.41,93.0,0.1,0.028632053218039993,0.006057171164041443,2.4,2.4,0.723,12.9
Bulgaria,2001,Developed,71.6,16.0,1,10.72,25.06262895,93.0,8,57.5,1,94.0,7.23,94.0,0.1,0.17661734597593967,6.886993257674718e-05,2.4,2.5,0.713,12.9
Bulgaria,2000,Developed,71.1,163.0,1,9.69,15.2357274,94.0,46,57.0,1,94.0,6.7,93.0,0.1,0.016787834913402706,0.0006315509153599905,2.5,2.5,0.709,12.9
Burkina Faso,2015,Developing,59.9,26.0,38,3.65,0.0,91.0,99,19.4,61,91.0,5.73,91.0,0.6,0.06149139078084834,0.001400144556680763,8.0,7.5,0.399,7.7
Burkina Faso,2014,Developing,59.3,268.0,39,0.01,8.386339501,91.0,343,18.8,63,91.0,4.96,91.0,0.6,0.007358509153527014,0.013591851558878204,8.2,7.7,0.398,7.7
Burkina Faso,2013,Developing,59.0,27.0,40,4.64,88.97040214,88.0,375,18.2,66,89.0,5.91,88.0,0.7,0.06989115447378995,0.0013700786900114623,8.4,7.9,0.392,7.5
Burkina Faso,2012,Developing,58.6,271.0,41,4.75,78.76987363,9.0,7362,17.7,68,9.0,5.33,9.0,0.8,0.06732395221507839,0.012807561465379163,8.6,8.1,0.384,7.2
Burkina Faso,2011,Developing,58.1,275.0,42,4.51,85.55592906,91.0,860,17.1,71,9.0,5.17,91.0,0.9,0.06662482010756378,0.0001299677679008148,8.8,8.4,0.377,6.7
Burkina Faso,2010,Developing,57.5,279.0,43,4.55,90.46018236,91.0,2511,16.6,74,9.0,7.17,91.0,1.0,0.057470254369641656,0.001209701123134521,9.0,8.6,0.365,6.3
Burkina Faso,2009,Developing,56.9,283.0,44,4.55,81.14304705,92.0,54118,16.1,77,91.0,7.41,92.0,1.1,0.055196455343240976,0.0011702702502589038,9.3,8.8,0.356,5.9
Burkina Faso,2008,Developing,56.1,288.0,45,4.5,107.7988339,93.0,395,15.6,80,92.0,6.77,93.0,1.5,0.05690080807250849,0.011353392485671123,9.5,9.1,0.345,5.4
Burkina Faso,2007,Developing,55.3,293.0,46,4.58,73.92730583,89.0,12,15.1,83,93.0,6.63,89.0,1.7,0.0474203379171223,0.0011015007922886451,9.8,9.3,0.334,4.9
Burkina Faso,2006,Developing,54.3,32.0,47,4.73,64.24025208,76.0,125,14.6,86,94.0,6.58,86.0,2.0,0.042163965588733164,0.010688290007678269,1.0,9.6,0.325,4.7
Burkina Faso,2005,Developing,53.3,313.0,48,4.88,8.769989329,92.0,253,14.2,89,94.0,6.87,82.0,2.3,0.004539156262756058,0.0010373299797692061,1.3,9.8,0.0,4.3
Burkina Faso,2004,Developing,52.4,323.0,49,4.54,56.96108089,92.0,77,13.7,91,83.0,6.45,79.0,2.5,0.03702464521267944,0.0001032067429033974,1.5,1.1,0.0,3.9
Burkina Faso,2002,Developing,51.0,338.0,49,4.53,3.195566831,92.0,1744,12.9,93,69.0,5.26,69.0,3.2,0.0025123171614581585,9.498482856628471e-05,11.0,1.6,0.0,3.6
Burkina Faso,2001,Developing,56.0,344.0,48,4.56,23.1016899,92.0,4174,12.5,93,62.0,4.85,62.0,3.6,0.02341918905913272,0.009231725095046273,11.2,1.8,0.0,3.5
Burkina Faso,2000,Developing,51.0,348.0,48,3.71,19.83929597,92.0,6074,12.2,92,45.0,5.6,45.0,4.0,0.02251619101038756,0.000902654590113611,11.4,11.1,0.0,3.4
Burundi,2015,Developing,59.6,288.0,21,3.65,0.0,94.0,9,18.7,31,94.0,5.73,94.0,0.7,0.003205215570713775,9.266309227481202e-05,7.3,7.2,0.406,10.6
Burundi,2014,Developing,59.1,297.0,22,0.01,41.25159038,95.0,0,18.2,32,95.0,7.54,95.0,0.7,0.03115758644723065,0.0007644919587312766,7.4,7.3,0.404,10.6
Burundi,2013,Developing,58.6,33.0,22,0.01,40.15128458,96.0,0,17.6,32,96.0,8.3,96.0,1.0,0.028153340573463262,7.431411048524706e-05,7.4,7.4,0.398,10.5
Burundi,2012,Developing,58.0,312.0,22,0.01,38.73170505,96.0,49,17.1,33,96.0,8.21,96.0,1.2,0.026403498853646092,0.0007202769488236302,7.5,7.5,0.393,10.3
Burundi,2011,Developing,57.4,321.0,22,4.16,3.595980333,96.0,129,16.6,33,95.0,8.58,96.0,1.5,0.0024839140009043394,7.29012829417011e-05,7.6,7.6,0.385,9.9
Burundi,2010,Developing,56.8,33.0,23,4.16,31.14187566,96.0,495,16.1,34,94.0,8.82,96.0,1.9,0.02298879633284703,0.0006775536003815439,7.7,7.7,0.361,9.3
Burundi,2009,Developing,56.2,338.0,23,4.05,2.030494673,94.0,305,15.7,34,96.0,6.96,94.0,2.4,0.002330131053851898,0.0006560968617251308,7.8,7.8,0.336,8.6
Burundi,2008,Developing,55.3,35.0,23,4.33,15.99415192,92.0,173,15.2,35,89.0,7.86,92.0,2.9,0.019488380258155975,0.006347081366484945,7.9,7.9,0.319,7.9
Burundi,2007,Developing,54.8,355.0,24,4.54,1.72659515,99.0,43,14.8,36,93.0,1.3,99.0,3.4,0.001614493523087015,0.006136323513269905,8.0,8.0,0.309,7.2
Burundi,2006,Developing,54.1,361.0,24,4.5,21.24915339,92.0,784,14.5,36,88.0,11.49,92.0,3.8,0.016446634114848924,0.005932101146766148,8.1,8.2,0.29,5.9
Burundi,2005,Developing,53.4,369.0,24,5.54,1.747440948,87.0,0,14.1,37,82.0,9.84,87.0,4.3,0.0013915688937818837,0.005737297115298305,8.2,8.3,0.286,5.6
Burundi,2004,Developing,52.6,378.0,24,5.72,11.22655347,83.0,2,13.8,38,76.0,7.1,83.0,4.8,0.012595376756275796,0.005551157859317713,8.4,8.4,0.279,5.2
Burundi,2003,Developing,51.9,387.0,24,5.84,6.545263634,92.0,224,13.5,38,75.0,5.25,82.0,5.1,0.01113496538830223,0.00537390674160341,8.5,8.5,0.276,4.7
Burundi,2002,Developing,51.5,387.0,24,5.98,9.660010196,92.0,1016,13.3,39,74.0,5.15,81.0,5.2,0.012094952926935547,0.005210408278872618,8.7,8.7,0.268,4.4
Burundi,2001,Developing,51.3,385.0,25,6.09,10.61917585,92.0,0,13.0,40,72.0,4.96,81.0,5.3,0.013227718627159374,0.005066853252648205,8.8,8.8,0.268,4.5
Burundi,2000,Developing,58.0,386.0,25,6.61,9.696689164,92.0,18363,12.8,41,71.0,4.98,8.0,5.2,0.013453654828869137,4.978903192299293e-06,9.0,8.9,0.268,4.5
Côte d'Ivoire,2015,Developing,53.3,397.0,57,3.65,0.0,83.0,65,28.0,79,81.0,5.73,83.0,1.9,0.17423032051730014,0.001069443209766107,5.5,5.5,0.675,12.3
Côte d'Ivoire,2014,Developing,52.8,47.0,58,0.01,0.0,76.0,50,27.4,80,76.0,5.72,76.0,2.0,0.17423032051730014,0.001069443209766107,5.6,5.6,0.675,12.3
Côte d'Ivoire,2013,Developing,52.3,412.0,59,3.15,0.0,8.0,48,26.8,81,79.0,5.81,8.0,2.4,0.17423032051730014,0.001069443209766107,5.8,5.7,0.675,12.3
Côte d'Ivoire,2012,Developing,52.0,415.0,59,3.24,0.0,82.0,137,26.2,82,83.0,6.14,82.0,2.9,0.17423032051730014,0.001069443209766107,5.9,5.9,0.675,12.3
Côte d'Ivoire,2010,Developing,51.5,417.0,60,3.15,0.0,85.0,441,25.0,84,81.0,6.32,85.0,3.3,0.17423032051730014,0.001069443209766107,6.3,6.2,0.675,12.3
Côte d'Ivoire,2009,Developing,51.0,426.0,60,2.92,0.0,81.0,183,24.4,84,77.0,6.41,81.0,3.7,0.17423032051730014,0.001069443209766107,6.5,6.4,0.675,12.3
Côte d'Ivoire,2008,Developing,54.0,437.0,60,2.69,0.0,74.0,12,23.8,85,58.0,6.21,74.0,4.1,0.17423032051730014,0.001069443209766107,6.6,6.6,0.675,12.3
Côte d'Ivoire,2007,Developing,49.9,443.0,61,2.58,0.0,76.0,5,23.2,87,75.0,6.35,76.0,5.3,0.17423032051730014,0.001069443209766107,6.8,6.7,0.675,12.3
Côte d'Ivoire,2006,Developing,49.4,452.0,62,2.65,0.0,77.0,11,22.6,89,76.0,5.87,77.0,5.8,0.17423032051730014,0.001069443209766107,7.0,6.9,0.675,12.3
Côte d'Ivoire,2005,Developing,48.7,466.0,63,3.11,0.0,76.0,115,22.1,90,87.0,5.39,76.0,6.1,0.17423032051730014,0.001069443209766107,7.2,7.1,0.675,12.3
Côte d'Ivoire,2004,Developing,48.2,472.0,64,3.08,0.0,67.0,3466,21.5,91,76.0,5.24,67.0,6.5,0.17423032051730014,0.001069443209766107,7.3,7.3,0.675,12.3
Côte d'Ivoire,2003,Developing,48.0,473.0,64,3.12,0.0,63.0,4770,2.9,92,68.0,4.65,61.0,6.7,0.17423032051730014,0.001069443209766107,7.5,7.5,0.675,12.3
Côte d'Ivoire,2002,Developing,47.7,473.0,65,3.13,0.0,48.0,5882,2.4,93,7.0,4.47,64.0,6.9,0.17423032051730014,0.001069443209766107,7.7,7.7,0.675,12.3
Côte d'Ivoire,2001,Developing,47.8,467.0,65,3.15,0.0,1.0,5790,19.9,94,7.0,4.85,66.0,7.0,0.17423032051730014,0.001069443209766107,7.9,7.9,0.675,12.3
Côte d'Ivoire,2000,Developing,47.9,461.0,67,3.45,0.0,92.0,5729,19.4,95,66.0,6.0,65.0,7.1,0.17423032051730014,0.001069443209766107,8.1,8.1,0.675,12.3
Cabo Verde,2015,Developing,73.3,114.0,0,3.65,0.0,96.0,0,31.3,0,93.0,5.73,93.0,0.2,0.2957261931688684,0.00041185236793065116,6.6,6.6,0.646,13.5
Cabo Verde,2013,Developing,72.8,12.0,0,0.01,325.6298627,94.0,0,29.7,0,93.0,4.29,93.0,0.2,0.3562926724562866,4.005072390949229e-06,6.9,6.9,0.643,13.6
Cabo Verde,2012,Developing,72.7,121.0,0,0.01,33.55888998,94.0,0,29.0,0,94.0,4.61,94.0,0.3,0.034736803039434654,0.0003972186279363955,7.1,7.1,0.636,13.2
Cabo Verde,2011,Developing,72.6,122.0,0,5.07,4.409153436,9.0,0,28.2,0,9.0,4.6,9.0,0.3,0.03663456772764771,4.508218304980096e-06,7.3,7.2,0.632,13.1
Cabo Verde,2010,Developing,72.5,123.0,0,4.75,286.8907303,98.0,0,27.5,0,99.0,4.83,99.0,0.4,0.3316554519134303,4.0460351151330014e-05,7.4,7.4,0.627,12.7
Cabo Verde,2009,Developing,72.4,124.0,0,4.45,339.9777364,98.0,0,26.8,0,99.0,4.24,99.0,0.4,0.3448500361024895,0.00038406727482863943,7.6,7.6,0.621,12.4
Cabo Verde,2008,Developing,72.4,124.0,0,4.16,360.6208825,98.0,0,26.2,0,99.0,3.96,99.0,0.4,0.36432208444040914,0.00038001737530556453,7.8,7.8,0.615,12.2
Cabo Verde,2006,Developing,72.1,129.0,0,4.25,26.45133197,95.0,0,24.9,0,97.0,5.11,96.0,0.6,0.02329886154377753,3.768647913065908e-05,8.3,8.3,0.596,11.9
Cabo Verde,2005,Developing,71.8,134.0,0,4.26,3.349816965,93.0,0,24.3,0,95.0,4.86,95.0,0.8,0.024685590542839305,0.00036675781877543623,8.5,8.5,0.582,11.2
Cabo Verde,2004,Developing,71.4,14.0,0,4.19,240.139715,91.0,0,23.7,0,94.0,5.6,93.0,0.8,0.19780036821342092,0.00036142261717089693,8.7,8.7,0.574,11.1
Cabo Verde,2003,Developing,71.1,144.0,0,4.16,209.0865,66.0,0,23.2,0,93.0,5.0,92.0,0.9,0.1770127359265377,3.56398886846472e-05,8.9,8.9,0.572,11.3
Cabo Verde,2002,Developing,77.0,148.0,0,3.82,155.2072669,4.0,0,22.6,0,92.0,5.17,91.0,0.8,0.13740756452146588,3.4920335925871875e-05,9.2,9.1,0.569,11.3
Cabo Verde,2001,Developing,73.0,152.0,0,3.81,150.7434862,92.0,0,22.1,0,91.0,5.19,9.0,0.8,0.12692736226707338,0.00034291364889253874,9.4,9.3,0.562,11.0
Cabo Verde,2000,Developing,69.9,155.0,0,3.49,122.5744699,92.0,2,21.5,0,9.0,4.81,9.0,0.8,0.12397187043973641,3.3655128765705166e-05,9.6,9.5,0.0,11.3
Cambodia,2015,Developing,68.7,174.0,10,3.65,0.0,89.0,0,19.6,12,87.0,5.73,89.0,0.2,0.11634061401741046,0.01199326810861948,1.9,1.9,0.558,10.9
Cambodia,2014,Developing,68.3,179.0,11,0.01,12.17952064,88.0,0,18.9,12,87.0,5.68,88.0,0.2,0.019732764912538975,0.00011805379821604399,1.9,11.0,0.553,10.9
Cambodia,2013,Developing,67.8,183.0,11,0.01,8.758214538,83.0,0,18.2,13,66.0,5.93,83.0,0.2,0.012694528810727367,0.0011768343335889562,11.0,11.1,0.546,10.8
Cambodia,2012,Developing,67.4,186.0,12,0.01,6.914723983,86.0,15,17.6,14,84.0,6.24,86.0,0.3,0.009371564871701162,0.011420741387281953,11.0,11.2,0.54,10.7
Cambodia,2011,Developing,67.0,19.0,13,2.12,60.18591771,88.0,722,17.0,15,87.0,5.64,88.0,0.3,0.08822492157467449,0.011236038145292556,11.0,11.2,0.533,10.7
Cambodia,2010,Developing,66.6,192.0,14,2.2,56.88416481,89.0,1156,16.4,16,88.0,5.95,89.0,0.5,0.07852924843534578,0.00011117128767158184,11.0,11.3,0.519,10.6
Cambodia,2009,Developing,66.1,195.0,15,2.13,48.35423978,92.0,4779,15.9,17,95.0,6.36,94.0,0.6,0.07377547262032694,1.1511298377228448e-05,11.1,11.4,0.52,10.5
Cambodia,2008,Developing,65.6,199.0,16,2.24,53.10009046,91.0,4211,15.3,18,91.0,5.55,91.0,0.7,0.07453221889669102,0.00010729528650589092,11.2,11.4,0.511,10.5
Cambodia,2007,Developing,65.0,24.0,16,2.08,57.73516711,82.0,394,14.8,20,82.0,3.75,82.0,0.9,0.06310237497960974,0.01057043793155679,11.3,11.5,0.495,10.3
Cambodia,2006,Developing,64.1,216.0,17,2.03,51.50447119,8.0,188,14.3,21,8.0,4.48,8.0,1.1,0.05390771325808147,0.010414158182861403,11.4,11.6,0.483,10.1
Cambodia,2005,Developing,62.9,234.0,18,1.99,62.21817261,92.0,264,13.9,22,82.0,5.84,82.0,1.4,0.04733145859931219,0.00010255133931645704,11.5,11.6,0.47,10.0
Cambodia,2004,Developing,61.5,253.0,19,1.38,8.38611924,92.0,352,13.5,24,86.0,6.43,85.0,1.7,0.004701051642614193,0.0010537027033373013,11.6,11.7,0.458,9.7
Cambodia,2003,Developing,63.0,268.0,21,1.44,55.59543946,92.0,653,13.1,26,69.0,6.74,69.0,1.9,0.03613294203786155,0.009933916614701973,11.6,11.7,0.445,9.3
Cambodia,2002,Developing,59.3,273.0,23,1.43,30.91060554,92.0,1361,12.8,29,54.0,5.95,54.0,2.1,0.0338547865152488,0.009765123140209237,11.6,11.8,0.427,8.2
Cambodia,2001,Developing,58.5,273.0,25,1.71,27.68971051,92.0,3761,12.4,33,59.0,5.7,6.0,2.2,0.03200670757323248,0.000960258227776644,11.6,11.8,0.412,7.6
Cambodia,2000,Developing,57.7,274.0,27,1.51,0.328418056,92.0,12237,12.1,36,62.0,5.87,59.0,2.1,0.00020078741961998607,0.00939230438401778,11.6,11.9,0.401,7.2
Cameroon,2015,Developing,57.3,357.0,45,3.65,0.0,84.0,1809,29.0,68,83.0,5.73,84.0,3.5,0.12447785238534252,0.017648355355125718,5.6,5.5,0.514,10.4
Cameroon,2013,Developing,56.4,364.0,48,0.01,63.07890158,89.0,760,27.8,73,88.0,4.29,89.0,4.0,0.13658908483704818,0.01673727712858043,5.8,5.8,0.501,10.4
Cameroon,2012,Developing,55.9,369.0,50,0.01,68.55839112,85.0,609,27.2,76,85.0,4.34,85.0,4.6,0.1256015621537477,0.0016866973615043727,5.9,5.9,0.496,10.4
Cameroon,2011,Developing,55.6,371.0,51,6.19,83.18071241,82.0,504,26.6,79,8.0,3.96,82.0,4.9,0.12960825146919855,0.00019508536036601075,6.0,6.0,0.486,10.0
Cameroon,2010,Developing,55.3,37.0,53,6.15,100.8987451,84.0,240,26.0,82,83.0,5.28,84.0,5.5,0.11831177502794298,0.0015438008303932532,6.1,6.2,0.48,9.7
Cameroon,2009,Developing,54.8,373.0,54,5.89,9.042540892,8.0,251,25.4,85,79.0,5.7,8.0,6.3,0.01217125646142973,0.015019026876230726,6.3,6.3,0.473,9.2
Cameroon,2008,Developing,54.2,382.0,56,5.9,68.7073044,84.0,495,24.9,87,82.0,5.18,84.0,6.7,0.12338556016448687,1.4641468810139366e-05,6.4,6.5,0.466,8.8
Cameroon,2007,Developing,53.6,395.0,57,5.44,7.562892922,82.0,100,24.4,89,81.0,4.76,82.0,7.0,0.011021028236755118,0.014217431191086425,6.6,6.6,0.456,8.0
Cameroon,2006,Developing,53.3,394.0,58,5.22,0.962497052,81.0,196,23.8,91,78.0,4.69,81.0,7.2,0.0011326289171064902,0.013834215631768173,6.7,6.8,0.456,8.2
Cameroon,2005,Developing,52.8,4.0,58,5.03,73.03276195,79.0,605,23.3,93,79.0,4.75,8.0,7.4,0.09520588739858328,0.0013469478898346333,6.9,7.0,0.456,8.3
Cameroon,2004,Developing,52.1,412.0,59,4.71,7.177302132,92.0,358,22.8,94,72.0,4.73,73.0,7.5,0.009167991207225437,0.0013107662111565366,7.0,7.1,0.455,8.2
Cameroon,2003,Developing,51.8,412.0,60,4.64,67.63925302,92.0,899,22.3,95,72.0,4.97,73.0,7.7,0.08245325470018883,0.01276320269949608,7.2,7.3,0.452,8.1
Cameroon,2001,Developing,51.5,41.0,61,4.43,41.73629221,92.0,23934,21.3,99,61.0,4.7,63.0,7.9,0.06139931147329176,0.012112517554652737,7.5,7.7,0.437,7.1
Cameroon,2000,Developing,51.4,394.0,62,3.91,4.720593531,92.0,14629,2.9,100,57.0,4.48,62.0,7.7,0.006684208019700744,0.011805147957127888,7.7,7.8,0.433,6.9
Canada,2014,Developing,82.0,65.0,2,8.1,102.1902168,55.0,418,66.4,2,91.0,1.45,91.0,0.1,0.054363918118500866,0.0274717128043741,0.5,0.5,0.912,15.9
Canada,2011,Developing,81.5,68.0,2,8.2,971.9280384,7.0,803,64.7,2,87.0,1.82,87.0,0.1,0.5289163807062148,0.0026542639575806723,0.5,0.5,0.903,15.9
Canada,2009,Developing,81.0,72.0,2,8.4,864.94993,42.0,14,63.6,2,89.0,11.17,91.0,0.1,0.4779569328779441,0.025990877091222424,0.5,0.4,0.898,15.9
Canada,2006,Developing,85.0,75.0,2,8.2,771.1817686,14.0,13,61.9,2,95.0,9.75,95.0,0.1,0.4392182552767694,0.0002517437638464635,0.5,0.4,0.891,15.8
Central African Republic,2015,Developing,52.5,397.0,15,3.65,0.0,47.0,150,22.7,21,47.0,5.73,47.0,4.4,0.03472665198127221,3.510969191502328e-05,8.2,8.2,0.347,7.1
Central African Republic,2014,Developing,58.0,437.0,15,0.01,53.43964323,47.0,210,22.1,22,47.0,4.2,47.0,4.5,0.037606435114404174,0.0034898370631130313,8.4,8.3,0.345,7.1
Central African Republic,2013,Developing,49.9,451.0,16,0.01,52.37766601,23.0,596,21.6,23,23.0,3.82,23.0,5.1,0.03363522611359106,0.003477672679793628,8.5,8.5,0.37,7.1
Central African Republic,2012,Developing,53.0,439.0,16,0.01,7.344808214,47.0,141,21.2,23,47.0,3.62,47.0,5.1,0.048552176144474636,0.00034731907394626525,8.7,8.6,0.366,7.1
Central African Republic,2011,Developing,49.8,443.0,16,1.66,58.52947463,47.0,679,2.7,24,47.0,3.73,47.0,5.8,0.049346034967934854,0.0034595099624668605,8.8,8.8,0.361,6.8
Central African Republic,2010,Developing,49.2,446.0,17,1.67,43.48359197,45.0,2,2.2,24,46.0,3.9,45.0,6.6,0.044548876998987706,0.0034381567899432895,9.0,8.9,0.352,6.6
Central African Republic,2009,Developing,48.6,453.0,17,1.56,40.45156933,42.0,11,19.8,25,45.0,3.58,42.0,7.3,0.044901290807934924,3.430744082629204e-05,9.1,9.1,0.345,6.4
Central African Republic,2008,Developing,47.6,477.0,17,1.52,67.34137528,92.0,12,19.4,25,46.0,4.3,45.0,8.3,0.04559237753201316,0.00335844255580008,9.3,9.2,0.338,6.3
Central African Republic,2007,Developing,46.8,495.0,17,1.5,60.04884821,92.0,49,19.0,26,46.0,4.4,48.0,9.0,0.03961132474224776,3.302059298165088e-05,9.4,9.4,0.33,6.2
Central African Republic,2006,Developing,46.3,56.0,17,1.54,46.90117916,92.0,3,18.6,26,47.0,3.99,51.0,10.0,0.03465576244796682,0.00032594271497504295,9.6,9.6,0.323,6.0
Central African Republic,2005,Developing,45.9,511.0,17,1.5,40.92207976,92.0,471,18.2,26,47.0,4.29,54.0,11.2,0.03259653028788888,0.0003190122857721017,9.7,9.7,0.319,5.9
Central African Republic,2004,Developing,45.7,512.0,17,1.5,41.50111735,92.0,1233,17.9,26,45.0,4.1,51.0,12.0,0.031204362807707227,3.516765803415126e-05,9.9,9.9,0.315,5.7
Central African Republic,2003,Developing,45.7,51.0,17,1.49,46.11619441,92.0,652,17.5,26,44.0,4.31,47.0,12.8,0.028504179333228057,0.00307732929159544,1.0,1.1,0.316,5.6
Central African Republic,2002,Developing,45.6,58.0,17,1.47,31.5941587,92.0,938,17.2,25,42.0,4.16,44.0,13.4,0.025249886308549234,0.0003072807161421869,1.2,1.2,0.315,5.4
Central African Republic,2001,Developing,45.6,54.0,17,1.52,33.65315697,92.0,2837,16.8,25,4.0,3.95,4.0,13.9,0.02418718341309103,0.00029615972296708685,1.4,1.4,0.314,5.3
Central African Republic,2000,Developing,46.0,49.0,16,1.51,30.78382657,92.0,3207,16.5,25,38.0,4.24,37.0,14.3,0.024225674508842634,0.0029021332660246215,1.5,1.5,0.312,5.2
Chad,2015,Developing,53.1,356.0,46,3.65,0.0,46.0,418,19.1,77,52.0,5.73,46.0,2.8,0.0776834554881894,0.00011545227878958025,8.5,8.4,0.394,7.3
Chad,2014,Developing,52.6,362.0,46,0.01,11.3020668,37.0,1275,18.7,78,44.0,3.62,37.0,2.9,0.01245202794914197,0.010487542516795838,8.7,8.5,0.39,7.3
Chad,2013,Developing,52.2,366.0,46,0.64,76.52382535,39.0,226,18.2,78,46.0,3.42,39.0,3.1,0.09860588555397438,0.010150682849385025,8.8,8.7,0.387,7.3
Chad,2012,Developing,51.8,367.0,46,0.62,57.8242709,4.0,120,17.9,79,51.0,3.0,4.0,3.6,0.09733789764252494,0.0009855020862160851,9.0,8.9,0.381,7.3
Chad,2011,Developing,51.6,365.0,46,0.56,67.76269089,33.0,8650,17.5,79,4.0,3.17,33.0,3.9,0.09891685212518214,0.009497645825868263,9.2,9.1,0.37,6.7
Chad,2010,Developing,51.2,364.0,46,0.5,43.57328908,39.0,194,17.1,80,43.0,2.95,39.0,4.1,0.08963504895060706,0.0009187150695200033,9.4,9.3,0.36,6.7
Chad,2009,Developing,57.0,37.0,46,0.47,4.982900401,24.0,165,16.7,80,32.0,3.31,24.0,4.4,0.008290982952408378,0.0008909407967602288,9.6,9.5,0.343,6.3
Chad,2008,Developing,49.6,394.0,46,0.45,49.09198224,17.0,63,16.4,80,3.0,2.92,19.0,4.7,0.09296073942709573,0.00860512989643093,9.8,9.7,0.338,6.0
Chad,2007,Developing,49.4,394.0,46,0.42,5.962923532,92.0,441,16.1,80,38.0,3.35,28.0,4.9,0.008013324542674222,0.00013722048872610767,1.0,1.0,0.306,5.7
Chad,2006,Developing,48.5,414.0,45,0.41,62.67225971,92.0,1594,15.7,80,49.0,3.32,4.0,5.1,0.07116642690757741,0.0010986998694123811,1.3,1.2,0.303,5.5
Chad,2005,Developing,48.6,46.0,45,0.42,8.936064632,92.0,2,15.4,79,37.0,3.91,25.0,5.2,0.0064666271670358174,1.2713902128736938e-06,1.5,1.4,0.306,5.6
Chad,2004,Developing,48.5,45.0,44,0.34,72.38451279,92.0,10324,15.1,78,31.0,5.72,21.0,5.2,0.04537353601297951,7.505375816532009e-05,1.7,1.6,0.301,5.6
Chad,2003,Developing,48.4,43.0,44,0.42,3.979243535,92.0,15801,14.8,77,36.0,5.49,23.0,5.1,0.029138538725043364,0.0007228661021446799,1.9,1.8,0.284,5.4
Chad,2002,Developing,48.1,43.0,43,0.36,3.039691193,92.0,7277,14.4,76,31.0,8.33,25.0,5.0,0.0021208065086775986,7.083846198233339e-05,11.1,11.0,0.303,5.1
Chad,2001,Developing,48.0,4.0,42,0.3,26.87439074,92.0,24908,14.1,75,26.0,6.9,26.0,4.8,0.01959539295469827,0.000669530316612643,11.3,11.2,0.3,4.9
Chad,2000,Developing,47.6,44.0,41,0.25,21.52701616,92.0,3546,13.9,74,3.0,6.28,36.0,4.6,0.016481928426082343,0.006447783973042014,11.5,11.4,0.0,4.7
Chile,2011,Developing,79.8,86.0,2,7.26,211.614293,94.0,6,61.2,2,93.0,7.0,94.0,0.1,0.14764193698420217,0.013257487526116248,0.8,0.8,0.82,15.4
Chile,2010,Developing,79.1,89.0,2,7.93,177.4925143,92.0,0,6.6,2,92.0,6.97,92.0,0.1,0.1286594952808743,0.013133824153331792,0.8,0.9,0.815,15.2
Chile,2009,Developing,79.3,91.0,2,7.67,181.525923,94.0,1,59.9,2,94.0,7.39,94.0,0.1,0.12436755436986684,0.013007139586418387,0.8,0.9,0.816,15.3
Chile,2008,Developing,79.6,88.0,2,7.31,241.5533381,95.0,0,59.3,2,95.0,6.87,95.0,0.1,0.1782593173201891,0.012877681920365898,0.9,0.9,0.804,15.2
Chile,2007,Developing,78.9,9.0,2,7.39,209.4875875,92.0,0,58.7,2,95.0,6.35,96.0,0.1,0.15276880380631758,0.012746094965537441,0.9,0.9,0.797,14.8
Chile,2006,Developing,78.9,91.0,2,7.33,1275.689625,95.0,0,58.1,2,94.0,6.18,94.0,0.1,0.9498493591783069,0.012613240484904054,0.9,0.9,0.796,14.9
Chile,2005,Developing,78.4,93.0,2,7.57,954.9644887,92.0,0,57.4,2,92.0,6.69,91.0,0.1,0.7626104969399565,0.0012479950871936412,0.9,1.0,0.79,14.6
Chile,2004,Developing,78.0,97.0,2,6.32,78.78564878,92.0,0,56.8,2,94.0,6.93,93.0,0.1,0.06211601966048571,0.012345812634984736,0.9,1.0,0.781,14.3
Chile,2003,Developing,77.9,1.0,2,6.37,584.0993429,92.0,1,56.1,2,96.0,7.34,96.0,0.1,0.479383777512668,0.012211148838552966,1.0,1.0,0.775,14.0
Chile,2002,Developing,77.8,11.0,2,6.06,675.7808443,92.0,0,55.4,3,97.0,6.48,97.0,0.1,0.44691544945518047,0.012075193556987026,1.0,1.0,0.768,13.9
Chile,2001,Developing,77.3,16.0,2,6.1,687.5116825,92.0,0,54.7,3,96.0,6.51,97.0,0.1,0.46014908183871733,0.011937105895118762,1.0,1.0,0.761,13.7
Chile,2000,Developing,77.3,13.0,2,6.24,74.14842946,92.0,0,54.0,3,91.0,6.4,91.0,0.1,0.0510519876770511,0.011796275276493365,1.1,1.1,0.755,13.5
China,2015,Developing,76.1,85.0,157,3.65,0.0,99.0,42361,32.9,183,99.0,5.73,99.0,0.1,0.08689479951148796,0.0001059527911868869,3.6,2.9,0.734,13.5
China,2014,Developing,75.8,86.0,171,5.78,109.8743903,99.0,52628,31.9,198,99.0,5.55,99.0,0.1,0.7694393359783037,0.00010541563848296762,3.7,3.0,0.723,13.1
China,2013,Developing,75.6,88.0,185,5.79,9.955532032,99.0,26883,3.9,216,99.0,5.39,99.0,0.1,0.07773626052249404,0.00010488312306857858,3.8,3.2,0.713,12.7
China,2012,Developing,75.4,89.0,201,5.74,94.4344566,99.0,6183,3.0,233,99.0,5.26,99.0,0.1,0.634655398955046,0.00010484988916027854,3.9,3.3,0.703,12.4
China,2011,Developing,75.2,91.0,215,5.63,91.26749779,99.0,9943,29.0,251,99.0,5.3,99.0,0.1,0.5641316790557154,0.00010385905496398426,4.1,3.5,0.7,12.8
China,2010,Developing,75.0,92.0,231,5.75,5.660754839,99.0,38159,28.1,268,99.0,4.89,99.0,0.1,0.04555742587971678,0.00010336595651060225,4.2,3.6,0.691,12.5
China,2009,Developing,74.9,93.0,248,4.88,50.28348923,99.0,52461,27.3,288,99.0,5.8,99.0,0.1,0.38430215865795103,0.00010286435635974813,4.4,3.8,0.682,12.2
China,2008,Developing,74.5,97.0,266,4.27,39.22509728,95.0,131441,26.5,308,99.0,4.59,97.0,0.1,0.3475234916790631,0.0010237751824723194,4.5,4.0,0.672,11.9
China,2007,Developing,74.4,96.0,285,3.88,312.6624819,92.0,109023,25.7,332,94.0,4.32,93.0,0.1,0.2698085926008443,0.0010185427741190337,4.7,4.1,0.659,11.4
China,2006,Developing,74.2,98.0,307,3.28,29.74342979,91.0,99602,24.9,360,94.0,4.52,93.0,0.1,0.029803447267900664,1.010774541274296e-05,4.8,4.3,0.646,11.0
China,2005,Developing,73.9,99.0,332,2.92,171.6596026,84.0,124219,24.1,392,87.0,4.66,87.0,0.1,0.175459850897748,1.0308694625719957e-05,5.0,4.4,0.634,10.6
China,2004,Developing,73.5,11.0,360,3.04,1.58668462,79.0,70549,23.4,427,87.0,4.72,87.0,0.1,0.015724360399298688,0.00010019714199827268,5.1,4.6,0.622,10.2
China,2002,Developing,72.7,16.0,422,2.91,106.3590358,7.0,58341,21.9,511,86.0,4.79,86.0,0.1,0.11487782094445691,9.661019854663328e-07,5.5,4.9,0.6,9.7
China,2001,Developing,72.2,11.0,457,2.84,14.23064496,65.0,88962,21.2,558,86.0,4.56,86.0,0.1,0.01517485786395109,9.827266684322374e-05,5.7,5.0,0.592,9.6
China,2000,Developing,71.7,115.0,490,3.06,17.46057369,6.0,71093,2.5,608,86.0,4.6,85.0,0.1,0.09592555456238885,0.0009758487951773055,5.9,5.1,0.583,9.5
Colombia,2015,Developing,74.8,143.0,10,3.65,0.0,91.0,1,57.9,12,91.0,5.73,91.0,0.1,0.06438945112733209,0.037275045664549325,2.1,1.9,0.724,13.6
Colombia,2013,Developing,74.4,145.0,11,4.41,15.16255482,91.0,1,56.4,13,91.0,6.84,91.0,0.1,0.008203876967215876,0.036590492075621886,2.1,1.9,0.712,13.3
Colombia,2012,Developing,74.3,143.0,11,4.44,1487.896562,92.0,1,55.7,13,91.0,6.93,91.0,0.1,0.7896183143435176,0.03623380258529819,2.1,1.9,0.707,13.2
Colombia,2011,Developing,74.2,144.0,12,4.37,184.3073618,85.0,6,55.0,14,85.0,6.64,85.0,0.1,0.7237864560963093,0.00359128086311335,2.2,2.0,0.7,13.0
Colombia,2010,Developing,73.6,15.0,12,4.28,113.2436346,88.0,0,54.2,15,88.0,6.76,88.0,0.1,0.0624993564502571,0.003548966369031513,2.2,2.0,0.695,12.8
Colombia,2009,Developing,73.6,15.0,13,4.34,941.6464045,92.0,0,53.5,15,92.0,7.1,92.0,0.1,0.5155149719498853,0.03510130383114467,2.2,2.0,0.691,12.4
Colombia,2008,Developing,73.5,146.0,14,4.45,978.07041,92.0,0,52.8,16,92.0,6.62,92.0,0.1,0.5440918245259629,0.0034714053829935105,2.3,2.0,0.683,12.2
Colombia,2007,Developing,73.5,144.0,14,4.66,780.5946749,93.0,0,52.0,17,93.0,6.25,93.0,0.1,0.4680172444968093,0.034296263412760986,2.3,2.1,0.675,11.9
Colombia,2006,Developing,73.1,147.0,15,4.53,62.43710774,93.0,0,51.3,17,94.0,6.11,93.0,0.1,0.037872417578616216,0.033879796168866154,2.3,2.1,0.669,11.5
Colombia,2005,Developing,73.1,144.0,15,4.38,531.9808176,93.0,0,5.5,18,93.0,5.82,93.0,0.1,0.3390104507109489,0.03345464328168119,2.4,2.1,0.658,11.1
Colombia,2004,Developing,72.8,148.0,16,4.26,42.17956418,89.0,0,49.8,19,89.0,5.37,89.0,0.1,0.027301342494645043,0.03302069268337578,2.4,2.2,0.658,11.3
Colombia,2003,Developing,72.4,15.0,16,4.25,417.8038898,92.0,0,49.0,19,92.0,5.92,92.0,0.1,0.22482434026806108,0.03257859514024732,2.5,2.2,0.659,11.6
Colombia,2002,Developing,71.8,163.0,17,4.45,393.8773633,78.0,139,48.2,20,83.0,5.67,81.0,0.1,0.23578906416252438,0.03213058659873099,2.5,2.3,0.656,11.5
Colombia,2001,Developing,71.5,165.0,17,4.43,404.4205858,8.0,3,47.5,21,83.0,5.96,8.0,0.1,0.23980869028017646,0.0003855635735837297,2.5,2.3,0.653,11.4
Comoros,2015,Developing,63.5,227.0,1,3.65,0.0,91.0,0,24.2,2,92.0,5.73,91.0,0.8,0.07271511483014818,0.000600830417985338,6.7,6.5,0.498,11.1
Comoros,2014,Developing,63.2,23.0,1,0.01,73.86584922,88.0,0,23.7,2,87.0,6.75,87.0,0.8,0.08526638738470864,0.0005868884070126762,6.8,6.6,0.497,11.1
Comoros,2012,Developing,62.5,237.0,2,0.01,78.39008571,89.0,1,22.6,2,85.0,7.11,86.0,0.8,0.07882370563686593,0.00055943797163843,6.9,6.7,0.484,10.8
Comoros,2011,Developing,62.2,241.0,2,0.12,59.6596497,83.0,3,22.1,2,85.0,6.1,83.0,0.2,0.08294302852750138,5.915249236613262e-05,7.0,6.8,0.479,10.6
Comoros,2010,Developing,61.8,246.0,2,0.15,47.30421873,74.0,0,21.6,2,82.0,5.82,74.0,0.1,0.07687468997930168,0.0005330239704741921,7.1,6.9,0.476,10.5
Comoros,2009,Developing,61.3,251.0,2,0.17,56.98952474,83.0,1,21.1,2,84.0,3.82,83.0,0.1,0.07781333423328131,0.0005203177971613389,7.2,7.0,0.465,10.3
Comoros,2008,Developing,61.0,255.0,2,0.12,93.36788979,81.0,0,2.6,2,81.0,5.13,81.0,0.1,0.07955915899072585,0.0005079339154708373,7.2,7.1,0.461,10.2
Comoros,2007,Developing,66.0,259.0,2,0.16,9.087638194,75.0,0,2.1,2,75.0,4.93,75.0,0.1,0.007119409309599997,4.956335049918799e-05,7.3,7.2,0.459,10.0
Comoros,2006,Developing,63.0,262.0,2,0.25,77.0283958,69.0,85,19.6,2,69.0,4.57,69.0,0.1,0.06477624345369182,0.00048412607102259333,7.4,7.3,0.451,9.9
Comoros,2005,Developing,60.0,266.0,2,0.24,69.9675435,68.0,912,19.2,2,67.0,4.32,68.0,0.1,0.0621265763803538,0.00047268896927784866,7.5,7.4,0.434,9.7
Comoros,2003,Developing,59.6,271.0,2,0.26,45.09010835,28.0,0,18.4,2,8.0,3.65,8.0,0.1,0.054377216410355374,0.00045072676606263963,7.6,7.6,0.0,9.2
Comoros,2002,Developing,59.5,271.0,2,0.08,29.41897495,92.0,0,18.0,2,98.0,3.39,89.0,0.1,0.04322929409702801,0.0004401135560911007,7.7,7.7,0.0,8.8
Comoros,2001,Developing,59.5,272.0,1,0.08,19.71741043,92.0,0,17.6,2,7.0,2.86,7.0,0.1,0.0394894729104642,0.00042960932242352236,7.8,7.8,0.0,8.5
Comoros,2000,Developing,59.5,272.0,1,0.09,35.02948624,92.0,0,17.3,2,7.0,3.56,7.0,0.1,0.03747828433793321,0.0004191514616512464,7.9,7.9,0.0,8.2
Congo,2015,Developing,64.7,267.0,7,3.65,0.0,8.0,1359,27.4,10,8.0,5.73,8.0,2.8,0.17423032051730014,0.001069443209766107,7.5,7.1,0.59,11.1
Congo,2014,Developing,64.2,275.0,7,0.01,0.0,9.0,71,26.8,10,9.0,5.15,9.0,3.0,0.17423032051730014,0.001069443209766107,7.6,7.3,0.581,11.1
Congo,2013,Developing,63.9,274.0,7,0.01,0.0,85.0,124,26.2,10,85.0,5.9,85.0,3.0,0.17423032051730014,0.001069443209766107,7.7,7.4,0.576,11.1
Congo,2012,Developing,63.7,273.0,7,0.01,0.0,62.0,260,25.6,10,61.0,3.98,85.0,3.3,0.17423032051730014,0.001069443209766107,7.9,7.5,0.557,10.2
Congo,2011,Developing,62.9,285.0,7,3.82,0.0,7.0,315,25.0,10,69.0,2.79,82.0,3.5,0.17423032051730014,0.001069443209766107,8.0,7.6,0.558,10.7
Congo,2009,Developing,68.0,314.0,7,3.47,0.0,75.0,1,23.9,11,76.0,2.27,78.0,4.0,0.17423032051730014,0.001069443209766107,8.3,7.9,0.545,10.3
Congo,2008,Developing,59.4,338.0,8,2.58,0.0,73.0,2,23.3,11,77.0,2.9,79.0,4.3,0.17423032051730014,0.001069443209766107,8.4,8.0,0.527,10.0
Congo,2007,Developing,58.2,354.0,8,2.75,0.0,64.0,84,22.8,11,71.0,2.54,72.0,5.0,0.17423032051730014,0.001069443209766107,8.5,8.2,0.517,9.8
Congo,2006,Developing,56.9,368.0,8,2.25,0.0,92.0,126,22.3,12,73.0,2.37,73.0,5.5,0.17423032051730014,0.001069443209766107,8.7,8.3,0.507,9.6
Congo,2005,Developing,55.3,394.0,8,2.03,0.0,92.0,146,21.7,13,62.0,2.42,62.0,5.9,0.17423032051730014,0.001069443209766107,8.8,8.5,0.496,9.4
Congo,2004,Developing,54.1,48.0,9,2.58,0.0,92.0,3524,21.2,13,67.0,2.56,67.0,6.3,0.17423032051730014,0.001069443209766107,9.0,8.6,0.497,9.2
Congo,2003,Developing,53.2,417.0,9,2.45,0.0,92.0,3712,2.7,14,5.0,2.61,5.0,6.8,0.17423032051730014,0.001069443209766107,9.1,8.8,0.492,9.4
Congo,2002,Developing,52.6,424.0,9,2.55,0.0,92.0,2788,2.3,14,41.0,2.45,41.0,7.2,0.17423032051730014,0.001069443209766107,9.3,8.9,0.488,9.5
Congo,2001,Developing,52.7,419.0,9,2.3,0.0,92.0,2152,19.8,14,32.0,2.44,31.0,7.6,0.17423032051730014,0.001069443209766107,9.4,9.0,0.487,9.7
Congo,2000,Developing,52.9,416.0,9,2.26,0.0,92.0,1678,19.3,14,31.0,2.13,33.0,7.8,0.17423032051730014,0.001069443209766107,9.5,9.2,0.487,9.8
Costa Rica,2015,Developing,79.6,95.0,1,3.65,0.0,92.0,0,6.5,1,92.0,5.73,92.0,0.1,0.11465516074648582,0.0003770255506769724,1.7,1.7,0.775,14.2
Costa Rica,2014,Developing,79.5,96.0,1,3.45,384.5129138,91.0,1,59.5,1,91.0,9.31,91.0,0.1,0.16484493510185974,0.0036770158448299855,1.7,1.7,0.768,13.9
Costa Rica,2013,Developing,79.4,96.0,1,3.42,386.1379123,94.0,0,58.5,1,95.0,9.47,95.0,0.1,0.1570546798244173,3.679457377767656e-05,1.7,1.7,0.762,13.7
Costa Rica,2012,Developing,79.2,97.0,1,3.34,2568.237059,91.0,0,57.5,1,9.0,9.56,91.0,0.1,1.0000000000000002,0.003597058925868027,1.8,1.7,0.758,13.6
Costa Rica,2011,Developing,79.0,98.0,1,3.41,2429.854745,84.0,0,56.5,1,82.0,9.73,85.0,0.1,0.9199921731530352,3.589262096404519e-05,1.8,1.7,0.752,13.4
Costa Rica,2010,Developing,78.1,16.0,1,3.58,2377.010299,89.0,0,55.5,1,93.0,9.66,88.0,0.1,0.8211127064400401,0.00035127004462602834,1.8,1.8,0.749,13.3
Costa Rica,2009,Developing,79.2,96.0,1,4.07,24.88720369,87.0,0,54.4,1,8.0,9.69,86.0,0.1,0.06888384908140921,0.0034688695585020587,1.9,1.8,0.747,13.1
Costa Rica,2008,Developing,78.9,99.0,1,4.22,1859.095621,89.0,0,53.4,1,89.0,9.1,9.0,0.1,0.6920743737086086,0.00034232780464855196,1.9,1.8,0.74,12.9
Costa Rica,2007,Developing,78.9,93.0,1,4.2,150.8891479,89.0,0,52.4,1,89.0,8.37,89.0,0.1,0.06119402502496412,0.0033770558630928683,1.9,1.9,0.734,12.8
Costa Rica,2006,Developing,78.0,16.0,1,4.15,1185.412346,88.0,0,51.4,1,89.0,7.82,89.0,0.1,0.5252073077554353,0.00033910952571456653,2.0,1.9,0.727,12.6
Costa Rica,2005,Developing,78.6,97.0,1,4.1,1002.833273,9.0,1,5.3,1,91.0,7.74,91.0,0.1,0.4703101586433352,0.003283051821262229,2.0,2.0,0.723,12.4
Costa Rica,2004,Developing,77.7,12.0,1,4.09,1043.10795,89.0,0,49.3,1,9.0,7.8,9.0,0.1,0.44311212586502,0.0003236086125781563,2.1,2.0,0.719,12.2
Costa Rica,2003,Developing,78.0,1.0,1,4.04,1070.268999,86.0,1,48.3,1,88.0,8.45,88.0,0.1,0.4172839455571782,0.0031888607420872037,2.2,2.1,0.715,12.1
Costa Rica,2002,Developing,78.3,99.0,1,4.17,112.9493745,94.0,0,47.3,1,94.0,8.23,94.0,0.1,0.04612206320256651,3.5776688725789234e-05,2.2,2.2,0.712,11.9
Costa Rica,2001,Developing,77.5,1.0,1,4.29,868.3713593,8.0,0,46.4,1,92.0,7.25,91.0,0.1,0.39863495577261737,0.0030890253086722896,2.3,2.2,0.708,11.7
Costa Rica,2000,Developing,77.6,98.0,1,4.34,94.17819458,89.0,0,45.4,1,8.0,7.12,88.0,0.1,0.03873141164912818,0.0030338763429339295,2.4,2.3,0.702,11.6
Croatia,2010,Developed,76.6,16.0,0,12.1,206.8868182,97.0,7,6.6,0,97.0,8.25,97.0,0.1,0.13562768362246055,0.003414395318390348,1.6,1.6,0.803,14.2
Croatia,2005,Developed,75.2,116.0,0,11.59,167.2319899,92.0,2,57.5,0,96.0,6.89,96.0,0.1,0.12245620261876286,3.406862041548476e-06,1.8,1.8,0.777,13.6
Croatia,2004,Developed,75.4,114.0,0,13.11,1116.396502,92.0,54,56.9,0,96.0,6.56,96.0,0.1,0.9379360505752332,3.404543396783357e-06,1.9,1.9,0.771,13.3
Croatia,2003,Developed,74.7,122.0,0,13.78,93.67706503,92.0,19,56.3,0,95.0,6.35,94.0,0.1,0.0785481326287889,3.1688145123295713e-07,1.9,1.9,0.765,12.9
Croatia,2002,Developed,74.8,124.0,0,13.39,11.63615139,92.0,6,55.8,0,95.0,6.19,95.0,0.1,0.06531003416028143,3.1688145123295713e-07,2.0,2.0,0.759,12.6
Croatia,2001,Developed,74.9,126.0,0,13.15,650.9567981,92.0,8,55.2,0,94.0,7.16,94.0,0.1,0.5252307506949957,3.1688145123295713e-07,2.0,2.0,0.749,12.3
Croatia,2000,Developed,74.7,127.0,0,12.73,649.3909871,92.0,9,54.7,0,94.0,7.66,93.0,0.1,0.49259824844049815,3.394495936134507e-06,2.1,2.1,0.739,12.2
Cuba,2015,Developing,79.1,92.0,1,3.65,0.0,99.0,0,61.4,1,99.0,5.73,99.0,0.1,0.07618225346347554,0.001069443209766107,3.5,3.3,0.773,13.9
Cuba,2014,Developing,79.0,93.0,1,4.37,13.6691019,97.0,0,6.7,1,99.0,11.6,99.0,0.1,0.0073959190456452,0.001069443209766107,3.4,3.3,0.772,14.0
Cuba,2013,Developing,78.7,96.0,1,4.18,95.67571176,96.0,0,59.9,1,99.0,9.48,99.0,0.1,0.06755740702095482,0.001069443209766107,3.4,3.3,0.773,14.7
Cuba,2012,Developing,78.7,96.0,1,4.16,742.1961992,96.0,0,59.2,1,98.0,8.59,99.0,0.1,0.6434755988534354,0.001069443209766107,3.4,3.2,0.778,15.7
Cuba,2011,Developing,78.8,92.0,1,4.14,102.0645784,96.0,0,58.4,1,99.0,1.6,97.0,0.1,0.0675344615929233,0.001069443209766107,3.4,3.2,0.78,16.5
Cuba,2010,Developing,78.0,98.0,1,4.13,787.2808163,96.0,0,57.7,1,99.0,1.19,96.0,0.1,0.5683731245998923,0.001069443209766107,3.4,3.2,0.784,17.6
Cuba,2009,Developing,78.1,11.0,1,4.01,818.8771016,96.0,0,56.9,1,99.0,11.78,96.0,0.1,0.5492053455787799,0.001069443209766107,3.4,3.2,0.782,17.7
Cuba,2008,Developing,77.9,12.0,1,4.26,708.6157966,95.0,0,56.2,1,99.0,1.79,95.0,0.1,0.5383547785943283,0.001069443209766107,3.4,3.2,0.771,17.1
Cuba,2007,Developing,78.1,14.0,1,4.13,750.7147641,93.0,0,55.4,1,99.0,1.42,93.0,0.1,0.5191280769600635,0.001069443209766107,3.4,3.2,0.754,16.0
Cuba,2006,Developing,78.0,14.0,1,4.17,523.4724284,89.0,0,54.6,1,99.0,7.67,89.0,0.1,0.4675637036919334,0.001069443209766107,3.4,3.2,0.732,14.7
Cuba,2005,Developing,77.2,19.0,1,4.48,518.9359221,95.0,0,53.8,1,99.0,9.39,89.0,0.1,0.3784068131117844,0.001069443209766107,3.4,3.3,0.719,14.2
Cuba,2004,Developing,77.3,17.0,1,4.38,4.484254579,99.0,0,53.0,1,98.0,6.14,88.0,0.1,0.0338587201316695,0.001069443209766107,3.4,3.3,0.705,13.2
Cuba,2002,Developing,77.7,19.0,1,4.1,334.7672107,98.0,0,51.3,1,98.0,6.5,99.0,0.1,0.29975481666282483,0.001069443209766107,3.5,3.3,0.692,12.5
Cuba,2001,Developing,76.7,115.0,1,4.04,322.5863149,98.0,0,5.4,1,99.0,6.27,98.0,0.1,0.2835132142507687,0.001069443209766107,3.6,3.4,0.686,12.3
Cuba,2000,Developing,76.9,115.0,1,3.92,49.34007756,98.0,0,49.4,1,98.0,6.7,95.0,0.1,0.2743909869925986,0.001069443209766107,3.6,3.4,0.679,12.1
Cyprus,2013,Developed,81.0,54.0,0,9.04,212.0859259,96.0,0,59.2,0,99.0,7.46,99.0,0.1,0.28008546969611703,0.0008840698794395922,0.9,1.0,0.85,13.8
Cyprus,2010,Developed,79.5,59.0,0,11.32,283.3300258,96.0,18,57.8,0,99.0,7.23,99.0,0.1,0.38230186262306604,8.596993771950127e-05,0.9,1.0,0.853,14.6
Cyprus,2009,Developed,79.3,6.0,0,10.8,230.2524184,96.0,0,57.3,0,99.0,7.4,99.0,0.1,0.3219385935072027,1.533551647649838e-05,0.9,1.0,0.849,14.1
Cyprus,2003,Developed,78.5,66.0,0,10.62,158.7087399,88.0,0,54.3,0,98.0,6.83,98.0,0.1,0.22955419829896453,0.0007678802716147041,0.9,1.0,0.815,13.0
Cyprus,2001,Developed,78.2,69.0,0,10.16,100.8086193,89.0,0,53.3,0,97.0,5.78,97.0,0.1,0.15637938029202725,7.438830711773087e-05,0.9,1.0,0.8,12.4
Czechia,2015,Developed,78.8,86.0,0,3.65,0.0,97.0,9,66.1,0,97.0,5.73,97.0,0.1,0.17423032051730014,0.001069443209766107,1.8,1.8,0.675,12.3
Czechia,2014,Developed,78.6,88.0,0,12.68,0.0,99.0,222,65.6,0,99.0,7.41,97.0,0.1,0.17423032051730014,0.001069443209766107,1.8,1.9,0.675,12.3
Czechia,2013,Developed,78.2,9.0,0,12.45,0.0,99.0,15,65.1,0,99.0,7.49,98.0,0.1,0.17423032051730014,0.001069443209766107,1.8,1.9,0.675,12.3
Czechia,2012,Developed,78.0,93.0,0,12.71,0.0,99.0,22,64.5,0,99.0,7.55,99.0,0.1,0.17423032051730014,0.001069443209766107,1.8,1.9,0.675,12.3
Czechia,2011,Developed,77.8,97.0,0,12.43,0.0,99.0,17,64.0,0,99.0,7.5,99.0,0.1,0.17423032051730014,0.001069443209766107,1.9,1.9,0.675,12.3
Czechia,2010,Developed,77.5,99.0,0,12.69,0.0,99.0,0,63.6,0,99.0,7.43,99.0,0.1,0.17423032051730014,0.001069443209766107,1.9,2.0,0.675,12.3
Czechia,2009,Developed,77.1,12.0,0,13.23,0.0,99.0,5,63.1,0,99.0,7.85,99.0,0.1,0.17423032051730014,0.001069443209766107,1.9,2.0,0.675,12.3
Czechia,2008,Developed,77.0,16.0,0,13.25,0.0,99.0,2,62.6,0,99.0,6.82,99.0,0.1,0.17423032051730014,0.001069443209766107,1.9,2.0,0.675,12.3
Czechia,2007,Developed,76.8,17.0,0,13.43,0.0,99.0,2,62.2,0,99.0,6.52,99.0,0.1,0.17423032051730014,0.001069443209766107,2.0,2.1,0.675,12.3
Czechia,2006,Developed,76.5,19.0,0,13.03,0.0,98.0,7,61.8,0,98.0,6.69,98.0,0.1,0.17423032051730014,0.001069443209766107,2.0,2.1,0.675,12.3
Czechia,2005,Developed,75.9,114.0,0,13.19,0.0,99.0,0,61.3,0,96.0,6.93,97.0,0.1,0.17423032051730014,0.001069443209766107,2.1,2.1,0.675,12.3
Czechia,2004,Developed,75.8,116.0,0,13.24,0.0,98.0,17,6.8,0,96.0,6.9,98.0,0.1,0.17423032051730014,0.001069443209766107,2.1,2.2,0.675,12.3
Czechia,2003,Developed,75.2,122.0,0,13.01,0.0,92.0,30,6.4,0,97.0,7.13,97.0,0.1,0.17423032051730014,0.001069443209766107,2.2,2.2,0.675,12.3
Czechia,2001,Developed,75.1,123.0,0,13.36,0.0,92.0,6,59.4,0,97.0,6.42,98.0,0.1,0.17423032051730014,0.001069443209766107,2.2,2.3,0.675,12.3
Czechia,2000,Developed,74.7,126.0,0,13.22,0.0,92.0,9,59.0,0,98.0,6.31,98.0,0.1,0.17423032051730014,0.001069443209766107,2.3,2.3,0.675,12.3
Democratic People's Republic of Korea,2015,Developing,76.0,139.0,6,3.65,0.0,96.0,0,32.9,7,99.0,5.73,96.0,0.1,0.17423032051730014,0.001069443209766107,4.9,4.9,0.675,12.3
Democratic People's Republic of Korea,2014,Developing,73.0,142.0,6,0.01,0.0,93.0,3,32.4,8,99.0,5.73,93.0,0.1,0.17423032051730014,0.001069443209766107,4.9,4.9,0.675,12.3
Democratic People's Republic of Korea,2013,Developing,71.0,146.0,6,3.35,0.0,93.0,0,31.8,8,99.0,5.73,93.0,0.1,0.17423032051730014,0.001069443209766107,5.0,5.0,0.675,12.3
Democratic People's Republic of Korea,2012,Developing,69.8,149.0,7,3.61,0.0,96.0,0,31.3,9,99.0,5.73,96.0,0.1,0.17423032051730014,0.001069443209766107,5.1,5.1,0.675,12.3
Democratic People's Republic of Korea,2011,Developing,69.4,153.0,8,3.39,0.0,94.0,0,3.8,10,99.0,5.73,94.0,0.1,0.17423032051730014,0.001069443209766107,5.1,5.2,0.675,12.3
Democratic People's Republic of Korea,2010,Developing,69.0,157.0,8,3.12,0.0,93.0,0,3.3,10,99.0,5.73,93.0,0.1,0.17423032051730014,0.001069443209766107,5.2,5.2,0.675,12.3
Democratic People's Republic of Korea,2009,Developing,68.7,161.0,9,3.35,0.0,93.0,0,29.7,11,98.0,5.73,93.0,0.1,0.17423032051730014,0.001069443209766107,5.3,5.3,0.675,12.3
Democratic People's Republic of Korea,2008,Developing,68.6,164.0,9,3.16,0.0,92.0,8,29.2,12,98.0,5.73,92.0,0.1,0.17423032051730014,0.001069443209766107,5.4,5.4,0.675,12.3
Democratic People's Republic of Korea,2007,Developing,68.5,166.0,9,3.13,0.0,92.0,3550,28.7,12,99.0,5.73,92.0,0.1,0.17423032051730014,0.001069443209766107,5.5,5.5,0.675,12.3
Democratic People's Republic of Korea,2006,Developing,68.5,165.0,10,3.28,0.0,96.0,0,28.2,12,98.0,5.73,89.0,0.1,0.17423032051730014,0.001069443209766107,5.6,5.6,0.675,12.3
Democratic People's Republic of Korea,2005,Developing,68.5,165.0,10,3.21,0.0,92.0,0,27.7,13,97.0,5.73,79.0,0.1,0.17423032051730014,0.001069443209766107,5.7,5.7,0.675,12.3
Democratic People's Republic of Korea,2004,Developing,68.4,165.0,11,3.13,0.0,98.0,0,27.2,14,99.0,5.73,72.0,0.1,0.17423032051730014,0.001069443209766107,5.7,5.7,0.675,12.3
Democratic People's Republic of Korea,2003,Developing,68.1,165.0,12,3.13,0.0,27.0,0,26.7,15,99.0,5.73,68.0,0.1,0.17423032051730014,0.001069443209766107,5.8,5.8,0.675,12.3
Democratic People's Republic of Korea,2002,Developing,67.6,167.0,14,3.08,0.0,92.0,0,26.2,18,99.0,5.73,64.0,0.1,0.17423032051730014,0.001069443209766107,5.9,5.9,0.675,12.3
Democratic People's Republic of Korea,2001,Developing,66.6,177.0,16,2.53,0.0,92.0,0,25.7,21,98.0,5.73,62.0,0.1,0.17423032051730014,0.001069443209766107,5.9,6.0,0.675,12.3
Democratic People's Republic of Korea,2000,Developing,65.4,192.0,18,3.52,0.0,92.0,0,25.2,25,93.0,5.73,56.0,0.1,0.17423032051730014,0.001069443209766107,6.0,6.0,0.675,12.3
Democratic Republic of the Congo,2015,Developing,59.8,258.0,236,3.65,0.0,81.0,5020,21.6,308,78.0,5.73,81.0,1.1,0.17423032051730014,0.001069443209766107,9.5,9.3,0.675,12.3
Democratic Republic of the Congo,2014,Developing,59.3,266.0,237,0.01,0.0,8.0,33711,21.1,312,79.0,4.33,8.0,1.1,0.17423032051730014,0.001069443209766107,9.7,9.5,0.675,12.3
Democratic Republic of the Congo,2013,Developing,58.8,272.0,238,0.01,0.0,74.0,88381,2.6,314,74.0,3.89,74.0,1.2,0.17423032051730014,0.001069443209766107,9.9,9.6,0.675,12.3
Democratic Republic of the Congo,2012,Developing,58.3,277.0,239,0.01,0.0,75.0,72029,2.1,317,76.0,3.77,75.0,1.5,0.17423032051730014,0.001069443209766107,1.0,9.8,0.675,12.3
Democratic Republic of the Congo,2011,Developing,57.9,278.0,239,1.82,0.0,74.0,133802,19.6,319,77.0,3.53,74.0,1.6,0.17423032051730014,0.001069443209766107,1.2,1.0,0.675,12.3
Democratic Republic of the Congo,2010,Developing,57.4,283.0,239,1.81,0.0,6.0,5407,19.1,321,76.0,4.4,6.0,1.6,0.17423032051730014,0.001069443209766107,1.4,1.2,0.675,12.3
Democratic Republic of the Congo,2008,Developing,56.3,295.0,237,2.09,0.0,65.0,12461,18.2,324,64.0,4.46,65.0,1.8,0.17423032051730014,0.001069443209766107,1.8,1.7,0.675,12.3
Democratic Republic of the Congo,2007,Developing,55.7,299.0,236,1.52,0.0,7.0,55577,17.8,326,72.0,3.61,7.0,1.9,0.17423032051730014,0.001069443209766107,11.1,1.9,0.675,12.3
Democratic Republic of the Congo,2006,Developing,55.0,36.0,235,1.53,0.0,92.0,80123,17.3,327,62.0,3.39,62.0,2.0,0.17423032051730014,0.001069443209766107,11.3,11.1,0.675,12.3
Democratic Republic of the Congo,2004,Developing,53.5,323.0,232,1.44,0.0,92.0,44934,16.5,330,52.0,3.34,54.0,2.1,0.17423032051730014,0.001069443209766107,11.7,11.5,0.675,12.3
Democratic Republic of the Congo,2003,Developing,52.8,332.0,231,1.83,0.0,92.0,21956,16.1,331,47.0,3.2,41.0,2.2,0.17423032051730014,0.001069443209766107,11.9,11.7,0.675,12.3
Democratic Republic of the Congo,2002,Developing,52.1,341.0,229,1.85,0.0,92.0,30466,15.7,331,4.0,2.59,38.0,2.4,0.17423032051730014,0.001069443209766107,12.1,11.9,0.675,12.3
Democratic Republic of the Congo,2001,Developing,51.8,34.0,227,1.9,0.0,92.0,8072,15.3,332,3.0,2.67,3.0,2.4,0.17423032051730014,0.001069443209766107,12.2,12.1,0.675,12.3
Democratic Republic of the Congo,2000,Developing,51.3,346.0,226,1.98,0.0,92.0,8282,14.9,332,42.0,1.45,4.0,2.5,0.17423032051730014,0.001069443209766107,12.4,12.3,0.675,12.3
Denmark,2015,Developed,86.0,71.0,0,3.65,0.0,92.0,9,58.8,0,93.0,5.73,93.0,0.1,0.5321643346908036,0.004392633090557314,1.1,0.9,0.923,19.2
Denmark,2012,Developed,80.0,76.0,0,9.26,928.4170785,92.0,2,57.7,0,94.0,1.98,94.0,0.1,0.586540716139189,0.004321596770888357,1.1,0.9,0.922,18.4
Denmark,2010,Developed,79.2,84.0,0,10.28,954.4865933,92.0,5,57.0,0,9.0,11.8,9.0,0.1,0.5849271060571499,0.004287675770856252,1.1,0.9,0.906,16.8
Denmark,2006,Developed,78.1,93.0,0,11.02,850.9544783,92.0,27,55.4,0,93.0,9.92,93.0,0.1,0.5233849089021634,0.004202341141802394,1.2,0.9,0.902,16.9
Denmark,2003,Developed,77.3,11.0,0,11.54,650.9813544,92.0,0,53.9,0,96.0,9.51,96.0,0.1,0.44643772350006794,0.0004170005321908041,1.2,1.0,0.882,16.3
Denmark,2001,Developed,77.0,12.0,0,11.56,530.4832336,92.0,11,52.8,0,97.0,9.1,97.0,0.1,0.37560949619556633,0.004141678438812579,1.3,1.0,0.862,16.2
Denmark,2000,Developed,76.9,12.0,0,11.69,508.7496912,92.0,14,52.2,0,97.0,8.7,97.0,0.1,0.37479914537074926,0.004126864617408233,1.3,1.0,0.86,16.5
Djibouti,2015,Developing,63.5,241.0,1,3.65,0.0,84.0,47,35.0,1,84.0,5.73,84.0,2.1,0.18635256623357863,0.0007167549274254141,5.6,5.4,0.47,6.3
Djibouti,2014,Developing,63.0,252.0,1,0.38,24.73299655,78.0,0,34.4,1,78.0,1.57,78.0,2.1,0.017351679643393993,0.0007049684832027248,5.6,5.4,0.467,6.3
Djibouti,2013,Developing,62.7,256.0,1,0.53,229.4410095,82.0,28,33.8,2,82.0,9.14,82.0,2.1,0.1623605009525017,0.0006930073677410633,5.6,5.4,0.464,6.3
Djibouti,2012,Developing,62.2,263.0,1,0.52,217.2125786,81.0,709,33.2,2,81.0,8.95,81.0,1.9,0.15369825891117772,0.0006810253844765157,5.6,5.5,0.46,6.3
Djibouti,2010,Developing,61.3,273.0,1,0.44,187.4960097,88.0,7,32.2,2,88.0,8.84,88.0,3.1,0.1326479611707106,0.0006578087944433771,5.6,5.6,0.441,5.5
Djibouti,2009,Developing,69.0,279.0,1,0.49,177.2671607,89.0,48,31.7,2,89.0,8.37,89.0,3.2,0.12540216109552718,6.465154486740699e-05,5.7,5.6,0.436,5.3
Djibouti,2008,Developing,62.0,289.0,1,0.49,171.7686449,88.0,143,31.3,2,89.0,8.5,89.0,3.3,0.12150718260008488,0.0006360042590721962,5.7,5.6,0.427,5.0
Djibouti,2007,Developing,59.8,296.0,1,0.45,20.86878709,25.0,24,3.9,2,88.0,7.72,88.0,3.5,0.014614393247519918,6.884829189227274e-06,5.8,5.7,0.416,4.5
Djibouti,2006,Developing,59.1,39.0,2,1.02,121.4812077,92.0,49,3.6,2,72.0,7.5,72.0,3.7,0.09655630311428876,6.151673714496583e-05,5.8,5.7,0.405,4.3
Djibouti,2005,Developing,58.6,318.0,2,1.23,12.70325933,92.0,298,3.2,2,71.0,7.21,71.0,3.9,0.009320042519677078,0.0006053363176455529,5.9,5.8,0.396,4.0
Djibouti,2004,Developing,58.1,326.0,2,1.18,106.0354659,92.0,71,29.8,2,64.0,6.76,64.0,4.0,0.08639125694493842,6.006681128517796e-05,6.0,5.9,0.388,3.7
Djibouti,2003,Developing,58.0,325.0,2,1.02,94.13302875,92.0,37,29.4,2,68.0,6.22,68.0,4.2,0.08196297283417577,0.0005862932881896289,6.1,5.9,0.378,3.5
Djibouti,2002,Developing,57.9,322.0,2,1.03,13.46662004,92.0,50,29.0,2,62.0,5.45,62.0,4.3,0.0791764276886114,0.0005767141937833331,6.2,6.0,0.372,3.3
Djibouti,2001,Developing,57.7,323.0,2,0.95,92.4978948,92.0,79,28.6,2,49.0,5.37,53.0,4.3,0.0780824531836543,0.000566272563524413,6.3,6.1,0.363,2.9
Djibouti,2000,Developing,57.4,325.0,2,1.34,91.95075901,92.0,183,28.2,2,46.0,5.75,46.0,4.1,0.07677477487017363,0.0005545811837370936,6.4,6.1,0.361,2.9
Dominican Republic,2015,Developing,73.9,152.0,6,3.65,0.0,81.0,0,58.9,7,87.0,5.73,85.0,0.3,0.6477356005659888,0.0011812413044058594,3.3,3.2,0.718,13.2
Dominican Republic,2014,Developing,73.6,154.0,6,5.92,1088.244952,89.0,0,57.9,7,9.0,4.38,91.0,0.3,0.6277250071662895,0.00011269386440067678,3.3,3.2,0.712,13.2
Dominican Republic,2013,Developing,73.4,157.0,6,5.93,97.52211538,8.0,0,56.8,7,82.0,4.12,83.0,0.3,0.06268966688006275,0.0009902638096820516,3.3,3.2,0.709,13.2
Dominican Republic,2012,Developing,72.1,174.0,6,5.93,857.1307037,74.0,0,55.8,7,85.0,4.26,85.0,0.4,0.5976944866018773,8.92376810751426e-05,3.3,3.2,0.706,13.1
Dominican Republic,2011,Developing,73.1,16.0,6,5.91,843.7876995,8.0,2,54.7,7,84.0,4.22,84.0,0.7,0.5767369244294431,9.862741949228697e-06,3.3,3.2,0.703,13.0
Dominican Republic,2010,Developing,72.7,166.0,6,6.02,664.5585242,83.0,0,53.6,8,85.0,4.6,88.0,0.9,0.5458892664701237,0.007649944090518779,3.3,3.3,0.697,12.9
Dominican Republic,2009,Developing,73.6,157.0,6,6.05,587.8828228,8.0,0,52.6,8,85.0,4.41,82.0,1.2,0.4959085320957498,0.007549294039909719,3.4,3.3,0.695,12.9
Dominican Republic,2007,Developing,72.9,164.0,6,6.05,74.8217488,81.0,0,5.4,8,86.0,4.34,85.0,1.6,0.4653222464807254,0.0007375755845345962,3.4,3.4,0.685,12.7
Dominican Republic,2006,Developing,72.3,178.0,7,6.2,352.9551269,84.0,0,49.3,8,88.0,4.34,89.0,1.8,0.3841052854230552,0.007242908320646869,3.5,3.4,0.677,12.6
Dominican Republic,2004,Developing,69.3,214.0,7,5.16,182.6162515,82.0,0,47.2,8,66.0,4.28,79.0,2.1,0.2424239210818947,0.000705613066447428,3.6,3.5,0.666,12.5
Dominican Republic,2003,Developing,73.0,22.0,7,6.32,293.0196601,79.0,0,46.1,8,65.0,5.53,79.0,2.3,0.2374821228392044,0.0006930753813208402,3.6,3.5,0.665,12.4
Dominican Republic,2002,Developing,71.4,189.0,7,6.43,4.67359227,63.0,0,45.1,8,74.0,5.79,82.0,2.4,0.003684452991292525,0.006826284181789602,3.7,3.6,0.66,12.3
Dominican Republic,2001,Developing,71.2,188.0,7,6.13,340.0239945,66.0,113,44.1,9,71.0,5.59,72.0,2.5,0.2865147045096432,0.0067218222791866865,3.8,3.6,0.656,12.3
Dominican Republic,2000,Developing,72.0,176.0,7,6.58,44.79247812,68.0,253,43.1,9,71.0,5.9,78.0,2.5,0.02812015392019092,0.006617866614024155,3.8,3.7,0.651,12.2
Ecuador,2014,Developing,76.0,121.0,6,3.82,79.11626341,83.0,0,53.5,7,84.0,9.16,83.0,0.1,0.6441041659570091,0.0012312606550421875,1.2,1.1,0.737,14.0
Ecuador,2013,Developing,76.0,121.0,6,3.77,59.12850204,87.0,0,52.8,8,87.0,7.29,87.0,0.1,0.06744016177332075,0.012104495043765425,1.3,1.1,0.725,13.4
Ecuador,2012,Developing,75.5,127.0,7,3.92,41.88087712,88.0,72,52.1,8,85.0,6.48,87.0,0.1,0.057139382389208106,0.011917549672288159,1.3,1.2,0.717,13.3
Ecuador,2011,Developing,75.3,131.0,7,3.99,344.7412164,88.0,257,51.4,8,85.0,5.92,88.0,0.1,0.523020179263931,0.011730271961727892,1.3,1.2,0.71,13.2
Ecuador,2010,Developing,75.0,134.0,7,3.95,367.9285652,9.0,0,5.7,8,88.0,5.9,91.0,0.1,0.46632488395891664,0.00115424841493193,1.3,1.2,0.703,13.1
Ecuador,2009,Developing,75.1,137.0,7,3.87,282.1440066,91.0,0,5.0,8,91.0,5.58,94.0,0.1,0.42608345310269824,0.011354589679251513,1.3,1.2,0.702,13.1
Ecuador,2007,Developing,74.7,14.0,7,3.63,19.60467787,94.0,0,48.6,9,95.0,5.94,96.0,0.2,0.035862248639286436,0.0011016801008171477,1.4,1.3,0.696,12.9
Ecuador,2006,Developing,74.4,144.0,8,3.52,19.13983284,96.0,0,47.9,9,92.0,5.86,96.0,0.3,0.0334651065786886,0.0010794945348228987,1.4,1.3,0.693,12.8
Ecuador,2005,Developing,74.2,151.0,8,3.54,18.09317114,92.0,0,47.2,9,89.0,5.87,92.0,0.3,0.03207844529007448,0.01061568241974015,1.4,1.3,0.688,12.8
Ecuador,2004,Developing,74.4,148.0,8,3.65,16.37920405,88.0,0,46.5,9,9.0,6.22,88.0,0.3,0.027732891426906173,0.0010508198550126698,1.5,1.3,0.682,12.7
Ecuador,2003,Developing,74.4,151.0,8,3.69,18.26183281,82.0,0,45.8,10,97.0,6.46,87.0,0.3,0.024318430640418314,0.0010271032105918538,1.5,1.4,0.679,12.6
Ecuador,2002,Developing,73.6,157.0,8,3.88,187.3843511,75.0,0,45.1,10,88.0,4.62,88.0,0.3,0.21858509536151144,1.0582294708004023e-05,1.5,1.4,0.675,12.5
Ecuador,2001,Developing,73.4,158.0,9,4.13,14.5887403,69.0,2,44.3,10,9.0,3.86,89.0,0.3,0.01923740168793572,0.009933631421395863,1.6,1.5,0.67,12.4
Ecuador,2000,Developing,72.8,163.0,9,3.99,84.17527008,36.0,0,43.6,11,83.0,3.38,87.0,0.3,0.14519848528443233,0.009760383057427746,1.6,1.5,0.668,12.4
Egypt,2015,Developing,79.0,159.0,51,3.65,0.0,93.0,5432,61.1,60,93.0,5.73,93.0,0.1,0.17423032051730014,0.001069443209766107,2.8,2.8,0.688,13.1
Egypt,2014,Developing,78.0,161.0,53,0.21,0.0,94.0,1314,6.2,62,94.0,5.64,94.0,0.1,0.17423032051730014,0.001069443209766107,2.8,2.8,0.686,13.1
Egypt,2013,Developing,79.0,159.0,54,0.21,0.0,97.0,405,59.4,63,97.0,5.46,97.0,0.1,0.17423032051730014,0.001069443209766107,2.9,2.8,0.681,12.8
Egypt,2012,Developing,72.0,165.0,54,0.23,0.0,93.0,245,58.6,64,93.0,5.29,93.0,0.1,0.17423032051730014,0.001069443209766107,2.9,2.8,0.673,12.4
Egypt,2011,Developing,74.0,168.0,55,0.22,0.0,96.0,26,57.8,64,96.0,5.4,96.0,0.1,0.17423032051730014,0.001069443209766107,2.9,2.9,0.671,12.4
Egypt,2010,Developing,70.0,173.0,54,0.22,0.0,97.0,16,57.0,64,97.0,4.8,97.0,0.1,0.17423032051730014,0.001069443209766107,3.0,2.9,0.665,12.2
Egypt,2009,Developing,69.9,174.0,54,0.21,0.0,97.0,608,56.2,64,97.0,5.1,97.0,0.1,0.17423032051730014,0.001069443209766107,3.0,3.0,0.659,12.0
Egypt,2008,Developing,69.8,172.0,54,0.24,0.0,97.0,668,55.5,65,97.0,4.82,97.0,0.1,0.17423032051730014,0.001069443209766107,3.1,3.0,0.651,11.9
Egypt,2006,Developing,69.5,175.0,55,0.18,0.0,98.0,953,54.2,66,98.0,5.24,98.0,0.1,0.17423032051730014,0.001069443209766107,3.2,3.1,0.636,11.5
Egypt,2005,Developing,69.4,174.0,56,0.16,0.0,98.0,77,53.5,68,98.0,5.6,98.0,0.1,0.17423032051730014,0.001069443209766107,3.2,3.2,0.629,11.4
Egypt,2004,Developing,69.0,176.0,57,0.16,0.0,97.0,80,52.9,70,97.0,5.21,97.0,0.1,0.17423032051730014,0.001069443209766107,3.3,3.2,0.623,11.2
Egypt,2003,Developing,68.6,178.0,59,0.15,0.0,98.0,164,52.3,72,98.0,5.41,98.0,0.1,0.17423032051730014,0.001069443209766107,3.3,3.3,0.621,11.3
Egypt,2002,Developing,68.7,177.0,61,0.15,0.0,97.0,653,51.8,75,97.0,5.97,97.0,0.1,0.17423032051730014,0.001069443209766107,3.4,3.4,0.617,11.2
Egypt,2001,Developing,68.6,177.0,63,0.14,0.0,99.0,2150,51.2,78,99.0,5.75,99.0,0.1,0.17423032051730014,0.001069443209766107,3.5,3.4,0.612,11.1
Egypt,2000,Developing,68.8,171.0,65,0.14,0.0,98.0,2633,5.7,82,98.0,5.55,98.0,0.1,0.17423032051730014,0.001069443209766107,3.6,3.5,0.606,11.0
El Salvador,2015,Developing,73.5,178.0,2,3.65,0.0,91.0,0,56.1,2,92.0,5.73,91.0,0.2,0.4132176707472989,0.004878771745236031,1.6,1.5,0.678,13.2
El Salvador,2014,Developing,73.3,181.0,2,2.52,665.7260253,93.0,0,55.4,2,93.0,6.77,94.0,0.2,0.39936047932923036,0.004854589053217426,1.6,1.6,0.676,13.2
El Salvador,2013,Developing,73.0,184.0,2,2.42,653.6925016,92.0,0,54.7,2,92.0,6.95,92.0,0.2,0.3900345290629788,0.0004836252437533276,1.6,1.6,0.675,13.2
El Salvador,2012,Developing,73.0,181.0,2,2.48,591.7757569,92.0,0,54.1,2,93.0,6.7,92.0,0.3,0.3832356164398819,0.004808260212165579,1.6,1.6,0.67,13.2
El Salvador,2011,Developing,72.0,197.0,2,2.37,549.2783081,89.0,0,53.4,2,9.0,6.81,89.0,0.3,0.3741008022502113,0.0004785852829155468,1.7,1.6,0.666,13.0
El Salvador,2010,Developing,72.0,191.0,2,2.36,469.3904193,89.0,0,52.8,2,89.0,6.91,89.0,0.3,0.3478384953054183,0.004764499656631897,1.7,1.6,0.662,12.9
El Salvador,2009,Developing,71.4,23.0,2,2.55,416.4338399,91.0,0,52.1,2,91.0,6.83,91.0,0.3,0.3370298332753227,0.004743361345189893,1.7,1.6,0.662,12.8
El Salvador,2008,Developing,71.7,194.0,2,2.68,53.95949877,98.0,0,51.4,3,98.0,6.21,98.0,0.3,0.03562474262517636,4.7220746404829225e-05,1.8,1.7,0.659,13.4
El Salvador,2007,Developing,71.2,23.0,2,2.83,52.30172215,99.0,0,5.8,3,99.0,6.32,99.0,0.3,0.03337011452993849,0.0005282189656392768,1.8,1.7,0.657,12.9
El Salvador,2006,Developing,75.0,211.0,3,2.77,57.74562629,96.0,0,5.1,3,96.0,6.68,96.0,0.2,0.03618606764507703,0.0005073534813979691,1.8,1.7,0.651,12.9
El Salvador,2005,Developing,71.0,213.0,3,2.77,440.6027042,89.0,0,49.4,3,89.0,7.19,89.0,0.2,0.2838229538906355,0.0004860860987307074,1.9,1.8,0.644,12.7
El Salvador,2004,Developing,70.0,215.0,3,2.9,398.6058322,9.0,0,48.6,3,9.0,7.3,9.0,0.3,0.2635416898795309,5.209994787222839e-06,1.9,1.8,0.636,12.4
El Salvador,2003,Developing,69.9,29.0,3,3.1,400.1342971,94.0,0,47.8,4,93.0,7.61,94.0,0.3,0.2522170140400939,0.004615263177851353,2.0,1.9,0.628,12.0
El Salvador,2002,Developing,73.0,24.0,3,2.97,29.68529375,81.0,0,47.0,4,81.0,7.9,81.0,0.4,0.024713426948916824,4.590839346777176e-05,2.0,1.9,0.621,11.8
El Salvador,2001,Developing,68.9,219.0,4,2.88,332.1056586,75.0,2,46.2,4,94.0,8.2,92.0,0.4,0.23409093291158298,0.0004605817791959846,2.1,2.0,0.615,11.6
El Salvador,2000,Developing,69.0,218.0,4,2.79,353.6690328,99.0,0,45.3,5,98.0,8.17,99.0,0.4,0.22403847117726106,0.0045349538248850955,2.1,2.0,0.607,11.3
Equatorial Guinea,2015,Developing,58.2,32.0,3,3.65,0.0,16.0,1250,24.5,4,17.0,5.73,16.0,4.2,0.13478297675689443,0.0009084102393022252,8.4,8.3,0.582,9.2
Equatorial Guinea,2014,Developing,57.9,32.0,3,0.01,13.40477417,2.0,13,24.0,4,24.0,3.8,2.0,4.4,0.019122790637140327,0.0008728847370926572,8.5,8.4,0.582,9.2
Equatorial Guinea,2009,Developing,55.7,34.0,3,7.97,115.0692415,92.0,78,21.7,4,57.0,5.32,43.0,7.3,0.16543108221095656,7.657478913123828e-05,9.2,9.2,0.59,9.1
Equatorial Guinea,2005,Developing,54.4,337.0,3,7.19,12.0661671,92.0,0,2.2,4,5.0,1.63,39.0,4.9,0.018425253831844412,0.0005852900878879207,9.8,9.8,0.563,8.7
Equatorial Guinea,2004,Developing,54.1,336.0,3,6.28,44.54768305,92.0,38,19.8,4,48.0,2.4,38.0,4.4,0.06847846242442363,0.000560171436265796,1.0,1.0,0.553,8.5
Equatorial Guinea,2003,Developing,53.8,334.0,3,7.13,309.7834587,92.0,18,19.5,4,46.0,2.23,37.0,3.6,0.35813366373708,0.0005368257750073992,1.2,1.1,0.554,8.4
Equatorial Guinea,2001,Developing,53.1,334.0,3,5.07,197.7839552,92.0,1339,18.7,4,43.0,1.78,35.0,2.3,0.2285926788915837,0.0004944339927667249,1.6,1.4,0.527,8.0
Equatorial Guinea,2000,Developing,52.7,336.0,3,4.46,14.95451321,92.0,0,18.3,4,41.0,2.73,34.0,1.9,0.017128295264155803,0.0004747726580401025,1.7,1.6,0.0,0.0
Eritrea,2015,Developing,64.7,255.0,5,3.65,0.0,95.0,198,18.6,7,95.0,5.73,95.0,0.4,0.17423032051730014,0.001069443209766107,8.4,8.2,0.418,5.0
Eritrea,2014,Developing,64.4,261.0,5,0.01,0.0,94.0,127,18.0,8,94.0,3.34,94.0,0.4,0.17423032051730014,0.001069443209766107,8.5,8.3,0.416,5.0
Eritrea,2013,Developing,64.0,266.0,6,0.01,0.0,94.0,45,17.5,8,94.0,3.1,94.0,0.5,0.17423032051730014,0.001069443209766107,8.6,8.4,0.414,5.0
Eritrea,2012,Developing,63.6,274.0,6,0.01,0.0,94.0,194,17.0,8,94.0,2.98,94.0,0.6,0.17423032051730014,0.001069443209766107,8.7,8.6,0.41,5.0
Eritrea,2011,Developing,62.9,286.0,6,0.62,20.97991915,96.0,48,16.5,8,96.0,3.6,96.0,0.7,0.05820435975472728,0.0003458142734937029,8.8,8.7,0.405,5.0
Eritrea,2009,Developing,61.4,311.0,6,0.63,1.575160196,92.0,82,15.5,9,92.0,3.3,92.0,1.0,0.004214184065907891,0.00033334382906530344,9.0,8.9,0.402,5.2
Eritrea,2008,Developing,67.0,322.0,6,0.49,11.76572311,94.0,0,15.1,9,94.0,3.69,94.0,1.1,0.03256755261019649,0.0032713001567110165,9.1,9.1,0.406,5.2
Eritrea,2005,Developing,59.4,34.0,7,1.07,5.064688968,96.0,19,13.9,9,96.0,2.97,96.0,1.6,0.027552704310005578,3.065480243964093e-05,9.4,9.5,0.0,5.4
Eritrea,2004,Developing,59.1,342.0,7,0.64,10.26097341,84.0,24,13.6,10,98.0,3.14,98.0,1.8,0.028620772947934116,0.002982232395198841,9.6,9.6,0.0,5.0
Eritrea,2003,Developing,58.8,343.0,7,0.56,6.913998013,91.0,376,13.3,10,95.0,3.5,93.0,1.9,0.023149079813413725,0.0028892099129854357,9.7,9.7,0.0,4.7
Eritrea,2002,Developing,58.5,343.0,7,0.83,0.703132179,86.0,460,13.1,10,92.0,4.2,9.0,1.9,0.0020120267797945584,0.0027936616537412268,9.9,9.9,0.0,4.4
Eritrea,2001,Developing,58.1,345.0,7,0.61,5.593619538,92.0,204,12.8,10,89.0,3.95,86.0,2.0,0.021380661922592248,0.002702836473883566,1.0,1.0,0.0,4.3
Eritrea,2000,Developing,45.3,593.0,7,0.83,0.735940361,92.0,789,12.6,10,82.0,4.43,81.0,1.9,0.002655892097447947,0.00026219776021079756,1.2,1.1,0.0,3.9
Estonia,2015,Developing,77.6,119.0,0,3.65,0.0,91.0,4,59.9,0,93.0,5.73,93.0,0.1,0.1776144955023155,0.00010164397633170705,1.9,1.9,0.863,16.5
Estonia,2013,Developing,76.9,127.0,0,0.01,261.2914808,93.0,2,59.0,0,94.0,6.48,94.0,0.1,0.19312434479624738,0.0010186293368569315,1.9,1.9,0.856,16.5
Estonia,2008,Developing,74.2,167.0,0,16.99,225.0723618,94.0,0,56.7,0,95.0,6.6,95.0,0.1,0.18959597941131226,1.0314104796838569e-05,2.0,2.1,0.835,16.1
Estonia,2005,Developing,72.8,189.0,0,15.52,153.5045263,95.0,2,55.5,0,96.0,5.2,96.0,0.1,0.13388157140611998,0.001047054375914116,2.1,2.2,0.812,15.9
Estonia,2004,Developing,72.3,195.0,0,15.07,101.1201161,9.0,0,55.2,0,95.0,5.13,94.0,0.1,0.0885227727223181,0.00010528270284976745,2.2,2.3,0.805,15.7
Estonia,2003,Developing,71.9,199.0,0,11.64,132.7233922,92.0,0,54.9,0,95.0,4.92,94.0,0.1,0.7184274881764537,1.0617847261069184e-05,2.2,2.3,0.798,15.6
Estonia,2002,Developing,71.2,211.0,0,11.48,7.806042825,92.0,0,54.6,0,94.0,4.84,94.0,0.1,0.05375432586624921,0.0001065811439182342,2.3,2.4,0.791,15.4
Estonia,2001,Developing,78.0,225.0,0,0.01,88.62945822,92.0,0,54.3,0,94.0,4.85,94.0,0.1,0.450462375415681,0.001072822248070474,2.4,2.5,0.781,15.0
Estonia,2000,Developing,78.0,218.0,0,0.01,5.34809451,92.0,9,54.0,0,93.0,5.28,93.0,0.1,0.004572149981317927,0.0010796777077593431,2.5,2.5,0.764,14.4
Ethiopia,2015,Developing,64.8,225.0,136,3.65,0.0,77.0,17745,17.6,194,75.0,5.73,77.0,0.6,0.06448342508539709,0.007718999514676735,1.4,1.2,0.441,8.4
Ethiopia,2014,Developing,64.2,234.0,140,0.01,89.95805845,77.0,12739,17.2,202,75.0,4.88,77.0,0.6,0.057041136723235665,0.07525296066590736,1.5,1.3,0.435,8.4
Ethiopia,2013,Developing,63.7,237.0,145,1.86,8.313282039,72.0,5253,16.8,211,7.0,5.19,72.0,0.9,0.005055470231710681,0.0733369485642511,1.6,1.4,0.427,8.4
Ethiopia,2012,Developing,63.3,241.0,150,1.84,86.82551124,69.0,4347,16.4,221,7.0,5.77,69.0,1.2,0.046764871636256145,0.0714483807149164,1.7,1.5,0.422,8.4
Ethiopia,2011,Developing,62.6,249.0,156,1.32,67.77565369,65.0,3255,16.0,231,7.0,6.55,65.0,1.4,0.035374201989304105,0.000731704003107726,1.9,1.6,0.411,8.2
Ethiopia,2010,Developing,61.8,261.0,162,1.34,67.73374413,62.0,4235,15.6,243,69.0,6.86,61.0,1.7,0.03402736161561071,0.00067799723441327,11.0,1.7,0.401,8.1
Ethiopia,2009,Developing,68.0,274.0,169,1.17,53.77354001,56.0,1176,15.3,256,65.0,4.41,58.0,2.0,0.037869300343857694,0.06601662301354168,11.1,1.8,0.393,8.1
Ethiopia,2008,Developing,59.8,289.0,177,1.13,38.55783268,52.0,3511,14.9,270,63.0,4.28,54.0,2.4,0.03242300806259952,0.06429204517962796,11.2,1.9,0.378,7.6
Ethiopia,2007,Developing,58.5,39.0,186,1.06,30.46451811,47.0,1446,14.5,286,61.0,4.69,5.0,2.8,0.024204028229952018,6.2719340896474325e-06,11.3,11.0,0.362,7.1
Ethiopia,2006,Developing,57.2,328.0,196,1.22,22.18952246,92.0,1451,14.2,304,59.0,4.47,46.0,3.3,0.01924274891019634,0.006094677561762011,11.4,11.1,0.346,6.6
Ethiopia,2005,Developing,56.0,343.0,206,0.99,18.03753133,92.0,357,13.8,323,56.0,4.2,44.0,3.7,0.01602065999608978,0.005930126434307854,11.5,11.2,0.325,5.8
Ethiopia,2004,Developing,55.0,354.0,217,0.86,1.506962482,92.0,73,13.5,342,54.0,4.23,4.0,4.1,0.013430010290465562,0.005767560066772641,11.5,11.3,0.31,5.4
Ethiopia,2003,Developing,54.0,363.0,228,0.79,10.97201912,92.0,228,13.2,360,55.0,4.64,37.0,4.4,0.011738356986195315,0.05606877984549881,11.6,11.5,0.306,5.2
Ethiopia,2002,Developing,53.2,369.0,237,0.8,10.82452594,92.0,3332,12.9,377,55.0,4.73,35.0,4.6,0.010986128869745237,0.0057944153833238395,11.7,11.6,0.298,4.9
Ethiopia,2001,Developing,52.5,372.0,246,0.85,1.186227577,92.0,2366,12.6,392,55.0,4.26,32.0,4.9,0.001051472927403831,0.052936378103442254,11.8,11.7,0.283,4.3
Ethiopia,2000,Developing,51.2,391.0,253,0.88,11.59481766,92.0,1660,12.3,404,55.0,4.36,3.0,5.0,0.012239455405911193,0.051425451791410455,11.9,11.8,0.0,3.9
Fiji,2015,Developing,69.9,188.0,0,3.65,0.0,99.0,0,62.7,0,99.0,5.73,99.0,0.1,0.492825378930302,0.0006894992582114379,4.0,3.7,0.734,15.3
Fiji,2014,Developing,69.7,19.0,0,0.01,50.539484,99.0,0,61.9,0,99.0,4.49,99.0,0.1,0.0545581389268221,6.844021041361176e-05,4.0,3.7,0.727,15.2
Fiji,2013,Developing,69.6,192.0,0,0.01,460.6487805,99.0,0,61.1,0,99.0,4.26,99.0,0.1,0.476978857464804,0.0006798892485416073,4.0,3.7,0.719,15.0
Fiji,2012,Developing,69.4,195.0,0,0.01,431.4854874,99.0,0,6.2,0,99.0,4.16,99.0,0.1,0.45524830911587044,0.0006751599861023525,4.0,3.7,0.714,14.9
Fiji,2010,Developing,69.1,2.0,0,2.25,62.08343533,99.0,0,58.7,0,99.0,4.23,99.0,0.1,0.3656249420304415,6.643767421813715e-05,4.0,3.7,0.706,14.6
Fiji,2009,Developing,68.9,23.0,0,2.31,60.65068446,99.0,1,58.0,0,99.0,4.26,99.0,0.1,0.3373303571827079,0.0006584433302274314,4.0,3.7,0.704,14.5
Fiji,2008,Developing,68.7,26.0,0,1.95,81.04656111,99.0,0,57.3,0,99.0,3.68,99.0,0.1,0.4182799320865011,6.515391789984948e-05,4.0,3.7,0.7,14.3
Fiji,2007,Developing,68.6,29.0,0,2.09,5.889526221,99.0,0,56.6,0,99.0,3.74,99.0,0.1,0.047792149407101275,0.0006451845465788914,4.1,3.8,0.698,14.2
Fiji,2006,Developing,68.5,211.0,0,2.06,52.1241634,99.0,136,55.9,0,98.0,3.84,98.0,0.1,0.3754382521664158,0.0006394644499433424,4.1,3.8,0.695,14.0
Fiji,2005,Developing,68.3,214.0,0,2.02,64.39203443,99.0,0,55.1,0,97.0,3.61,96.0,0.1,0.36629318565340135,0.0006351409503379834,4.1,3.8,0.699,13.9
Fiji,2004,Developing,68.1,218.0,0,1.63,43.99452464,99.0,37,54.2,0,96.0,3.61,95.0,0.1,0.33366798951646753,0.0006324644613974475,4.2,3.9,0.691,13.4
Fiji,2003,Developing,68.0,22.0,0,1.76,253.8196705,99.0,305,53.2,0,95.0,3.35,94.0,0.1,0.2838923405725257,0.0006311304677759156,4.2,3.9,0.689,13.3
Fiji,2002,Developing,67.9,22.0,0,1.85,206.071686,99.0,304,52.2,0,94.0,3.48,93.0,0.1,0.22615656215643212,0.00063040627772761,4.2,3.9,0.687,13.3
Fiji,2001,Developing,67.8,221.0,0,1.93,20.7119129,98.0,17,51.2,0,92.0,3.28,91.0,0.1,0.02375979430623727,0.0006292678231479365,4.3,4.0,0.683,13.2
Fiji,2000,Developing,67.7,221.0,0,2.05,31.25834616,98.0,0,5.2,0,91.0,3.87,9.0,0.1,0.027490086168796474,0.0006269530427907592,4.3,4.0,0.681,13.1
Finland,2015,Developing,81.1,76.0,0,3.65,0.0,92.0,2,62.1,0,97.0,5.73,97.0,0.1,0.425064964768972,0.004235002344845451,0.9,0.8,0.893,17.0
Finland,2011,Developing,83.0,86.0,0,9.81,71.01620838,92.0,27,6.6,0,99.0,9.1,99.0,0.1,0.05789872300740032,0.004164469943972113,0.9,0.8,0.878,16.9
Finland,2010,Developing,79.9,89.0,0,9.72,591.6691405,92.0,5,6.2,0,99.0,9.5,99.0,0.1,0.4628283354729434,0.004145209734789856,0.9,0.8,0.874,16.8
Finland,2009,Developing,79.7,91.0,0,9.96,579.7384368,92.0,2,59.8,0,99.0,9.2,99.0,0.1,0.472317869573219,0.004126288820624895,0.9,0.8,0.878,17.0
Finland,2006,Developing,79.2,96.0,0,10.15,524.7775227,92.0,0,58.6,0,97.0,8.38,97.0,0.1,0.4117711872781797,0.004070175298664246,0.9,0.8,0.869,17.2
France,2011,Developing,81.7,83.0,3,11.8,683.9190568,74.0,14949,6.6,3,99.0,11.33,99.0,0.1,0.43867622312693527,0.05050220222561146,0.6,0.6,0.882,16.1
France,2010,Developing,81.3,86.0,3,11.7,72.8001211,65.0,5048,6.1,3,99.0,11.2,99.0,0.1,0.04724320598376377,0.005044967564710245,0.6,0.6,0.879,16.0
Gabon,2015,Developing,66.0,229.0,2,3.65,0.0,8.0,27,36.3,3,79.0,5.73,8.0,2.7,0.739937247279268,0.00014927512285996237,6.1,5.9,0.694,12.6
Gabon,2014,Developing,65.5,237.0,2,0.01,715.2816939,7.0,33,35.8,3,68.0,3.44,7.0,2.8,0.9706315232455616,0.0014496777647980044,6.1,6.0,0.687,12.6
Gabon,2013,Developing,64.6,255.0,2,8.86,154.8758879,79.0,122,35.2,3,77.0,3.98,79.0,3.7,0.9693874059713228,0.0014045090190103057,6.2,6.1,0.678,12.5
Gabon,2012,Developing,63.5,276.0,2,8.3,805.3925284,82.0,2,34.6,3,8.0,3.13,82.0,4.9,0.9788466531683285,0.0013577852354668004,6.3,6.2,0.669,12.5
Gabon,2011,Developing,62.8,289.0,2,8.9,133.5223672,75.0,2,34.1,3,75.0,3.12,75.0,6.0,0.17173457431599448,0.00013114022927037674,6.4,6.3,0.664,12.5
Gabon,2010,Developing,62.3,294.0,2,8.85,145.318282,67.0,1,33.5,3,68.0,3.41,67.0,7.0,0.8766732109014653,1.2665210588669436e-05,6.5,6.4,0.66,12.5
Gabon,2009,Developing,61.7,31.0,2,8.64,52.31086276,79.0,0,33.0,3,74.0,3.43,76.0,8.0,0.07632258356657179,0.0012263466739033115,6.7,6.5,0.652,12.4
Gabon,2008,Developing,61.6,298.0,2,8.75,11.05422474,82.0,3,32.4,3,81.0,2.54,82.0,8.9,0.01929079167640355,0.0011874374960998463,6.8,6.6,0.651,12.4
Gabon,2007,Developing,61.6,291.0,2,9.02,545.4389573,75.0,0,31.9,3,78.0,2.86,81.0,10.0,0.8364780188689065,0.0011509435732600468,6.9,6.8,0.645,12.4
Gabon,2006,Developing,61.4,288.0,2,8.01,40.53719812,52.0,90,31.4,3,44.0,2.88,45.0,10.7,0.0727282320466369,0.0011166670476972897,7.1,6.9,0.646,12.4
Gabon,2005,Developing,65.0,37.0,2,7.72,353.2438029,28.0,0,3.8,3,44.0,2.76,45.0,10.9,0.6750624053941813,0.00011059317224347879,7.2,7.1,0.64,12.4
Gabon,2004,Developing,59.7,322.0,2,8.13,443.4750634,92.0,63,3.3,3,44.0,3.26,45.0,11.1,0.5693182969423333,0.00010541409271979087,7.4,7.2,0.64,12.3
Gabon,2003,Developing,59.7,32.0,2,6.47,352.232365,92.0,0,29.8,3,44.0,3.48,45.0,11.0,0.4898425023335865,0.0010264733120973297,7.5,7.4,0.638,12.3
Gabon,2002,Developing,59.7,315.0,2,8.34,22.69039905,92.0,110,29.2,3,44.0,3.22,45.0,10.7,0.041154265850753366,0.00010002247075930036,7.7,7.5,0.636,12.3
Gabon,2001,Developing,59.8,37.0,2,9.29,183.6980778,92.0,5129,28.7,3,44.0,3.23,45.0,10.1,0.39809611683146867,0.0009755504628841935,7.8,7.7,0.633,12.3
Gabon,2000,Developing,61.0,296.0,2,8.87,218.1727473,92.0,15,28.1,3,44.0,2.89,45.0,9.5,0.41215084857257117,0.0009514852488670214,8.0,7.8,0.637,12.2
Gambia,2015,Developing,61.1,262.0,3,3.65,0.0,97.0,71,27.3,5,96.0,5.73,97.0,1.7,0.17423032051730014,0.001069443209766107,7.3,7.2,0.45,8.9
Gambia,2014,Developing,68.0,266.0,3,0.01,0.0,96.0,1,26.7,5,97.0,7.34,96.0,1.7,0.17423032051730014,0.001069443209766107,7.5,7.3,0.449,8.9
Gambia,2013,Developing,66.0,266.0,3,0.01,0.0,97.0,0,26.0,5,96.0,6.49,97.0,1.6,0.17423032051730014,0.001069443209766107,7.6,7.5,0.445,8.9
Gambia,2012,Developing,62.0,269.0,3,0.01,0.0,98.0,0,25.4,5,98.0,6.12,98.0,1.4,0.17423032051730014,0.001069443209766107,7.8,7.7,0.44,8.8
Gambia,2011,Developing,59.8,277.0,3,3.41,0.0,96.0,0,24.8,5,95.0,6.24,96.0,1.8,0.17423032051730014,0.001069443209766107,8.0,7.9,0.441,8.7
Gambia,2010,Developing,59.3,284.0,3,3.48,0.0,97.0,2,24.1,6,97.0,5.75,97.0,2.1,0.17423032051730014,0.001069443209766107,8.2,8.1,0.439,8.8
Gambia,2009,Developing,59.0,286.0,3,2.99,0.0,97.0,0,23.5,6,97.0,5.85,98.0,2.7,0.17423032051730014,0.001069443209766107,8.4,8.3,0.434,8.9
Gambia,2008,Developing,58.7,287.0,3,2.79,0.0,98.0,0,22.8,6,96.0,5.95,96.0,3.0,0.17423032051730014,0.001069443209766107,8.6,8.5,0.426,8.6
Gambia,2007,Developing,58.5,288.0,3,2.64,0.0,97.0,0,22.2,6,94.0,5.76,95.0,3.1,0.17423032051730014,0.001069443209766107,8.8,8.7,0.42,8.4
Gambia,2006,Developing,58.2,288.0,3,2.93,0.0,95.0,0,21.5,6,94.0,5.52,95.0,3.0,0.17423032051730014,0.001069443209766107,9.0,8.9,0.415,8.1
Gambia,2005,Developing,57.7,294.0,3,2.26,0.0,95.0,0,2.9,6,94.0,4.97,95.0,3.0,0.17423032051730014,0.001069443209766107,9.2,9.1,0.412,7.8
Gambia,2004,Developing,57.3,296.0,3,2.51,0.0,95.0,0,2.3,6,88.0,4.35,87.0,2.9,0.17423032051730014,0.001069443209766107,9.4,9.3,0.404,7.6
Gambia,2003,Developing,57.0,297.0,3,2.47,0.0,94.0,119,19.7,6,87.0,4.22,87.0,2.7,0.17423032051730014,0.001069443209766107,9.6,9.6,0.395,7.3
Gambia,2002,Developing,56.6,298.0,3,2.08,0.0,92.0,32,19.1,6,86.0,3.75,87.0,2.5,0.17423032051730014,0.001069443209766107,9.8,9.8,0.392,7.0
Gambia,2000,Developing,55.9,33.0,3,2.18,0.0,91.0,336,18.0,6,84.0,3.61,8.0,2.0,0.17423032051730014,0.001069443209766107,1.2,1.2,0.377,6.5
Georgia,2015,Developing,74.4,129.0,1,3.65,0.0,94.0,431,56.2,1,91.0,5.73,94.0,0.1,0.3769115861334228,2.870250354741056e-05,2.7,2.8,0.768,13.9
Georgia,2014,Developing,74.5,125.0,1,6.13,221.482875,91.0,3188,55.3,1,91.0,7.42,91.0,0.1,0.44352107593455864,2.8542517058617336e-06,2.7,2.8,0.759,13.5
Georgia,2013,Developing,74.5,128.0,1,5.91,180.3787034,96.0,7872,54.4,1,94.0,7.25,93.0,0.1,0.4279676412451758,2.892122903692014e-06,2.7,2.8,0.755,13.5
Georgia,2012,Developing,74.2,13.0,1,7.71,158.2576025,92.0,31,53.6,1,93.0,8.57,92.0,0.1,0.41479538677982597,2.929994101522294e-06,2.6,2.8,0.749,13.4
Georgia,2011,Developing,73.9,127.0,1,8.14,198.94876,89.0,64,52.8,1,88.0,9.38,94.0,0.1,0.3730035203903763,2.9686381809409476e-06,2.6,2.8,0.742,13.3
Georgia,2010,Developing,73.8,132.0,1,7.24,194.1732658,95.0,22,52.0,1,88.0,1.5,92.0,0.1,0.29676367278071175,3.0080551419479737e-06,2.6,2.8,0.738,13.3
Georgia,2009,Developing,73.2,133.0,1,6.66,18.5314303,54.0,23,51.3,1,93.0,1.19,88.0,0.1,0.027535631661511094,3.0482449845433733e-06,2.6,2.8,0.734,12.8
Georgia,2008,Developing,73.9,128.0,1,7.17,151.762567,89.0,56,5.5,1,9.0,8.99,92.0,0.1,0.31784523652152824,6.955934295357598e-09,2.6,2.8,0.735,13.1
Georgia,2007,Developing,74.4,12.0,1,8.65,106.164686,94.0,44,49.9,1,88.0,8.17,98.0,0.1,0.24945164253245955,3.4625095159113363e-07,2.7,2.9,0.722,12.5
Georgia,2006,Developing,73.9,126.0,1,6.18,110.1138286,84.0,334,49.2,1,89.0,8.39,88.0,0.1,0.18740597312561919,3.1703602755063175e-06,2.7,2.9,0.714,12.6
Georgia,2004,Developing,72.3,134.0,1,3.74,7.132564768,64.0,6847,48.1,1,66.0,8.53,78.0,0.1,0.012589122875094906,3.254604368638982e-06,2.8,3.0,0.694,12.0
Georgia,2003,Developing,72.7,132.0,1,3.36,70.54185252,48.0,216,47.5,2,74.0,8.49,75.0,0.1,0.09280146752659417,3.0683399058410727e-07,2.9,3.0,0.684,11.8
Georgia,2002,Developing,71.7,142.0,2,2.72,60.55818291,51.0,199,47.0,2,89.0,8.72,84.0,0.1,0.0778973887009116,3.3411671065367654e-06,2.9,3.0,0.677,11.8
Georgia,2001,Developing,73.0,121.0,2,2.76,57.10318825,61.0,35,46.5,2,83.0,7.82,87.0,0.1,0.07334892420478867,3.387540001839149e-05,3.0,3.1,0.673,11.7
Georgia,2000,Developing,71.8,129.0,2,3.28,47.81704183,55.0,50,46.0,2,81.0,6.94,8.0,0.1,0.0691444228230428,3.41219492450825e-05,3.1,3.1,0.0,11.4
Germany,2014,Developed,89.0,69.0,2,11.03,941.7562909,88.0,443,61.9,3,94.0,11.3,95.0,0.1,0.4798799216110137,6.939781070160598e-05,1.1,1.1,0.92,17.0
Germany,2013,Developed,86.0,71.0,2,10.94,895.8779503,88.0,1771,61.4,3,94.0,11.16,95.0,0.1,0.4659831084629301,0.0006681800924777553,1.1,1.1,0.919,16.9
Germany,2012,Developed,86.0,71.0,2,11.18,839.91332,88.0,166,6.9,3,94.0,1.99,95.0,0.1,0.44708603200534236,0.006512137185616308,1.1,1.1,0.916,16.9
Germany,2011,Developed,85.0,74.0,2,11.2,869.790735,88.0,1607,6.4,3,94.0,1.93,95.0,0.1,0.4687292408882351,0.006395555726826116,1.1,1.1,0.912,16.8
Germany,2002,Developed,78.4,91.0,3,12.25,437.1059663,87.0,4657,56.1,4,97.0,1.4,93.0,0.1,0.2527606070359425,0.06375381276012973,1.2,1.1,0.867,16.3
Ghana,2015,Developing,62.4,249.0,37,3.65,0.0,88.0,23,28.6,52,88.0,5.73,88.0,0.7,0.13616536968305815,0.02131822822831596,6.2,6.1,0.575,11.4
Ghana,2014,Developing,62.1,253.0,37,0.01,97.67794571,98.0,124,28.0,54,93.0,3.56,98.0,0.8,0.14328838787938758,0.02083884224007486,6.4,6.3,0.576,11.7
Ghana,2013,Developing,61.9,254.0,38,0.01,28.66897829,9.0,319,27.3,55,91.0,4.63,9.0,0.9,0.18157727919997632,0.02036250604258148,6.6,6.4,0.57,11.5
Ghana,2012,Developing,61.6,257.0,39,0.01,151.899429,92.0,1613,26.7,56,91.0,4.79,92.0,0.9,0.1630800973408601,0.0019888677845842366,6.7,6.6,0.563,11.2
Ghana,2011,Developing,61.2,263.0,40,1.64,225.2219474,91.0,120,26.1,58,91.0,4.81,91.0,1.3,0.157586782076841,0.019416147317290137,6.9,6.8,0.554,10.9
Ghana,2010,Developing,69.0,267.0,40,1.69,195.9824626,94.0,641,25.5,59,94.0,5.33,94.0,1.9,0.13131361762153745,0.0018944718917882923,7.1,7.0,0.547,10.5
Ghana,2009,Developing,66.0,271.0,41,1.76,30.72290501,94.0,101,24.9,60,94.0,5.17,94.0,2.1,0.018538642789190297,0.0018501216276026807,7.3,7.2,0.542,10.4
Ghana,2008,Developing,63.0,275.0,41,1.78,161.0106435,93.0,82,24.2,61,92.0,4.85,93.0,2.2,0.12247319433524298,0.0018006827110392208,7.5,7.4,0.53,9.8
Ghana,2007,Developing,59.9,28.0,41,1.25,3.181373629,94.0,6,23.6,61,94.0,5.3,94.0,2.6,0.0018034785909941434,0.00017558169348341643,7.7,7.6,0.519,9.1
Ghana,2006,Developing,59.4,288.0,41,1.7,129.0263364,84.0,420,23.0,62,84.0,4.64,84.0,2.9,0.09227590000346404,0.017091032760394666,7.9,7.9,0.51,8.7
Ghana,2005,Developing,58.9,296.0,41,1.5,78.71123825,84.0,435,22.4,62,85.0,4.51,84.0,3.1,0.049730223146471166,0.0001664748297276166,8.1,8.1,0.499,8.1
Ghana,2004,Developing,58.3,34.0,41,1.46,53.23775977,8.0,60,21.8,62,81.0,3.96,8.0,3.2,0.0422200972994325,0.002308212409439339,8.4,8.3,0.491,7.7
Ghana,2003,Developing,57.9,38.0,41,1.53,31.09435342,8.0,1939,21.2,63,8.0,3.12,8.0,3.4,0.037220733937901894,0.001891046480588623,8.6,8.5,0.489,7.9
Ghana,2002,Developing,57.6,31.0,42,1.6,3.336437969,8.0,12289,2.7,63,8.0,3.7,78.0,3.5,0.003786488729539896,0.015399269932960096,8.8,8.8,0.484,7.6
Ghana,2001,Developing,57.4,39.0,42,1.49,25.55981288,92.0,13476,2.1,64,81.0,3.56,79.0,3.5,0.027242268614749935,0.0015010372921085715,9.0,9.0,0.485,8.0
Greece,2015,Developing,81.0,72.0,0,3.65,0.0,96.0,1,66.5,0,99.0,5.73,99.0,0.1,0.01864126318111071,0.0001413206255524268,0.8,0.7,0.865,17.2
Greece,2009,Developing,80.0,78.0,0,9.08,372.6854142,95.0,2,63.1,0,99.0,9.76,99.0,0.1,0.2975144634524365,8.631773443426916e-05,0.8,0.7,0.857,16.2
Greece,2006,Developing,79.7,77.0,0,9.42,318.5806628,94.0,0,61.2,1,98.0,9.34,98.0,0.1,0.24835275305030963,8.681624305876978e-05,0.8,0.7,0.85,16.3
Greece,2002,Developing,79.0,81.0,1,8.09,160.8897265,91.0,5,58.6,1,92.0,8.72,92.0,0.1,0.1411935154737965,1.4830051917702395e-05,0.8,0.8,0.811,14.6
Greece,2000,Developing,78.2,84.0,1,8.48,122.1823517,89.0,56,57.4,1,89.0,7.6,89.0,0.1,0.12433004218088445,1.434004499067387e-05,0.9,0.8,0.794,13.9
Grenada,2015,Developing,73.6,142.0,0,3.65,0.0,92.0,0,48.4,0,99.0,5.73,92.0,0.1,0.9225559986035782,0.001069443209766107,3.8,3.8,0.751,15.8
Grenada,2014,Developing,73.5,143.0,0,8.42,789.2764615,97.0,0,47.4,0,81.0,6.1,97.0,0.1,0.8582094554667303,0.001069443209766107,3.8,3.8,0.749,15.8
Grenada,2013,Developing,73.3,144.0,0,8.25,780.4459281,97.0,0,46.5,0,98.0,6.15,97.0,0.1,0.7966930100173081,0.001069443209766107,3.8,3.8,0.746,15.8
Grenada,2012,Developing,73.1,146.0,0,8.07,865.9999782,97.0,0,45.6,0,98.0,6.36,97.0,0.1,0.7593892825723894,0.001069443209766107,3.8,3.8,0.744,15.8
Grenada,2011,Developing,72.9,15.0,0,7.84,11.56715633,94.0,0,44.7,0,95.0,6.35,95.0,0.1,0.07410117505832695,0.001069443209766107,3.8,3.8,0.741,15.8
Grenada,2010,Developing,72.6,154.0,0,7.91,145.8401998,97.0,0,43.9,0,94.0,6.41,97.0,0.1,0.737601689072775,0.001069443209766107,3.8,3.8,0.0,15.8
Grenada,2009,Developing,72.4,158.0,0,8.42,146.4384488,99.0,0,43.1,0,99.0,6.24,99.0,0.1,0.7406280847567813,0.001069443209766107,3.8,3.8,0.0,15.6
Grenada,2008,Developing,72.1,162.0,0,8.92,754.9597129,99.0,0,42.4,0,99.0,5.76,99.0,0.1,0.7958244293093031,0.001069443209766107,3.8,3.9,0.0,15.4
Grenada,2007,Developing,71.9,164.0,0,9.06,95.19375921,96.0,0,41.8,0,96.0,5.88,96.0,0.1,0.7332876724524002,0.001069443209766107,3.9,3.9,0.0,15.3
Grenada,2006,Developing,71.7,167.0,0,9.06,662.2663687,91.0,0,41.1,0,91.0,5.99,91.0,0.1,0.6774091252072191,0.001069443209766107,3.9,3.9,0.0,15.1
Grenada,2005,Developing,71.5,169.0,0,8.8,119.5548694,99.0,0,4.5,0,99.0,5.5,99.0,0.1,0.6763864095780299,0.001069443209766107,3.9,4.0,0.0,14.9
Grenada,2004,Developing,73.0,187.0,0,8.43,100.965873,83.0,0,39.9,0,84.0,5.24,83.0,0.1,0.5844028919717149,0.001069443209766107,4.0,4.0,0.0,14.8
Grenada,2003,Developing,71.1,173.0,0,9.75,77.9454329,97.0,0,39.4,0,98.0,5.89,97.0,0.1,0.5781485039641022,0.001069443209766107,4.0,4.1,0.0,14.6
Grenada,2002,Developing,79.0,176.0,0,10.71,513.3465408,98.0,0,38.8,0,98.0,6.67,98.0,0.1,0.529919494861951,0.001069443209766107,4.1,4.1,0.0,14.4
Grenada,2001,Developing,77.0,178.0,0,9.61,81.11355954,96.0,0,38.2,0,96.0,7.67,96.0,0.1,0.051912414785099496,0.001069443209766107,4.2,4.2,0.0,14.3
Grenada,2000,Developing,74.0,182.0,0,9.4,676.5453878,92.0,0,37.7,0,97.0,6.62,97.0,0.1,0.5124267154600173,0.001069443209766107,4.3,4.2,0.0,14.1
Guatemala,2015,Developing,71.9,186.0,10,3.65,0.0,74.0,0,5.6,12,9.0,5.73,74.0,0.4,0.3928299742260381,0.012561176862466479,1.2,1.2,0.637,10.7
Guatemala,2014,Developing,71.7,187.0,10,1.88,657.5282797,73.0,0,49.9,13,65.0,6.2,73.0,0.4,0.36921048898858644,0.012306999294498229,1.2,1.2,0.614,10.7
Guatemala,2013,Developing,71.4,189.0,11,1.93,582.1469583,85.0,0,49.3,13,84.0,6.3,85.0,0.4,0.34567862107040315,0.012054000370952247,1.2,1.2,0.611,10.7
Guatemala,2012,Developing,71.3,189.0,11,2.02,484.7187892,96.0,0,48.6,13,94.0,6.33,96.0,0.4,0.3303358398939749,0.0011802844769994536,1.2,1.2,0.616,10.6
Guatemala,2011,Developing,71.1,193.0,11,2.16,457.7745845,88.0,0,47.9,14,88.0,6.28,88.0,0.4,0.31913696315501133,0.011553717983206303,1.2,1.2,0.609,10.5
Guatemala,2010,Developing,77.0,196.0,12,2.14,443.3248254,94.0,0,47.2,14,94.0,6.64,94.0,0.4,0.2828457061275383,0.0011310217774381428,1.3,1.3,0.602,10.5
Guatemala,2009,Developing,76.0,198.0,12,2.14,445.4423371,92.0,0,46.5,15,92.0,6.79,92.0,0.4,0.2638375779250094,0.0011064526446253513,1.3,1.3,0.596,10.4
Guatemala,2008,Developing,79.0,19.0,13,2.21,472.2234994,95.0,0,45.9,15,96.0,6.65,95.0,0.4,0.27971031074584113,0.00011309730858980752,1.3,1.3,0.589,10.4
Guatemala,2007,Developing,75.0,192.0,13,2.4,380.9632429,85.0,0,45.2,16,85.0,6.86,85.0,0.4,0.24923399310794186,0.00010607954376738008,1.3,1.3,0.578,10.1
Guatemala,2006,Developing,69.7,24.0,14,2.38,352.0244894,89.0,0,44.5,17,9.0,7.7,89.0,0.4,0.2258570015203119,0.00010352285147304198,1.4,1.4,0.57,9.8
Guatemala,2005,Developing,69.2,28.0,14,2.35,41.50845637,87.0,0,43.8,18,87.0,6.79,87.0,0.4,0.027660422016543257,0.0001078896324473498,1.4,1.4,0.567,9.6
Guatemala,2004,Developing,69.6,21.0,15,2.4,288.4016258,92.0,0,43.1,18,88.0,6.77,87.0,0.4,0.18741134889444427,0.009890481442316995,1.4,1.4,0.564,9.3
Guatemala,2003,Developing,69.4,24.0,15,2.45,249.3262948,92.0,0,42.4,19,84.0,6.88,84.0,0.4,0.17545300683387527,9.695335797187091e-05,1.4,1.4,0.56,9.0
Guatemala,2002,Developing,69.3,21.0,16,2.41,25.25040918,92.0,0,41.7,20,82.0,6.71,82.0,0.3,0.017036804126007044,0.000949727716135061,1.5,1.5,0.553,8.8
Guatemala,2001,Developing,68.4,211.0,16,2.53,225.0619956,92.0,0,41.1,20,78.0,6.76,77.0,0.3,0.1569254656533626,0.009216544927769037,1.5,1.5,0.546,8.5
Guinea,2015,Developing,59.0,284.0,26,3.65,0.0,54.0,243,23.3,40,42.0,5.73,54.0,0.5,0.05537095076598666,0.0009981757985022266,7.3,7.3,0.414,8.8
Guinea,2014,Developing,58.1,299.0,27,0.01,50.57976483,51.0,175,22.7,41,42.0,5.64,51.0,0.5,0.05612315043603565,9.160579026191767e-05,7.5,7.4,0.412,8.6
Guinea,2013,Developing,58.8,284.0,27,0.01,5.140668848,63.0,53,22.2,41,63.0,5.49,63.0,1.0,0.005257373100825112,0.008916411047674535,7.7,7.6,0.406,8.5
Guinea,2012,Developing,58.4,288.0,28,0.01,4.344930862,62.0,6,21.7,42,63.0,5.39,62.0,1.9,0.005074999677674231,0.008719213401927502,7.8,7.8,0.396,8.5
Guinea,2011,Developing,58.1,29.0,28,0.22,42.2547904,63.0,11,21.2,43,63.0,4.73,63.0,2.0,0.045835751177262324,8.770892129334067e-05,8.0,8.0,0.385,8.4
Guinea,2010,Developing,57.8,291.0,29,0.2,29.74734049,64.0,45,2.8,44,62.0,4.55,64.0,2.2,0.04377840874967066,0.00013864181796712573,8.2,8.2,0.38,8.3
Guinea,2009,Developing,57.3,297.0,29,0.18,24.84763562,57.0,264,2.3,46,6.0,3.85,57.0,2.3,0.043571893817469606,0.0012029824634867939,8.4,8.4,0.376,8.1
Guinea,2008,Developing,56.8,33.0,30,0.21,19.68510257,57.0,89,19.8,47,59.0,3.21,6.0,2.3,0.0436477345169985,0.001022605812629111,8.6,8.6,0.371,7.9
Guinea,2007,Developing,56.4,36.0,31,0.19,1.399626733,57.0,3,19.4,48,46.0,3.8,63.0,2.4,0.004785348245209228,0.0001520203982618635,8.9,8.8,0.364,7.6
Guinea,2006,Developing,55.6,317.0,31,0.16,10.3839337,92.0,4,19.0,49,53.0,3.2,57.0,2.6,0.02954844571548841,0.007637147490060086,9.1,9.1,0.356,7.1
Guinea,2005,Developing,54.7,327.0,32,0.21,1.099665984,92.0,99,18.5,51,59.0,2.82,59.0,2.7,0.003179501125928588,0.007481270412672241,9.3,9.3,0.346,6.6
Guinea,2004,Developing,54.0,334.0,33,0.34,18.93011259,92.0,10,18.1,53,65.0,3.14,6.0,2.8,0.03852759311522733,0.0007336153392757726,9.5,9.5,0.325,5.1
Guinea,2003,Developing,53.3,338.0,34,0.18,2.39524067,92.0,2497,17.7,55,61.0,3.45,57.0,2.9,0.0035569848783659533,0.0007263649370952448,9.7,9.7,0.338,5.9
Guinea,2002,Developing,52.9,337.0,35,0.21,21.3378184,92.0,2151,17.3,56,56.0,3.76,53.0,3.0,0.032165449609432115,0.00706205943913869,9.9,9.9,0.329,5.5
Guinea,2001,Developing,52.5,336.0,36,0.17,19.89790929,92.0,7408,16.9,58,52.0,3.65,5.0,3.0,0.03146717650309962,0.006933601881861555,1.1,1.1,0.322,5.1
Guinea,2000,Developing,52.5,328.0,37,0.17,2.215986136,92.0,11294,16.6,60,47.0,3.46,46.0,3.0,0.003288921609996107,0.0006867145658485298,1.3,1.3,0.316,4.8
Guinea-Bissau,2015,Developing,58.9,275.0,4,3.65,0.0,87.0,153,26.3,6,87.0,5.73,87.0,3.2,0.059616281537653464,0.00013718029888351227,7.1,7.0,0.421,9.2
Guinea-Bissau,2014,Developing,58.4,282.0,4,0.01,50.06053544,87.0,1,25.6,6,87.0,5.59,87.0,3.4,0.06419914664723145,0.001333769485871284,7.3,7.1,0.419,9.2
Guinea-Bissau,2013,Developing,58.1,279.0,4,0.01,8.20063742,87.0,0,25.0,6,87.0,6.14,87.0,4.5,0.005998283956831569,0.0012995702484673642,7.5,7.3,0.415,9.1
Guinea-Bissau,2012,Developing,57.6,285.0,4,0.01,0.948526366,87.0,0,24.3,6,87.0,5.96,87.0,5.3,0.0066178482051639075,0.0012660611943218615,7.7,7.5,0.416,9.1
Guinea-Bissau,2011,Developing,57.1,289.0,4,3.57,40.45367358,86.0,0,23.7,7,85.0,5.46,86.0,5.7,0.06921475544793254,0.0012336117608340183,7.8,7.7,0.41,9.0
Guinea-Bissau,2010,Developing,56.7,287.0,4,3.21,53.30782696,83.0,26,23.1,7,82.0,6.7,83.0,5.9,0.05431620609178797,0.00012022482259778394,8.0,7.9,0.405,8.9
Guinea-Bissau,2009,Developing,56.3,288.0,4,2.55,47.12969266,8.0,0,22.5,7,78.0,6.81,8.0,6.0,0.05434278554755832,0.001172781342539528,8.3,8.1,0.401,8.9
Guinea-Bissau,2008,Developing,55.6,297.0,5,2.64,28.30191127,92.0,12,21.9,7,77.0,6.5,77.0,6.0,0.05828138842204071,0.00011501019052103086,8.5,8.4,0.398,8.8
Guinea-Bissau,2007,Developing,55.0,32.0,5,2.98,31.06932595,92.0,1,21.3,7,76.0,6.1,74.0,5.7,0.048079789198225205,0.0011175280377867373,8.7,8.6,0.394,8.8
Guinea-Bissau,2006,Developing,54.4,36.0,5,3.22,21.53374936,92.0,0,2.7,8,74.0,5.87,71.0,5.6,0.041794493174197915,0.0010917995825913864,8.9,8.8,0.388,8.3
Guinea-Bissau,2005,Developing,53.9,37.0,5,3.1,22.09757984,92.0,0,2.1,8,73.0,5.72,68.0,5.4,0.0423963667859885,0.00010727905599253509,9.2,9.0,0.0,8.0
Guinea-Bissau,2004,Developing,53.5,38.0,5,2.58,13.52999556,92.0,3526,19.6,8,69.0,5.41,64.0,5.0,0.03922723396258616,0.00010457938060434795,9.4,9.3,0.0,7.7
Guinea-Bissau,2003,Developing,53.0,38.0,5,2.16,2.527115422,92.0,1158,19.0,8,65.0,5.62,6.0,4.6,0.0034947514046171774,0.00010208838324502156,9.6,9.5,0.0,7.4
Guinea-Bissau,2002,Developing,52.8,35.0,5,2.47,24.65761755,92.0,298,18.5,8,61.0,5.84,57.0,4.1,0.03203224763356593,0.000999713832863089,9.8,9.7,0.0,7.1
Guinea-Bissau,2001,Developing,52.5,32.0,5,2.55,0.868708478,92.0,126,17.9,9,56.0,5.4,53.0,3.6,0.003786716701402127,0.0009796104098679173,1.0,1.0,0.0,6.7
Guinea-Bissau,2000,Developing,52.1,3.0,5,2.84,6.699418747,92.0,0,17.4,9,52.0,4.94,49.0,3.1,0.02965543266002465,0.000960842526257454,1.2,1.2,0.0,6.4
Guyana,2015,Developing,66.2,215.0,0,3.65,0.0,95.0,0,46.7,1,92.0,5.73,95.0,0.3,0.41417645158759486,0.0005939440430329339,5.5,5.3,0.638,10.3
Guyana,2014,Developing,66.0,217.0,0,7.64,4.141293345,98.0,0,45.9,1,97.0,5.25,98.0,0.3,0.004221071310215513,0.0005899861164188754,5.5,5.3,0.636,10.3
Guyana,2013,Developing,65.9,218.0,0,7.56,345.9044258,98.0,0,45.0,1,98.0,5.1,98.0,0.3,0.39489382362764963,5.862074983333195e-05,5.5,5.3,0.633,10.3
Guyana,2012,Developing,65.8,22.0,0,7.57,497.4719464,97.0,0,44.1,1,97.0,6.57,97.0,0.3,0.379043718516595,5.824203785502915e-05,5.6,5.3,0.63,10.6
Guyana,2011,Developing,65.6,229.0,0,7.56,536.2332523,93.0,0,43.2,1,93.0,6.8,93.0,0.4,0.3443533171664824,5.7633780044979546e-06,5.6,5.3,0.624,10.3
Guyana,2010,Developing,65.9,221.0,0,7.52,48.02859441,95.0,0,42.4,1,95.0,6.6,95.0,0.4,0.03251302065898644,0.0005769731091154381,5.6,5.3,0.618,10.2
Guyana,2009,Developing,66.1,218.0,0,7.49,466.6693698,98.0,0,41.6,1,97.0,7.32,98.0,0.3,0.2719106551348001,0.0005763061123046721,5.6,5.4,0.618,10.5
Guyana,2008,Developing,66.3,218.0,1,7.32,493.3279293,93.0,0,4.9,1,93.0,7.46,93.0,0.8,0.2578649838729339,0.0005767860717710518,5.6,5.4,0.618,10.7
Guyana,2007,Developing,65.7,232.0,1,7.2,362.8702271,94.0,0,4.3,1,94.0,6.45,94.0,1.9,0.2329702044061424,0.0005779879026409719,5.7,5.5,0.62,11.2
Guyana,2006,Developing,65.2,24.0,1,7.04,170.6325842,93.0,0,39.6,1,92.0,4.67,93.0,1.1,0.19471342686878615,5.790969877202873e-05,5.7,5.5,0.622,11.7
Guyana,2005,Developing,65.0,238.0,1,7.35,17.46405901,93.0,0,39.0,1,93.0,5.83,93.0,1.8,0.019709536322620586,5.86709871365762e-05,5.7,5.5,0.619,11.4
Guyana,2004,Developing,65.1,237.0,1,7.84,1.776181042,91.0,0,38.4,1,91.0,5.73,91.0,1.9,0.014414238159343805,0.0005809117136897873,5.8,5.6,0.613,11.2
Guyana,2003,Developing,65.3,237.0,1,7.93,16.47949015,9.0,0,37.8,1,91.0,5.97,9.0,2.1,0.09867239877875032,0.0005810701544154038,5.8,5.6,0.611,11.1
Guyana,2001,Developing,65.4,247.0,1,6.71,15.54978677,85.0,0,36.4,1,9.0,5.82,85.0,1.7,0.09254107037300675,0.0005813839443402833,5.9,5.7,0.606,10.9
Guyana,2000,Developing,65.4,246.0,1,6.63,16.75480888,92.0,0,35.7,1,79.0,5.85,88.0,1.1,0.09464618678838073,5.819566495972677e-05,5.9,5.8,0.602,10.9
Haiti,2015,Developing,63.5,24.0,14,3.65,0.0,6.0,0,49.9,18,56.0,5.73,6.0,0.5,0.08141931375052633,0.0001322609075735177,3.9,3.9,0.49,9.1
Haiti,2014,Developing,63.1,245.0,14,0.01,5.103249438,48.0,0,48.8,19,55.0,7.56,48.0,0.5,0.008156651103520438,0.0012153037417686372,3.9,3.9,0.487,9.1
Haiti,2013,Developing,62.7,253.0,14,5.68,4.989712322,68.0,0,47.7,19,67.0,8.1,68.0,0.5,0.007971435113642933,0.0011065670311004305,3.9,3.9,0.483,9.1
Haiti,2012,Developing,62.3,259.0,15,5.68,26.37942542,92.0,0,46.5,20,67.0,9.88,67.0,0.8,0.07664125660838944,9.961438928063938e-05,3.9,3.9,0.477,8.9
Haiti,2011,Developing,62.3,259.0,15,5.68,4.106484317,92.0,0,45.3,20,67.0,1.41,68.0,1.5,0.007337418140372541,8.851039950048353e-05,4.0,4.0,0.47,8.7
Haiti,2010,Developing,36.3,682.0,23,5.76,36.2929176,92.0,0,44.2,58,66.0,8.9,66.0,1.9,0.06616774806261379,0.00772849359210831,4.0,4.0,0.47,8.6
Haiti,2009,Developing,62.5,251.0,16,5.85,41.30079452,92.0,0,43.0,21,65.0,6.68,65.0,2.0,0.06677054410905764,0.0007614839035893286,4.1,4.1,0.466,8.5
Haiti,2008,Developing,62.1,259.0,16,5.95,63.83195683,92.0,0,41.8,22,64.0,5.92,63.0,2.4,0.067417476239222,7.535209045843209e-05,4.2,4.2,0.462,8.4
Haiti,2007,Developing,61.8,266.0,17,6.08,56.77858733,92.0,0,4.7,23,62.0,5.56,63.0,2.7,0.06151418738612375,0.007386317272251079,4.2,4.2,0.458,8.4
Haiti,2006,Developing,61.1,28.0,17,6.18,6.995556386,92.0,0,39.6,23,61.0,5.7,6.0,3.3,0.005388280233397994,0.0007337915562779216,4.3,4.3,0.455,8.3
Haiti,2005,Developing,65.0,29.0,17,5.57,38.10904264,92.0,0,38.5,24,6.0,4.41,6.0,3.9,0.04643880246004156,0.000715927944125855,4.4,4.4,0.452,8.2
Haiti,2004,Developing,58.7,32.0,18,6.1,64.39853344,92.0,0,37.5,24,58.0,5.61,55.0,4.3,0.038689271260738005,0.007048018499322716,4.5,4.5,0.45,8.1
Haiti,2003,Developing,59.7,3.0,18,6.64,44.25687135,92.0,0,36.5,25,56.0,5.32,53.0,4.6,0.03286376618667331,0.006937785489899419,4.5,4.6,0.447,8.1
Haiti,2002,Developing,59.3,33.0,19,6.1,50.28558223,92.0,0,35.6,26,54.0,5.47,48.0,4.8,0.03921215392438977,0.006828176195917939,4.6,4.7,0.444,8.0
Haiti,2001,Developing,58.9,35.0,19,6.22,60.77815868,92.0,159,34.8,27,52.0,5.63,45.0,5.0,0.04127302019999775,0.006718298712025294,4.7,4.7,0.443,7.9
Honduras,2015,Developing,74.6,147.0,3,3.65,0.0,97.0,0,51.0,4,97.0,5.73,97.0,0.3,0.23282750363607108,0.0006931163440450239,2.1,2.1,0.623,11.2
Honduras,2014,Developing,74.5,149.0,3,2.87,345.3776344,97.0,0,5.2,4,97.0,8.72,97.0,0.3,0.22446920497990233,0.0006872323965127397,2.1,2.1,0.618,11.4
Honduras,2013,Developing,74.3,15.0,4,3.11,311.7553193,97.0,0,49.3,4,97.0,9.15,97.0,0.4,0.21385810020045257,0.006691416344618502,2.2,2.1,0.614,11.6
Honduras,2012,Developing,74.1,151.0,4,3.11,363.5721644,97.0,0,48.4,4,97.0,9.78,97.0,0.4,0.2180258284988274,0.0006612867615910559,2.2,2.1,0.614,11.6
Honduras,2010,Developing,73.6,156.0,4,3.1,302.1057507,97.0,0,46.8,5,97.0,8.45,97.0,0.4,0.1934332176221881,0.006333566759030653,2.3,2.2,0.606,11.5
Honduras,2009,Developing,73.4,157.0,4,3.08,286.1211446,97.0,0,45.9,5,97.0,8.84,97.0,0.5,0.18167716202644565,6.452556516850218e-05,2.3,2.2,0.603,11.3
Honduras,2008,Developing,73.2,159.0,4,3.14,231.9112915,92.0,0,45.1,5,93.0,8.4,93.0,0.6,0.17527735892121568,0.006084606141783922,2.3,2.3,0.597,11.1
Honduras,2007,Developing,73.0,16.0,5,3.16,222.4823338,93.0,0,44.3,6,94.0,7.89,94.0,0.7,0.1593490094798874,0.0006012539570957664,2.4,2.3,0.59,10.9
Honduras,2006,Developing,72.8,161.0,5,3.23,192.9297829,94.0,0,43.5,6,94.0,7.63,95.0,0.8,0.14382935449114148,0.0005828392803711897,2.4,2.4,0.583,10.8
Honduras,2005,Developing,72.5,163.0,5,3.23,203.7134882,97.0,0,42.8,6,98.0,7.81,98.0,0.9,0.13122007944430766,0.0005698525510417571,2.5,2.4,0.577,10.6
Honduras,2004,Developing,72.2,165.0,5,3.02,188.2499208,93.0,0,42.0,7,94.0,7.89,94.0,1.2,0.12179633235422423,0.0005596582428911163,2.6,2.5,0.571,10.4
Honduras,2002,Developing,71.6,169.0,6,3.09,154.8636161,94.0,0,4.4,7,95.0,7.28,95.0,1.5,0.11330389359193373,0.005304381405439723,2.7,2.6,0.561,10.1
Honduras,2001,Developing,71.3,171.0,6,2.74,15.36175284,95.0,0,39.6,8,99.0,6.88,96.0,1.6,0.011195586972775905,0.0005173105149009793,2.7,2.7,0.557,9.9
Honduras,2000,Developing,71.0,174.0,6,2.61,28.80831098,93.0,0,38.8,8,88.0,6.63,94.0,1.7,0.018740750963193137,0.005042471930061388,2.8,2.7,0.551,9.8
Hungary,2011,Developed,74.8,15.0,0,11.51,17.82121883,92.0,5,62.4,1,99.0,7.84,99.0,0.1,0.1449562721922495,0.0077069379246085855,1.7,1.7,0.821,15.4
Hungary,2010,Developed,74.5,156.0,0,10.78,19.22023996,92.0,0,61.7,1,99.0,7.85,99.0,0.1,0.13260154045034564,6.878646136520288e-08,1.8,1.8,0.817,15.3
Hungary,2004,Developed,72.9,18.0,1,13.28,146.8608016,92.0,0,58.2,1,99.0,8.8,99.0,0.1,0.1259900369244703,9.051370857754652e-05,2.1,2.1,0.793,15.3
Hungary,2003,Developed,72.5,184.0,1,13.24,1030.220271,92.0,0,57.6,1,99.0,8.42,99.0,0.1,0.840828727640638,0.0008729836659359689,2.1,2.1,0.784,14.9
Hungary,2002,Developed,72.5,184.0,1,13.29,8.98619805,92.0,0,57.1,1,98.0,7.47,99.0,0.1,0.06650477599448759,8.952596590760575e-05,2.2,2.2,0.775,14.6
Hungary,2001,Developed,72.3,185.0,1,13.18,7.601092416,92.0,20,56.6,1,99.0,7.11,99.0,0.1,0.05270319719038022,0.0009178293472197278,2.2,2.2,0.769,14.2
Hungary,2000,Developed,71.7,193.0,1,12.22,75.36251406,92.0,1,56.1,1,99.0,7.6,99.0,0.1,0.4629337033464899,9.424286224144657e-05,2.3,2.3,0.761,13.9
Iceland,2015,Developed,82.7,49.0,0,3.65,0.0,92.0,0,61.0,0,92.0,5.73,92.0,0.1,0.574212867247946,2.6108712936830548e-05,1.0,0.9,0.919,19.0
Iceland,2013,Developed,82.4,5.0,0,7.31,764.5440691,92.0,0,6.2,0,91.0,8.75,91.0,0.1,0.47875167323934786,0.0002502049566040127,1.0,0.9,0.907,19.0
Iceland,2011,Developed,82.1,51.0,0,8.13,7.0480925,92.0,0,59.3,0,95.0,8.65,95.0,0.1,0.004460841417459967,2.463946503733335e-05,0.9,0.9,0.894,18.6
Iceland,2009,Developed,81.6,55.0,0,10.22,687.5776358,92.0,0,58.5,0,96.0,9.12,96.0,0.1,0.4467498436229214,0.00024613573504122854,0.9,0.9,0.894,18.4
Iceland,2006,Developed,81.1,61.0,0,7.2,1003.139804,92.0,0,57.4,0,97.0,8.96,97.0,0.1,0.5621028687089692,2.6083207844414237e-05,0.9,0.9,0.884,18.1
Iceland,2003,Developed,87.0,65.0,0,6.61,725.4853161,92.0,0,55.9,0,97.0,1.7,97.0,0.1,0.39497604043773704,0.00022373917237335382,1.0,0.9,0.866,17.6
India,2015,Developing,68.3,181.0,910,3.65,0.0,87.0,90387,18.7,1100,86.0,5.73,87.0,0.2,0.16141403770436646,0.001078451144678595,26.7,27.3,0.615,11.6
India,2014,Developing,68.0,184.0,957,3.07,86.52153895,79.0,79563,18.1,1200,84.0,4.69,85.0,0.2,0.1574005019211217,1.0,26.8,27.4,0.607,11.6
India,2013,Developing,67.6,187.0,1000,3.11,67.67230438,7.0,13822,17.5,1300,82.0,4.53,83.0,0.2,0.14528839324013187,0.09881769752917331,26.8,27.5,0.599,11.5
India,2012,Developing,67.3,19.0,1100,3.1,64.96964491,73.0,18668,17.0,1400,79.0,4.39,82.0,0.2,0.1447665457149732,0.0976658141319018,26.9,27.6,0.59,11.3
India,2011,Developing,66.8,193.0,1100,3.0,64.6059005,44.0,33634,16.4,1500,79.0,4.33,82.0,0.2,0.14623759996335786,0.09639657021119902,26.9,27.7,0.58,10.8
India,2010,Developing,66.4,196.0,1200,2.77,57.73359864,38.0,31458,15.9,1600,76.0,4.28,79.0,0.2,0.13462862097544825,0.009582693715852835,27.0,27.8,0.569,10.4
India,2009,Developing,66.0,2.0,1300,2.5,0.844186331,37.0,56188,15.4,1700,73.0,4.38,74.0,0.2,0.0017665230099372577,0.09384876837377197,27.0,27.8,0.563,10.5
India,2008,Developing,65.5,23.0,1300,1.93,43.03043312,29.0,44258,14.9,1800,69.0,4.34,7.0,0.3,0.09914204652688555,0.09252525811810475,27.0,27.9,0.556,10.2
India,2006,Developing,64.8,28.0,1500,1.37,34.85942671,6.0,64185,13.9,2000,66.0,4.25,65.0,0.3,0.07918700273837878,0.8980711588368584,27.1,28.0,0.536,9.7
India,2005,Developing,64.4,211.0,1500,1.27,3.5096369,8.0,36711,13.5,2000,65.0,4.28,65.0,0.3,0.007626204682048446,0.8842682317704323,27.2,28.1,0.526,9.4
India,2004,Developing,64.0,214.0,1600,1.2,27.33800857,6.0,55443,13.0,2100,58.0,4.22,63.0,0.3,0.06206494151303748,0.8703695817735231,27.2,28.2,0.518,9.2
India,2003,Developing,63.7,216.0,1700,1.19,19.4808682,92.0,47147,12.6,2200,57.0,4.3,61.0,0.3,0.05403352598077522,0.009141499671301189,27.3,28.3,0.505,8.6
India,2002,Developing,63.3,219.0,1700,1.1,17.81205644,92.0,40044,12.2,2300,58.0,4.4,59.0,0.3,0.04653619372233122,0.0146747630032033,27.4,28.4,0.499,8.4
India,2001,Developing,62.9,222.0,1800,1.0,19.00340606,92.0,51780,11.8,2400,58.0,4.5,59.0,0.3,0.044618542295347154,0.13253205066523233,27.5,28.5,0.494,8.3
India,2000,Developing,62.5,224.0,1800,0.93,19.26615743,92.0,38835,11.4,2500,57.0,4.26,58.0,0.3,0.04378975720099209,0.0011870518281872481,27.7,28.6,0.489,8.3
Indonesia,2015,Developing,69.1,176.0,114,3.65,0.0,78.0,15099,27.4,136,8.0,5.73,78.0,0.3,0.33399335294147764,0.19952871767521302,1.4,1.2,0.686,12.9
Indonesia,2014,Developing,68.9,179.0,119,0.09,200.0684443,78.0,12943,26.5,142,8.0,2.85,78.0,0.3,0.3495616502744481,0.197186115899499,1.4,1.2,0.682,12.9
Indonesia,2013,Developing,68.7,181.0,124,0.09,22.8478308,85.0,8419,25.6,148,86.0,2.93,85.0,0.3,0.036157241925254664,0.019501525227712944,1.5,1.3,0.677,12.9
Indonesia,2012,Developing,68.5,183.0,129,0.08,254.4688257,83.0,15489,24.7,154,84.0,2.9,83.0,0.3,0.36922954296898197,0.19235724138960836,1.5,1.4,0.669,12.6
Indonesia,2011,Developing,68.3,185.0,134,0.08,211.8783404,81.0,21893,23.8,161,81.0,2.71,81.0,0.3,0.3638530583763501,0.018995479461962502,1.6,1.5,0.662,12.3
Indonesia,2010,Developing,68.1,187.0,138,0.08,190.5453646,83.0,18869,22.9,167,82.0,2.74,81.0,0.3,0.31168891948492977,0.1874424031250509,1.6,1.5,0.656,12.1
Indonesia,2009,Developing,67.9,189.0,143,0.08,125.7980678,82.0,20818,22.1,174,85.0,2.83,78.0,0.3,0.22564449688785554,0.018498491095546205,1.7,1.6,0.645,11.7
Indonesia,2008,Developing,67.7,189.0,149,0.07,10.26341108,82.0,15369,21.3,181,83.0,2.81,77.0,0.2,0.021519733472767175,0.18252313006593934,1.7,1.7,0.641,11.7
Indonesia,2007,Developing,67.5,19.0,154,0.06,102.633435,76.0,19456,2.5,188,77.0,3.1,73.0,0.2,0.1857287362570929,0.1800729910917823,1.8,1.7,0.638,11.0
Indonesia,2006,Developing,67.3,191.0,159,0.06,72.0159316,66.0,20422,19.7,194,78.0,2.91,72.0,0.1,0.15871615898935562,0.017763746576269817,1.8,1.8,0.632,10.9
Indonesia,2005,Developing,67.2,19.0,163,0.06,5.381782562,65.0,15853,19.0,201,79.0,2.79,72.0,0.1,0.01254521184848216,0.017522183208705404,1.9,1.9,0.629,11.1
Indonesia,2004,Developing,65.3,213.0,174,0.06,55.36107207,64.0,29171,18.2,237,79.0,2.37,71.0,0.1,0.11487624437279104,0.17282761882463168,1.9,1.9,0.624,11.0
Indonesia,2003,Developing,66.9,189.0,173,0.05,8.460155758,64.0,24457,17.5,215,8.0,2.53,71.0,0.1,0.016317929414831164,0.017424754528556685,1.9,11.0,0.613,10.8
Indonesia,2002,Developing,66.7,189.0,177,0.05,43.17867291,63.0,14492,16.7,222,8.0,2.27,7.0,0.1,0.08993413196764646,0.0016816550820218268,11.0,11.1,0.608,10.6
Indonesia,2001,Developing,66.5,188.0,182,0.06,33.95837125,62.0,3825,16.0,229,77.0,2.23,76.0,0.1,0.07475197317459505,0.0016583086478818415,11.0,11.1,0.604,10.6
Indonesia,2000,Developing,66.3,188.0,187,0.06,3.43334364,65.0,3344,15.4,237,72.0,1.98,75.0,0.1,0.0077372297835293785,0.01634984240867125,11.0,11.2,0.597,10.7
Iran (Islamic Republic of),2015,Developing,75.5,83.0,18,3.65,0.0,98.0,615,59.7,21,98.0,5.73,98.0,0.1,0.17423032051730014,0.001069443209766107,8.5,8.6,0.774,14.8
Iran (Islamic Republic of),2014,Developing,75.4,83.0,19,0.01,0.0,99.0,99,58.5,22,99.0,6.89,99.0,0.1,0.17423032051730014,0.001069443209766107,8.3,8.4,0.77,14.9
Iran (Islamic Republic of),2013,Developing,75.3,83.0,20,0.01,0.0,99.0,189,57.2,23,98.0,6.49,98.0,0.1,0.17423032051730014,0.001069443209766107,8.2,8.3,0.769,15.0
Iran (Islamic Republic of),2012,Developing,75.1,85.0,21,0.01,0.0,98.0,332,56.0,24,99.0,6.98,99.0,0.1,0.17423032051730014,0.001069443209766107,8.0,8.2,0.755,13.6
Iran (Islamic Republic of),2011,Developing,74.7,93.0,22,0.03,0.0,99.0,73,54.8,25,99.0,7.12,99.0,0.1,0.17423032051730014,0.001069443209766107,7.9,8.1,0.745,13.1
Iran (Islamic Republic of),2010,Developing,74.1,16.0,22,0.03,0.0,99.0,538,53.6,26,99.0,8.2,99.0,0.1,0.17423032051730014,0.001069443209766107,7.8,8.0,0.735,12.9
Iran (Islamic Republic of),2009,Developing,73.3,122.0,23,0.03,0.0,99.0,262,52.5,27,99.0,7.63,99.0,0.1,0.17423032051730014,0.001069443209766107,7.7,7.9,0.728,12.8
Iran (Islamic Republic of),2008,Developing,72.7,135.0,24,0.02,0.0,99.0,127,51.4,28,99.0,6.28,99.0,0.1,0.17423032051730014,0.001069443209766107,7.6,7.8,0.716,12.1
Iran (Islamic Republic of),2007,Developing,72.4,138.0,25,0.02,0.0,97.0,133,5.4,29,98.0,5.84,99.0,0.1,0.17423032051730014,0.001069443209766107,7.5,7.8,0.704,11.8
Iran (Islamic Republic of),2006,Developing,72.2,139.0,26,0.02,0.0,98.0,220,49.4,30,99.0,5.95,98.0,0.1,0.17423032051730014,0.001069443209766107,7.4,7.7,0.692,11.4
Iran (Islamic Republic of),2005,Developing,72.0,139.0,27,0.01,0.0,94.0,7,48.5,32,95.0,6.6,95.0,0.1,0.17423032051730014,0.001069443209766107,7.4,7.7,0.687,11.4
Iran (Islamic Republic of),2004,Developing,71.8,139.0,28,0.01,0.0,95.0,3,47.6,33,98.0,5.89,99.0,0.1,0.17423032051730014,0.001069443209766107,7.4,7.7,0.686,11.8
Iran (Islamic Republic of),2003,Developing,75.0,154.0,29,0.01,0.0,98.0,11644,46.9,35,99.0,5.42,99.0,0.1,0.17423032051730014,0.001069443209766107,7.5,7.7,0.679,11.8
Iran (Islamic Republic of),2002,Developing,71.2,142.0,31,0.01,0.0,99.0,9554,46.2,37,99.0,5.39,99.0,0.1,0.17423032051730014,0.001069443209766107,7.6,7.7,0.674,11.9
Iran (Islamic Republic of),2001,Developing,78.0,146.0,33,0.01,0.0,94.0,9582,45.5,40,95.0,5.2,96.0,0.1,0.17423032051730014,0.001069443209766107,7.7,7.8,0.666,11.6
Iran (Islamic Republic of),2000,Developing,73.0,15.0,35,0.01,0.0,99.0,11874,44.9,43,99.0,4.47,99.0,0.1,0.17423032051730014,0.001069443209766107,7.8,7.9,0.66,11.6
Iraq,2015,Developing,68.9,182.0,32,3.65,0.0,56.0,1433,59.1,38,63.0,5.73,58.0,0.1,0.4980712368478365,0.027913093886270134,5.3,5.1,0.649,10.1
Iraq,2014,Developing,67.9,199.0,32,0.01,43.5240801,62.0,1317,58.5,39,67.0,5.54,64.0,0.1,0.06731640690735352,2.731363533310416e-06,5.3,5.1,0.658,10.1
Iraq,2013,Developing,69.5,17.0,32,0.01,447.3695001,66.0,669,57.8,39,7.0,5.92,68.0,0.1,0.6934855079168618,0.02618763264870091,5.3,5.1,0.659,10.3
Iraq,2012,Developing,76.0,147.0,32,0.01,429.6625083,61.0,15,57.2,39,7.0,5.26,69.0,0.1,0.6660305199994907,0.025332381977928572,5.3,5.1,0.656,10.5
Iraq,2011,Developing,77.0,144.0,32,0.17,285.119726,77.0,15,56.5,39,8.0,3.32,79.0,0.1,0.5862495909627883,0.0024521361001814063,5.3,5.1,0.649,10.4
Iraq,2010,Developing,76.0,145.0,32,0.19,21.82252494,72.0,492,55.8,39,74.0,3.82,74.0,0.1,0.045180510364173795,0.00029078665016471733,5.3,5.1,0.646,10.4
Iraq,2009,Developing,74.0,148.0,32,0.2,185.6366983,75.0,30328,55.2,39,78.0,4.65,78.0,0.1,0.37395633720229227,0.023104999843646053,5.4,5.1,0.643,10.3
Iraq,2008,Developing,69.3,167.0,32,0.17,192.1562998,66.0,5494,54.5,38,71.0,3.93,69.0,0.1,0.45270277289828514,0.022499651932776678,5.4,5.1,0.638,10.3
Iraq,2007,Developing,65.9,227.0,31,0.14,146.7606488,56.0,230,53.8,38,74.0,3.69,57.0,0.1,0.31326534811748086,0.0021945192091448957,5.4,5.1,0.636,10.2
Iraq,2006,Developing,64.7,249.0,31,0.03,75.25799773,59.0,474,53.2,38,63.0,3.0,59.0,0.1,0.23539708197058049,0.021407179943203406,5.4,5.1,0.631,10.2
Iraq,2005,Developing,66.8,29.0,31,0.18,59.18845152,65.0,908,52.5,37,69.0,4.13,65.0,0.1,0.18509770293067568,0.00021516405115035465,5.4,5.2,0.628,10.1
Iraq,2004,Developing,67.2,21.0,30,0.32,44.12059646,62.0,9081,51.9,37,69.0,5.61,74.0,0.1,0.13924068336092196,0.002033942238818154,5.4,5.2,0.603,9.8
Iraq,2003,Developing,66.5,213.0,30,0.07,0.0,63.0,0,51.3,37,73.0,4.36,75.0,0.1,0.17423032051730014,0.019807094011136884,5.5,5.2,0.616,9.4
Iraq,2002,Developing,74.0,14.0,30,0.15,0.0,65.0,0,5.6,37,76.0,5.73,77.0,0.1,0.17423032051730014,0.019275098746056818,5.5,5.3,0.614,9.1
Iraq,2001,Developing,72.0,142.0,30,0.17,0.0,66.0,4088,5.1,37,8.0,5.73,78.0,0.1,0.17423032051730014,0.018743626721812078,5.6,5.3,0.607,8.7
Ireland,2015,Developed,81.4,64.0,0,3.65,0.0,95.0,4,62.8,0,95.0,5.73,95.0,0.1,0.6673348055187268,0.0036146133853847445,0.3,0.2,0.92,18.6
Ireland,2014,Developed,81.2,66.0,0,10.75,746.3670453,95.0,33,62.1,0,96.0,7.78,96.0,0.1,0.5560715385479624,0.003568541913901826,0.3,0.2,0.91,18.6
Ireland,2013,Developed,81.0,67.0,0,10.49,703.5527332,95.0,51,61.3,0,96.0,8.1,96.0,0.1,0.5241636040910669,0.0035539104925523353,0.3,0.2,0.902,18.6
Ireland,2005,Developed,78.7,78.0,0,13.31,973.681333,92.0,95,55.1,0,9.0,7.27,9.0,0.1,0.5894761934192768,0.0032150946618413508,0.3,0.2,0.889,17.5
Ireland,2003,Developed,78.0,82.0,0,13.24,675.2134725,92.0,584,53.6,0,86.0,7.5,86.0,0.1,0.4122198000445575,0.00308881122047231,0.3,0.2,0.87,16.8
Israel,2010,Developing,81.7,61.0,1,2.63,409.4109292,97.0,23,63.0,1,95.0,7.36,95.0,0.1,0.3666293019181857,5.889512279720439e-05,1.2,1.1,0.878,15.7
Israel,2007,Developing,84.0,68.0,1,2.33,4.3451016,99.0,539,61.6,1,95.0,7.37,95.0,0.1,0.025737547469731486,5.523784712102305e-06,1.1,1.1,0.872,15.7
Israel,2006,Developing,84.0,68.0,1,2.23,33.58620657,96.0,9,61.1,1,94.0,7.38,95.0,0.1,0.2197079373143567,5.798930557563115e-06,1.1,1.1,0.87,15.7
Israel,2005,Developing,80.0,71.0,1,2.41,250.9343317,96.0,2,6.6,1,95.0,7.44,93.0,0.1,0.2613761464971386,5.3305643150090375e-06,1.1,1.1,0.866,15.8
Israel,2001,Developing,79.3,74.0,1,2.53,22.27332618,96.0,19,58.7,1,93.0,7.61,92.0,0.1,0.02348982704211525,4.9503065735294895e-06,1.1,1.1,0.85,15.1
Israel,2000,Developing,78.9,76.0,1,2.53,199.9341033,98.0,36,58.3,1,93.0,7.13,93.0,0.1,0.2153975362916581,4.834374335273529e-06,1.1,1.1,0.845,15.2
Italy,2015,Developed,82.7,56.0,1,3.65,0.0,93.0,159,63.6,2,93.0,5.73,93.0,0.1,0.0348033904552292,0.000520572848085502,0.6,0.6,0.881,16.3
Italy,2008,Developed,81.5,61.0,2,7.96,66.37840495,96.0,1617,59.9,2,96.0,8.89,96.0,0.1,0.046325895689226765,0.04546607101610109,0.5,0.5,0.866,16.3
Italy,2006,Developed,81.2,65.0,2,8.44,473.1915451,96.0,439,58.8,2,97.0,8.82,96.0,0.1,0.33455239884373633,0.0449383845658762,0.5,0.5,0.856,16.0
Italy,2001,Developed,79.8,75.0,2,9.69,3.1222302,95.0,0,55.7,3,96.0,8.11,93.0,0.1,0.0023175453243119296,0.00044031605106725443,0.5,0.5,0.828,14.9
Italy,2000,Developed,79.4,77.0,3,9.78,31.50582204,94.0,1457,55.0,3,97.0,7.91,87.0,0.1,0.024996899342281546,0.004400929974408499,0.5,0.5,0.823,14.8
Jamaica,2015,Developing,76.2,125.0,1,3.65,0.0,91.0,0,54.2,1,91.0,5.73,91.0,0.5,0.49724193981842524,0.0022196386336486087,1.8,1.7,0.729,12.8
Jamaica,2013,Developing,75.6,136.0,1,3.79,5.457289334,93.0,0,52.7,1,86.0,5.91,93.0,0.6,0.005455258687044099,0.00022038950356934495,1.8,1.7,0.727,12.8
Jamaica,2012,Developing,75.3,138.0,1,3.65,37.17108782,96.0,0,52.0,1,96.0,5.66,96.0,0.5,0.05205013092436067,0.0002202387916596122,1.8,1.7,0.725,12.8
Jamaica,2011,Developing,75.2,139.0,1,3.58,33.17529686,92.0,1,51.2,1,93.0,5.21,92.0,0.6,0.05127044481909824,0.0021868367661564674,1.8,1.7,0.722,12.8
Jamaica,2010,Developing,75.0,138.0,1,3.55,396.6270975,94.0,0,5.5,1,94.0,5.3,94.0,0.5,0.46886951610179683,0.0002177106959840439,1.8,1.7,0.721,12.7
Jamaica,2009,Developing,74.7,142.0,1,3.33,235.7067417,9.0,0,49.7,1,9.0,5.16,9.0,0.6,0.42987138829166804,2.1986935426036986e-05,1.9,1.7,0.721,12.7
Jamaica,2008,Developing,74.5,145.0,1,3.51,31.76575838,92.0,2,48.9,1,91.0,5.4,91.0,0.4,0.049161293522122236,0.0002157019767358623,1.9,1.7,0.718,12.6
Jamaica,2007,Developing,74.2,148.0,1,3.64,25.62349238,92.0,0,48.1,1,94.0,4.87,92.0,0.9,0.04615894967088836,0.0021450810654630244,1.9,1.7,0.714,12.5
Jamaica,2005,Developing,73.5,161.0,1,3.59,16.97511622,99.0,0,46.3,1,99.0,4.7,99.0,1.9,0.04813514389147232,0.002121280949830664,1.9,1.7,0.706,12.4
Jamaica,2004,Developing,73.3,165.0,1,3.67,192.3226305,98.0,0,45.4,1,97.0,4.8,98.0,2.3,0.372436725848723,0.0021089952241018857,1.9,1.8,0.689,11.1
Jamaica,2003,Developing,73.1,166.0,1,3.48,155.5884677,36.0,0,44.5,1,99.0,4.56,96.0,2.3,0.3469199523001131,0.0020964235321854095,1.9,1.8,0.694,11.9
Jamaica,2002,Developing,73.0,167.0,1,3.76,211.1143318,92.0,0,43.5,1,99.0,4.86,99.0,2.3,0.36006882883193875,0.002083234307879823,2.0,1.8,0.69,11.7
Jamaica,2001,Developing,72.7,171.0,1,3.89,160.2382416,92.0,0,42.5,1,99.0,5.34,99.0,2.2,0.3398740594087301,0.00020688262493093724,2.0,1.8,0.68,10.9
Jamaica,2000,Developing,72.6,171.0,1,3.46,24.82762854,92.0,0,41.6,1,95.0,5.81,93.0,2.2,0.03357405018488437,0.0020534149904372135,2.0,1.9,0.682,11.4
Japan,2014,Developed,83.5,57.0,2,0.01,88.83362243,92.0,462,28.6,3,99.0,1.23,96.0,0.1,0.39008932033719035,9.834299906776569e-05,2.0,1.7,0.899,15.3
Japan,2012,Developed,83.3,58.0,2,7.39,121.5869163,92.0,228,27.8,3,99.0,1.17,97.0,0.1,0.4869738700895171,9.861582626846138e-05,1.9,1.7,0.889,15.3
Japan,2010,Developed,83.0,62.0,3,6.9,863.0061491,92.0,450,26.9,4,98.0,9.58,97.0,0.1,0.446327542775915,9.68420630231452e-07,1.9,1.6,0.879,15.1
Japan,2009,Developed,83.0,64.0,3,7.09,899.1785285,92.0,741,26.4,4,99.0,9.51,97.0,0.1,0.48614241283640086,9.902931791824098e-06,1.8,1.6,0.881,15.0
Japan,2003,Developed,81.9,7.0,3,7.83,578.7254273,92.0,8286,23.4,5,97.0,8.0,97.0,0.1,0.3492414592865932,9.868461272982659e-05,1.7,1.4,0.863,14.8
Jordan,2015,Developing,74.1,112.0,4,3.65,0.0,99.0,0,65.6,4,99.0,5.73,99.0,0.1,0.04961206601138819,0.0007078807010277145,4.0,4.0,0.741,13.1
Jordan,2014,Developing,74.0,113.0,4,0.41,63.8784522,98.0,20,64.8,4,98.0,7.45,98.0,0.1,0.046602657135856235,6.871071896954233e-05,3.9,3.9,0.737,13.1
Jordan,2013,Developing,73.9,114.0,4,0.4,546.6235156,98.0,120,64.0,4,98.0,7.23,98.0,0.1,0.39977067833600544,0.006502585142065606,3.9,3.9,0.737,13.1
Jordan,2012,Developing,73.7,115.0,4,0.41,67.70171064,98.0,3,63.2,4,98.0,8.0,98.0,0.1,0.038670264106724556,0.006177286237453678,3.9,3.9,0.735,12.9
Jordan,2011,Developing,73.6,116.0,4,0.43,68.86623298,98.0,0,62.4,4,98.0,8.39,98.0,0.1,0.038627287404158765,0.005854507699701434,3.8,3.9,0.737,13.1
Jordan,2010,Developing,73.4,117.0,4,0.51,715.9709092,98.0,0,61.7,4,98.0,8.42,98.0,0.1,0.3683519869206172,0.000555087421177478,3.8,3.8,0.739,13.2
Jordan,2009,Developing,73.3,118.0,4,0.59,668.7447334,98.0,0,6.9,4,98.0,9.54,98.0,0.1,0.3496161104085117,0.005271888690582931,3.8,3.8,0.742,13.6
Jordan,2008,Developing,73.1,119.0,4,0.61,535.2786404,97.0,2,6.1,4,98.0,8.78,97.0,0.1,0.3389544243220479,0.0050158376576444645,3.8,3.8,0.739,13.6
Jordan,2007,Developing,73.0,12.0,4,0.6,373.2628643,98.0,41,59.3,4,98.0,8.35,98.0,0.1,0.2765693522897906,0.004786577019203773,3.8,3.8,0.736,13.6
Jordan,2006,Developing,72.8,121.0,4,0.59,313.3626015,98.0,1,58.6,4,98.0,8.8,98.0,0.1,0.2539810527977785,0.004586432375960272,3.9,3.8,0.733,13.7
Jordan,2005,Developing,72.4,127.0,4,0.55,27.44252286,95.0,28,57.8,4,95.0,8.88,95.0,0.1,0.022251948844909043,0.004416304907846004,3.9,3.8,0.73,13.8
Jordan,2004,Developing,72.5,125.0,4,0.54,32.52523612,95.0,21,57.0,4,95.0,9.5,95.0,0.1,0.026019996393637387,0.004278333178215998,3.9,3.8,0.723,13.5
Jordan,2003,Developing,72.3,127.0,4,0.54,228.7838108,97.0,76,56.3,4,97.0,9.15,97.0,0.1,0.18906165403257827,0.004171040983236461,3.9,3.9,0.717,13.2
Jordan,2002,Developing,72.1,129.0,4,0.54,259.1572375,95.0,19,55.5,4,95.0,9.68,95.0,0.1,0.18135652681398234,0.004086575845969522,3.9,3.9,0.712,13.0
Jordan,2001,Developing,71.9,131.0,4,0.55,248.697463,97.0,61,54.8,4,97.0,9.9,99.0,0.1,0.17294055147699608,0.004013920339372924,4.0,3.9,0.706,12.7
Jordan,2000,Developing,71.7,133.0,4,0.49,227.296617,93.0,32,54.0,4,94.0,9.65,91.0,0.1,0.16589138865177547,3.963259497018246e-05,4.0,4.0,0.7,12.6
Kazakhstan,2015,Developing,72.0,198.0,4,3.65,0.0,98.0,526,53.1,5,98.0,5.73,98.0,0.1,0.015855898761518217,0.013559505691523203,2.4,2.5,0.793,15.0
Kazakhstan,2014,Developing,69.9,22.0,5,6.29,24.44473709,95.0,321,52.3,5,95.0,4.36,95.0,0.1,0.1286983055873147,0.013362496628883731,2.4,2.5,0.789,15.0
Kazakhstan,2013,Developing,69.5,28.0,5,6.48,26.4072659,99.0,73,51.4,6,98.0,4.3,98.0,0.1,0.1390442806936047,0.0013411358202900677,2.4,2.5,0.782,15.0
Kazakhstan,2010,Developing,67.8,236.0,7,6.83,11.1516268,99.0,4,49.2,8,98.0,4.42,99.0,0.1,0.009612541947724122,0.012614623170065653,2.3,2.5,0.763,14.5
Kazakhstan,2009,Developing,67.8,235.0,7,6.64,808.243302,99.0,0,48.5,8,99.0,4.13,98.0,0.1,0.7175300327687316,0.0001308001613714926,2.3,2.5,0.758,14.6
Kazakhstan,2008,Developing,66.6,258.0,8,7.6,708.3285785,99.0,20,47.9,9,99.0,3.65,99.0,0.1,0.8525790359615637,1.2087868042154755e-05,2.4,2.5,0.758,14.6
Kazakhstan,2007,Developing,65.3,288.0,8,7.44,499.730412,94.0,13,47.3,9,94.0,3.19,93.0,0.1,0.6780794115622345,0.01196742062965952,2.4,2.5,0.754,14.7
Kazakhstan,2006,Developing,65.0,295.0,8,7.08,76.19868936,99.0,109,46.8,9,99.0,3.73,99.0,0.1,0.5298537146628689,0.00011890783237119624,2.4,2.5,0.747,14.3
Kazakhstan,2005,Developing,64.6,294.0,8,6.94,351.8603267,94.0,16118,46.3,9,99.0,4.7,98.0,0.1,0.37757565304342877,0.0011706798775007415,2.4,2.5,0.737,13.9
Kazakhstan,2004,Developing,64.7,287.0,8,6.55,33.91660183,99.0,2204,45.8,9,99.0,3.95,82.0,0.1,0.2877300324233682,0.001169331972010619,2.5,2.6,0.725,13.5
Kazakhstan,2003,Developing,64.4,282.0,8,6.58,23.43400762,99.0,24,45.3,9,99.0,3.7,99.0,0.1,0.026687763138725572,0.00011584258399170865,2.5,2.6,0.714,13.1
Kazakhstan,2002,Developing,64.7,276.0,8,5.99,145.1022528,95.0,18,44.8,9,95.0,3.61,95.0,0.1,0.1659336780331995,0.01148418105381879,2.6,2.6,0.7,12.7
Kazakhstan,2001,Developing,64.4,284.0,8,5.75,12.60883976,95.0,94,44.4,10,95.0,3.47,95.0,0.1,0.014848761042642494,0.011483707277405117,2.6,2.7,0.685,12.3
Kazakhstan,2000,Developing,63.9,292.0,9,6.0,112.541157,99.0,245,43.9,10,96.0,4.16,97.0,0.1,0.12302834588512752,0.011503254225656661,2.7,2.7,0.676,12.1
Kenya,2015,Developing,63.4,249.0,54,3.65,0.0,89.0,95,22.0,75,83.0,5.73,89.0,2.8,0.1350492981739983,0.036508008606747536,7.8,7.6,0.55,11.1
Kenya,2014,Developing,62.9,255.0,56,0.01,170.9626624,92.0,354,21.3,79,93.0,5.72,92.0,2.9,0.13361439359208196,0.00035737349052941046,7.8,7.7,0.546,11.1
Kenya,2013,Developing,62.6,258.0,58,1.84,165.9304977,93.0,190,2.7,81,94.0,5.57,87.0,3.0,0.12294388791932069,0.03464581997890559,7.9,7.7,0.541,11.1
Kenya,2012,Developing,62.1,263.0,59,1.81,154.2269697,94.0,0,2.1,84,94.0,5.49,94.0,3.0,0.1155461611249191,0.03373364967067593,8.0,7.8,0.536,11.1
Kenya,2011,Developing,61.2,278.0,60,1.8,109.7051836,96.0,2395,19.5,86,97.0,5.23,96.0,3.4,0.09873746284970132,0.03283726933329673,8.1,7.9,0.53,11.1
Kenya,2010,Developing,63.0,294.0,61,1.73,56.58984221,9.0,95,18.9,89,9.0,3.97,9.0,4.3,0.09672441254034991,0.0031959565679500566,8.2,8.0,0.523,11.1
Kenya,2009,Developing,59.1,317.0,62,1.86,7.146851404,88.0,1218,18.4,91,89.0,4.17,88.0,5.0,0.009128380194692459,0.00032746220017778444,8.2,8.1,0.514,10.7
Kenya,2008,Developing,57.9,339.0,64,1.71,60.5153506,88.0,1282,17.9,95,88.0,3.9,88.0,6.4,0.09167132221067832,0.030257063662395552,8.3,8.2,0.506,10.4
Kenya,2007,Developing,56.8,356.0,66,1.97,59.83361364,81.0,1516,17.3,100,76.0,4.8,81.0,9.1,0.08388681085257926,0.0003003147343861805,8.4,8.3,0.494,10.1
Kenya,2006,Developing,55.3,388.0,68,1.76,52.60385429,8.0,1847,16.9,104,77.0,4.24,8.0,10.3,0.06971196248011045,2.8976103629694624e-05,8.5,8.4,0.483,9.7
Kenya,2005,Developing,54.1,412.0,70,1.82,39.55677502,76.0,153,16.4,108,7.0,4.36,76.0,11.6,0.05189651080290544,0.002819668346308392,8.6,8.5,0.474,9.6
Kenya,2004,Developing,53.0,432.0,72,1.43,36.29775249,73.0,20,15.9,112,73.0,4.29,73.0,13.2,0.045795000215271144,0.0027629720716301092,8.7,8.6,0.461,8.9
Kenya,2003,Developing,52.4,437.0,74,1.49,35.85204668,73.0,65,15.5,115,75.0,4.45,73.0,14.5,0.0435716916677278,0.002638477078256564,8.8,8.8,0.45,8.2
Kenya,2002,Developing,52.1,437.0,76,1.66,32.73674134,84.0,766,15.1,118,83.0,4.54,84.0,15.7,0.03948120089735494,0.0002566855687225209,8.9,8.9,0.451,8.5
Kenya,2001,Developing,51.9,434.0,77,1.63,3.847602867,92.0,11304,14.7,120,77.0,4.62,8.0,16.9,0.00401605200764963,0.024980652068757464,9.0,9.0,0.447,8.4
Kenya,2000,Developing,51.9,428.0,77,1.51,0.681685555,92.0,21002,14.4,121,8.0,4.68,82.0,18.1,0.004236747200351281,0.0024310596192664725,9.2,9.1,0.448,8.4
Kiribati,2015,Developing,66.3,198.0,0,3.65,0.0,82.0,0,77.6,0,8.0,5.73,78.0,0.1,0.14251268937860986,8.666321250427191e-06,0.1,0.1,0.586,11.9
Kiribati,2013,Developing,65.8,22.0,0,0.01,137.2591943,95.0,0,76.7,0,91.0,1.15,95.0,0.1,0.1725494972988059,1.4299082266490098e-05,0.1,0.1,0.589,11.9
Kiribati,2012,Developing,65.7,24.0,0,0.01,147.4549755,94.0,0,76.2,0,92.0,1.37,94.0,0.1,0.17650131941620006,1.2813603853637065e-05,0.1,0.1,0.581,11.9
Kiribati,2011,Developing,65.5,26.0,0,0.53,30.46703899,95.0,0,75.7,0,95.0,1.42,99.0,0.1,0.1693694641049809,1.1301074585190973e-05,0.1,0.1,0.585,11.9
Kiribati,2010,Developing,65.3,27.0,0,0.48,18.21661422,91.0,0,75.2,0,95.0,1.52,91.0,0.1,0.14939205974244246,9.75221988209135e-06,0.1,0.1,0.584,11.9
Kiribati,2009,Developing,65.2,28.0,0,0.54,162.2903711,86.0,0,74.6,0,84.0,12.24,86.0,0.1,0.1297720601700199,1.1856003565642836e-06,0.1,0.1,0.576,11.9
Kiribati,2008,Developing,65.1,21.0,0,0.46,167.6201552,83.0,0,74.1,0,74.0,12.23,82.0,0.1,0.1413948448774879,7.58196838193978e-06,0.2,0.1,0.572,11.6
Kiribati,2007,Developing,65.0,211.0,0,0.68,188.7108773,96.0,0,73.4,0,93.0,13.66,94.0,0.1,0.13581662692223653,7.441072068379369e-05,0.2,0.1,0.574,11.8
Kiribati,2006,Developing,65.0,212.0,0,0.76,18.19457876,88.0,0,72.8,0,86.0,1.93,86.0,0.1,0.11517529798186087,7.258903877999838e-06,0.2,0.1,0.576,12.1
Kiribati,2005,Developing,64.9,213.0,0,0.6,111.7392134,5.0,0,72.1,0,74.0,1.6,79.0,0.1,0.12148569625206967,7.133001467253865e-05,0.2,0.2,0.0,12.2
Kiribati,2004,Developing,64.8,214.0,0,0.48,10.6242741,67.0,0,71.4,0,61.0,1.39,62.0,0.1,0.01121301540161074,7.348558142251113e-06,0.2,0.2,0.0,12.4
Kiribati,2002,Developing,64.6,217.0,0,0.49,70.75572222,79.0,0,69.7,0,96.0,9.1,77.0,0.1,0.08262519523546341,6.747951859926403e-05,0.2,0.2,0.0,11.7
Kiribati,2001,Developing,64.3,219.0,0,0.6,59.97185848,85.0,0,68.8,0,88.0,9.0,85.0,0.1,0.07344659393130248,6.633178944053004e-05,0.2,0.2,0.0,10.4
Kuwait,2005,Developing,73.6,9.0,0,0.01,239.5751391,99.0,10,66.3,1,99.0,2.38,99.0,0.1,0.35533761518979484,0.001069443209766107,3.2,3.1,0.789,14.2
Kuwait,2003,Developing,73.4,93.0,0,0.03,159.0098727,99.0,0,65.5,1,99.0,3.23,99.0,0.1,0.2273596896691558,0.001069443209766107,3.2,3.0,0.788,14.1
Kuwait,2001,Developing,73.2,95.0,0,0.01,113.1997845,99.0,0,64.5,1,99.0,3.61,99.0,0.1,0.16559874670124916,0.001069443209766107,3.2,3.0,0.786,14.0
Kyrgyzstan,2015,Developing,71.1,166.0,3,3.65,0.0,97.0,17779,44.9,3,97.0,5.73,97.0,0.1,0.17423032051730014,0.001069443209766107,3.3,3.4,0.662,13.0
Kyrgyzstan,2013,Developing,77.0,174.0,3,0.01,0.0,97.0,1,43.0,4,97.0,6.68,97.0,0.1,0.17423032051730014,0.001069443209766107,3.3,3.3,0.647,12.5
Kyrgyzstan,2012,Developing,69.9,18.0,3,0.01,0.0,96.0,0,42.2,4,94.0,6.97,96.0,0.1,0.17423032051730014,0.001069443209766107,3.2,3.3,0.638,12.3
Kyrgyzstan,2011,Developing,69.4,188.0,4,3.28,0.0,96.0,222,41.4,4,94.0,6.18,96.0,0.2,0.17423032051730014,0.001069443209766107,3.2,3.3,0.632,12.1
Kyrgyzstan,2010,Developing,68.8,199.0,4,2.73,0.0,96.0,0,4.7,4,88.0,6.66,96.0,0.1,0.17423032051730014,0.001069443209766107,3.2,3.3,0.631,12.2
Kyrgyzstan,2009,Developing,68.5,21.0,4,2.39,0.0,96.0,1,4.1,4,96.0,6.79,95.0,0.1,0.17423032051730014,0.001069443209766107,3.3,3.4,0.629,12.4
Kyrgyzstan,2008,Developing,67.6,217.0,4,2.53,0.0,97.0,16,39.5,4,95.0,6.7,95.0,0.2,0.17423032051730014,0.001069443209766107,3.3,3.4,0.624,12.6
Kyrgyzstan,2007,Developing,67.2,229.0,4,2.77,0.0,94.0,40,39.0,4,94.0,6.87,94.0,0.1,0.17423032051730014,0.001069443209766107,3.3,3.4,0.618,12.6
Kyrgyzstan,2006,Developing,66.7,234.0,4,2.48,0.0,9.0,27,38.5,4,93.0,6.73,92.0,0.1,0.17423032051730014,0.001069443209766107,3.3,3.4,0.613,12.5
Kyrgyzstan,2005,Developing,66.9,224.0,4,2.81,0.0,97.0,53,38.0,4,98.0,5.82,98.0,0.1,0.17423032051730014,0.001069443209766107,3.4,3.4,0.612,12.4
Kyrgyzstan,2004,Developing,67.1,218.0,4,3.41,0.0,99.0,8,37.5,4,98.0,5.57,99.0,0.1,0.17423032051730014,0.001069443209766107,3.4,3.4,0.609,12.5
Kyrgyzstan,2003,Developing,66.6,217.0,4,3.52,0.0,99.0,6,37.0,4,98.0,5.43,98.0,0.1,0.17423032051730014,0.001069443209766107,3.5,3.5,0.602,12.2
Kyrgyzstan,2002,Developing,66.7,215.0,4,3.31,0.0,99.0,2,36.5,5,99.0,5.43,98.0,0.1,0.17423032051730014,0.001069443209766107,3.5,3.5,0.601,12.1
Kyrgyzstan,2001,Developing,67.2,217.0,4,2.62,0.0,57.0,17,36.0,5,99.0,4.79,99.0,0.1,0.17423032051730014,0.001069443209766107,3.6,3.6,0.593,11.8
Kyrgyzstan,2000,Developing,66.6,225.0,4,2.13,0.0,44.0,16,35.6,5,99.0,4.68,99.0,0.1,0.17423032051730014,0.001069443209766107,3.6,3.6,0.586,11.4
Lao People's Democratic Republic,2015,Developing,65.7,194.0,8,3.65,0.0,89.0,56,21.7,11,89.0,5.73,89.0,0.2,0.17423032051730014,0.001069443209766107,8.8,8.9,0.582,10.8
Lao People's Democratic Republic,2014,Developing,65.3,199.0,8,0.01,0.0,88.0,339,2.9,11,88.0,1.87,88.0,0.2,0.17423032051730014,0.001069443209766107,8.9,9.0,0.573,10.6
Lao People's Democratic Republic,2013,Developing,64.9,23.0,9,0.01,0.0,87.0,71,2.1,12,86.0,2.0,87.0,0.3,0.17423032051730014,0.001069443209766107,9.0,9.1,0.563,10.4
Lao People's Democratic Republic,2012,Developing,64.4,28.0,9,0.01,0.0,79.0,32,19.4,12,78.0,2.12,79.0,0.3,0.17423032051730014,0.001069443209766107,9.1,9.2,0.554,10.2
Lao People's Democratic Republic,2011,Developing,64.0,213.0,9,5.39,0.0,78.0,113,18.7,13,79.0,2.2,78.0,0.3,0.17423032051730014,0.001069443209766107,9.2,9.4,0.542,9.9
Lao People's Democratic Republic,2010,Developing,63.6,218.0,10,5.95,0.0,74.0,153,18.0,13,76.0,2.75,74.0,0.3,0.17423032051730014,0.001069443209766107,9.3,9.5,0.535,9.6
Lao People's Democratic Republic,2009,Developing,63.1,223.0,10,5.18,0.0,67.0,78,17.3,14,67.0,3.77,67.0,0.2,0.17423032051730014,0.001069443209766107,9.4,9.6,0.525,9.4
Lao People's Democratic Republic,2008,Developing,62.6,228.0,10,5.1,0.0,61.0,174,16.7,14,6.0,2.77,61.0,0.2,0.17423032051730014,0.001069443209766107,9.6,9.7,0.518,9.2
Lao People's Democratic Republic,2007,Developing,62.1,234.0,11,5.0,0.0,5.0,1678,16.1,15,46.0,4.14,5.0,0.2,0.17423032051730014,0.001069443209766107,9.7,9.8,0.509,9.0
Lao People's Democratic Republic,2006,Developing,61.5,24.0,11,3.69,0.0,57.0,58,15.5,15,56.0,4.14,57.0,0.2,0.17423032051730014,0.001069443209766107,9.9,9.9,0.503,9.0
Lao People's Democratic Republic,2005,Developing,61.0,246.0,11,3.68,0.0,49.0,295,14.9,16,5.0,4.32,49.0,0.2,0.17423032051730014,0.001069443209766107,1.0,1.1,0.494,8.7
Lao People's Democratic Republic,2004,Developing,64.0,252.0,12,3.53,0.0,45.0,1491,14.4,16,46.0,4.54,45.0,0.2,0.17423032051730014,0.001069443209766107,1.1,1.2,0.485,8.6
Lao People's Democratic Republic,2003,Developing,59.8,259.0,12,3.41,0.0,5.0,1810,13.8,17,52.0,4.91,49.0,0.1,0.17423032051730014,0.001069443209766107,1.2,1.3,0.477,8.3
Lao People's Democratic Republic,2002,Developing,59.3,265.0,13,3.33,0.0,92.0,2070,13.3,18,55.0,4.4,53.0,0.1,0.17423032051730014,0.001069443209766107,1.3,1.4,0.468,8.0
Lao People's Democratic Republic,2001,Developing,58.7,271.0,13,3.13,0.0,92.0,94,12.7,19,55.0,4.32,52.0,0.1,0.17423032051730014,0.001069443209766107,1.4,1.5,0.463,8.0
Lao People's Democratic Republic,2000,Developing,58.1,278.0,14,5.16,0.0,92.0,332,12.3,20,57.0,3.41,51.0,0.1,0.17423032051730014,0.001069443209766107,1.5,1.5,0.459,8.0
Latvia,2011,Developed,73.6,169.0,0,10.14,24.70841046,89.0,1,59.4,0,92.0,6.1,92.0,0.1,0.13732481293907073,2.0052412810339203e-05,2.2,2.3,0.81,15.8
Latvia,2007,Developed,78.0,221.0,0,12.12,170.9884138,91.0,0,57.7,0,94.0,7.1,94.0,0.1,0.1444834329081574,1.722830348642402e-05,2.4,2.4,0.814,16.2
Latvia,2005,Developed,76.0,216.0,0,9.92,86.9255399,99.0,2,57.0,0,99.0,6.37,99.0,0.1,0.7569408287132171,0.0017303002491940275,2.5,2.5,0.791,15.9
Latvia,2004,Developed,71.0,26.0,0,8.81,80.0328375,98.0,0,56.6,0,99.0,6.51,99.0,0.1,0.6360506255151253,0.0017490990480680255,2.5,2.6,0.776,15.5
Latvia,2003,Developed,78.0,29.0,0,8.24,478.0644911,98.0,0,56.3,0,98.0,6.15,98.0,0.1,0.5141662546546025,0.001768292016552094,2.6,2.6,0.761,15.2
Latvia,2002,Developed,73.0,219.0,0,7.44,376.4570185,98.0,0,56.0,0,98.0,6.29,97.0,0.1,0.4137416774945288,0.00017864307745496215,2.7,2.7,0.746,14.8
Latvia,2001,Developed,69.9,228.0,0,6.68,332.2751709,96.0,1,55.7,0,97.0,6.17,97.0,0.1,0.35770046741764044,0.00018060928821578322,2.8,2.8,0.728,14.2
Latvia,2000,Developed,71.0,218.0,0,7.13,291.0170765,95.0,0,55.4,0,96.0,6.0,96.0,0.1,0.33565250290708193,0.0001829573024812606,2.8,2.8,0.716,13.7
Lebanon,2015,Developing,74.9,98.0,1,3.65,0.0,81.0,39,66.1,1,75.0,5.73,81.0,0.1,0.08463320174749367,0.004522474105877636,4.9,4.9,0.763,13.3
Lebanon,2014,Developing,74.8,99.0,1,1.32,140.3771361,81.0,112,65.4,1,75.0,6.39,81.0,0.1,0.8173111833868723,0.00043532169024318765,4.8,4.9,0.763,13.3
Lebanon,2013,Developing,74.9,97.0,1,1.29,14.55610463,81.0,1761,64.9,1,75.0,6.63,81.0,0.1,0.08459837513916602,0.0004077553226306855,4.8,4.8,0.766,13.3
Lebanon,2012,Developing,75.0,93.0,1,1.53,151.1526829,81.0,9,64.4,1,75.0,6.99,81.0,0.1,0.8800620691256681,0.00037995631766008306,4.8,4.8,0.763,13.3
Lebanon,2011,Developing,75.0,93.0,1,1.57,835.0626827,81.0,9,64.0,1,75.0,7.12,81.0,0.1,0.8747552748101437,0.0035462388699061442,4.7,4.7,0.758,13.2
Lebanon,2010,Developing,74.9,94.0,1,1.58,805.3956346,81.0,12,63.5,1,75.0,7.19,81.0,0.1,0.8776460876346435,0.003352070147103944,4.7,4.7,0.752,13.3
Lebanon,2008,Developing,74.5,98.0,1,1.67,69.13924862,81.0,24,62.5,1,75.0,8.7,81.0,0.1,0.07122562242588616,0.0003177416684408164,4.7,4.7,0.74,13.1
Lebanon,2007,Developing,74.4,98.0,1,1.72,8.906931168,8.0,373,61.9,1,75.0,8.9,8.0,0.1,0.061359063932469114,0.00037595433679548734,4.7,4.6,0.731,12.9
Lebanon,2006,Developing,74.1,1.0,1,1.82,534.5795695,78.0,956,61.4,1,75.0,8.83,78.0,0.1,0.5379752963920676,3.53214614702375e-05,4.7,4.6,0.733,13.2
Lebanon,2005,Developing,73.9,11.0,1,1.94,630.0540723,77.0,618,6.8,1,74.0,8.42,77.0,0.1,0.5346480992479389,0.003081338228394331,4.7,4.6,0.0,13.7
Lebanon,2004,Developing,73.7,13.0,1,2.1,618.3614858,75.0,213,6.2,1,74.0,8.91,75.0,0.1,0.5431401782233537,0.0029858216572952456,4.7,4.6,0.0,14.2
Lebanon,2003,Developing,73.5,15.0,1,2.19,527.9176618,74.0,526,59.7,1,74.0,9.3,74.0,0.1,0.543285028499648,0.00028707140836940797,4.8,4.7,0.0,14.8
Lebanon,2002,Developing,73.2,17.0,1,1.98,70.13207838,77.0,36,59.1,1,77.0,1.5,77.0,0.1,0.5443793658564804,0.0027227095781654025,4.8,4.7,0.0,15.2
Lebanon,2001,Developing,73.0,11.0,1,2.19,510.6035166,8.0,8,58.6,1,8.0,1.9,8.0,0.1,0.5260021269454224,0.0025967468826555372,4.9,4.7,0.0,15.0
Lebanon,2000,Developing,72.7,112.0,1,2.26,404.3879434,83.0,5,57.9,1,83.0,1.86,83.0,0.1,0.5341965626122156,0.002500528535074209,4.9,4.8,0.0,14.9
Lesotho,2015,Developing,53.7,484.0,4,3.65,0.0,93.0,0,32.6,6,9.0,5.73,93.0,9.3,0.017242884178843308,0.001680716803773542,5.5,5.3,0.495,10.7
Lesotho,2014,Developing,52.1,522.0,4,0.01,162.1278115,93.0,0,32.0,6,9.0,1.62,93.0,9.4,0.11750746175142986,0.0016584114411330952,5.8,5.6,0.491,10.8
Lesotho,2013,Developing,52.1,518.0,4,0.01,153.3443147,93.0,516,31.4,6,9.0,11.7,93.0,9.6,0.11964036949935848,0.001636443054865179,6.1,5.9,0.484,11.1
Lesotho,2012,Developing,52.2,513.0,4,0.01,168.1348992,95.0,179,3.8,6,93.0,11.14,95.0,9.0,0.12819256964297998,0.00022405373517982166,6.4,6.2,0.479,11.0
Lesotho,2011,Developing,52.3,52.0,4,2.39,195.825251,96.0,172,3.2,6,95.0,11.79,96.0,10.5,0.13529098140187923,0.0002041427597001547,6.8,6.6,0.469,11.0
Lesotho,2010,Developing,51.1,527.0,4,2.71,154.8705998,93.0,2488,29.7,6,92.0,1.87,93.0,13.4,0.11734949467933307,1.8948737902142464e-05,7.2,7.0,0.464,10.9
Lesotho,2009,Developing,49.4,566.0,4,2.75,104.3144732,91.0,0,29.2,6,89.0,9.8,91.0,18.2,0.0922961092983809,1.6922242377428283e-05,7.6,7.4,0.453,10.8
Lesotho,2008,Developing,47.8,592.0,5,2.75,91.85432774,88.0,0,28.8,6,86.0,8.85,88.0,27.3,0.09342711737160575,0.00015454462952948996,8.0,7.8,0.447,10.7
Lesotho,2007,Developing,46.2,633.0,4,2.69,9.18432717,9.0,2,28.3,6,87.0,8.47,88.0,30.0,0.09182491930457155,0.0015320468471972757,8.4,8.3,0.44,10.6
Lesotho,2006,Developing,45.3,654.0,5,2.61,71.15577609,91.0,1,27.9,6,88.0,7.12,89.0,34.1,0.09155878889904119,0.0015191976907905733,8.8,8.7,0.437,10.7
Lesotho,2003,Developing,45.5,648.0,5,1.99,5.300902041,17.0,1,26.4,7,9.0,7.13,9.0,33.8,0.006205615350825499,0.0001482873801900216,1.2,1.1,0.44,10.5
Lesotho,2002,Developing,46.4,622.0,5,2.95,3.53457351,92.0,0,25.9,7,84.0,6.91,84.0,32.5,0.0046288104044402735,0.00014860812604919641,1.6,1.6,0.446,10.4
Lesotho,2000,Developing,49.3,543.0,5,3.1,29.86616464,92.0,660,24.9,7,82.0,6.92,83.0,29.8,0.047391147061699515,0.0014442567733371557,11.5,11.6,0.445,9.6
Liberia,2015,Developing,61.4,259.0,8,3.65,0.0,52.0,1060,27.3,11,52.0,5.73,52.0,0.9,0.045144220168477536,0.0034776479475828,6.5,6.4,0.427,9.9
Liberia,2014,Developing,58.1,329.0,8,0.01,54.37396957,5.0,34,26.7,11,49.0,1.4,5.0,0.9,0.045753013557642906,0.00033983835305240233,6.7,6.5,0.426,9.9
Liberia,2013,Developing,61.1,258.0,9,0.01,45.04892458,76.0,0,26.1,11,75.0,9.25,76.0,1.1,0.045318009008662716,0.0033127691183351734,6.8,6.7,0.419,9.8
Liberia,2012,Developing,67.0,261.0,9,0.01,48.09891474,8.0,43,25.6,12,8.0,1.19,8.0,1.2,0.04143564963723267,0.003231826775348039,7.0,6.9,0.416,9.6
Liberia,2011,Developing,62.0,266.0,9,3.72,60.44658161,77.0,279,25.0,12,77.0,11.23,77.0,1.5,0.037862583838054624,3.642822790478773e-05,7.2,7.0,0.406,9.5
Liberia,2010,Developing,59.7,272.0,9,3.64,41.91052416,47.0,2200,24.5,13,71.0,11.87,7.0,1.8,0.03262768349425142,0.0030514068431214073,7.4,7.2,0.403,9.6
Liberia,2009,Developing,59.2,277.0,10,3.75,5.592170255,64.0,6,24.0,13,84.0,14.39,81.0,2.1,0.0032038401271232003,0.0029458335367944116,7.6,7.4,0.4,9.7
Liberia,2008,Developing,58.6,281.0,10,3.88,40.03344077,64.0,1,23.4,14,79.0,11.83,75.0,2.4,0.023131328267518098,0.002831033570065418,7.7,7.6,0.394,9.8
Liberia,2007,Developing,57.9,286.0,10,4.03,3.686899287,92.0,1,22.9,14,67.0,1.24,65.0,2.8,0.0019724152764609964,0.0027150541860325676,7.9,7.8,0.383,9.9
Liberia,2006,Developing,56.7,32.0,11,4.05,15.79934152,92.0,20,22.4,15,66.0,1.9,6.0,3.0,0.01775362328421425,0.00260909675755615,8.1,8.1,0.377,10.0
Liberia,2005,Developing,55.3,316.0,12,4.19,22.39648813,92.0,8,22.0,16,66.0,8.4,6.0,3.1,0.01672397013871499,0.00025202818427098476,8.3,8.3,0.372,10.1
Liberia,2004,Developing,54.0,329.0,12,4.24,17.85870796,92.0,4,21.5,17,47.0,8.77,31.0,3.2,0.014800532763831578,0.00245496561967644,8.5,8.5,0.335,10.2
Liberia,2003,Developing,50.0,42.0,13,4.21,9.758449266,92.0,142,21.1,18,49.0,3.44,35.0,3.2,0.01320285297690746,0.0024084528328065604,8.7,8.7,0.373,10.3
Liberia,2002,Developing,56.0,371.0,13,4.27,10.424369,92.0,131,2.7,19,51.0,5.43,39.0,3.1,0.01758907457631109,0.0002804238538278112,8.8,8.9,0.376,10.4
Liberia,2001,Developing,51.5,333.0,14,4.4,16.72142854,92.0,1379,2.4,20,54.0,6.41,42.0,3.1,0.017278203520906418,0.0023117645732195014,9.0,9.0,0.386,10.5
Liberia,2000,Developing,51.9,39.0,14,4.46,12.19709744,92.0,5977,2.2,20,56.0,5.91,46.0,3.1,0.0182030573001947,0.002229367667083049,9.2,9.2,0.338,8.7
Libya,2015,Developing,72.7,138.0,1,3.65,0.0,97.0,82,64.8,2,97.0,5.73,97.0,0.1,0.17423032051730014,0.001069443209766107,5.8,5.5,0.719,13.4
Libya,2013,Developing,72.9,134.0,2,0.01,0.0,96.0,0,62.8,2,96.0,4.33,96.0,0.1,0.17423032051730014,0.001069443209766107,5.7,5.5,0.735,13.4
Libya,2012,Developing,72.9,133.0,2,0.01,0.0,98.0,320,61.8,2,98.0,4.3,98.0,0.1,0.17423032051730014,0.001069443209766107,5.6,5.4,0.706,13.7
Libya,2011,Developing,71.3,161.0,2,0.01,36.11567366,98.0,0,6.9,2,98.0,4.77,98.0,0.1,0.05617844533174245,0.001069443209766107,5.6,5.4,0.756,14.0
Libya,2010,Developing,72.8,132.0,2,0.01,52.50394196,98.0,0,59.9,2,98.0,3.5,98.0,0.1,0.12128592068295593,0.001069443209766107,5.6,5.4,0.755,14.3
Libya,2009,Developing,72.7,132.0,2,0.01,63.55170297,98.0,329,59.0,2,98.0,3.16,98.0,0.1,0.12974084815773457,0.001069443209766107,5.6,5.4,0.757,14.6
Libya,2007,Developing,72.5,132.0,2,0.01,54.8789106,98.0,59,57.4,3,98.0,2.63,98.0,0.1,0.11387427498437191,0.001069443209766107,5.5,5.4,0.756,15.1
Libya,2006,Developing,72.2,134.0,2,0.01,493.415341,98.0,1,56.7,3,98.0,2.51,98.0,0.1,0.9358571645462359,0.001069443209766107,5.5,5.4,0.752,15.4
Libya,2005,Developing,71.9,138.0,2,0.01,472.3047034,97.0,292,56.0,3,98.0,2.71,98.0,0.1,0.8183028260305533,0.001069443209766107,5.5,5.4,0.748,15.7
Libya,2004,Developing,71.5,141.0,2,0.01,31.80653288,99.0,2771,55.3,3,97.0,3.46,97.0,0.1,0.05861111003602412,0.001069443209766107,5.5,5.4,0.747,15.9
Libya,2003,Developing,71.3,144.0,3,0.01,295.1166511,96.0,0,54.6,3,95.0,4.6,95.0,0.1,0.468292485463268,0.001069443209766107,5.6,5.4,0.74,16.0
Libya,2002,Developing,71.1,146.0,3,0.01,29.13434871,91.0,3890,54.0,3,93.0,4.57,93.0,0.1,0.03743719545473307,0.001069443209766107,5.6,5.4,0.736,15.8
Libya,2001,Developing,71.0,147.0,3,0.01,362.3817951,93.0,633,53.4,3,94.0,4.6,94.0,0.1,0.6278140632324072,0.001069443209766107,5.6,5.5,0.732,15.7
Libya,2000,Developing,78.0,148.0,3,0.01,457.3202236,92.0,0,52.8,3,94.0,3.41,94.0,0.1,0.7155619218334085,0.001069443209766107,5.7,5.5,0.727,15.5
Lithuania,2005,Developed,78.0,222.0,0,12.3,913.699529,95.0,1,58.4,0,93.0,5.83,94.0,0.1,0.7874325961524616,0.0025678944400799823,3.0,3.1,0.798,16.2
Lithuania,2004,Developed,71.6,24.0,0,12.1,76.36187737,94.0,1,58.1,0,9.0,5.67,94.0,0.1,0.06763889574340314,0.00026103380053870773,3.1,3.1,0.792,16.3
Lithuania,2003,Developed,71.6,22.0,0,11.29,80.99710054,95.0,1,57.8,0,91.0,6.46,94.0,0.1,0.05547592289400255,0.0026395289700983397,3.2,3.2,0.78,15.8
Lithuania,2002,Developed,71.4,22.0,0,11.0,561.9168642,94.0,103,57.5,0,97.0,6.4,95.0,0.1,0.41520793501861186,0.000266128635969263,3.3,3.3,0.77,15.3
Lithuania,2001,Developed,71.2,21.0,0,10.2,42.87208671,95.0,7,57.2,0,97.0,6.26,95.0,0.1,0.03520402265686133,0.00026879585033073844,3.3,3.3,0.757,14.7
Lithuania,2000,Developed,71.6,2.0,0,9.87,373.2605532,98.0,19,56.9,0,92.0,6.46,94.0,0.1,0.3301057966529612,0.002704700664274722,3.4,3.4,0.745,14.0
Luxembourg,2015,Developed,82.0,63.0,0,3.65,0.0,94.0,0,61.3,0,99.0,5.73,99.0,0.1,0.12000985219065695,4.400014882607866e-05,1.0,0.9,0.896,13.9
Luxembourg,2005,Developed,78.8,9.0,0,11.84,1346.246697,95.0,0,57.0,0,99.0,7.95,99.0,0.1,0.8301556359496258,0.00035948577591043404,1.0,0.9,0.874,13.5
Luxembourg,2002,Developed,78.3,95.0,0,12.91,910.5062778,95.0,0,55.2,0,99.0,8.27,99.0,0.1,0.5300606021327445,0.0003448141647183481,1.0,0.9,0.86,13.5
Madagascar,2015,Developing,65.5,22.0,28,3.65,0.0,69.0,3,2.5,38,71.0,5.73,69.0,0.3,0.00402418866997794,0.0018730429768690608,7.1,7.1,0.511,10.3
Madagascar,2014,Developing,65.1,225.0,29,0.01,5.339065673,73.0,3,2.0,39,73.0,3.4,73.0,0.3,0.04515183484936224,0.0018231867042478793,7.2,7.1,0.509,10.3
Madagascar,2013,Developing,64.7,23.0,29,0.87,79.50882493,74.0,6,19.5,40,73.0,4.15,74.0,0.4,0.04607940081270006,0.01774622071337187,7.3,7.2,0.508,10.3
Madagascar,2012,Developing,64.3,235.0,30,0.87,59.97914461,7.0,2,19.0,42,71.0,3.46,7.0,0.4,0.04430023648254465,0.017271228556960668,7.4,7.3,0.506,10.2
Madagascar,2011,Developing,63.8,241.0,31,0.97,78.79967196,73.0,0,18.5,43,73.0,4.24,73.0,0.4,0.04540227049397528,0.01680547156264894,7.5,7.4,0.504,10.2
Madagascar,2010,Developing,63.3,248.0,32,1.03,76.60442169,7.0,1,18.0,45,7.0,4.86,7.0,0.5,0.04117295944329288,0.0016347450340155234,7.6,7.5,0.503,10.2
Madagascar,2008,Developing,62.3,259.0,34,0.68,6.448762615,77.0,3,17.1,49,77.0,4.5,77.0,0.5,0.004612714549267617,0.015454876444598774,7.8,7.7,0.491,9.4
Madagascar,2007,Developing,61.9,261.0,35,0.71,55.43034455,84.0,0,16.7,51,83.0,4.98,84.0,0.6,0.03767815398049729,0.01501978584595051,7.9,7.8,0.483,9.1
Madagascar,2006,Developing,61.4,263.0,36,0.68,38.41870375,82.0,2,16.3,54,83.0,5.11,85.0,0.6,0.02909506847741872,0.0014593812931400284,8.0,7.9,0.478,9.0
Madagascar,2005,Developing,69.0,265.0,37,0.72,33.74786198,81.0,0,15.8,56,8.0,5.3,85.0,0.6,0.027358463769497673,0.01417209009270452,8.1,8.0,0.473,8.9
Madagascar,2004,Developing,64.0,267.0,38,0.81,23.72796328,71.0,35558,15.4,58,74.0,4.89,78.0,0.6,0.024383998352897285,0.0013780192754504071,8.2,8.1,0.466,8.7
Madagascar,2003,Developing,59.9,268.0,40,0.93,37.12894787,61.0,62233,15.0,60,65.0,4.81,66.0,0.7,0.031563340012708566,0.013354703663828167,8.3,8.3,0.457,8.5
Madagascar,2002,Developing,59.3,271.0,41,0.9,47.5262138,51.0,10795,14.7,63,61.0,5.29,62.0,0.7,0.026103038459862803,0.012957423978246289,8.5,8.4,0.462,8.3
Madagascar,2001,Developing,58.7,276.0,42,1.05,42.56331585,92.0,9357,14.3,65,6.0,5.17,6.0,0.7,0.027732675073996498,0.0012573995103609646,8.6,8.5,0.456,8.2
Madagascar,2000,Developing,57.9,283.0,44,1.16,35.66125056,92.0,35256,13.9,68,58.0,5.8,57.0,0.6,0.02446573882599523,0.0012185653020715715,8.7,8.6,0.0,8.0
Malawi,2015,Developing,58.3,365.0,26,3.65,0.0,88.0,0,19.6,38,88.0,5.73,88.0,4.8,0.03615659721361652,0.0013582103203404056,6.4,6.2,0.473,10.8
Malawi,2014,Developing,57.6,377.0,27,0.01,59.48744893,91.0,3,19.2,40,87.0,11.38,91.0,5.1,0.035362086396640124,0.001367076045040633,6.5,6.3,0.466,10.7
Malawi,2013,Developing,56.7,394.0,29,0.01,55.83107625,89.0,1,18.8,42,89.0,1.96,89.0,6.3,0.033178218413599025,0.012812145426079804,6.5,6.4,0.459,10.7
Malawi,2012,Developing,55.3,42.0,31,0.01,82.76865922,96.0,11,18.4,46,95.0,12.6,96.0,8.3,0.03734466271755297,0.0001311587784284977,6.6,6.5,0.454,10.7
Malawi,2011,Developing,54.1,441.0,32,1.23,13.77617463,97.0,26,18.0,50,97.0,11.67,97.0,11.2,0.051127808554246285,0.012078271944353515,6.7,6.6,0.444,10.6
Malawi,2010,Developing,52.9,462.0,35,1.08,9.728005297,93.0,118712,17.6,54,86.0,1.5,93.0,13.7,0.0457933795016019,0.0011722766508623203,6.8,6.7,0.43,10.2
Malawi,2009,Developing,51.5,491.0,36,1.16,7.915071248,93.0,21,17.3,56,93.0,1.18,93.0,14.9,0.0041123695685433385,0.001137239609816604,6.9,6.8,0.415,9.9
Malawi,2008,Developing,50.0,525.0,36,1.27,74.34482999,91.0,20,16.9,58,92.0,1.7,91.0,16.9,0.037176774662587016,0.011029947723989702,7.0,6.9,0.4,9.6
Malawi,2007,Developing,48.5,559.0,37,1.18,4.269511381,87.0,143,16.6,59,88.0,9.31,87.0,19.3,0.003059127715710802,0.0010703907625934524,7.1,7.0,0.387,9.7
Malawi,2006,Developing,47.1,587.0,38,1.18,6.847033785,99.0,1,16.2,61,99.0,8.99,99.0,21.1,0.029649941382785004,0.010379203067264054,7.3,7.1,0.377,9.6
Malawi,2003,Developing,44.6,613.0,43,1.08,4.375316094,84.0,167,15.2,70,85.0,6.35,84.0,24.2,0.0024511148997977926,0.009534771965847351,7.6,7.5,0.362,10.3
Malawi,2002,Developing,44.0,67.0,46,1.1,3.885394742,64.0,92,14.8,75,79.0,4.82,64.0,24.7,0.0028344783029803423,0.0009380286075318579,7.7,7.6,0.388,10.4
Malawi,2001,Developing,43.5,599.0,48,1.15,12.79760626,92.0,150,14.4,80,86.0,5.7,9.0,25.1,0.014531722767416863,0.00903949089485977,7.9,7.7,0.387,10.1
Malawi,2000,Developing,43.1,588.0,51,1.18,13.76270195,92.0,304,14.1,84,73.0,6.7,75.0,25.5,0.015182579178774518,0.008792407606991196,8.0,7.9,0.391,10.7
Malaysia,2013,Developing,74.6,128.0,3,0.53,110.6779711,96.0,195,38.5,4,97.0,4.2,97.0,0.1,0.18836696667523348,0.0023006288952942223,7.8,7.6,0.779,12.9
Malaysia,2012,Developing,74.5,129.0,3,0.53,101.609245,97.0,1868,37.4,4,97.0,4.1,97.0,0.1,0.1780719727281869,0.0022548217493145277,7.9,7.7,0.776,12.9
Malaysia,2011,Developing,74.3,13.0,3,0.51,9.23002632,96.0,1569,36.3,4,96.0,3.89,96.0,0.1,0.014367921608898318,0.022131536933932057,8.0,7.8,0.774,13.0
Malaysia,2010,Developing,74.1,131.0,3,0.49,65.56659662,96.0,73,35.3,4,96.0,3.99,96.0,0.1,0.09712599328922955,0.021727444297148672,8.2,8.0,0.764,12.8
Malaysia,2009,Developing,74.0,131.0,3,0.47,431.5452472,96.0,153,34.4,4,97.0,3.97,97.0,0.1,0.7337031073999162,0.0021372873275258704,8.3,8.2,0.756,12.6
Malaysia,2008,Developing,73.8,132.0,3,0.47,438.4519214,97.0,334,33.4,4,97.0,3.47,97.0,0.1,0.8525855361645388,0.002095386325093813,8.5,8.3,0.747,12.5
Malaysia,2007,Developing,73.7,133.0,3,0.43,409.9812523,96.0,394,32.5,4,97.0,3.61,97.0,0.1,0.7279363713384545,0.02057859909740106,8.7,8.5,0.736,12.3
Malaysia,2006,Developing,73.6,134.0,3,0.42,365.9113978,95.0,564,31.6,4,95.0,3.65,95.0,0.1,0.623146622314801,0.020205854537842082,8.8,8.6,0.732,12.7
Malaysia,2005,Developing,73.4,135.0,3,0.46,297.5913833,96.0,1407,3.7,4,96.0,3.29,96.0,0.1,0.5601278315757985,0.019831646140554732,9.0,8.8,0.734,12.9
Malaysia,2004,Developing,73.2,137.0,3,0.49,315.6639322,94.0,5729,29.8,4,95.0,3.74,95.0,0.1,0.4961890109060537,0.0019456405173465313,9.2,8.9,0.731,12.7
Malaysia,2003,Developing,73.1,138.0,3,0.48,264.2496129,95.0,632,28.8,4,96.0,3.95,96.0,0.1,0.4469284732993625,0.0019081202077573724,9.3,9.1,0.724,12.1
Malaysia,2002,Developing,72.9,14.0,4,0.49,216.7029481,95.0,408,27.9,4,94.0,3.4,94.0,0.1,0.4172489101081946,0.01870278920444562,9.5,9.3,0.723,12.0
Malaysia,2001,Developing,72.7,144.0,4,0.53,210.2417002,95.0,2198,27.0,5,95.0,3.4,96.0,0.1,0.39198280394220325,0.0018316234796665598,9.7,9.4,0.725,11.9
Malaysia,2000,Developing,72.4,149.0,4,0.54,23.37167228,97.0,6187,26.0,5,98.0,3.4,98.0,0.1,0.04442179576713225,0.0017919522406169587,9.8,9.6,0.715,11.6
Maldives,2015,Developing,78.5,61.0,0,3.65,0.0,99.0,0,27.4,0,99.0,5.73,99.0,0.1,0.840781847971647,3.797089955518037e-05,13.6,13.6,0.701,12.7
Maldives,2014,Developing,78.2,62.0,0,0.01,2051.748615,99.0,0,26.2,0,99.0,13.73,99.0,0.1,0.7727164515305418,5.410171118611461e-09,13.6,13.7,0.693,12.7
Maldives,2013,Developing,77.9,64.0,0,0.01,1626.591186,99.0,0,25.1,0,99.0,11.16,99.0,0.1,0.7122272079281194,2.7746449022593077e-07,13.7,13.8,0.683,12.4
Maldives,2012,Developing,77.6,65.0,0,0.01,1259.940376,99.0,0,24.1,0,99.0,9.16,99.0,0.1,0.655075057712339,2.712814375189462e-07,13.8,13.9,0.675,12.1
Maldives,2011,Developing,77.3,67.0,0,1.92,1079.893546,96.0,0,23.1,0,96.0,8.11,96.0,0.1,0.6506486304303909,2.650983848119617e-07,13.9,14.0,0.663,11.8
Maldives,2010,Developing,76.7,73.0,0,1.83,91.13971812,97.0,0,22.1,0,97.0,7.93,96.0,0.1,0.06331464032174146,2.5736956892823106e-07,14.0,14.1,0.653,11.6
Maldives,2009,Developing,76.3,75.0,0,1.59,100.503021,98.0,6,21.2,0,98.0,9.22,98.0,0.1,0.05964574771217014,1.5457631767461332e-09,14.1,14.2,0.651,11.8
Maldives,2008,Developing,75.9,81.0,0,1.76,1077.712092,98.0,0,2.3,0,98.0,9.3,98.0,0.1,0.5836460317995668,2.535051609863657e-07,14.2,14.3,0.641,11.8
Maldives,2007,Developing,75.4,82.0,0,1.78,6.491488598,98.0,20,19.5,0,98.0,6.64,98.0,0.1,0.005126455651423667,2.4345770033751585e-07,14.3,14.4,0.632,11.9
Maldives,2006,Developing,75.0,88.0,0,1.62,659.8499118,98.0,47,18.7,0,98.0,7.37,98.0,0.1,0.4434074303586227,2.310915949235468e-07,14.3,14.5,0.622,12.0
Maldives,2005,Developing,74.3,93.0,0,1.47,620.9518909,98.0,1395,18.0,0,98.0,9.52,98.0,0.1,0.349250931637665,2.2181701586307002e-07,14.4,14.5,0.625,12.1
Maldives,2004,Developing,73.4,16.0,0,1.6,611.9093566,97.0,37,17.3,0,96.0,5.89,96.0,0.1,0.3857945117484958,2.148610815677124e-07,14.5,14.6,0.617,12.2
Maldives,2003,Developing,72.7,112.0,0,1.75,491.4978908,98.0,75,16.7,0,98.0,5.9,98.0,0.1,0.3436171491468768,0.0,14.6,14.7,0.601,11.8
Maldives,2002,Developing,71.8,124.0,0,1.95,4.299053392,98.0,926,16.2,0,98.0,5.78,98.0,0.1,0.00307411842820124,2.032678577421164e-07,14.6,14.7,0.597,12.0
Maldives,2001,Developing,78.0,129.0,0,1.98,41.30688803,98.0,0,15.6,0,97.0,5.84,98.0,0.1,0.029747987202773468,1.9940344980025107e-07,14.7,14.8,0.587,11.8
Maldives,2000,Developing,69.6,139.0,0,1.83,300.1621026,96.0,20,15.2,0,98.0,8.0,98.0,0.1,0.21848796833022904,1.9476616027001267e-07,14.8,14.8,0.577,11.3
Mali,2015,Developing,58.2,266.0,52,3.65,0.0,64.0,215,23.8,84,66.0,5.73,64.0,1.5,0.07292334961773606,0.0013500394161881256,7.7,7.5,0.438,8.4
Mali,2014,Developing,57.8,272.0,52,0.01,46.56231672,73.0,290,23.2,85,74.0,6.86,73.0,1.6,0.08252377495112968,0.013110245081833708,7.9,7.7,0.43,8.2
Mali,2013,Developing,57.3,275.0,53,0.01,36.86104319,69.0,221,22.5,86,7.0,6.58,69.0,1.6,0.07772456133906681,0.012735375870788296,8.1,7.9,0.421,8.0
Mali,2012,Developing,57.2,27.0,53,0.01,96.5465827,66.0,341,21.9,88,72.0,6.47,66.0,1.5,0.07769336523272687,1.285533945940921e-05,8.3,8.1,0.411,7.7
Mali,2010,Developing,56.5,273.0,54,0.6,9.585584394,72.0,1719,2.7,91,77.0,6.35,73.0,1.5,0.0076821591536395985,0.00012176826712976495,8.8,8.5,0.396,7.3
Mali,2009,Developing,56.0,276.0,55,0.59,84.63438925,71.0,2939,2.2,93,77.0,6.85,73.0,1.6,0.0696608064355984,0.0011334795408891691,9.0,8.8,0.385,7.1
Mali,2008,Developing,55.5,278.0,55,0.57,102.1413744,74.0,98,19.6,94,74.0,6.74,74.0,1.6,0.0689121150682085,0.010927140560867493,9.2,9.0,0.36,5.8
Mali,2007,Developing,55.0,282.0,56,0.55,81.8405007,74.0,2,19.0,96,76.0,6.97,74.0,1.7,0.05949259107674219,0.001056940304310996,9.4,9.3,0.363,6.4
Mali,2005,Developing,53.6,29.0,57,0.55,60.21211141,83.0,33,18.0,101,78.0,6.34,77.0,1.9,0.04870556795351214,0.009891901998676424,9.9,9.7,0.338,5.8
Mali,2004,Developing,52.8,296.0,58,0.49,57.11644801,73.0,172,17.5,103,7.0,6.28,69.0,2.0,0.043839103533545434,0.0009577254948115455,1.1,1.0,0.333,5.5
Mali,2003,Developing,52.0,299.0,59,0.54,6.660451777,79.0,232,17.0,106,67.0,6.25,63.0,2.2,0.0390747308631905,9.668284941594034e-05,1.3,1.2,0.318,5.2
Mali,2002,Developing,51.2,31.0,60,0.53,3.67646576,92.0,717,16.5,108,65.0,6.32,61.0,2.3,0.03330861321046219,0.008995487654507337,1.5,1.5,0.308,4.9
Mali,2001,Developing,55.0,34.0,60,0.51,4.395885717,92.0,4464,16.1,110,56.0,6.39,49.0,2.4,0.0035223429312532294,0.008728324902972831,1.8,1.7,0.297,4.6
Mali,2000,Developing,49.8,37.0,60,0.47,23.94507124,92.0,1578,15.6,111,53.0,6.29,43.0,2.5,0.026810435829474576,0.00015205285928857518,11.0,1.9,0.291,4.4
Malta,2013,Developed,81.1,57.0,0,8.58,374.2947283,94.0,0,68.8,0,99.0,9.89,99.0,0.1,0.23954147931205833,0.00032719169162185387,0.8,0.7,0.828,14.2
Malta,2012,Developed,81.0,58.0,0,7.67,343.123395,93.0,0,68.4,0,99.0,9.95,99.0,0.1,0.21957839600968954,0.0003241627686770198,0.8,0.7,0.821,14.1
Malta,2010,Developed,83.0,62.0,0,7.91,278.0687051,75.0,0,67.6,0,76.0,8.3,76.0,0.1,0.21896851017855906,3.2015846916765895e-05,0.8,0.7,0.819,14.6
Malta,2009,Developed,82.0,63.0,0,7.38,335.5180568,86.0,1,67.1,0,73.0,8.33,73.0,0.1,0.2678269969696089,0.00031876960095335256,0.8,0.7,0.815,14.4
Malta,2004,Developed,78.7,69.0,0,6.53,203.3157499,85.0,4,64.5,0,89.0,8.46,89.0,0.1,0.15203483056678463,3.1868999414975014e-05,0.7,0.7,0.797,14.2
Malta,2001,Developed,77.8,79.0,0,5.62,130.0150391,92.0,2,62.8,0,95.0,7.11,95.0,0.1,0.11219350835818968,3.0369609133531264e-05,0.7,0.7,0.783,13.7
Malta,2000,Developed,77.5,8.0,0,5.59,134.3547253,92.0,2,62.3,0,94.0,6.83,94.0,0.1,0.11397428712177014,3.055200918838731e-06,0.8,0.7,0.779,13.8
Marshall Islands,2013,Developing,72.0,145.0,0,0.01,871.8783173,8.0,0,81.6,0,79.0,17.24,79.0,0.1,0.3621979089363071,0.001069443209766107,0.1,0.1,0.675,0.0
Mauritania,2015,Developing,63.1,25.0,8,3.65,0.0,73.0,1,3.8,12,67.0,5.73,73.0,0.9,0.11584647789442591,0.003232428077223793,7.8,7.5,0.513,8.5
Mauritania,2014,Developing,63.0,26.0,8,0.01,80.92679802,84.0,14,3.1,12,84.0,3.77,84.0,0.9,0.13271522889621004,3.58292446737986e-05,8.0,7.7,0.509,8.5
Mauritania,2013,Developing,62.7,28.0,8,0.01,8.88028118,8.0,62,29.4,12,8.0,3.63,8.0,1.1,0.01441321348792438,0.00030496593578500957,8.1,7.9,0.501,8.2
Mauritania,2012,Developing,62.5,29.0,8,0.01,62.48419552,8.0,35,28.8,12,8.0,3.36,8.0,1.2,0.13648286707718751,0.0002961720890725008,8.3,8.1,0.491,7.8
Mauritania,2011,Developing,62.2,212.0,8,0.01,79.27658464,75.0,234,28.1,12,73.0,2.87,75.0,1.2,0.1393853863970416,0.002873293962436069,8.5,8.3,0.487,7.7
Mauritania,2010,Developing,62.0,214.0,8,0.01,8.353074798,64.0,1292,27.4,12,52.0,3.28,64.0,1.2,0.01219011672584039,0.0002855867028381433,8.7,8.5,0.484,7.6
Mauritania,2009,Developing,61.7,215.0,8,0.01,11.14504291,64.0,322,26.8,12,63.0,3.79,64.0,1.2,0.014539432373140692,0.00027534215738425833,8.9,8.7,0.476,7.1
Mauritania,2008,Developing,61.4,217.0,8,0.02,61.76263795,74.0,4,26.1,12,73.0,3.23,74.0,1.3,0.11677591597151075,0.0002685817621307591,9.2,8.9,0.475,7.2
Mauritania,2007,Developing,61.2,219.0,8,0.02,7.35400072,74.0,11,25.5,12,75.0,3.54,75.0,1.3,0.011181383804909358,0.0025602715089738585,9.4,9.1,0.475,7.4
Mauritania,2006,Developing,69.0,221.0,8,0.01,55.79836969,68.0,22,24.8,12,68.0,3.21,68.0,1.3,0.09439933202481492,0.00024934628515933024,9.6,9.4,0.466,7.2
Mauritania,2005,Developing,66.0,223.0,8,0.01,55.12187071,42.0,127,24.2,12,71.0,4.21,71.0,1.3,0.06972011066122794,2.4220563216435148e-05,9.8,9.6,0.461,7.2
Mauritania,2004,Developing,64.0,224.0,8,0.01,5.00378288,92.0,5039,23.6,12,68.0,4.7,7.0,1.3,0.006096538126675318,0.000264935306796815,1.0,9.8,0.451,6.7
Mauritania,2003,Developing,63.0,226.0,8,0.01,29.65370899,92.0,3611,22.9,12,75.0,4.53,76.0,1.3,0.052776614246520186,0.002285475005990992,1.3,1.1,0.447,6.6
Mauritania,2002,Developing,62.0,228.0,7,0.02,4.113190741,92.0,883,22.3,12,91.0,5.31,89.0,1.2,0.004534685089485527,0.0022206387424239635,1.5,1.3,0.446,6.5
Mauritania,2001,Developing,61.0,229.0,7,0.01,28.782245,92.0,1398,21.7,12,75.0,4.34,75.0,1.2,0.04633041385915713,0.00021617111586000475,1.7,1.5,0.444,6.5
Mauritania,2000,Developing,60.0,23.0,7,0.03,8.594570232,92.0,0,21.1,11,58.0,5.26,51.0,1.1,0.04765721470485341,0.00021588514967230672,1.9,1.7,0.443,6.4
Mauritius,2015,Developing,74.6,146.0,0,3.65,0.0,97.0,0,33.3,0,98.0,5.73,97.0,0.1,0.9265549632186831,9.756161578192051e-05,6.9,6.8,0.779,15.2
Mauritius,2014,Developing,74.2,148.0,0,0.01,115.2784282,97.0,0,32.8,0,98.0,4.81,97.0,0.1,0.11541394746116392,9.80786735645421e-05,7.0,6.9,0.769,14.7
Mauritius,2013,Developing,74.1,147.0,0,0.01,917.467628,98.0,0,32.3,0,98.0,4.82,98.0,0.1,0.9651326662419899,0.0009727634518765202,7.0,7.0,0.765,14.7
Mauritius,2012,Developing,73.9,154.0,0,0.01,915.1859205,98.0,0,31.8,0,98.0,4.76,98.0,0.1,0.9304723911330789,0.0009706217969951385,7.1,7.0,0.756,14.3
Mauritius,2011,Developing,73.6,158.0,0,3.03,918.807245,98.0,2,31.3,0,98.0,5.2,98.0,0.1,0.9210612500055391,9.677250368019162e-05,7.1,7.1,0.748,14.1
Mauritius,2010,Developing,73.3,163.0,0,2.95,0.108055973,99.0,12,3.7,0,99.0,5.29,99.0,0.2,0.0006706020700021377,9.429155378151408e-07,7.2,7.2,0.74,14.0
Mauritius,2009,Developing,72.8,166.0,0,2.83,624.2361828,99.0,15,3.2,0,99.0,4.97,99.0,0.1,0.7328398968515868,0.0009640886289286209,7.3,7.3,0.734,13.8
Mauritius,2008,Developing,72.7,166.0,0,2.49,6.6489825,99.0,12,29.7,0,99.0,4.6,99.0,0.1,0.008208754924021948,0.0009615319366342828,7.4,7.3,0.728,13.6
Mauritius,2007,Developing,72.9,161.0,0,3.24,582.5143743,97.0,13,29.1,0,96.0,4.24,97.0,0.1,0.6583712181301047,9.578244236548573e-05,7.5,7.4,0.72,13.5
Mauritius,2006,Developing,71.8,165.0,0,3.73,502.3844946,97.0,3,28.6,0,98.0,4.38,97.0,0.1,0.5703591538631619,0.0009537065105520055,7.6,7.5,0.713,13.4
Mauritius,2005,Developing,72.1,168.0,0,3.94,479.9234077,97.0,7,28.0,0,97.0,4.47,97.0,0.1,0.512312961607463,0.0009492686244715674,7.7,7.6,0.704,13.0
Mauritius,2004,Developing,71.9,168.0,0,4.16,509.3899943,98.0,28,27.5,0,98.0,4.29,98.0,0.1,0.5236737428411526,9.412924864795574e-06,7.8,7.7,0.696,12.8
Mauritius,2003,Developing,71.5,174.0,0,4.08,407.779262,97.0,777,26.9,0,99.0,4.15,99.0,0.1,0.46292173602568343,9.375285531441805e-05,7.9,7.8,0.687,12.6
Mauritius,2002,Developing,71.5,179.0,0,4.14,369.6317105,88.0,0,26.4,0,88.0,4.24,88.0,0.1,0.39622948101993216,9.62909984506352e-05,7.9,7.9,0.683,12.5
Mauritius,2001,Developing,71.5,177.0,0,4.38,70.15536981,92.0,0,25.8,0,93.0,3.87,92.0,0.1,0.3796693877933031,0.0009245619187360455,8.0,8.0,0.673,12.2
Mauritius,2000,Developing,71.0,177.0,0,4.6,336.3213326,88.0,0,25.3,0,88.0,3.78,88.0,0.1,0.3865948832953542,0.0009172860114631015,8.1,8.1,0.667,12.1
Mexico,2015,Developing,76.7,122.0,30,3.65,0.0,82.0,0,63.5,35,87.0,5.73,87.0,0.1,0.9156382815896102,0.00973051350268189,1.5,1.5,0.758,13.3
Mexico,2014,Developing,76.6,122.0,31,5.26,168.173753,84.0,3,62.8,36,87.0,6.3,87.0,0.1,0.14529663538452,0.0009600595972084321,1.6,1.5,0.754,13.1
Mexico,2013,Developing,76.6,12.0,32,5.23,150.408875,82.0,0,62.1,37,83.0,6.3,83.0,0.1,0.1299305706284755,0.09470576807557879,1.6,1.5,0.753,12.9
Mexico,2011,Developing,76.1,124.0,34,5.3,1117.196097,98.0,3,6.8,39,97.0,6.4,97.0,0.1,0.9848856557443946,9.265536345892829e-05,1.6,1.6,0.745,12.6
Mexico,2009,Developing,75.7,13.0,36,5.27,881.7364327,95.0,0,59.4,42,95.0,6.6,95.0,0.1,0.7759098415116376,0.008930796692678924,1.7,1.6,0.738,12.5
Mexico,2008,Developing,75.6,127.0,37,5.36,159.8772264,97.0,0,58.7,43,96.0,6.6,96.0,0.1,0.9703675923277829,0.008784691930094467,1.7,1.6,0.735,12.3
Mexico,2006,Developing,75.8,125.0,40,5.11,980.2537444,98.0,23,57.2,47,98.0,5.83,98.0,0.1,0.8780563875059465,0.0009215407246070952,1.8,1.7,0.723,12.2
Mexico,2005,Developing,75.3,126.0,42,4.93,998.3498049,98.0,6,56.4,49,98.0,6.4,98.0,0.1,0.7998163501347474,0.014276818639455423,1.8,1.7,0.719,12.2
Mexico,2004,Developing,75.4,124.0,44,4.9,920.8284115,98.0,64,55.7,52,98.0,6.11,98.0,0.1,0.7209675549724498,0.013135546906392277,1.8,1.8,0.714,12.1
Mexico,2003,Developing,75.0,127.0,46,4.88,781.2062828,98.0,44,54.9,55,98.0,6.2,98.0,0.1,0.6761346583274319,0.0012091106416010039,1.9,1.8,0.708,11.9
Mexico,2002,Developing,75.0,127.0,49,4.77,12.1859723,97.0,0,54.1,58,98.0,5.52,97.0,0.1,0.07163089760102526,0.0011094977980835412,1.9,1.8,0.703,11.6
Mexico,2001,Developing,75.0,126.0,52,4.86,13.31109532,97.0,3,53.2,62,97.0,5.35,97.0,0.1,0.07308897237760702,0.00010567919110460283,1.9,1.9,0.7,11.6
Mexico,2000,Developing,74.8,129.0,55,4.99,10.22840118,97.0,30,52.4,66,97.0,4.98,97.0,0.1,0.06723364791286791,0.009057893205478933,2.0,1.9,0.694,11.4
Micronesia (Federated States of),2015,Developing,69.4,166.0,0,3.65,0.0,78.0,0,69.4,0,71.0,5.73,72.0,0.1,0.17423032051730014,0.001069443209766107,0.2,0.2,0.637,11.7
Micronesia (Federated States of),2014,Developing,69.4,164.0,0,1.58,0.0,81.0,140,68.7,0,76.0,13.71,77.0,0.1,0.17423032051730014,0.001069443209766107,0.2,0.2,0.639,11.7
Micronesia (Federated States of),2013,Developing,69.2,166.0,0,1.67,0.0,83.0,0,68.1,0,81.0,13.38,81.0,0.1,0.17423032051730014,0.001069443209766107,0.2,0.2,0.641,11.7
Micronesia (Federated States of),2012,Developing,69.0,168.0,0,2.98,0.0,82.0,0,67.5,0,81.0,12.77,81.0,0.1,0.17423032051730014,0.001069443209766107,0.2,0.2,0.64,11.7
Micronesia (Federated States of),2011,Developing,68.9,169.0,0,1.89,0.0,83.0,0,67.0,0,83.0,13.76,84.0,0.1,0.17423032051730014,0.001069443209766107,0.2,0.2,0.638,11.7
Micronesia (Federated States of),2010,Developing,68.7,171.0,0,1.76,0.0,88.0,0,66.4,0,85.0,13.83,85.0,0.1,0.17423032051730014,0.001069443209766107,0.2,0.2,0.633,11.5
Micronesia (Federated States of),2009,Developing,68.5,172.0,0,2.06,0.0,89.0,0,65.8,0,81.0,13.44,91.0,0.1,0.17423032051730014,0.001069443209766107,0.2,0.2,0.629,11.4
Micronesia (Federated States of),2008,Developing,68.4,174.0,0,1.97,0.0,89.0,0,65.2,0,88.0,12.94,85.0,0.1,0.17423032051730014,0.001069443209766107,0.2,0.2,0.628,11.2
Micronesia (Federated States of),2006,Developing,68.0,176.0,0,1.73,0.0,84.0,0,64.1,0,81.0,11.92,67.0,0.1,0.17423032051730014,0.001069443209766107,0.2,0.2,0.622,10.9
Micronesia (Federated States of),2005,Developing,67.9,178.0,0,1.9,0.0,91.0,0,63.6,0,94.0,12.11,94.0,0.1,0.17423032051730014,0.001069443209766107,0.2,0.2,0.617,10.7
Micronesia (Federated States of),2004,Developing,67.7,179.0,0,2.02,0.0,8.0,0,63.2,0,82.0,1.64,78.0,0.1,0.17423032051730014,0.001069443209766107,0.2,0.2,0.616,10.5
Micronesia (Federated States of),2003,Developing,67.5,18.0,0,3.15,0.0,89.0,0,62.8,0,88.0,9.69,92.0,0.1,0.17423032051730014,0.001069443209766107,0.2,0.2,0.612,10.4
Micronesia (Federated States of),2002,Developing,66.2,21.0,0,2.78,0.0,85.0,0,62.4,0,84.0,8.2,84.0,0.1,0.17423032051730014,0.001069443209766107,0.2,0.2,0.608,10.2
Micronesia (Federated States of),2001,Developing,67.2,183.0,0,2.82,0.0,81.0,0,62.0,0,79.0,8.58,75.0,0.1,0.17423032051730014,0.001069443209766107,0.3,0.2,0.604,10.1
Micronesia (Federated States of),2000,Developing,67.0,185.0,0,2.23,0.0,87.0,0,61.5,0,85.0,7.88,85.0,0.1,0.17423032051730014,0.001069443209766107,0.3,0.3,0.0,0.0
Monaco,2013,Developing,72.0,145.0,0,0.01,0.0,99.0,0,42.9,0,99.0,4.3,99.0,0.1,0.17423032051730014,0.001069443209766107,3.4,3.4,0.675,12.3
Mongolia,2015,Developing,68.8,222.0,1,3.65,0.0,99.0,20359,52.7,1,99.0,5.73,99.0,0.1,0.39489439726335046,0.0023007471461772436,2.2,2.3,0.733,14.8
Mongolia,2014,Developing,68.4,225.0,1,0.01,281.0023992,99.0,0,51.5,1,99.0,4.73,99.0,0.1,0.41867312665604633,0.00225979910674365,2.2,2.3,0.729,14.8
Mongolia,2013,Developing,68.1,227.0,1,0.01,241.1958645,98.0,0,5.4,1,98.0,4.21,98.0,0.1,0.4390860270893235,0.00022172658871723035,2.2,2.3,0.72,14.7
Mongolia,2012,Developing,67.8,231.0,1,0.01,253.8285861,99.0,0,49.2,2,99.0,4.22,99.0,0.1,0.4374276344590664,0.002175037182946776,2.2,2.3,0.712,14.7
Mongolia,2011,Developing,67.3,235.0,1,0.01,257.8403154,99.0,0,48.0,2,99.0,4.45,99.0,0.1,0.37740700775327896,0.0021342985944236316,2.2,2.3,0.701,14.6
Mongolia,2009,Developing,66.9,235.0,1,4.61,134.1678932,97.0,8,45.9,2,96.0,5.29,95.0,0.1,0.17190214375123558,0.0020622451625843755,2.2,2.3,0.686,13.8
Mongolia,2008,Developing,67.4,225.0,2,4.26,181.0123284,96.0,31,44.9,2,95.0,5.58,96.0,0.1,0.21414373421980973,0.00203120778375849,2.2,2.3,0.673,13.4
Mongolia,2007,Developing,65.9,26.0,2,3.79,126.698109,98.0,12,43.9,2,99.0,5.6,95.0,0.1,0.16358012397230065,0.00020027912463987778,2.2,2.4,0.661,13.0
Mongolia,2006,Developing,65.0,271.0,2,2.91,122.1206485,98.0,26,43.0,2,98.0,4.68,99.0,0.1,0.13351484080396328,0.00019768610691088613,2.2,2.4,0.649,12.7
Mongolia,2005,Developing,64.5,274.0,2,2.75,98.68367951,98.0,0,42.1,2,99.0,5.9,99.0,0.1,0.0998770487548798,0.001952617319444775,2.3,2.4,0.637,11.8
Mongolia,2004,Developing,64.0,284.0,2,1.75,73.24150483,98.0,0,41.3,2,99.0,5.99,99.0,0.1,0.07974571862231948,0.0019297292040866948,2.3,2.4,0.621,11.2
Mongolia,2002,Developing,63.8,263.0,2,2.43,55.60878216,98.0,1205,39.8,2,98.0,5.81,98.0,0.1,0.05707685038850933,0.0018886327713881338,2.4,2.5,0.599,10.1
Mongolia,2001,Developing,63.2,266.0,2,2.87,61.84921903,95.0,10677,39.1,3,95.0,5.45,95.0,0.1,0.052331819808507964,0.00187017404041302,2.5,2.6,0.588,9.4
Mongolia,2000,Developing,62.8,274.0,2,2.79,56.431387,93.0,925,38.5,3,94.0,4.92,94.0,0.1,0.047330402827162,0.0018529078657287656,2.6,2.6,0.582,8.9
Montenegro,2015,Developing,76.1,16.0,0,3.65,0.0,82.0,0,61.8,0,89.0,5.73,89.0,0.1,0.6470065018777069,0.0004808289581665938,1.8,1.8,0.804,15.1
Montenegro,2014,Developing,75.9,17.0,0,0.01,726.0291764,87.0,0,61.3,0,91.0,6.42,91.0,0.1,0.7388716235594311,4.803227207262095e-05,1.8,1.9,0.803,15.1
Montenegro,2013,Developing,75.8,19.0,0,0.01,707.144691,9.0,0,6.7,0,94.0,6.43,94.0,0.1,0.7196487174162802,4.79905364668488e-05,1.8,1.9,0.799,15.1
Montenegro,2012,Developing,75.6,11.0,0,0.01,648.1331781,9.0,0,6.2,0,94.0,7.25,94.0,0.1,0.659579684551528,4.812733650799084e-06,1.9,1.9,0.797,15.1
Montenegro,2011,Developing,75.4,113.0,0,6.56,666.7374371,91.0,5,59.7,0,95.0,6.92,95.0,0.1,0.7329016014025694,4.826645519389799e-06,1.9,2.0,0.792,15.1
Montenegro,2010,Developing,75.3,115.0,0,6.56,635.4849381,9.0,5,59.1,0,93.0,6.9,94.0,0.1,0.6691514846421126,0.00047871821854874696,2.0,2.0,0.787,15.0
Montenegro,2009,Developing,75.0,117.0,0,6.45,489.6818699,87.0,0,58.5,0,91.0,6.7,92.0,0.1,0.670805505841797,0.0004778417708275319,2.0,2.1,0.785,14.6
Montenegro,2008,Developing,74.6,121.0,0,6.17,709.1311228,93.0,0,57.8,0,95.0,6.13,95.0,0.1,0.733601972931799,0.0004768177027229376,2.1,2.1,0.774,14.2
Montenegro,2007,Developing,74.2,125.0,0,4.98,678.5188944,9.0,0,57.2,0,92.0,6.74,92.0,0.1,0.5965194625308132,0.0004759721702652575,2.1,2.2,0.762,13.6
Montenegro,2005,Developing,73.6,133.0,0,3.65,527.3076721,92.0,0,55.7,0,93.0,8.46,93.0,0.1,0.3678937568667509,0.00047472473938162335,2.3,2.3,0.746,12.8
Montenegro,2003,Developing,73.5,134.0,0,0.01,495.0782963,92.0,0,54.2,0,93.0,8.91,93.0,0.1,0.279204646919143,0.0004731836134944074,2.4,2.4,0.0,0.0
Montenegro,2002,Developing,73.4,136.0,0,0.01,36.48024032,92.0,0,53.5,0,93.0,8.33,93.0,0.1,0.02149124840861417,5.394249757890978e-05,2.5,2.5,0.0,0.0
Montenegro,2001,Developing,73.3,136.0,0,0.01,33.66981355,92.0,0,52.7,0,93.0,8.23,93.0,0.1,0.019822594840962302,5.205743938486787e-05,2.5,2.6,0.0,0.0
Montenegro,2000,Developing,73.0,144.0,0,0.01,274.5472605,92.0,0,51.9,0,93.0,7.32,93.0,0.1,0.16284037931857537,4.993587942478381e-06,2.6,2.7,0.0,0.0
Morocco,2015,Developing,74.3,95.0,17,3.65,0.0,99.0,17,58.5,20,99.0,5.73,99.0,0.1,0.2850253484077143,0.002692169162200841,6.4,6.2,0.645,12.1
Morocco,2014,Developing,74.1,96.0,18,0.43,198.7343495,99.0,10,57.5,21,99.0,5.91,99.0,0.1,0.3157983360666318,0.0026524121332949305,6.4,6.2,0.64,12.1
Morocco,2013,Developing,73.9,97.0,18,0.45,179.8598949,99.0,92,56.5,21,99.0,5.94,99.0,0.1,0.3115162915984644,0.026142514913098044,6.4,6.2,0.634,12.1
Morocco,2012,Developing,73.6,99.0,19,0.55,19.15853732,99.0,668,55.5,22,99.0,6.15,99.0,0.1,0.029354420025439417,0.025763045510838637,6.3,6.2,0.623,11.6
Morocco,2011,Developing,73.3,14.0,19,0.54,22.0945504,98.0,982,54.6,22,98.0,5.99,99.0,0.1,0.03387874319280627,0.025395953034335436,6.3,6.2,0.612,11.2
Morocco,2010,Developing,72.8,11.0,20,0.56,183.6592186,98.0,633,53.6,23,99.0,5.86,99.0,0.1,0.28371938124542234,0.002511559873985058,6.3,6.2,0.603,10.7
Morocco,2009,Developing,72.3,116.0,20,0.62,188.2902861,98.0,834,52.7,23,99.0,5.67,99.0,0.1,0.2864545728242812,0.02472437612727678,6.4,6.2,0.596,10.5
Morocco,2008,Developing,71.8,123.0,21,0.51,171.3658969,97.0,1455,51.7,24,99.0,5.41,99.0,0.1,0.28879772091120504,0.024420601202019453,6.4,6.3,0.589,10.3
Morocco,2007,Developing,71.4,128.0,21,0.56,157.6431445,95.0,2248,5.8,25,95.0,5.48,95.0,0.1,0.2496744832248488,0.024133882227654342,6.4,6.3,0.581,10.0
Morocco,2006,Developing,71.0,133.0,22,0.58,127.7632005,95.0,1217,49.9,25,97.0,5.23,97.0,0.1,0.21933749976551756,0.0029905200044709657,6.4,6.3,0.575,10.0
Morocco,2005,Developing,77.0,137.0,22,0.47,9.469371264,96.0,0,49.1,26,98.0,5.6,98.0,0.1,0.021242070455517348,2.7192292923729587e-05,6.5,6.3,0.569,9.8
Morocco,2004,Developing,72.0,142.0,23,0.56,100.3638322,95.0,6399,48.2,27,97.0,5.22,97.0,0.1,0.19503122274980014,0.002457184562716659,6.5,6.4,0.561,9.6
Morocco,2003,Developing,69.9,146.0,24,0.58,88.16506179,9.0,10841,47.3,28,91.0,5.25,91.0,0.1,0.17231031975814182,0.023065803153891715,6.6,6.4,0.551,9.3
Morocco,2001,Developing,69.0,155.0,26,0.46,71.11645,84.0,2724,45.7,30,93.0,4.44,96.0,0.1,0.13372753574684942,0.022554074389821967,6.7,6.5,0.53,8.5
Morocco,2000,Developing,68.6,16.0,27,0.45,63.42140024,43.0,7368,44.8,32,95.0,4.18,95.0,0.1,0.13328751619752102,0.022297314624466963,6.7,6.6,0.519,8.0
Mozambique,2015,Developing,57.6,355.0,60,3.65,0.0,8.0,79,22.6,81,8.0,5.73,8.0,3.9,0.05274916414056615,0.0002176875095363927,3.6,3.5,0.414,9.1
Mozambique,2014,Developing,56.7,375.0,61,0.01,54.91159475,79.0,9,22.2,84,79.0,6.98,79.0,4.1,0.06226213691344193,0.02103192274560063,3.6,3.5,0.409,9.1
Mozambique,2013,Developing,55.3,46.0,62,1.16,5.813338496,78.0,8,21.8,87,78.0,5.9,78.0,5.1,0.006440939405776157,0.0204306131410305,3.6,3.5,0.405,9.1
Mozambique,2012,Developing,54.8,48.0,64,1.19,49.90987221,76.0,145,21.3,90,73.0,5.58,76.0,6.9,0.056575536958073123,0.0019844754985175127,3.6,3.5,0.4,9.2
Mozambique,2011,Developing,54.3,47.0,66,0.94,40.80617976,76.0,177,2.9,94,73.0,6.23,76.0,9.6,0.052570752319485485,0.00019272652575829616,3.7,3.6,0.397,9.5
Mozambique,2010,Developing,54.0,47.0,69,0.96,5.743393664,74.0,2321,2.5,98,73.0,5.38,74.0,10.8,0.04182266662004662,0.0018720049968958758,3.7,3.6,0.39,9.3
Mozambique,2009,Developing,53.8,4.0,70,1.18,39.75216936,74.0,60,2.1,101,74.0,5.43,74.0,11.3,0.04629263824047455,0.0018181490620548637,3.7,3.6,0.382,9.2
Mozambique,2008,Developing,53.2,45.0,72,1.48,0.796915785,75.0,4,19.7,104,74.0,4.91,75.0,12.6,0.005153042419121053,0.017657812334241053,3.7,3.7,0.372,8.8
Mozambique,2007,Developing,52.1,425.0,74,1.03,53.9502789,75.0,267,19.3,108,75.0,5.25,75.0,14.1,0.04211517799758539,0.01714896951002229,3.8,3.7,0.36,8.2
Mozambique,2006,Developing,51.2,434.0,78,1.2,58.59644487,75.0,183,18.9,113,73.0,6.51,78.0,16.3,0.03847028822085895,0.01665361115087587,3.8,3.7,0.353,7.9
Mozambique,2005,Developing,58.0,434.0,80,1.23,67.33378735,75.0,12598,18.5,117,71.0,6.87,8.0,16.2,0.036807357868778964,2.257046102525865e-05,3.9,3.8,0.341,7.3
Mozambique,2004,Developing,54.0,429.0,82,1.54,46.58195631,76.0,9396,18.1,120,69.0,5.91,83.0,15.9,0.033519723017713145,0.0001787219113769762,3.9,3.8,0.332,7.0
Mozambique,2003,Developing,51.0,424.0,85,1.68,42.52689559,76.0,28898,17.7,124,67.0,6.39,85.0,15.3,0.028267089477946282,0.015238569301579215,4.0,3.9,0.318,6.7
Mozambique,2002,Developing,49.8,416.0,87,2.16,40.82597077,76.0,7155,17.3,127,76.0,6.45,76.0,14.5,0.02616299655206381,0.014792662997983258,4.0,4.0,0.311,6.2
Mozambique,2001,Developing,49.5,48.0,90,2.09,37.82511936,25.0,7085,16.9,132,72.0,5.64,73.0,13.4,0.025517637477830535,0.014366882530948536,4.1,4.0,0.298,5.8
Mozambique,2000,Developing,49.0,43.0,93,1.14,47.17250718,92.0,7375,16.5,136,69.0,6.16,7.0,12.2,0.027641819582699626,0.0014434746171697222,4.2,4.1,0.291,5.4
Myanmar,2015,Developing,66.6,199.0,39,3.65,0.0,89.0,6,23.8,50,89.0,5.73,89.0,0.3,0.11948590453982366,0.004052708947648602,12.8,13.0,0.552,9.1
Myanmar,2014,Developing,66.4,21.0,40,0.01,45.33788677,88.0,122,22.9,52,88.0,2.28,88.0,0.3,0.12632730526849867,0.040131217981158165,12.9,13.1,0.547,9.1
Myanmar,2012,Developing,65.9,25.0,44,0.55,38.4279083,58.0,2175,21.3,58,87.0,2.22,84.0,0.5,0.11718126526755407,0.004626840171163593,13.0,13.2,0.533,9.1
Myanmar,2011,Developing,65.6,27.0,47,0.33,21.23698847,4.0,2046,2.5,61,9.0,1.87,84.0,0.5,0.11866782681106637,0.00042917882737879856,13.0,13.3,0.526,9.1
Myanmar,2010,Developing,65.4,29.0,49,0.3,17.48293752,92.0,190,19.8,65,9.0,1.92,9.0,0.5,0.09876662907494796,0.003984870811992333,13.1,13.3,0.515,8.8
Myanmar,2009,Developing,65.2,211.0,52,0.28,11.05247903,91.0,329,19.1,69,9.0,2.5,9.0,0.6,0.07413049648673725,3.851655395657175e-05,13.1,13.4,0.504,8.5
Myanmar,2008,Developing,59.2,296.0,59,0.3,9.53048032,85.0,333,18.3,96,85.0,1.87,85.0,0.6,0.06433193901495465,0.03824196304009139,13.2,13.4,0.493,8.2
Myanmar,2007,Developing,64.5,217.0,58,0.26,0.5305728,85.0,1088,17.6,78,84.0,1.68,86.0,0.6,0.003983462728800114,0.03800378721252882,13.2,13.5,0.484,8.1
Myanmar,2006,Developing,64.2,22.0,61,0.28,4.632776304,75.0,760,17.0,83,82.0,1.78,82.0,0.6,0.02957739493676337,0.03775251413356968,13.2,13.5,0.474,8.0
Myanmar,2005,Developing,63.9,224.0,64,0.28,2.793843188,62.0,314,16.4,87,86.0,1.83,73.0,0.5,0.024596261831990058,0.03747129343882425,13.2,13.6,0.465,7.9
Myanmar,2004,Developing,63.5,228.0,66,0.44,4.15451614,39.0,1329,15.7,90,92.0,1.97,82.0,0.5,0.021849071561152834,0.0003766584319224952,13.3,13.6,0.455,7.8
Myanmar,2003,Developing,63.2,231.0,69,0.4,3.824212472,8.0,830,15.2,93,86.0,1.97,78.0,0.5,0.021845731833469193,0.0368083774428449,13.3,13.6,0.445,7.7
Myanmar,2002,Developing,62.8,235.0,71,0.41,3.421880938,92.0,736,14.6,96,84.0,2.5,79.0,0.4,0.014232732091001272,0.00036432710618000295,13.3,13.7,0.435,7.6
Myanmar,2001,Developing,62.5,239.0,72,0.38,1.917164,92.0,2519,14.1,98,77.0,1.8,73.0,0.4,0.013746781169520975,0.0360378917873958,13.3,13.7,0.427,7.6
Myanmar,2000,Developing,62.1,243.0,73,0.35,2.511437292,92.0,845,13.6,100,88.0,1.84,82.0,0.4,0.01918190245892534,0.0036290098507313693,13.3,13.7,0.417,7.5
Namibia,2015,Developing,65.8,248.0,2,3.65,0.0,92.0,212,35.7,3,92.0,5.73,92.0,2.1,0.4743726462756614,0.0018746451604017582,8.2,8.1,0.637,11.7
Namibia,2014,Developing,65.9,242.0,2,0.01,751.3982719,88.0,477,34.9,3,88.0,8.93,88.0,2.2,0.5428517470413319,0.0001839133570060781,8.6,8.5,0.632,11.7
Namibia,2013,Developing,66.1,232.0,3,0.01,760.6550553,89.0,1028,34.1,3,89.0,8.53,89.0,2.5,0.5495414349997773,0.00017901328773579285,9.0,8.9,0.625,11.6
Namibia,2012,Developing,65.8,232.0,3,0.01,796.8734263,84.0,86,33.3,4,84.0,8.24,84.0,3.7,0.5757157106500352,0.0017497266279177845,9.5,9.4,0.619,11.5
Namibia,2011,Developing,64.3,268.0,3,7.84,7.896234931,82.0,79,32.5,4,85.0,8.78,82.0,4.7,0.005538037714206509,0.0017123863997387165,9.9,9.9,0.612,11.5
Namibia,2010,Developing,63.0,299.0,3,7.58,719.5535161,83.0,3138,31.8,4,83.0,7.89,83.0,6.2,0.5198381935852596,0.00016793403016646493,1.4,1.4,0.604,11.4
Namibia,2009,Developing,62.4,36.0,3,7.99,575.6748069,92.0,4076,31.0,4,83.0,8.5,83.0,8.7,0.415859994342131,1.6493293095881234e-05,1.9,1.9,0.598,11.4
Namibia,2008,Developing,61.7,317.0,3,6.28,59.55033546,92.0,0,3.2,4,83.0,7.15,83.0,11.7,0.04286739927287633,0.0001672059757102175,11.5,11.4,0.589,11.3
Namibia,2007,Developing,60.0,356.0,3,5.12,62.11039296,92.0,21,29.4,4,81.0,6.99,86.0,15.2,0.04215259129525863,0.00021631487183544214,12.0,12.0,0.578,11.3
Namibia,2006,Developing,57.0,431.0,3,4.94,459.1572399,92.0,3,28.7,4,74.0,7.2,86.0,19.2,0.3885952672736904,0.00019762582214699303,12.6,12.6,0.57,11.4
Namibia,2005,Developing,55.1,477.0,3,4.89,457.7200522,92.0,4,27.9,4,86.0,7.32,86.0,22.1,0.35773002433016676,0.0001794337353198678,13.1,13.1,0.565,11.6
Namibia,2004,Developing,54.7,483.0,3,4.8,368.2848258,92.0,4,27.2,4,81.0,6.47,81.0,24.0,0.3291945765926681,2.2563505090963294e-05,13.7,13.7,0.559,11.7
Namibia,2003,Developing,55.0,471.0,3,5.28,294.6571552,92.0,262,26.5,4,82.0,6.52,79.0,24.7,0.24847403187742173,0.0015353300481846844,14.2,14.3,0.554,11.7
Namibia,2001,Developing,56.5,426.0,3,5.09,205.8078833,92.0,416,25.1,4,79.0,6.18,78.0,23.9,0.18356077092407286,0.0014944144697778027,15.2,15.4,0.556,11.7
Nauru,2013,Developing,72.0,145.0,0,0.01,15.60659587,87.0,0,87.3,0,87.0,4.65,87.0,0.1,0.013472161466452203,0.001069443209766107,0.1,0.1,0.675,9.6
Nepal,2015,Developing,69.2,165.0,17,3.65,0.0,91.0,1599,19.1,21,9.0,5.73,91.0,0.1,0.07432964462239659,0.0221478864710525,15.7,16.1,0.555,12.2
Nepal,2014,Developing,69.6,158.0,18,0.01,8.523486403,92.0,1279,18.5,22,92.0,5.8,92.0,0.1,0.0074679162557664165,0.021890485213979148,15.9,16.3,0.551,12.4
Nepal,2013,Developing,69.3,162.0,19,0.27,80.15505125,92.0,1861,18.0,24,92.0,5.69,92.0,0.1,0.06880582729414235,0.0021629068064172607,16.1,16.5,0.545,12.3
Nepal,2012,Developing,68.9,167.0,20,0.26,80.58788376,9.0,3362,17.4,25,9.0,5.89,9.0,0.2,0.06812224304792594,0.021370091674422147,16.3,16.7,0.538,12.3
Nepal,2011,Developing,68.4,172.0,22,0.27,112.1229028,92.0,2359,16.9,27,92.0,6.73,92.0,0.2,0.06915633958137299,0.021120622501090265,16.5,16.9,0.529,12.0
Nepal,2010,Developing,68.0,178.0,23,0.24,84.62302524,82.0,190,16.4,30,83.0,6.43,82.0,0.2,0.05914669583071836,0.0021046361719434616,16.7,17.2,0.515,11.1
Nepal,2009,Developing,67.5,183.0,25,0.22,6.19357029,89.0,189,15.9,32,93.0,6.41,89.0,0.2,0.004712541985385554,0.0020667464249550607,16.9,17.4,0.502,10.5
Nepal,2008,Developing,67.0,189.0,27,0.21,70.27113179,82.0,2089,15.4,35,82.0,6.44,82.0,0.2,0.04729345384687213,0.020462677679487336,17.0,17.6,0.492,10.1
Nepal,2007,Developing,66.6,194.0,29,0.2,52.22906505,82.0,1415,14.9,38,82.0,5.84,82.0,0.2,0.03928437991769663,0.020260946310342903,17.2,17.8,0.486,10.0
Nepal,2006,Developing,66.0,21.0,31,0.2,45.87989927,69.0,2838,14.4,41,91.0,5.7,89.0,0.2,0.03475169647324644,0.0020053062030873435,17.4,18.0,0.476,9.6
Nepal,2005,Developing,65.4,28.0,33,0.2,4.259752532,41.0,5023,13.9,44,78.0,5.72,75.0,0.2,0.031672726791797334,0.0019818639316304,17.6,18.2,0.469,9.4
Nepal,2004,Developing,64.7,218.0,35,0.21,31.93187316,27.0,12074,13.4,47,8.0,5.82,8.0,0.2,0.02862010943562877,0.00196266709873839,17.8,18.4,0.463,9.3
Nepal,2003,Developing,64.3,22.0,38,0.2,2.79096532,2.0,13344,12.9,50,76.0,5.48,78.0,0.1,0.025245456783213816,0.0019287947902463518,18.0,18.6,0.457,9.2
Nepal,2002,Developing,63.1,238.0,40,0.19,23.18394594,92.0,6749,12.4,54,72.0,5.6,72.0,0.1,0.024509406255257826,0.018986847147501963,18.2,18.8,0.447,8.6
Nepal,2001,Developing,63.2,23.0,43,0.09,21.92813881,92.0,10849,11.9,58,73.0,5.36,72.0,0.1,0.024734045972172703,0.018674166307701814,18.3,19.0,0.446,9.0
Nepal,2000,Developing,62.5,238.0,46,0.08,17.9123368,92.0,9397,11.4,62,74.0,5.43,74.0,0.1,0.023011955549605584,0.0018354987079506624,18.5,19.2,0.439,8.9
Netherlands,2011,Developed,81.1,63.0,1,8.96,1047.370244,2.0,51,59.9,1,97.0,1.53,97.0,0.1,0.536171815597479,0.0012902021507346943,1.0,0.9,0.911,17.2
Netherlands,2010,Developed,88.0,64.0,1,9.33,1035.621437,92.0,15,59.3,1,97.0,1.48,97.0,0.1,0.5345292592990664,0.012841705828190308,1.0,0.9,0.906,17.0
Netherlands,2009,Developed,86.0,65.0,1,9.23,96.8585885,92.0,15,58.6,1,97.0,1.29,97.0,0.1,0.051851343667357955,0.0012778468656629626,1.0,0.9,0.906,16.9
New Zealand,2015,Developed,81.6,66.0,0,8.7,0.0,92.0,10,67.5,0,92.0,5.73,92.0,0.1,0.3826453969880774,0.001069443209766107,0.4,0.3,0.913,19.2
New Zealand,2014,Developed,81.5,67.0,0,9.07,1040.278436,93.0,280,66.9,0,93.0,11.3,93.0,0.1,0.44588385303986616,0.001069443209766107,0.4,0.3,0.91,19.2
New Zealand,2012,Developed,81.1,7.0,0,9.2,924.5653683,93.0,68,65.9,0,93.0,11.53,93.0,0.1,0.4002103024402934,0.001069443209766107,0.3,0.3,0.904,19.5
New Zealand,2009,Developed,85.0,73.0,0,9.24,63.57705167,93.0,198,64.3,0,92.0,11.21,92.0,0.1,0.02817201150904528,0.001069443209766107,0.3,0.3,0.895,19.3
New Zealand,2007,Developed,81.0,76.0,0,9.19,606.3106561,88.0,25,63.2,0,88.0,8.35,88.0,0.1,0.32633765014280935,0.001069443209766107,0.3,0.3,0.891,19.2
New Zealand,2006,Developed,79.9,76.0,0,9.34,496.2228007,87.0,20,62.6,0,89.0,8.65,89.0,0.1,0.26705392895962465,0.001069443209766107,0.3,0.3,0.888,19.1
New Zealand,2005,Developed,79.9,78.0,0,9.31,491.055852,87.0,20,62.1,0,89.0,8.25,89.0,0.1,0.2778746424477694,0.001069443209766107,0.3,0.3,0.886,18.9
New Zealand,2004,Developed,79.2,79.0,0,9.15,442.3774869,88.0,33,61.5,0,87.0,7.89,89.0,0.1,0.2544869129447095,0.001069443209766107,0.3,0.3,0.884,18.4
Nicaragua,2014,Developing,74.5,148.0,2,3.55,473.1238124,98.0,0,53.2,3,99.0,9.4,98.0,0.1,0.197700826843928,0.00047452069864229287,1.8,1.7,0.636,11.6
Nicaragua,2013,Developing,73.9,157.0,2,3.58,366.4841804,98.0,0,52.4,3,99.0,8.43,98.0,0.1,0.18485324217215343,0.004595332107450388,1.8,1.7,0.63,11.5
Nicaragua,2012,Developing,73.9,157.0,2,3.63,334.8174246,98.0,0,51.7,3,99.0,8.4,98.0,0.1,0.1793628874372784,0.000454210143381437,1.8,1.7,0.625,11.5
Nicaragua,2011,Developing,74.5,147.0,3,3.39,321.6132593,98.0,0,5.9,3,99.0,6.39,98.0,0.1,0.1684023512737413,4.540524755374089e-05,1.8,1.8,0.62,11.5
Nicaragua,2010,Developing,73.2,154.0,3,3.38,302.7045411,98.0,0,5.2,3,99.0,6.58,98.0,0.1,0.15273078959845407,0.004434554187910669,1.9,1.8,0.614,11.4
Nicaragua,2009,Developing,73.2,163.0,3,3.36,292.753101,98.0,0,49.4,3,99.0,6.82,98.0,0.2,0.14652064135368076,0.004379569845950632,1.9,1.8,0.613,11.3
Nicaragua,2008,Developing,72.5,169.0,3,3.64,275.064434,97.0,0,48.6,3,97.0,6.98,97.0,0.2,0.15196513287758676,0.00043236696393083744,1.9,1.8,0.607,11.1
Nicaragua,2007,Developing,72.5,173.0,3,3.83,253.0007812,93.0,0,47.9,4,93.0,6.91,93.0,0.2,0.13448310160774815,0.0004267713012310164,2.0,1.9,0.601,11.0
Nicaragua,2006,Developing,73.0,17.0,3,3.69,21.41123529,88.0,0,47.1,4,88.0,6.33,88.0,0.3,0.012351273801394263,0.0004213572657044631,2.0,1.9,0.597,11.0
Nicaragua,2005,Developing,71.2,194.0,3,3.7,218.5716179,86.0,0,46.4,4,87.0,6.11,86.0,0.3,0.11753520811062505,0.004157557291045704,2.0,1.9,0.592,11.0
Nicaragua,2004,Developing,71.0,194.0,4,3.81,36.81621175,79.0,0,45.7,4,8.0,6.13,79.0,0.3,0.0190180437765753,4.1688459995254816e-05,2.1,2.0,0.587,11.0
Nicaragua,2003,Developing,76.0,198.0,4,3.77,2.542436908,86.0,0,44.9,5,86.0,6.12,86.0,0.3,0.011407003229900537,0.0004056430372496619,2.1,2.0,0.583,11.0
Nicaragua,2002,Developing,75.0,197.0,4,3.5,2.092343893,85.0,0,44.2,5,85.0,5.71,85.0,0.4,0.0009481392820415236,0.003997111710588986,2.2,2.1,0.577,10.7
Nicaragua,2001,Developing,73.0,193.0,4,3.51,22.35595448,87.0,0,43.5,5,89.0,5.26,87.0,0.4,0.014222644636587732,3.973384245825934e-06,2.2,2.1,0.57,10.4
Nicaragua,2000,Developing,73.0,192.0,4,3.61,15.25518816,83.0,0,42.8,5,85.0,5.39,83.0,0.4,0.011478017666945898,0.0004071246512545731,2.2,2.1,0.562,10.1
Niger,2014,Developing,61.4,223.0,49,0.01,3.304039899,68.0,1142,18.9,88,67.0,5.82,68.0,0.5,0.0042033712382829784,0.01479927963726132,9.8,9.6,0.345,5.3
Niger,2013,Developing,69.0,227.0,49,0.01,31.50243237,67.0,1224,18.5,89,56.0,5.9,67.0,0.6,0.041514420326089825,0.014241377381338988,1.0,9.9,0.341,5.3
Niger,2012,Developing,63.0,232.0,49,0.01,29.75517982,71.0,272,18.1,90,71.0,6.11,71.0,0.7,0.039047110108878964,0.01370442717239586,1.3,1.1,0.331,5.1
Niger,2010,Developing,58.2,252.0,50,0.12,5.883760536,7.0,372,17.3,95,75.0,6.36,7.0,0.9,0.03470362381828542,0.012695000536611687,1.7,1.6,0.312,4.5
Niger,2009,Developing,57.1,263.0,51,0.11,5.665405066,71.0,801,16.9,99,71.0,6.98,71.0,1.1,0.0340162977484962,0.012222255919859475,11.0,1.8,0.307,4.2
Niger,2008,Developing,56.0,272.0,52,0.12,40.37835666,92.0,1317,16.5,102,68.0,6.76,67.0,1.3,0.035371421994643534,0.011769820312604942,11.2,11.0,0.298,4.0
Niger,2007,Developing,55.2,276.0,53,0.1,35.80929749,92.0,282,16.1,106,57.0,6.94,57.0,1.4,0.02913535188674922,0.011336862094259,11.4,11.3,0.293,3.8
Niger,2006,Developing,54.5,277.0,54,0.11,43.42193066,92.0,59,15.7,110,52.0,7.39,51.0,1.5,0.025720206483530978,0.0010922594471364684,11.6,11.5,0.286,3.7
Niger,2005,Developing,53.7,278.0,55,0.11,3.751715442,92.0,2183,15.4,114,46.0,7.15,45.0,1.6,0.0023741106923827584,0.01052542221632359,11.9,11.8,0.278,3.5
Niger,2004,Developing,52.9,279.0,56,0.11,20.86118432,92.0,63057,15.0,118,45.0,6.61,43.0,1.6,0.02312620364836232,0.0010145446576623799,12.1,12.0,0.27,3.1
Niger,2003,Developing,52.1,28.0,56,0.1,20.26876572,92.0,54190,14.6,121,44.0,6.23,41.0,1.6,0.021452337538136107,0.0009781999009691364,12.3,12.2,0.266,3.0
Niger,2002,Developing,51.4,282.0,57,0.1,17.58722718,92.0,31584,14.3,124,43.0,6.55,39.0,1.6,0.01764348302606853,9.450796062625854e-06,12.5,12.5,0.261,2.9
Niger,2001,Developing,56.0,283.0,57,0.11,1.817829717,92.0,61208,13.9,127,42.0,7.1,36.0,1.6,0.01638431540206027,0.00909831723119561,12.7,12.7,0.255,2.9
Niger,2000,Developing,50.0,284.0,58,0.1,13.35783844,92.0,21319,13.6,128,41.0,6.1,34.0,1.5,0.015703076681809525,0.008774477527022529,12.8,12.9,0.253,2.8
Nigeria,2015,Developing,54.5,344.0,483,3.65,0.0,49.0,12423,25.4,747,49.0,5.73,49.0,3.7,0.2657811986124278,0.14003200780894826,9.8,9.7,0.525,10.0
Nigeria,2014,Developing,53.6,362.0,490,0.01,263.2111031,49.0,6855,24.7,759,49.0,3.67,49.0,3.9,0.32252577410209676,0.0013638407627117033,1.1,9.9,0.521,10.0
Nigeria,2013,Developing,53.2,367.0,498,8.3,194.2032879,46.0,52852,24.1,773,46.0,3.7,46.0,3.9,0.3000176786369683,0.01328034627197397,1.4,1.2,0.514,9.8
Nigeria,2010,Developing,52.0,374.0,521,8.9,133.1230872,49.0,8491,22.2,817,54.0,3.47,54.0,4.8,0.2329445084915833,0.12256219196514465,11.3,11.2,0.492,9.5
Nigeria,2009,Developing,51.6,376.0,527,9.05,14.5676468,63.0,1272,21.6,832,66.0,4.24,63.0,4.9,0.01963002722929577,0.011934951101250379,11.7,11.6,0.487,9.3
Nigeria,2008,Developing,59.0,386.0,536,9.3,105.5910629,41.0,9960,21.0,848,6.0,4.0,53.0,5.0,0.13844703187566684,0.0011861452380840865,12.0,11.9,0.481,9.2
Nigeria,2007,Developing,55.0,388.0,542,9.55,104.4746444,42.0,2613,2.4,863,54.0,4.47,42.0,5.2,0.11370029469189435,0.01131629262366604,12.3,12.3,0.477,9.1
Nigeria,2006,Developing,49.8,396.0,549,9.66,10.35779424,27.0,704,19.9,879,46.0,3.66,4.0,5.3,0.011825483044129993,0.011022419857318949,12.6,12.6,0.466,9.0
Nigeria,2005,Developing,49.2,4.0,556,9.71,6.416252787,18.0,110927,19.3,893,45.0,4.11,36.0,5.4,0.00863533813631985,0.10738373816639069,12.9,12.9,0.463,8.9
Nigeria,2004,Developing,48.5,47.0,563,9.76,57.22555815,92.0,31521,18.8,907,43.0,4.33,33.0,5.4,0.06481918169351811,0.10464320671167898,13.2,13.2,0.445,8.5
Nigeria,2003,Developing,48.1,41.0,567,9.75,30.19550849,92.0,141258,18.3,918,42.0,4.5,29.0,5.4,0.05118106933194861,0.10199911464868289,13.5,13.6,0.0,8.1
Nigeria,2002,Developing,47.7,49.0,571,9.61,17.137754,92.0,42007,17.8,928,4.0,2.43,25.0,5.3,0.045852379470935886,0.009944386841579663,13.8,13.8,0.0,7.7
Nigeria,2001,Developing,47.4,48.0,574,9.58,15.830985,92.0,168107,17.3,936,36.0,3.25,27.0,5.1,0.03506903542893483,0.09696835187468535,14.1,14.1,0.0,8.0
Nigeria,2000,Developing,47.1,45.0,576,9.23,22.48177606,92.0,212183,16.9,943,31.0,2.84,29.0,4.9,0.037805465007188566,0.0009456167589665046,14.3,14.4,0.0,7.6
Niue,2013,Developing,72.0,145.0,0,0.01,0.0,99.0,0,77.3,0,99.0,7.2,99.0,0.1,0.17423032051730014,0.001069443209766107,0.1,0.1,0.675,12.3
Norway,2015,Developed,81.8,59.0,0,5.97,0.0,92.0,14,61.2,0,95.0,5.73,95.0,0.1,0.746574313101748,0.0004009964731403631,0.8,0.7,0.948,17.7
Norway,2014,Developed,81.6,61.0,0,6.06,177.6382878,92.0,3,6.8,0,93.0,9.72,93.0,0.1,0.09754082725644085,0.0039704457500269385,0.8,0.7,0.945,17.7
Norway,2013,Developed,81.5,62.0,0,6.21,234.782883,92.0,8,6.3,0,94.0,9.39,94.0,0.1,0.12918609024994956,0.0004479536669235571,0.8,0.7,0.942,17.5
Norway,2011,Developed,81.1,67.0,0,6.53,277.3550522,92.0,39,59.4,0,94.0,9.14,94.0,0.1,0.15758752799356246,0.00038284998632695186,0.7,0.7,0.939,17.6
Norway,2009,Developed,89.0,67.0,0,6.68,142.3749426,92.0,2,58.5,0,94.0,9.49,94.0,0.1,0.08174288302896765,0.003732007142724318,0.7,0.7,0.936,17.4
Norway,2004,Developed,79.8,77.0,0,6.22,1009.825011,92.0,7,55.9,0,92.0,9.44,92.0,0.1,0.5764991525817116,0.000354873991472612,0.8,0.7,0.924,17.5
Norway,2002,Developed,78.9,81.0,0,5.89,749.6823382,92.0,5,54.6,0,93.0,9.62,93.0,0.1,0.43665951351862325,0.003507433258235521,0.8,0.7,0.916,17.1
Oman,2014,Developing,76.4,11.0,1,0.4,166.1913728,99.0,0,53.5,1,99.0,3.55,99.0,0.1,0.24607848832427084,0.001069443209766107,7.1,6.9,0.796,13.7
Oman,2010,Developing,75.6,16.0,1,0.56,129.2260751,99.0,3,51.8,1,99.0,2.74,99.0,0.1,0.19302145596645756,0.001069443209766107,6.9,6.8,0.797,13.5
Oman,2008,Developing,75.2,19.0,1,0.57,123.0966298,99.0,18,51.1,1,97.0,2.1,99.0,0.1,0.2277387069129875,0.001069443209766107,6.9,6.8,0.765,11.9
Oman,2007,Developing,74.9,113.0,1,0.57,88.45038011,99.0,24,5.6,1,97.0,2.43,99.0,0.1,0.15860380171486607,0.001069443209766107,7.0,6.8,0.753,11.5
Oman,2006,Developing,74.7,115.0,1,0.58,78.51141,99.0,13,5.1,1,98.0,2.31,98.0,0.1,0.1449232603441151,0.001069443209766107,7.0,6.8,0.748,11.6
Oman,2004,Developing,74.0,122.0,1,0.61,70.46762486,99.0,18,48.9,1,99.0,2.98,99.0,0.1,0.11294498414746174,0.001069443209766107,7.1,6.8,0.734,11.5
Oman,2003,Developing,73.6,127.0,1,0.56,65.65631302,99.0,1,48.1,1,99.0,3.17,99.0,0.1,0.09697130226093678,0.001069443209766107,7.1,6.8,0.725,11.2
Oman,2002,Developing,73.3,13.0,1,0.54,585.9170945,99.0,5,47.3,1,99.0,3.18,99.0,0.1,0.8641532250009442,0.001069443209766107,7.1,6.8,0.716,11.0
Oman,2000,Developing,72.6,138.0,1,0.38,62.86657508,99.0,15,45.9,1,99.0,3.7,99.0,0.1,0.08609089039422971,0.001069443209766107,7.2,6.9,0.0,10.4
Pakistan,2015,Developing,66.4,161.0,352,3.65,0.0,72.0,386,25.4,433,72.0,5.73,72.0,0.1,0.1431899194600652,0.014637201730889959,19.2,19.6,0.548,8.1
Pakistan,2014,Developing,66.2,162.0,359,0.01,62.29361092,72.0,1370,24.7,442,72.0,2.61,72.0,0.1,0.13174573147528496,0.14340525954886316,19.4,19.8,0.542,7.8
Pakistan,2013,Developing,66.0,163.0,365,0.04,60.18648815,72.0,8749,23.9,450,72.0,2.7,72.0,0.1,0.12728364803186204,0.1404422927730177,19.6,2.0,0.538,7.7
Pakistan,2012,Developing,65.7,165.0,369,0.04,59.65900139,72.0,8046,23.2,456,72.0,2.76,72.0,0.1,0.12616663198209002,0.1375045219369532,19.8,2.2,0.529,7.6
Pakistan,2011,Developing,65.5,167.0,371,0.04,57.87736282,74.0,4386,22.5,459,75.0,3.1,74.0,0.1,0.122653465789713,0.1346237851248211,2.0,2.4,0.525,7.5
Pakistan,2010,Developing,65.1,172.0,372,0.04,0.66751505,82.0,4321,21.9,461,82.0,3.2,82.0,0.1,0.0012481277159752337,0.0013572944556581835,2.2,2.7,0.521,7.5
Pakistan,2009,Developing,64.8,175.0,371,0.03,0.697215581,78.0,863,21.3,460,7.0,2.94,71.0,0.1,0.0014983080040568257,0.0012945179215241695,2.5,2.9,0.514,7.3
Pakistan,2008,Developing,64.6,177.0,369,0.03,5.447133608,65.0,1129,2.6,460,7.0,3.26,62.0,0.1,0.013785639804794227,0.012647765878338267,2.7,21.1,0.513,7.3
Pakistan,2007,Developing,64.4,178.0,367,0.03,3.912744517,75.0,2801,2.1,459,75.0,3.35,75.0,0.1,0.009390461805926745,0.012623428610001987,2.8,21.3,0.505,6.7
Pakistan,2006,Developing,64.2,179.0,365,0.03,40.36829999,78.0,7641,19.5,458,77.0,3.4,78.0,0.1,0.08735162357193157,0.012206860118619083,21.0,21.5,0.501,6.5
Pakistan,2005,Developing,62.9,2.0,364,0.04,30.59320769,7.0,2981,18.9,459,78.0,2.91,77.0,0.1,0.07109482780684265,0.011902092813402286,21.2,21.7,0.487,6.1
Pakistan,2004,Developing,63.7,183.0,364,0.01,28.98323119,65.0,4248,18.4,461,65.0,2.56,65.0,0.1,0.06492258846816716,1.2172112135287419e-05,21.4,21.8,0.474,5.6
Pakistan,2003,Developing,63.5,185.0,366,0.01,24.23455671,63.0,4740,17.9,466,69.0,2.61,67.0,0.1,0.05628310685310422,0.0011417833806746493,21.6,22.0,0.465,5.6
Pakistan,2002,Developing,63.2,187.0,371,0.01,22.39387584,92.0,3903,17.4,474,71.0,2.76,68.0,0.1,0.04989959001364009,0.11180049752861065,21.8,22.2,0.457,5.5
Pakistan,2001,Developing,63.0,189.0,377,0.01,1.766663097,92.0,3849,16.9,483,68.0,2.61,65.0,0.1,0.005005711766897081,0.010945087644231105,22.0,22.4,0.45,5.4
Pakistan,2000,Developing,62.8,19.0,385,0.02,18.84534312,92.0,2064,16.4,495,65.0,2.79,62.0,0.1,0.053305056068137006,0.10706207025948093,22.2,22.6,0.445,5.3
Palau,2013,Developing,72.0,145.0,0,3.65,344.6906308,99.0,0,83.3,0,99.0,9.27,99.0,0.1,0.19335950538455518,1.9940344980025107e-07,0.1,0.1,0.779,14.2
Panama,2012,Developing,77.2,12.0,1,6.95,201.7490628,85.0,0,55.6,1,87.0,7.25,85.0,0.1,0.15907405578201428,0.002916008036299095,1.9,1.9,0.765,12.8
Panama,2011,Developing,77.3,121.0,1,6.9,119.2124275,87.0,4,54.9,1,91.0,7.5,87.0,0.1,0.09275548261711346,0.000291954474244749,2.0,1.9,0.758,12.9
Panama,2009,Developing,76.8,127.0,1,6.87,1092.155356,85.0,0,53.4,2,85.0,7.56,85.0,0.1,0.7440083008842031,0.002766414486224723,2.0,1.9,0.755,12.8
Panama,2006,Developing,76.2,125.0,1,5.72,631.1251711,88.0,0,51.1,2,98.0,7.0,88.0,0.1,0.5355572931031347,0.0002621312923941975,2.1,2.0,0.744,12.9
Panama,2005,Developing,75.8,122.0,1,5.53,623.9100503,92.0,0,5.3,2,88.0,7.48,92.0,0.1,0.4922897622452201,0.00025770268089281984,2.1,2.1,0.74,12.9
Panama,2004,Developing,75.8,123.0,1,5.69,527.60848,95.0,0,49.5,2,92.0,8.9,95.0,0.2,0.4597711102004523,0.0025269417633568586,2.2,2.1,0.733,12.8
Panama,2003,Developing,75.5,126.0,1,5.52,58.45976019,98.0,0,48.6,2,95.0,7.6,98.0,0.1,0.42724235046826736,0.00025438624599711103,2.2,2.2,0.728,12.8
Panama,2002,Developing,75.7,125.0,1,5.52,78.80940216,98.0,0,47.8,2,99.0,8.3,99.0,0.2,0.41312040809479444,0.0024339826574337,2.3,2.2,0.725,12.6
Panama,2001,Developing,75.5,124.0,2,5.43,7.320514461,98.0,0,46.9,2,95.0,7.72,99.0,0.1,0.04454180382139016,0.00030115331090956526,2.3,2.3,0.721,12.4
Panama,2000,Developing,75.7,121.0,2,5.58,9.87102142,92.0,0,45.9,2,99.0,7.76,98.0,0.2,0.00446908987214128,2.5747004353471955e-05,2.4,2.3,0.716,12.1
Papua New Guinea,2015,Developing,62.9,275.0,10,3.65,0.0,67.0,38,48.6,12,74.0,5.73,73.0,0.6,0.17423032051730014,0.006121060647662714,1.3,1.3,0.515,10.0
Papua New Guinea,2014,Developing,62.7,278.0,10,0.01,208.2311603,67.0,2299,47.9,13,64.0,4.26,73.0,0.7,0.21845986799363443,0.005994277151905996,1.3,1.3,0.511,10.0
Papua New Guinea,2013,Developing,62.4,281.0,10,0.01,25.70881695,73.0,12,47.2,13,8.0,4.78,79.0,0.8,0.02286452506453667,0.0058683592835282565,1.3,1.3,0.506,10.0
Papua New Guinea,2012,Developing,62.2,284.0,10,0.01,31.6357652,68.0,0,46.4,13,81.0,4.55,74.0,1.0,0.027007793564675652,0.0005748708711950634,1.3,1.3,0.501,9.9
Papua New Guinea,2011,Developing,62.0,285.0,10,0.88,23.40731286,66.0,0,45.7,13,69.0,4.94,72.0,1.0,0.017647362854751963,0.005618318950702567,1.3,1.3,0.494,9.9
Papua New Guinea,2010,Developing,61.8,286.0,10,0.79,18.99961966,56.0,0,44.9,14,72.0,4.18,67.0,1.1,0.13674282781891037,0.000555087421177478,1.4,1.3,0.485,9.6
Papua New Guinea,2009,Developing,61.6,288.0,11,0.82,20.53327531,66.0,0,44.2,14,79.0,4.36,73.0,1.1,0.11668854154844883,0.005369527594523689,1.4,1.3,0.477,9.2
Papua New Guinea,2008,Developing,61.4,29.0,11,0.81,103.7277727,59.0,0,43.4,14,76.0,4.6,63.0,1.3,0.11789664417646119,0.005245665591171021,1.4,1.3,0.469,8.9
Papua New Guinea,2007,Developing,61.1,295.0,11,0.71,85.7175381,61.0,0,42.7,14,72.0,4.4,71.0,1.4,0.09565478999772933,0.005122572604998784,1.4,1.3,0.461,8.6
Papua New Guinea,2006,Developing,68.0,299.0,11,0.64,126.6142137,71.0,1,41.9,14,67.0,5.92,72.0,1.5,0.08540586910394149,0.0005002383334954066,1.4,1.4,0.454,8.2
Papua New Guinea,2005,Developing,64.0,37.0,11,0.84,12.05551997,63.0,1222,41.1,15,61.0,6.42,72.0,1.5,0.007602000060049952,0.0004880322145702308,1.4,1.4,0.446,7.9
Papua New Guinea,2004,Developing,59.9,314.0,11,0.58,158.001946,6.0,1385,4.4,15,59.0,8.39,62.0,1.5,0.06367188720428232,0.0047620967677736445,1.5,1.4,0.439,7.6
Papua New Guinea,2003,Developing,59.6,321.0,11,0.59,124.3789361,67.0,3863,39.6,14,62.0,6.79,68.0,1.4,0.05876354463368139,4.767906518673445e-05,1.5,1.4,0.433,7.2
Papua New Guinea,2002,Developing,59.3,327.0,11,0.61,110.9803062,6.0,17620,38.9,14,54.0,7.69,61.0,1.4,0.05108176565016618,0.004530849823650835,1.5,1.5,0.428,6.9
Papua New Guinea,2001,Developing,59.1,331.0,11,0.68,93.37278497,59.0,4023,38.2,14,52.0,6.68,55.0,1.3,0.05386125017862137,0.004417882359167874,1.5,1.5,0.422,6.6
Papua New Guinea,2000,Developing,58.9,335.0,11,0.73,62.56273841,57.0,7135,37.5,14,51.0,3.98,59.0,1.1,0.06312952562709431,0.004306641512153339,1.6,1.5,0.418,6.2
Paraguay,2015,Developing,74.0,146.0,2,3.65,0.0,93.0,0,5.2,3,89.0,5.73,93.0,0.2,0.04183688071573838,0.005131226560143798,2.0,1.9,0.692,12.3
Paraguay,2014,Developing,73.9,147.0,3,0.01,561.7684701,87.0,0,49.4,3,83.0,9.81,87.0,0.2,0.471883864234126,0.005064345251893934,2.0,1.9,0.688,12.3
Paraguay,2013,Developing,73.8,148.0,3,5.03,573.4346982,86.0,0,48.6,3,8.0,1.49,86.0,0.2,0.4485594023316578,0.0004996988621467222,2.0,1.9,0.679,12.3
Paraguay,2012,Developing,73.6,148.0,3,5.36,441.8446244,87.0,0,47.9,3,83.0,1.33,87.0,0.1,0.38601529738873336,0.004930354635325638,2.0,2.0,0.679,12.3
Paraguay,2010,Developing,73.2,152.0,3,5.65,359.9760397,89.0,0,46.4,3,85.0,9.1,89.0,0.1,0.3229177761263907,0.00048679405826565714,2.1,2.0,0.664,12.4
Paraguay,2009,Developing,73.0,155.0,3,5.39,30.93519548,85.0,0,45.6,3,81.0,9.14,85.0,0.1,0.26021594891068034,0.00473606611587724,2.1,2.0,0.663,12.1
Paraguay,2007,Developing,72.5,159.0,3,5.61,318.6201852,86.0,0,44.2,4,95.0,6.41,95.0,0.1,0.23142865847341407,0.0046111081664322595,2.2,2.1,0.649,12.0
Paraguay,2006,Developing,72.3,161.0,3,5.61,26.18072382,92.0,0,43.5,4,98.0,6.43,98.0,0.2,0.018834125773943437,0.004546678438580715,2.2,2.2,0.648,12.1
Paraguay,2005,Developing,72.1,163.0,3,6.38,20.68037294,92.0,0,42.8,4,96.0,6.7,96.0,0.2,0.015571834502716804,0.00447920433015257,2.3,2.2,0.646,12.3
Paraguay,2004,Developing,71.9,165.0,3,6.2,20.60083027,9.0,0,42.0,4,92.0,5.78,92.0,0.2,0.014708655005036497,4.431703027731162e-05,2.3,2.2,0.639,12.1
Paraguay,2003,Developing,71.7,166.0,4,6.64,155.4233076,86.0,0,41.3,4,86.0,5.99,86.0,0.1,0.11750146527011343,4.386953183764361e-05,2.4,2.3,0.642,12.7
Paraguay,2002,Developing,71.5,168.0,4,5.66,152.8293973,92.0,0,4.6,4,87.0,6.77,87.0,0.1,0.11484218100945029,0.0004317138789886622,2.4,2.3,0.632,12.2
Paraguay,2001,Developing,71.2,17.0,4,6.66,233.8488603,92.0,0,39.8,5,9.0,7.61,89.0,0.1,0.1417897310062639,0.00042244934738883426,2.5,2.4,0.624,11.8
Paraguay,2000,Developing,79.0,172.0,4,6.78,273.5758769,92.0,0,39.1,5,86.0,8.1,86.0,0.1,0.1546467633889177,4.09086224725864e-06,2.5,2.4,0.625,11.6
Peru,2015,Developing,75.5,123.0,8,3.65,0.0,9.0,4,55.6,10,88.0,5.73,9.0,0.1,0.006176265476014103,0.024250425042365117,1.1,1.1,0.737,13.4
Peru,2014,Developing,75.3,125.0,8,0.01,973.728675,88.0,0,54.9,10,78.0,5.47,88.0,0.1,0.6500446522356552,0.0030709058727144715,1.1,1.1,0.735,13.4
Peru,2013,Developing,75.3,125.0,8,5.38,946.6521165,88.0,0,54.2,11,71.0,5.23,88.0,0.1,0.6592187916717239,0.0027558499677932512,1.1,1.1,0.731,13.4
Peru,2011,Developing,74.5,133.0,9,4.83,759.5380695,91.0,0,52.9,12,91.0,4.93,91.0,0.2,0.5779311602382328,0.023000921290310974,1.1,1.1,0.721,13.4
Peru,2010,Developing,73.7,14.0,10,4.72,69.43934508,93.0,0,52.2,12,92.0,5.3,93.0,0.2,0.05216627647820061,0.02270232389881416,1.1,1.1,0.708,13.3
Peru,2009,Developing,73.8,14.0,10,4.69,570.4532468,93.0,0,51.5,13,92.0,5.36,93.0,0.3,0.4172057880685585,2.2508630498188806e-05,1.2,1.2,0.706,13.3
Peru,2008,Developing,73.9,138.0,11,4.85,58.4989742,93.0,1,5.8,14,93.0,4.73,93.0,0.3,0.04278947316167397,0.0022136596216809547,1.2,1.2,0.7,13.2
Peru,2007,Developing,74.0,133.0,11,4.29,516.4037021,93.0,0,5.2,15,93.0,4.6,93.0,0.3,0.3615430753875383,0.021866899186546766,1.2,1.2,0.696,13.2
Peru,2006,Developing,74.2,134.0,12,4.22,448.7670462,94.0,0,49.5,15,94.0,4.47,94.0,0.4,0.3174996187581274,0.021601970835684246,1.2,1.2,0.693,13.0
Peru,2005,Developing,72.8,148.0,13,4.44,411.5645653,94.0,0,48.8,16,66.0,4.72,77.0,0.4,0.2757599680416303,0.00021339801672092218,1.3,1.3,0.692,13.0
Peru,2004,Developing,72.2,151.0,14,4.27,356.9393805,92.0,0,48.1,18,81.0,4.56,86.0,0.4,0.2450459680019015,0.021078923220752773,1.3,1.3,0.685,12.8
Peru,2003,Developing,72.1,152.0,15,4.5,34.70333523,65.0,0,47.4,19,95.0,4.6,94.0,0.4,0.021693247504691714,0.0208196554546435,1.3,1.3,0.686,13.3
Peru,2002,Developing,72.6,144.0,16,4.03,40.53777863,92.0,0,46.7,20,95.0,4.94,95.0,0.4,0.02579323410443353,0.0020569725643884945,1.4,1.4,0.686,13.9
Peru,2001,Developing,72.4,142.0,17,4.22,302.5359058,92.0,0,46.1,22,9.0,4.98,9.0,0.5,0.19827965932157354,0.020296897670307665,1.4,1.4,0.677,13.4
Peru,2000,Developing,71.4,154.0,18,4.59,297.5112337,92.0,1,45.4,24,93.0,4.83,98.0,0.5,0.19982979145991445,0.020029106566041812,1.4,1.4,0.674,13.5
Philippines,2015,Developing,68.5,211.0,52,3.65,0.0,6.0,619,25.4,66,79.0,5.73,6.0,0.1,0.2881357020419139,0.009055331875895065,1.0,9.7,0.679,11.7
Philippines,2014,Developing,68.4,214.0,54,4.52,31.27232188,67.0,58848,24.8,68,77.0,4.71,67.0,0.1,0.28458991654170485,8.672890743928363e-05,1.0,9.7,0.676,11.7
Philippines,2013,Developing,68.1,219.0,55,4.61,24.58973399,89.0,2920,24.3,69,84.0,4.56,89.0,0.1,0.02750564614986415,0.007611413624693616,1.0,9.7,0.671,11.7
Philippines,2011,Developing,68.0,218.0,57,4.96,191.4949779,87.0,6538,23.1,72,87.0,4.29,87.0,0.1,0.23546776997515703,0.007363830282437364,1.0,9.7,0.669,11.5
Philippines,2010,Developing,67.9,218.0,58,4.85,198.2563794,77.0,6368,22.6,74,78.0,4.37,79.0,0.1,0.21312944082877333,0.07243955575199114,1.0,9.7,0.662,11.4
Philippines,2009,Developing,68.0,219.0,59,4.42,159.5348489,85.0,1469,22.1,76,86.0,4.41,87.0,0.1,0.18266397419076463,0.007128167092918592,1.0,9.7,0.661,11.7
Philippines,2007,Developing,67.5,216.0,62,4.19,137.327474,87.0,530,21.1,80,87.0,3.94,87.0,0.1,0.16737342381195994,0.0069013031602834455,1.0,9.7,0.648,11.4
Philippines,2006,Developing,67.3,219.0,63,4.08,121.3625467,77.0,9,2.6,82,88.0,3.95,88.0,0.1,0.13923621627431748,0.006793153839622402,1.0,9.7,0.646,11.5
Philippines,2005,Developing,67.0,223.0,65,4.22,105.7306982,49.0,118,2.1,84,9.0,3.91,89.0,0.1,0.11949650032341155,0.06667974305026035,1.0,9.7,0.642,11.6
Philippines,2004,Developing,67.3,218.0,66,4.45,13.39905105,48.0,3025,19.6,86,85.0,3.23,88.0,0.1,0.017798046746700096,0.06544642189290356,1.0,9.7,0.636,11.6
Philippines,2003,Developing,67.2,217.0,67,4.44,0.901149288,52.0,10511,19.2,87,85.0,3.25,84.0,0.1,0.0009887975027553545,0.006439587563797317,1.0,9.7,0.631,11.6
Philippines,2002,Developing,66.8,221.0,68,4.42,0.09987219,42.0,7003,18.7,89,77.0,2.79,79.0,0.1,0.0,0.0006287329890887824,1.0,9.7,0.625,11.4
Philippines,2001,Developing,66.8,221.0,68,4.54,69.0204245,45.0,7360,18.3,89,76.0,3.0,79.0,0.1,0.09571673994900305,0.06157182891746665,1.0,9.7,0.622,11.4
Philippines,2000,Developing,66.8,219.0,69,4.73,11.69704463,7.0,7120,17.8,90,74.0,3.21,78.0,0.1,0.013746264576867437,0.060278221450453584,1.0,9.6,0.618,11.4
Poland,2013,Developed,77.1,12.0,2,11.63,23.43533487,96.0,84,6.4,2,95.0,6.4,99.0,0.1,0.1379117343111267,0.00029691173675257384,2.0,2.1,0.838,15.4
Poland,2008,Developed,75.5,14.0,2,11.4,15.71474837,98.0,0,57.2,3,96.0,6.88,99.0,0.1,0.0139993884664812,0.02946667089587472,2.2,2.3,0.813,15.0
Poland,2006,Developed,75.2,144.0,2,10.4,9.1455559,98.0,120,56.0,3,99.0,6.17,99.0,0.1,0.009324334630865837,0.02947865674354721,2.3,2.4,0.803,15.0
Poland,2005,Developed,75.0,144.0,2,9.5,79.41502672,98.0,13,55.5,3,99.0,6.2,99.0,0.1,0.0820909266493682,0.029497343474590893,2.3,2.5,0.797,14.8
Poland,2003,Developed,74.7,142.0,3,9.06,542.0235,97.0,48,54.5,3,98.0,6.22,99.0,0.1,0.5701142376617321,0.0002955676956703931,2.4,2.6,0.796,15.3
Poland,2002,Developed,74.5,145.0,3,8.02,516.0554391,98.0,34,54.0,3,98.0,6.32,99.0,0.1,0.5203739786449902,0.002954981363274395,2.5,2.6,0.79,15.0
Poland,2001,Developed,74.2,149.0,3,7.74,466.7383106,95.0,133,53.6,3,98.0,5.86,98.0,0.1,0.498765300888442,0.002956149960236015,2.5,2.7,0.784,14.7
Poland,2000,Developed,73.7,153.0,3,8.4,412.4323974,99.0,77,53.1,4,98.0,5.5,98.0,0.1,0.44983839459313885,0.02956936367252185,2.5,2.8,0.777,14.6
Portugal,2015,Developed,81.1,76.0,0,3.65,0.0,98.0,8,61.6,0,98.0,5.73,98.0,0.1,0.1924138258147372,0.00010498978072777406,0.7,0.5,0.841,16.6
Portugal,2014,Developed,89.0,78.0,0,9.88,271.2545531,98.0,0,6.9,0,98.0,9.5,98.0,0.1,0.22795731650370527,1.091927108053468e-05,0.7,0.5,0.837,16.8
Portugal,2012,Developed,83.0,81.0,0,11.96,331.457035,98.0,23,59.5,0,98.0,9.74,98.0,0.1,0.2579953408080379,0.0011707687588834044,0.7,0.5,0.824,16.3
Portugal,2009,Developed,79.3,9.0,0,12.03,337.1023516,96.0,3,57.3,0,96.0,1.42,96.0,0.1,0.23661498668752504,0.0012120429543472913,0.7,0.5,0.809,16.0
Portugal,2007,Developed,78.7,94.0,0,12.57,333.3569124,97.0,0,55.7,0,96.0,9.62,97.0,0.1,0.22806232479070282,0.001192502189148455,0.7,0.5,0.797,15.4
Portugal,2004,Developed,78.0,99.0,0,13.45,276.0999798,94.0,5,53.3,1,95.0,9.84,95.0,0.1,0.18469194006001935,0.0011468225686308417,0.7,0.6,0.792,15.9
Portugal,2000,Developed,76.6,11.0,1,11.89,167.3280168,58.0,45,5.1,1,96.0,9.14,96.0,0.1,0.11525955461926564,0.0009969121371052366,0.8,0.6,0.777,15.5
Qatar,2013,Developing,77.9,7.0,0,1.2,515.0734795,97.0,73,67.7,0,99.0,2.15,97.0,0.1,0.8847630272156817,0.001069443209766107,5.1,4.7,0.843,13.4
Qatar,2010,Developing,77.3,76.0,0,1.16,37.76848819,97.0,295,66.0,0,98.0,2.9,97.0,0.1,0.07357466222322663,0.001069443209766107,5.0,4.6,0.825,12.0
Qatar,2007,Developing,76.7,83.0,0,1.24,44.18506273,94.0,361,65.1,0,97.0,2.31,94.0,0.1,0.06750323265302603,0.001069443209766107,4.9,4.5,0.83,12.6
Qatar,2006,Developing,76.6,83.0,0,1.28,448.5952989,96.0,144,65.0,0,95.0,2.58,96.0,0.1,0.6265097386494513,0.001069443209766107,4.9,4.5,0.835,13.7
Qatar,2002,Developing,76.4,85.0,0,0.87,188.6782945,98.0,34,64.1,0,96.0,2.71,96.0,0.1,0.30028717823824996,0.001069443209766107,4.8,4.5,0.807,12.2
Qatar,2001,Developing,76.3,87.0,0,0.76,170.0494537,93.0,23,63.3,0,93.0,2.56,93.0,0.1,0.28465983028332226,0.001069443209766107,4.8,4.5,0.809,12.6
Republic of Korea,2015,Developing,82.3,64.0,1,3.65,0.0,98.0,7,31.7,2,98.0,5.73,98.0,0.1,0.17423032051730014,0.001069443209766107,1.5,1.0,0.675,12.3
Republic of Korea,2014,Developing,82.0,66.0,1,0.01,0.0,99.0,442,31.2,2,99.0,7.37,99.0,0.1,0.17423032051730014,0.001069443209766107,1.5,1.0,0.675,12.3
Republic of Korea,2013,Developing,81.7,68.0,1,9.33,0.0,99.0,107,3.8,2,99.0,7.2,99.0,0.1,0.17423032051730014,0.001069443209766107,1.5,1.0,0.675,12.3
Republic of Korea,2012,Developing,81.2,69.0,1,9.56,0.0,99.0,2,3.4,2,99.0,7.1,99.0,0.1,0.17423032051730014,0.001069443209766107,1.5,1.0,0.675,12.3
Republic of Korea,2011,Developing,81.1,72.0,2,9.34,0.0,99.0,42,3.0,2,98.0,6.83,99.0,0.1,0.17423032051730014,0.001069443209766107,1.5,1.0,0.675,12.3
Republic of Korea,2010,Developing,87.0,74.0,2,9.23,0.0,94.0,114,29.5,2,95.0,6.79,94.0,0.1,0.17423032051730014,0.001069443209766107,1.5,1.0,0.675,12.3
Republic of Korea,2009,Developing,86.0,75.0,2,8.97,0.0,94.0,17,29.1,2,95.0,6.66,94.0,0.1,0.17423032051730014,0.001069443209766107,1.5,1.0,0.675,12.3
Republic of Korea,2008,Developing,83.0,75.0,2,9.31,0.0,94.0,2,28.6,2,92.0,6.16,94.0,0.1,0.17423032051730014,0.001069443209766107,1.5,1.0,0.675,12.3
Republic of Korea,2006,Developing,79.4,79.0,2,8.83,0.0,99.0,28,27.7,2,98.0,5.76,98.0,0.1,0.17423032051730014,0.001069443209766107,1.5,1.0,0.675,12.3
Republic of Korea,2005,Developing,78.7,84.0,2,9.03,0.0,99.0,7,27.2,3,96.0,5.33,96.0,0.1,0.17423032051730014,0.001069443209766107,1.6,1.0,0.675,12.3
Republic of Korea,2004,Developing,78.2,89.0,3,9.18,0.0,92.0,11,26.7,3,9.0,4.96,88.0,0.1,0.17423032051730014,0.001069443209766107,1.6,1.0,0.675,12.3
Republic of Korea,2003,Developing,77.6,95.0,3,9.66,0.0,91.0,33,26.2,3,94.0,4.93,97.0,0.1,0.17423032051730014,0.001069443209766107,1.6,1.0,0.675,12.3
Republic of Korea,2002,Developing,77.1,99.0,3,9.55,0.0,92.0,62,25.7,4,99.0,4.61,97.0,0.1,0.17423032051730014,0.001069443209766107,1.6,1.1,0.675,12.3
Republic of Korea,2001,Developing,76.7,17.0,3,11.45,0.0,89.0,23060,25.2,4,99.0,4.76,97.0,0.1,0.17423032051730014,0.001069443209766107,1.6,1.1,0.675,12.3
Republic of Korea,2000,Developing,76.0,116.0,4,10.33,0.0,93.0,32647,24.7,4,99.0,4.23,97.0,0.1,0.17423032051730014,0.001069443209766107,1.6,1.1,0.675,12.3
Republic of Moldova,2015,Developing,72.1,157.0,1,3.65,0.0,88.0,0,53.4,1,88.0,5.73,87.0,0.1,0.17423032051730014,0.001069443209766107,2.7,2.8,0.675,12.3
Republic of Moldova,2014,Developing,71.8,162.0,1,9.99,0.0,92.0,2,52.7,1,92.0,1.32,9.0,0.1,0.17423032051730014,0.001069443209766107,2.7,2.8,0.675,12.3
Republic of Moldova,2012,Developing,79.0,175.0,1,10.68,0.0,94.0,11,51.5,1,92.0,11.87,92.0,0.1,0.17423032051730014,0.001069443209766107,2.7,2.9,0.675,12.3
Republic of Moldova,2011,Developing,77.0,177.0,1,9.45,0.0,96.0,0,5.9,1,96.0,1.61,93.0,0.1,0.17423032051730014,0.001069443209766107,2.8,3.0,0.675,12.3
Republic of Moldova,2010,Developing,68.8,219.0,1,8.25,0.0,98.0,0,5.4,1,97.0,12.8,9.0,0.1,0.17423032051730014,0.001069443209766107,2.8,3.0,0.675,12.3
Republic of Moldova,2009,Developing,69.0,218.0,1,8.45,0.0,89.0,0,49.9,1,87.0,12.49,85.0,0.1,0.17423032051730014,0.001069443209766107,2.9,3.1,0.675,12.3
Republic of Moldova,2008,Developing,68.9,228.0,1,9.07,0.0,97.0,0,49.5,1,96.0,11.41,9.0,0.1,0.17423032051730014,0.001069443209766107,2.9,3.1,0.675,12.3
Republic of Moldova,2007,Developing,68.3,237.0,1,9.66,0.0,95.0,10,49.1,1,93.0,1.88,92.0,0.1,0.17423032051730014,0.001069443209766107,3.0,3.2,0.675,12.3
Republic of Moldova,2006,Developing,68.0,242.0,1,8.36,0.0,98.0,34,48.7,1,98.0,1.63,97.0,0.1,0.17423032051730014,0.001069443209766107,3.1,3.3,0.675,12.3
Republic of Moldova,2005,Developing,67.3,248.0,1,10.78,0.0,99.0,6,48.3,1,99.0,9.15,98.0,0.1,0.17423032051730014,0.001069443209766107,3.1,3.3,0.675,12.3
Republic of Moldova,2004,Developing,68.0,225.0,1,12.27,0.0,99.0,4,47.9,1,98.0,8.49,98.0,0.1,0.17423032051730014,0.001069443209766107,3.2,3.4,0.675,12.3
Republic of Moldova,2003,Developing,67.6,226.0,1,8.15,0.0,99.0,87,47.6,1,98.0,8.24,98.0,0.1,0.17423032051730014,0.001069443209766107,3.3,3.5,0.675,12.3
Republic of Moldova,2002,Developing,67.5,225.0,1,6.71,0.0,99.0,4929,47.2,1,98.0,8.31,97.0,0.1,0.17423032051730014,0.001069443209766107,3.4,3.6,0.675,12.3
Republic of Moldova,2001,Developing,67.6,228.0,1,10.98,0.0,94.0,457,46.8,1,98.0,7.0,97.0,0.1,0.17423032051730014,0.001069443209766107,3.5,3.6,0.675,12.3
Republic of Moldova,2000,Developing,67.1,235.0,1,9.89,0.0,92.0,687,46.5,2,97.0,6.65,95.0,0.1,0.17423032051730014,0.001069443209766107,3.6,3.7,0.675,12.3
Romania,2015,Developed,75.0,133.0,2,3.65,0.0,9.0,4,6.7,2,89.0,5.73,89.0,0.1,0.897174173279273,0.01531499415168231,2.5,2.7,0.798,14.7
Romania,2013,Developed,74.6,138.0,2,9.59,1230.748231,96.0,1159,59.2,2,88.0,5.6,92.0,0.1,0.9599243298286326,0.01544500210942572,2.7,2.9,0.794,14.7
Romania,2012,Developed,74.4,138.0,2,9.58,1078.358105,96.0,7450,58.4,2,92.0,5.48,91.0,0.1,0.8570696624637391,1.9941117861613482e-05,2.8,3.0,0.797,15.3
Romania,2011,Developed,74.3,139.0,2,9.1,10.32588862,96.0,4189,57.7,2,89.0,5.53,89.0,0.1,0.009074449524277214,0.0016597585737416294,2.9,3.1,0.798,15.7
Romania,2009,Developed,73.1,158.0,2,10.4,14.96373588,95.0,8,56.3,3,95.0,5.56,95.0,0.1,0.08218425097777293,0.0018297608350385808,3.0,3.3,0.795,15.4
Romania,2008,Developed,73.1,159.0,2,11.9,128.0805702,97.0,12,55.6,3,95.0,5.33,96.0,0.1,0.11366462801326416,0.0019614505831182906,3.1,3.5,0.78,14.7
Romania,2007,Developed,72.9,154.0,3,10.6,919.1673438,99.0,353,55.0,3,96.0,5.21,96.0,0.1,0.8225921954470005,0.0022281774294369543,3.2,3.6,0.766,14.1
Romania,2006,Developed,72.5,157.0,3,8.51,665.6427546,99.0,3196,54.4,4,97.0,5.6,97.0,0.1,0.5836584809062507,0.0016380004112657508,3.2,3.7,0.755,13.7
Romania,2004,Developed,71.7,165.0,4,9.82,431.3250367,99.0,117,53.4,4,97.0,5.43,97.0,0.1,0.3557045336984601,0.01657963478964474,3.4,3.9,0.733,12.9
Romania,2003,Developed,71.1,174.0,4,8.78,375.1740323,98.0,9,52.9,4,97.0,5.3,97.0,0.1,0.27778055998271034,0.016674373068984335,3.5,4.0,0.722,12.5
Romania,2002,Developed,77.0,178.0,4,9.62,37.82275031,99.0,14,52.4,5,98.0,4.57,98.0,0.1,0.21266612217450417,0.0016798287628285013,3.7,4.1,0.714,12.0
Romania,2001,Developed,78.0,179.0,4,9.78,180.1095132,98.0,10,51.9,5,99.0,4.36,99.0,0.1,0.18410511784971365,0.0017105129347685002,3.8,4.2,0.708,11.7
Romania,2000,Developed,77.0,175.0,4,10.16,152.6368899,98.0,35,51.4,5,99.0,4.33,99.0,0.1,0.1669204146743268,0.017345732796316658,4.0,4.3,0.703,11.5
Russian Federation,2015,Developing,75.0,222.0,13,3.65,0.0,97.0,843,6.5,15,97.0,5.73,97.0,0.1,0.9342856844856766,0.0011204101132297804,2.3,2.3,0.805,15.0
Russian Federation,2010,Developing,68.4,256.0,15,11.05,162.8088054,97.0,129,57.5,17,98.0,6.83,97.0,0.2,0.16760402766743449,0.11040568276336331,2.3,2.5,0.773,13.7
Russian Federation,2009,Developing,68.2,261.0,15,11.21,137.0063357,98.0,101,57.0,18,98.0,7.44,98.0,0.3,0.8575202294177406,0.11035613564337747,2.3,2.5,0.776,14.0
Russian Federation,2007,Developing,67.3,282.0,16,12.19,11.02617159,98.0,173,56.1,19,98.0,5.38,98.0,0.3,0.09110585969178862,0.0011041030845966972,2.4,2.6,0.761,13.8
Russian Federation,2006,Developing,66.4,3.0,17,11.79,12.25184084,98.0,1147,55.7,20,98.0,5.3,98.0,0.3,0.0691641236585729,0.011090459715069783,2.4,2.7,0.754,13.8
Russian Federation,2005,Developing,65.0,327.0,18,11.57,625.5081805,97.0,454,55.3,20,98.0,5.21,98.0,0.3,0.5330487490262417,0.11092279773922242,2.4,2.7,0.748,13.7
Russian Federation,2004,Developing,64.9,321.0,19,11.5,46.51559476,96.0,2444,55.0,21,98.0,5.19,97.0,0.3,0.0411361947736461,0.0011181432515310822,2.5,2.8,0.741,13.6
Russian Federation,2003,Developing,64.6,322.0,20,11.32,333.2148711,94.0,3291,54.7,22,97.0,5.61,96.0,0.4,0.29783095750994726,0.11179594834758148,2.6,2.8,0.733,13.2
Russian Federation,2002,Developing,64.8,313.0,20,10.87,266.5416917,81.0,580,54.5,24,97.0,5.99,97.0,0.3,0.2377791646667044,0.0011234699514381494,2.7,2.9,0.727,12.8
Russian Federation,2000,Developing,65.0,37.0,22,10.18,224.4600248,92.0,4800,54.0,26,97.0,5.42,96.0,0.2,0.1772797013942014,0.11330175354620874,2.9,3.0,0.709,12.1
Rwanda,2015,Developing,66.1,227.0,11,3.65,0.0,98.0,1,21.4,15,99.0,5.73,98.0,0.4,0.006978087188347541,0.008988241116734751,5.7,5.7,0.493,10.8
Rwanda,2014,Developing,65.7,23.0,12,0.01,7.549797238,98.0,10,2.8,16,98.0,7.53,98.0,0.4,0.0075010957774058066,0.00876859126084548,5.8,5.8,0.488,10.8
Rwanda,2013,Developing,65.2,233.0,12,0.01,11.71090655,98.0,17,2.1,17,98.0,7.69,98.0,0.5,0.06883182739488267,0.0009004974776004618,5.9,5.9,0.485,10.8
Rwanda,2012,Developing,64.6,239.0,13,0.01,9.774676411,98.0,75,19.5,18,98.0,7.68,98.0,0.7,0.06782219223223661,0.00138254527003192,6.1,6.1,0.475,10.5
Rwanda,2011,Developing,63.8,247.0,14,8.34,9.074569426,97.0,31,18.9,20,93.0,7.71,97.0,1.3,0.061664214987546526,0.00011719744541612664,6.3,6.2,0.464,10.2
Rwanda,2010,Developing,62.8,26.0,16,7.92,63.78723633,97.0,121,18.3,23,93.0,7.91,97.0,2.3,0.05627280454823177,0.0009636349474362459,6.5,6.3,0.454,10.0
Rwanda,2009,Developing,61.0,288.0,17,7.11,9.165614959,97.0,5,17.7,25,93.0,7.2,97.0,2.8,0.05383506157039214,0.007711358034412491,6.6,6.4,0.447,10.2
Rwanda,2008,Developing,68.0,282.0,18,6.39,0.661540371,97.0,6,17.1,28,97.0,7.66,97.0,3.7,0.0003993891139373158,0.0007559825324432891,6.7,6.6,0.438,10.4
Rwanda,2007,Developing,59.6,295.0,20,6.78,7.409771603,97.0,26,16.5,30,98.0,8.49,97.0,5.0,0.004324252516923545,0.0007301474195887427,6.8,6.7,0.424,10.1
Rwanda,2006,Developing,57.6,328.0,22,6.88,78.47020226,99.0,494,15.9,34,99.0,1.2,99.0,6.2,0.034124090337179835,7.158738424146688e-05,6.8,6.8,0.404,9.3
Rwanda,2005,Developing,55.3,37.0,24,7.01,39.44666715,95.0,129,15.4,38,95.0,6.83,95.0,7.1,0.028671821487086017,0.006949520151055687,6.8,7.0,0.388,8.8
Rwanda,2004,Developing,53.4,397.0,26,6.75,31.93566186,89.0,386,14.9,42,89.0,6.24,89.0,7.7,0.023561441668174525,0.0068155820904354,6.9,7.1,0.371,8.2
Rwanda,2003,Developing,52.0,48.0,29,6.66,33.30286123,96.0,1064,14.5,46,96.0,6.34,96.0,8.1,0.021132530787039076,0.0006711023577633938,7.0,7.3,0.359,7.6
Rwanda,2002,Developing,57.0,415.0,31,7.82,1.9659778,88.0,2738,14.1,50,85.0,4.18,88.0,8.0,0.01952348924709612,0.000659724767900954,7.2,7.4,0.343,7.2
Rwanda,2001,Developing,48.6,438.0,33,5.72,0.388253772,92.0,896,13.7,54,76.0,4.38,77.0,8.1,0.001992079832813369,0.0006437423495349873,7.4,7.5,0.332,7.1
Rwanda,2000,Developing,48.3,426.0,34,7.13,18.41791804,92.0,2095,13.2,57,9.0,4.22,9.0,8.5,0.021484184185623166,6.379287342272451e-05,7.6,7.7,0.318,6.6
Saint Kitts and Nevis,2013,Developing,72.0,145.0,0,8.54,0.0,97.0,0,5.2,0,96.0,6.14,96.0,0.1,0.17423032051730014,0.001069443209766107,3.7,3.6,0.749,13.4
Saint Lucia,2015,Developing,75.2,138.0,0,3.65,0.0,99.0,0,47.5,0,99.0,5.73,99.0,0.1,0.17423032051730014,0.001069443209766107,4.3,4.3,0.735,13.1
Saint Lucia,2014,Developing,75.0,139.0,0,9.97,0.0,99.0,0,46.7,0,99.0,6.72,99.0,0.1,0.17423032051730014,0.001069443209766107,4.3,4.3,0.723,13.1
Saint Lucia,2012,Developing,74.7,142.0,0,9.99,0.0,98.0,0,45.2,0,98.0,8.35,98.0,0.1,0.17423032051730014,0.001069443209766107,4.3,4.3,0.735,13.0
Saint Lucia,2011,Developing,74.6,143.0,0,10.43,0.0,99.0,0,44.5,0,99.0,7.58,99.0,0.1,0.17423032051730014,0.001069443209766107,4.3,4.3,0.733,12.9
Saint Lucia,2007,Developing,73.9,151.0,0,12.68,0.0,99.0,0,41.3,0,99.0,6.81,99.0,0.1,0.17423032051730014,0.001069443209766107,4.3,4.4,0.707,12.8
Saint Lucia,2006,Developing,73.5,155.0,0,13.45,0.0,85.0,0,4.4,0,85.0,6.37,85.0,0.1,0.17423032051730014,0.001069443209766107,4.3,4.4,0.694,12.4
Saint Lucia,2005,Developing,73.1,16.0,0,12.32,0.0,95.0,0,39.6,0,95.0,6.25,95.0,0.2,0.17423032051730014,0.001069443209766107,4.4,4.4,0.689,12.2
Saint Lucia,2004,Developing,72.6,166.0,0,11.93,0.0,91.0,0,39.0,0,91.0,6.2,91.0,0.2,0.17423032051730014,0.001069443209766107,4.4,4.4,0.686,12.3
Saint Lucia,2003,Developing,72.2,171.0,0,12.55,0.0,84.0,0,38.4,0,91.0,6.1,9.0,0.2,0.17423032051730014,0.001069443209766107,4.4,4.4,0.684,12.4
Saint Lucia,2002,Developing,72.0,174.0,0,11.85,0.0,14.0,0,37.9,0,9.0,6.33,74.0,0.1,0.17423032051730014,0.001069443209766107,4.4,4.5,0.681,12.5
Saint Lucia,2001,Developing,71.8,178.0,0,12.03,0.0,92.0,0,37.3,0,99.0,6.1,99.0,0.3,0.17423032051730014,0.001069443209766107,4.5,4.5,0.684,12.6
Saint Lucia,2000,Developing,71.6,183.0,0,11.69,0.0,92.0,0,36.8,0,7.0,5.53,7.0,0.4,0.17423032051730014,0.001069443209766107,4.5,4.5,0.0,12.8
Saint Vincent and the Grenadines,2015,Developing,73.2,156.0,0,3.65,0.0,98.0,0,54.1,0,97.0,5.73,98.0,0.1,0.17423032051730014,0.001069443209766107,3.5,3.4,0.72,13.3
Saint Vincent and the Grenadines,2014,Developing,73.1,157.0,0,7.01,0.0,98.0,0,53.1,0,97.0,8.63,98.0,0.1,0.17423032051730014,0.001069443209766107,3.5,3.4,0.72,13.3
Saint Vincent and the Grenadines,2013,Developing,72.7,161.0,0,7.07,0.0,97.0,0,52.2,0,97.0,5.21,97.0,0.1,0.17423032051730014,0.001069443209766107,3.5,3.4,0.717,13.3
Saint Vincent and the Grenadines,2012,Developing,72.8,159.0,0,6.93,0.0,96.0,0,51.2,0,96.0,8.48,96.0,0.1,0.17423032051730014,0.001069443209766107,3.5,3.5,0.713,13.3
Saint Vincent and the Grenadines,2011,Developing,72.7,16.0,0,7.02,0.0,96.0,0,5.3,0,96.0,4.99,96.0,0.1,0.17423032051730014,0.001069443209766107,3.5,3.5,0.712,13.3
Saint Vincent and the Grenadines,2010,Developing,72.5,162.0,0,7.0,0.0,99.0,0,49.3,0,99.0,4.71,99.0,0.1,0.17423032051730014,0.001069443209766107,3.5,3.5,0.711,13.3
Saint Vincent and the Grenadines,2009,Developing,72.3,165.0,0,6.85,0.0,99.0,0,48.4,0,99.0,5.13,99.0,0.2,0.17423032051730014,0.001069443209766107,3.6,3.5,0.709,13.3
Saint Vincent and the Grenadines,2008,Developing,72.1,167.0,0,6.92,0.0,99.0,0,47.5,0,99.0,4.7,99.0,0.3,0.17423032051730014,0.001069443209766107,3.6,3.6,0.704,13.3
Saint Vincent and the Grenadines,2007,Developing,71.9,17.0,0,5.89,0.0,99.0,0,46.6,0,99.0,3.92,99.0,0.3,0.17423032051730014,0.001069443209766107,3.6,3.6,0.702,13.3
Saint Vincent and the Grenadines,2006,Developing,71.7,173.0,0,5.93,0.0,99.0,0,45.7,0,99.0,3.88,99.0,0.3,0.17423032051730014,0.001069443209766107,3.7,3.6,0.695,13.3
Saint Vincent and the Grenadines,2004,Developing,71.2,181.0,0,5.42,0.0,99.0,0,43.8,0,99.0,3.72,99.0,0.4,0.17423032051730014,0.001069443209766107,3.8,3.7,0.689,13.2
Saint Vincent and the Grenadines,2003,Developing,71.0,184.0,0,5.1,0.0,31.0,0,42.9,0,99.0,3.91,99.0,0.4,0.17423032051730014,0.001069443209766107,3.8,3.8,0.682,13.0
Saint Vincent and the Grenadines,2002,Developing,79.0,186.0,0,4.94,0.0,92.0,0,42.0,0,99.0,3.93,99.0,0.4,0.17423032051730014,0.001069443209766107,3.9,3.8,0.677,12.9
Saint Vincent and the Grenadines,2001,Developing,79.0,186.0,0,4.73,0.0,92.0,0,41.0,0,99.0,3.64,99.0,0.7,0.17423032051730014,0.001069443209766107,3.9,3.9,0.673,12.8
Saint Vincent and the Grenadines,2000,Developing,79.0,186.0,0,4.8,0.0,92.0,0,4.1,0,99.0,3.73,98.0,0.7,0.17423032051730014,0.001069443209766107,4.0,3.9,0.0,12.7
Samoa,2015,Developing,74.0,125.0,0,3.65,0.0,59.0,0,74.7,0,61.0,5.73,66.0,0.1,0.41544587474017514,0.00014972648570757226,0.2,0.1,0.702,12.9
Samoa,2014,Developing,73.8,128.0,0,0.01,660.2777923,56.0,0,74.3,0,58.0,7.22,63.0,0.1,0.41841170503136627,1.4835462088821006e-05,0.2,0.1,0.701,12.9
Samoa,2013,Developing,73.6,131.0,0,0.01,698.3522786,6.0,0,73.8,0,62.0,6.91,67.0,0.1,0.42248613724741074,1.5243543567481986e-05,0.2,0.1,0.7,12.9
Samoa,2012,Developing,73.2,136.0,0,0.01,492.0552263,64.0,1,73.4,0,62.0,5.2,64.0,0.1,0.42397889349557655,0.0001461982812566492,0.2,0.1,0.698,12.9
Samoa,2011,Developing,73.0,139.0,0,2.15,558.7206486,58.0,0,72.9,0,6.0,5.8,65.0,0.1,0.39477408100635963,0.00014501654530802677,0.2,0.1,0.693,12.9
Samoa,2010,Developing,72.6,144.0,0,3.01,434.7940679,57.0,8,72.5,0,57.0,5.7,62.0,0.1,0.3457445786588384,1.4368641609443674e-05,0.2,0.2,0.69,12.9
Samoa,2009,Developing,76.0,172.0,0,2.88,42.12368374,44.0,0,72.0,0,45.0,5.4,49.0,0.1,0.03339762620632473,0.00014282233447863565,0.2,0.2,0.691,12.9
Samoa,2008,Developing,72.5,146.0,0,3.97,47.35260547,12.0,0,71.4,0,54.0,4.52,26.0,0.1,0.035872602528301704,0.00014181758841375067,0.2,0.2,0.688,12.9
Samoa,2005,Developing,71.6,16.0,0,3.63,287.4671305,41.0,0,69.7,0,55.0,4.47,49.0,0.1,0.25737792849989877,0.00013903753334037274,0.2,0.2,0.671,12.6
Samoa,2004,Developing,71.4,162.0,0,3.62,310.6117683,54.0,0,68.9,0,26.0,4.45,55.0,0.1,0.23534957557929514,0.00013815026527692046,0.2,0.2,0.665,12.4
Samoa,2003,Developing,79.0,169.0,0,4.17,24.99717134,83.0,0,68.2,0,82.0,4.71,83.0,0.1,0.019593242026155255,0.000137285410779531,0.2,0.2,0.659,12.3
Samoa,2002,Developing,76.0,174.0,0,3.3,208.1688437,86.0,0,67.4,0,85.0,5.1,86.0,0.1,0.1632398649499496,0.0001364506986640881,0.2,0.2,0.653,12.1
Samoa,2001,Developing,75.0,175.0,0,3.43,199.4118322,89.0,0,66.5,0,83.0,5.16,85.0,0.1,0.15563318110983002,0.00013566545097030104,0.2,0.2,0.645,12.0
San Marino,2013,Developing,72.0,145.0,0,0.01,0.0,69.0,0,42.9,0,69.0,6.5,69.0,0.1,0.17423032051730014,0.001069443209766107,3.4,3.4,0.675,15.1
Sao Tome and Principe,2015,Developing,67.5,19.0,0,3.65,0.0,96.0,0,3.9,0,96.0,5.73,96.0,0.2,0.16256099359128226,0.00015111303527711353,5.5,5.3,0.565,11.2
Sao Tome and Principe,2014,Developing,67.3,191.0,0,0.01,225.7307751,95.0,0,3.1,0,95.0,8.35,95.0,0.2,0.1823171297263986,0.0001477996919077582,5.6,5.4,0.562,11.1
Sao Tome and Principe,2013,Developing,67.1,192.0,0,0.01,200.6600988,97.0,0,29.3,0,97.0,9.76,97.0,0.2,0.16204946399648396,1.4461387400048441e-05,5.7,5.5,0.559,11.0
Sao Tome and Principe,2012,Developing,66.9,194.0,0,0.01,8.198047581,96.0,0,28.5,0,96.0,8.6,96.0,0.5,0.013749288409270281,0.00014132526284195703,5.9,5.7,0.553,10.8
Sao Tome and Principe,2011,Developing,66.6,198.0,0,5.69,7.495401346,96.0,0,27.7,0,96.0,5.44,96.0,0.5,0.013286155958732141,1.355634306006358e-06,6.0,5.9,0.546,10.6
Sao Tome and Principe,2010,Developing,66.2,24.0,0,5.58,63.04032682,98.0,0,26.9,0,98.0,5.24,98.0,0.5,0.11299167040095796,0.00013505487451548632,6.1,6.0,0.542,10.6
Sao Tome and Principe,2009,Developing,65.8,21.0,0,4.13,11.13608747,98.0,0,26.2,0,99.0,6.65,98.0,0.9,0.0198213430991511,1.3741061759684744e-05,6.3,6.2,0.533,10.1
Sao Tome and Principe,2008,Developing,65.4,215.0,0,4.36,62.8565863,99.0,0,25.4,0,99.0,5.66,99.0,0.9,0.1126618483030676,0.0001289777065861089,6.5,6.4,0.531,10.4
Sao Tome and Principe,2007,Developing,65.1,217.0,0,4.14,49.93698173,87.0,0,24.7,0,98.0,7.44,97.0,1.2,0.08947060610538456,1.2580193613948399e-05,6.7,6.6,0.527,10.3
Sao Tome and Principe,2006,Developing,64.7,22.0,0,5.46,47.08931143,75.0,0,24.0,0,97.0,7.84,97.0,1.2,0.08435891623955598,0.00012311539973829921,6.9,6.8,0.521,10.2
Sao Tome and Principe,2005,Developing,64.3,222.0,0,5.27,10.8139134,96.0,0,23.4,0,97.0,1.4,97.0,1.6,0.008031122173742878,1.2002078185845345e-05,7.0,7.0,0.514,10.0
Sao Tome and Principe,2004,Developing,63.8,224.0,0,5.78,9.013493879,7.0,0,22.8,0,99.0,9.94,96.0,1.6,0.06927944026024595,0.00011742776412946181,7.2,7.2,0.509,9.8
Sao Tome and Principe,2003,Developing,63.4,225.0,0,6.54,86.42744056,43.0,0,22.2,0,94.0,11.12,94.0,1.6,0.06487189778273766,0.0001146477090560839,7.4,7.4,0.504,9.7
Sao Tome and Principe,2002,Developing,63.1,226.0,0,5.8,50.80181435,92.0,0,21.7,0,92.0,1.21,92.0,1.4,0.05550425599026918,0.00011195576248378051,7.6,7.6,0.501,9.6
Sao Tome and Principe,2001,Developing,62.8,225.0,0,5.02,3.841228575,92.0,0,21.1,0,9.0,1.28,92.0,1.5,0.004961596336866385,0.0001094307583345657,7.8,7.8,0.497,9.4
Sao Tome and Principe,2000,Developing,62.6,224.0,0,5.07,0.0,92.0,0,2.7,0,87.0,8.86,82.0,1.5,0.17423032051730014,1.0690498130376251e-05,8.0,8.1,0.488,9.3
Saudi Arabia,2015,Developing,74.5,88.0,7,3.65,0.0,98.0,219,68.2,8,97.0,5.73,98.0,0.1,0.27356426846918447,0.001069443209766107,7.8,7.6,0.845,16.1
Saudi Arabia,2012,Developing,74.1,9.0,8,0.09,196.3808305,98.0,294,65.6,9,98.0,3.86,98.0,0.1,0.25364021683433496,0.001069443209766107,7.5,7.4,0.818,14.5
Saudi Arabia,2011,Developing,73.9,92.0,8,0.09,173.5755595,98.0,362,64.7,9,98.0,3.57,98.0,0.1,0.23799481543105558,0.001069443209766107,7.4,7.4,0.804,13.9
Saudi Arabia,2009,Developing,73.4,97.0,8,0.09,117.9227998,98.0,82,63.1,10,98.0,4.9,98.0,0.1,0.1695377208613638,0.001069443209766107,7.3,7.3,0.787,13.0
Saudi Arabia,2008,Developing,73.3,98.0,9,0.09,15.50666857,98.0,158,62.4,10,98.0,2.87,98.0,0.1,0.02365368231891023,0.001069443209766107,7.2,7.3,0.779,12.8
Saudi Arabia,2003,Developing,73.0,13.0,9,0.05,832.3688708,95.0,1208,58.5,11,95.0,4.2,95.0,0.1,0.9581405894341108,0.001069443209766107,7.2,7.3,0.747,12.2
Saudi Arabia,2002,Developing,72.9,15.0,10,0.05,688.0972667,97.0,311,57.7,11,95.0,4.28,95.0,0.1,0.866776883750128,0.001069443209766107,7.3,7.3,0.745,12.1
Saudi Arabia,2000,Developing,72.6,11.0,10,0.05,782.1799815,93.0,0,56.2,12,95.0,4.24,95.0,0.1,0.9140182172795893,0.001069443209766107,7.3,7.4,0.737,11.8
Senegal,2015,Developing,66.7,188.0,19,3.65,0.0,89.0,58,24.3,26,85.0,5.73,89.0,0.3,0.009720281940614766,0.011575416633799877,9.5,9.3,0.491,9.5
Senegal,2014,Developing,66.4,192.0,19,0.26,12.80528533,89.0,32,23.8,27,85.0,4.66,89.0,0.3,0.015100884500375786,0.011242395096356925,9.7,9.5,0.483,9.1
Senegal,2013,Developing,66.0,196.0,20,0.26,11.8385319,92.0,17,23.2,28,89.0,4.51,92.0,0.3,0.0147471553058031,0.0001091293345151002,9.9,9.7,0.474,8.7
Senegal,2012,Developing,65.6,2.0,20,0.28,10.20659464,91.0,46,22.7,29,83.0,4.31,91.0,0.4,0.013499064349789832,0.0010615366311170506,1.0,9.9,0.463,8.3
Senegal,2011,Developing,64.9,26.0,20,0.32,1.431051664,92.0,18,22.2,31,89.0,4.42,92.0,0.4,0.0016598935785679142,1.0323379375899045e-05,1.2,1.1,0.455,7.9
Senegal,2010,Developing,64.3,212.0,21,0.28,1.020071763,89.0,428,21.7,32,76.0,4.62,89.0,0.4,0.0009966283762883207,0.009982689307336255,1.4,1.3,0.449,7.7
Senegal,2009,Developing,63.5,219.0,21,0.3,1.177477677,86.0,999,21.2,33,83.0,4.81,86.0,0.5,0.0010902898546439389,0.0009706488478507315,1.6,1.5,0.444,7.5
Senegal,2008,Developing,62.8,225.0,22,0.28,1.08833088,88.0,6,2.8,34,87.0,4.94,88.0,0.6,0.0009671205438201865,0.0009459475522863283,1.8,1.7,0.435,7.1
Senegal,2007,Developing,62.1,23.0,22,0.32,8.309152927,94.0,11,2.3,36,93.0,4.72,94.0,0.7,0.009386962007138958,0.009176827315824134,11.0,1.9,0.425,6.8
Senegal,2006,Developing,61.3,236.0,23,0.34,10.43022617,89.0,3,19.9,38,89.0,5.44,89.0,0.7,0.008830098044007032,0.008931983065917077,11.2,11.1,0.422,6.6
Senegal,2005,Developing,65.0,242.0,23,0.33,96.03725103,84.0,0,19.5,40,84.0,5.35,84.0,0.7,0.07734501546294278,0.00869587005931387,11.4,11.3,0.415,6.4
Senegal,2004,Developing,59.7,247.0,24,0.35,66.02236299,54.0,31,19.1,42,87.0,5.68,87.0,0.7,0.07330962700413811,0.001511686827514764,11.6,11.5,0.408,6.2
Senegal,2003,Developing,59.0,251.0,25,0.33,62.21977893,92.0,1519,18.7,44,73.0,5.4,73.0,0.7,0.06421323922470559,1.2957359829074455e-05,11.8,11.7,0.401,5.9
Senegal,2002,Developing,58.4,252.0,25,0.36,49.73511396,92.0,18184,18.3,47,6.0,5.6,6.0,0.7,0.051241676192404814,0.0010795818704423849,12.0,11.9,0.397,5.7
Senegal,2001,Developing,57.9,251.0,26,0.34,6.064221202,92.0,24789,17.9,49,49.0,4.98,52.0,0.6,0.048038964706293756,0.0008768055653904738,12.1,12.1,0.381,5.4
Senegal,2000,Developing,57.5,25.0,27,0.29,5.397368532,92.0,5839,17.5,50,49.0,4.63,52.0,0.5,0.0472542830524123,0.0007639300738165293,12.3,12.3,0.378,5.2
Serbia,2014,Developing,75.4,123.0,1,9.09,8.617208431,92.0,37,59.4,1,93.0,1.37,93.0,0.1,0.0060590705103988705,0.0005514834743308944,2.1,2.1,0.771,14.3
Serbia,2013,Developing,75.3,122.0,1,9.16,880.6403367,91.0,1,58.9,1,97.0,1.12,95.0,0.1,0.6362523428516033,0.005536999441500307,2.1,2.1,0.766,14.1
Serbia,2012,Developing,74.9,126.0,1,9.38,742.5109709,97.0,0,58.3,1,93.0,9.89,91.0,0.1,0.5666944834407209,0.0005564306893780704,2.1,2.1,0.767,14.0
Serbia,2011,Developing,74.6,127.0,1,9.56,915.3190791,94.0,370,57.7,1,94.0,9.72,94.0,0.1,0.6432102323940355,0.0005591527783323203,2.2,2.2,0.757,13.5
Serbia,2010,Developing,74.4,128.0,1,9.65,774.4396617,89.0,20,57.0,1,91.0,1.9,91.0,0.1,0.5419035490635473,0.005635390359226551,2.2,2.3,0.755,13.6
Serbia,2009,Developing,74.1,131.0,1,9.85,820.8109098,93.0,1,56.4,1,97.0,9.9,95.0,0.1,0.582918104021245,5.661589499309222e-05,2.3,2.3,0.754,13.6
Serbia,2008,Developing,74.0,132.0,1,9.54,96.33237912,93.0,2,55.8,1,95.0,1.5,95.0,0.1,0.06711873877584142,0.0005682132691928178,2.3,2.4,0.749,13.5
Serbia,2007,Developing,73.8,132.0,1,9.3,772.8700353,99.0,201,55.1,1,93.0,1.2,94.0,0.1,0.5465355324436694,0.0057050602242472645,2.4,2.4,0.743,13.5
Serbia,2005,Developing,73.0,135.0,1,9.6,503.1115947,65.0,2,53.9,1,98.0,8.7,98.0,0.1,0.3532212109620122,0.0005755919697170154,2.5,2.6,0.73,13.2
Serbia,2004,Developing,73.0,134.0,1,7.42,462.7076756,89.0,11,53.3,1,96.0,8.24,88.0,0.1,0.3334987367353931,0.0057681103584635626,2.6,2.6,0.72,13.1
Serbia,2003,Developing,73.0,134.0,1,7.25,389.7515212,92.0,15,52.8,1,89.0,8.13,89.0,0.1,0.2835440272121318,0.0005785459231477773,2.7,2.7,0.715,13.0
Serbia,2002,Developing,72.9,133.0,1,6.95,292.6142378,92.0,63,52.2,1,95.0,8.9,95.0,0.1,0.21518230521188633,0.00579389755265963,2.7,2.8,0.715,13.2
Serbia,2001,Developing,73.1,135.0,1,7.53,222.5065705,92.0,35,51.7,1,93.0,6.89,93.0,0.1,0.1635862639877465,0.0005822882157986797,2.8,2.8,0.709,13.1
Serbia,2000,Developing,72.6,141.0,1,7.38,11.85928108,92.0,38,51.2,2,98.0,6.53,95.0,0.1,0.008559479537594214,0.0058092191572675375,2.8,2.9,0.702,13.0
Seychelles,2015,Developing,73.2,168.0,0,3.65,0.0,98.0,0,37.4,0,97.0,5.73,97.0,0.1,0.15402951424693126,7.217554713021878e-05,5.7,6.0,0.781,14.1
Seychelles,2014,Developing,73.0,17.0,0,0.01,151.1045552,99.0,0,36.2,0,99.0,3.37,99.0,0.1,0.15586399861380287,7.058341105817027e-05,5.7,6.0,0.766,13.2
Seychelles,2010,Developing,72.4,18.0,0,6.51,16.49232317,99.0,0,33.5,0,99.0,3.59,99.0,0.1,0.01833021180156563,6.911880044820331e-06,5.8,6.2,0.74,13.2
Seychelles,2006,Developing,72.2,185.0,0,8.12,102.373909,99.0,10,3.7,0,99.0,3.73,99.0,0.1,0.12146999093393164,6.275798497589298e-07,5.9,6.3,0.728,13.1
Seychelles,2005,Developing,72.2,185.0,0,7.82,21.4653132,99.0,0,3.1,0,99.0,3.91,99.0,0.1,0.11927816868608469,6.401314467541084e-05,6.0,6.4,0.712,12.1
Seychelles,2004,Developing,72.1,186.0,0,7.91,12.94324581,99.0,0,29.2,0,99.0,4.17,99.0,0.1,0.11768970862816125,6.371713102706395e-05,6.0,6.4,0.715,12.3
Seychelles,2003,Developing,72.1,185.0,0,7.41,843.1186662,99.0,0,28.7,0,99.0,4.64,99.0,0.1,0.8537205570834211,6.395363279310611e-05,6.1,6.5,0.713,12.1
Seychelles,2002,Developing,72.1,186.0,0,11.15,562.3601848,99.0,0,28.1,0,99.0,4.21,99.0,0.1,0.8343189858059911,6.468168724935354e-05,6.1,6.6,0.712,12.1
Seychelles,2001,Developing,72.0,187.0,0,6.72,643.7035752,96.0,0,27.6,0,96.0,4.45,96.0,0.1,0.7673974052298733,6.25106628676136e-06,6.2,6.6,0.714,12.2
Seychelles,2000,Developing,71.8,188.0,0,8.24,601.7608115,98.0,0,27.1,0,98.0,4.62,98.0,0.1,0.7589550071928127,6.267837817229055e-05,6.3,6.7,0.0,12.3
Sierra Leone,2015,Developing,51.0,413.0,22,3.65,0.0,86.0,607,24.4,30,86.0,5.73,86.0,0.5,0.05868140800438296,0.0005593274495712926,7.4,7.3,0.431,9.5
Sierra Leone,2014,Developing,48.1,463.0,23,0.01,1.443286353,83.0,1006,23.8,32,83.0,11.9,83.0,0.6,0.007688353627917373,0.0006021736861859304,7.5,7.4,0.426,9.5
Sierra Leone,2013,Developing,54.0,47.0,23,0.01,1.321464076,92.0,15,23.3,33,92.0,11.59,92.0,0.8,0.00702519430835112,0.0005350234151433132,7.7,7.6,0.413,9.3
Sierra Leone,2012,Developing,49.7,411.0,25,0.01,54.56033696,91.0,678,22.7,35,91.0,11.24,91.0,0.9,0.05611323795703781,0.0005229154521798607,7.9,7.8,0.401,9.1
Sierra Leone,2011,Developing,48.9,418.0,26,3.78,54.6659175,89.0,1865,22.2,38,88.0,11.98,89.0,1.3,0.04445688199895152,0.00511002873681949,8.1,8.0,0.392,8.9
Sierra Leone,2010,Developing,48.1,424.0,27,3.84,5.347717533,86.0,1089,21.7,40,84.0,1.32,86.0,1.6,0.0043518053604606555,0.0004991562992716843,8.3,8.2,0.384,8.7
Sierra Leone,2009,Developing,47.1,433.0,28,3.97,49.8371267,84.0,31,21.2,42,81.0,13.13,84.0,1.7,0.039355384949400225,4.876264517363349e-05,8.5,8.4,0.375,8.5
Sierra Leone,2008,Developing,46.2,441.0,29,3.91,5.379606465,77.0,44,2.7,44,75.0,1.29,77.0,1.9,0.004476759162103003,0.0047650762262968225,8.7,8.7,0.367,8.3
Sierra Leone,2007,Developing,45.3,45.0,29,3.86,45.57108889,63.0,0,2.2,45,63.0,1.12,64.0,2.2,0.03577296416058761,0.0004756181904977826,8.9,8.9,0.357,8.2
Sierra Leone,2006,Developing,44.3,464.0,30,3.8,38.00075788,92.0,33,19.7,46,65.0,1.68,64.0,2.2,0.032115597992671295,0.00452032008489084,9.1,9.1,0.348,8.0
Sierra Leone,2005,Developing,43.3,48.0,30,3.83,42.08892911,92.0,29,19.2,47,67.0,12.25,65.0,2.2,0.028647513556573155,0.004373230671162797,9.3,9.3,0.341,7.8
Sierra Leone,2004,Developing,42.3,496.0,30,3.99,38.52454761,92.0,7,18.8,47,69.0,11.66,65.0,2.1,0.026189165838776233,0.004204213833891021,9.5,9.5,0.332,7.6
Sierra Leone,2003,Developing,41.5,57.0,30,4.07,38.61473209,92.0,586,18.4,47,66.0,11.69,73.0,1.9,0.02625086790570696,0.004018609411969583,9.7,9.8,0.322,7.4
Sierra Leone,2002,Developing,48.0,513.0,30,4.06,36.59114895,92.0,568,17.9,48,54.0,11.96,53.0,1.7,0.024866380643312234,0.003831314698014373,9.9,1.0,0.306,7.2
Sierra Leone,2001,Developing,41.0,519.0,30,4.21,33.34691455,92.0,649,17.5,48,38.0,11.83,38.0,1.5,0.02264675293987345,0.0036627731829194468,1.1,1.2,0.302,7.0
Sierra Leone,2000,Developing,39.0,533.0,29,3.97,20.39568283,92.0,3575,17.2,48,46.0,13.63,44.0,1.2,0.013785829454145698,0.003527634837192416,1.3,1.4,0.292,6.7
Singapore,2013,Developed,82.7,57.0,0,1.83,714.3441019,97.0,138,32.7,0,97.0,4.53,97.0,0.1,0.5636702243418611,0.001069443209766107,2.2,2.2,0.92,15.4
Singapore,2002,Developed,79.0,74.0,0,2.16,142.0989818,95.0,211,29.2,0,94.0,2.84,94.0,0.1,0.2218770645426324,0.001069443209766107,2.1,2.0,0.818,12.6
Slovakia,2015,Developed,76.7,19.0,0,3.65,0.0,96.0,1,59.1,0,96.0,5.73,96.0,0.1,0.17423032051730014,0.001069443209766107,1.2,1.2,0.842,15.0
Slovakia,2014,Developed,76.4,113.0,0,10.6,0.0,97.0,0,58.4,0,97.0,8.5,97.0,0.1,0.17423032051730014,0.001069443209766107,1.2,1.2,0.841,15.1
Slovakia,2013,Developed,76.1,114.0,0,9.89,0.0,98.0,0,57.8,0,98.0,8.0,98.0,0.1,0.17423032051730014,0.001069443209766107,1.2,1.3,0.838,15.0
Slovakia,2012,Developed,75.8,118.0,0,10.12,0.0,99.0,0,57.2,0,99.0,8.15,99.0,0.1,0.17423032051730014,0.001069443209766107,1.2,1.3,0.835,15.0
Slovakia,2011,Developed,75.6,122.0,0,10.24,0.0,99.0,0,56.5,0,99.0,7.96,99.0,0.1,0.17423032051730014,0.001069443209766107,1.2,1.3,0.829,15.0
Slovakia,2010,Developed,75.1,124.0,0,10.13,0.0,99.0,0,55.9,0,99.0,8.51,99.0,0.1,0.17423032051730014,0.001069443209766107,1.3,1.3,0.822,15.0
Slovakia,2008,Developed,74.7,136.0,0,11.37,0.0,99.0,0,54.8,0,99.0,8.2,99.0,0.1,0.17423032051730014,0.001069443209766107,1.3,1.4,0.813,14.8
Slovakia,2006,Developed,74.3,138.0,0,10.28,0.0,99.0,0,53.7,0,99.0,7.35,99.0,0.1,0.17423032051730014,0.001069443209766107,1.4,1.5,0.793,14.3
Slovakia,2005,Developed,74.0,141.0,0,10.81,0.0,99.0,0,53.1,0,99.0,7.4,99.0,0.1,0.17423032051730014,0.001069443209766107,1.4,1.5,0.784,14.0
Slovakia,2004,Developed,74.1,138.0,0,10.03,0.0,99.0,2,52.6,0,99.0,7.21,99.0,0.1,0.17423032051730014,0.001069443209766107,1.4,1.5,0.776,13.8
Slovakia,2003,Developed,73.8,144.0,0,9.85,0.0,99.0,1,52.1,0,98.0,5.82,99.0,0.1,0.17423032051730014,0.001069443209766107,1.5,1.6,0.771,13.6
Slovakia,2002,Developed,73.7,145.0,0,10.78,0.0,99.0,0,51.6,0,98.0,5.63,99.0,0.1,0.17423032051730014,0.001069443209766107,1.5,1.6,0.763,13.3
Slovakia,2001,Developed,73.3,145.0,0,10.73,0.0,99.0,0,51.1,1,99.0,5.5,99.0,0.1,0.17423032051730014,0.001069443209766107,1.5,1.6,0.763,13.3
Slovakia,2000,Developed,73.0,147.0,0,11.06,0.0,98.0,0,5.7,1,98.0,5.5,99.0,0.1,0.17423032051730014,0.001069443209766107,1.6,1.7,0.761,13.0
Slovenia,2015,Developed,88.0,74.0,0,3.65,0.0,92.0,18,6.1,0,95.0,5.73,95.0,0.1,0.2732639896616002,0.00020365197989153782,1.4,1.3,0.888,17.3
Slovenia,2014,Developed,87.0,76.0,0,10.46,31.13492794,92.0,52,59.5,0,95.0,9.23,95.0,0.1,0.024138525182953827,2.0221673878192903e-05,1.4,1.4,0.888,17.6
Slovenia,2013,Developed,85.0,78.0,0,9.53,259.7786785,92.0,1,58.9,0,95.0,9.29,95.0,0.1,0.23174167545920887,0.000200886609568339,1.4,1.4,0.878,16.8
Slovenia,2008,Developed,78.9,96.0,0,10.94,392.9588536,92.0,0,55.8,0,97.0,8.47,97.0,0.1,0.275462462758152,0.00017102478363836883,1.7,1.7,0.869,16.9
Slovenia,2004,Developed,77.2,113.0,0,10.0,235.3785281,92.0,0,53.5,0,94.0,8.47,94.0,0.1,0.17280525077774264,0.00015432744980315712,2.0,2.0,0.85,16.6
Slovenia,2003,Developed,76.5,119.0,0,11.58,203.3252124,92.0,0,52.9,0,95.0,8.77,95.0,0.1,0.1489219368893274,0.0015424390130345399,2.0,2.1,0.843,16.1
Slovenia,2001,Developed,76.2,124.0,0,10.8,196.3026243,92.0,0,51.8,0,93.0,8.57,92.0,0.1,0.14800291780745753,1.5374160555917034e-05,2.2,2.2,0.824,14.7
Slovenia,2000,Developed,76.0,122.0,0,11.9,161.4473853,92.0,0,51.2,0,93.0,8.26,91.0,0.1,0.12280585997144479,0.001537177235180896,2.2,2.3,0.818,14.6
Solomon Islands,2015,Developing,69.2,177.0,0,3.65,0.0,98.0,0,5.5,0,99.0,5.73,98.0,0.1,0.19238707017157422,0.000454027743326581,1.1,1.2,0.514,9.6
Solomon Islands,2014,Developing,68.8,183.0,0,0.01,3.718438799,88.0,0,49.7,0,94.0,5.5,88.0,0.1,0.0028016972613319506,4.445614896321877e-05,1.1,1.2,0.512,9.6
Solomon Islands,2013,Developing,68.8,182.0,0,0.01,24.73328608,94.0,0,48.9,0,99.0,5.42,94.0,0.1,0.018713980796339447,0.00043550254453486695,1.1,1.2,0.509,9.5
Solomon Islands,2012,Developing,68.7,184.0,0,0.01,247.9492284,99.0,0,48.1,0,99.0,5.48,99.0,0.1,0.18600425748070035,0.00042624187734298087,1.2,1.2,0.505,9.4
Solomon Islands,2011,Developing,68.5,186.0,0,0.99,229.6687488,99.0,0,47.2,0,99.0,5.8,99.0,0.1,0.16438380131148808,0.00041703144745433904,1.2,1.2,0.497,9.4
Solomon Islands,2010,Developing,68.3,188.0,0,1.1,29.5207994,9.0,0,46.4,0,94.0,7.47,9.0,0.1,0.1272843131167325,4.0765639378737374e-05,1.2,1.2,0.492,9.3
Solomon Islands,2008,Developing,68.0,193.0,0,1.09,19.74929219,89.0,0,44.7,0,94.0,5.97,89.0,0.1,0.012431309653956103,4.2077992315794846e-05,1.2,1.2,0.489,9.2
Solomon Islands,2006,Developing,67.6,2.0,0,0.99,240.4851202,99.0,0,43.0,0,99.0,6.66,99.0,0.1,0.09485251124989055,0.00037205592206373357,1.3,1.3,0.47,8.4
Solomon Islands,2005,Developing,67.4,24.0,0,0.9,25.31155956,83.0,0,42.1,0,9.0,7.83,89.0,0.1,0.008733596833548561,0.0003631391871786735,1.3,1.3,0.465,8.3
Solomon Islands,2004,Developing,67.1,29.0,0,1.18,195.5259417,81.0,0,41.3,0,89.0,5.64,9.0,0.1,0.08180957271157739,0.0003542039031354925,1.3,1.3,0.459,8.1
Solomon Islands,2002,Developing,66.5,22.0,0,1.08,156.2847968,75.0,0,39.6,0,78.0,6.9,78.0,0.1,0.07845546841715081,0.0003363797079444329,1.4,1.4,0.446,7.3
Solomon Islands,2001,Developing,66.2,227.0,0,0.7,325.1114746,83.0,0,38.7,0,88.0,6.44,84.0,0.1,0.0944676423509795,0.00032756190190268457,1.4,1.4,0.442,6.6
Somalia,2015,Developing,55.0,312.0,50,3.65,0.0,42.0,7497,24.3,80,47.0,5.73,42.0,0.7,0.04259988991803694,0.001069443209766107,6.6,6.4,0.675,12.3
Somalia,2014,Developing,54.3,321.0,51,0.01,0.0,42.0,10229,23.8,80,47.0,5.73,42.0,0.8,0.04168901011275969,0.001069443209766107,6.7,6.5,0.675,12.3
Somalia,2013,Developing,54.2,318.0,51,0.01,0.0,42.0,3173,23.3,81,47.0,5.73,42.0,0.8,0.004593681643248107,0.001069443209766107,6.8,6.6,0.675,12.3
Somalia,2012,Developing,53.1,336.0,51,0.01,0.0,92.0,9983,22.9,82,47.0,5.73,42.0,0.8,0.17423032051730014,0.001069443209766107,6.8,6.7,0.675,12.3
Somalia,2011,Developing,53.1,329.0,51,0.01,0.0,92.0,17298,22.4,82,49.0,5.73,41.0,0.8,0.17423032051730014,0.001069443209766107,6.9,6.7,0.675,12.3
Somalia,2010,Developing,52.4,336.0,52,0.01,0.0,92.0,115,22.0,83,49.0,5.73,45.0,0.8,0.17423032051730014,0.001069443209766107,7.0,6.8,0.675,12.3
Somalia,2009,Developing,52.2,335.0,52,0.01,0.0,92.0,13,21.5,84,41.0,5.73,42.0,0.8,0.17423032051730014,0.001069443209766107,7.1,6.9,0.675,12.3
Somalia,2007,Developing,51.5,34.0,52,0.01,0.0,92.0,1149,2.7,84,4.0,5.73,4.0,0.9,0.17423032051730014,0.001069443209766107,7.3,7.1,0.675,12.3
Somalia,2006,Developing,51.5,337.0,51,0.01,0.0,92.0,7,2.2,83,26.0,5.73,26.0,0.9,0.17423032051730014,0.001069443209766107,7.4,7.2,0.675,12.3
Somalia,2005,Developing,51.6,334.0,50,0.01,0.0,92.0,0,19.8,82,35.0,5.73,35.0,0.9,0.17423032051730014,0.001069443209766107,7.5,7.3,0.675,12.3
Somalia,2004,Developing,51.2,341.0,49,0.01,0.0,92.0,12008,19.4,80,3.0,5.73,3.0,0.9,0.17423032051730014,0.001069443209766107,7.6,7.4,0.675,12.3
Somalia,2003,Developing,51.1,344.0,48,0.01,0.0,92.0,8257,19.0,78,4.0,5.73,4.0,0.9,0.17423032051730014,0.001069443209766107,7.7,7.5,0.675,12.3
Somalia,2002,Developing,58.0,348.0,47,0.01,0.0,92.0,9559,18.6,77,4.0,5.73,4.0,0.9,0.17423032051730014,0.001069443209766107,7.8,7.6,0.675,12.3
Somalia,2001,Developing,57.0,352.0,46,0.01,0.0,92.0,3571,18.2,75,33.0,5.73,33.0,0.8,0.17423032051730014,0.001069443209766107,7.9,7.7,0.675,12.3
Somalia,2000,Developing,55.0,355.0,45,0.01,0.0,92.0,3965,17.8,74,37.0,5.73,33.0,0.8,0.17423032051730014,0.001069443209766107,8.0,7.9,0.675,12.3
South Africa,2015,Developing,62.9,328.0,42,3.65,0.0,75.0,17,51.1,52,75.0,5.73,75.0,3.6,0.5777515374418383,0.0042600790135396945,4.4,5.3,0.665,13.0
South Africa,2014,Developing,62.0,347.0,42,7.38,922.0507313,8.0,66,5.3,52,77.0,8.8,77.0,3.7,0.6488528240541294,0.04184898807309228,4.9,5.9,0.66,13.0
South Africa,2013,Developing,69.0,371.0,43,7.34,978.5905287,7.0,25,49.5,54,73.0,8.78,73.0,4.5,0.6886505573615548,0.04120380265315719,5.4,6.5,0.652,12.8
South Africa,2012,Developing,59.2,48.0,43,7.38,1089.954838,68.0,32,48.7,56,65.0,8.79,65.0,7.6,0.7558812100887478,0.004062638002838114,6.0,7.3,0.644,12.8
South Africa,2011,Developing,58.9,413.0,43,7.38,123.753335,76.0,92,47.9,58,69.0,8.61,69.0,8.5,0.08496588170705939,0.03998063232936169,6.6,8.0,0.638,12.8
South Africa,2010,Developing,58.0,428.0,43,7.28,1038.885632,71.0,12499,47.2,62,72.0,8.5,72.0,11.0,0.7373106874979902,0.004621366901992107,7.3,8.9,0.63,12.8
South Africa,2009,Developing,56.5,449.0,46,7.6,782.5987144,74.0,5857,46.4,70,75.0,8.39,76.0,19.0,0.5896565385939976,0.00406209490667478,8.1,9.8,0.622,12.8
South Africa,2008,Developing,55.3,473.0,50,8.19,780.0336423,76.0,39,45.7,75,77.0,7.75,79.0,23.5,0.5794370007291013,0.03830210969004465,8.9,1.7,0.616,12.9
South Africa,2007,Developing,54.5,486.0,51,8.48,805.490079,83.0,31,45.0,79,79.0,7.53,82.0,26.4,0.6133723672845778,0.03778139748367995,9.7,11.7,0.612,12.9
South Africa,2006,Developing,54.0,496.0,54,8.5,732.1255305,83.0,81,44.3,82,79.0,7.57,82.0,28.1,0.5639252112704193,0.0037278787802623916,1.6,12.8,0.609,12.9
South Africa,2005,Developing,53.8,498.0,55,8.69,709.3170967,79.0,615,43.6,84,75.0,7.77,79.0,29.5,0.5421796880949079,0.00036838105560260085,11.6,13.9,0.609,12.9
South Africa,2004,Developing,53.7,497.0,55,6.96,622.043809,76.0,830,42.9,83,73.0,7.93,74.0,29.7,0.48697789966245986,3.620169631123558e-06,12.6,15.0,0.611,12.9
South Africa,2003,Developing,54.0,485.0,55,6.93,519.1563781,71.0,244,42.2,82,7.0,8.26,69.0,28.9,0.3780167518532209,0.035875741152866965,13.5,16.1,0.613,12.9
South Africa,2002,Developing,54.9,459.0,54,7.04,346.5316007,72.0,1043,41.6,79,7.0,8.9,7.0,26.6,0.2520828826481865,0.03544083216593434,14.5,17.1,0.62,12.9
South Africa,2001,Developing,56.0,429.0,52,7.38,365.2585722,72.0,1166,4.9,76,71.0,8.31,71.0,24.0,0.26844785069129923,0.035021508444434676,15.4,18.1,0.629,13.0
South Africa,2000,Developing,57.3,397.0,51,7.3,45.96380839,73.0,1459,4.1,73,71.0,8.7,73.0,21.3,0.03360921754904478,0.034699927100262824,16.3,19.1,0.635,13.0
South Sudan,2015,Developing,57.3,332.0,26,3.65,0.0,31.0,878,42.9,39,41.0,5.73,31.0,3.4,0.07582813222941745,0.009183457866970786,3.4,3.4,0.421,4.9
South Sudan,2014,Developing,56.6,343.0,26,3.65,46.0744686,92.0,441,42.9,39,44.0,2.74,39.0,3.5,0.11520595769324624,0.0008918566614424508,3.4,3.4,0.421,4.9
South Sudan,2013,Developing,56.4,345.0,26,3.65,47.44453,92.0,525,42.9,40,5.0,2.62,45.0,3.6,0.11863670734974795,0.0008638613445484017,3.4,3.4,0.417,4.9
South Sudan,2012,Developing,56.0,347.0,26,3.65,38.3382324,92.0,1952,42.9,40,64.0,2.77,59.0,3.8,0.09583376774193021,0.0014052718531380299,3.4,3.4,0.419,4.9
South Sudan,2011,Developing,55.4,355.0,27,3.65,0.0,92.0,1256,42.9,41,66.0,5.73,61.0,3.9,0.017557634592163508,0.0011197686215114308,3.4,3.4,0.429,4.9
South Sudan,2010,Developing,55.0,359.0,27,3.65,0.0,92.0,0,42.9,41,93.0,5.73,93.0,4.0,0.15631076997652726,0.000129193340549265,3.4,3.4,0.0,0.0
South Sudan,2009,Developing,54.3,369.0,27,3.65,0.0,92.0,0,42.9,42,93.0,5.73,93.0,4.2,0.12651723487711794,0.0007478657300021952,3.4,3.4,0.0,0.0
South Sudan,2008,Developing,53.6,377.0,27,3.65,0.0,92.0,0,42.9,42,93.0,5.73,93.0,4.2,0.16797705133468793,0.007159280987021726,3.4,3.4,0.0,0.0
South Sudan,2007,Developing,53.1,381.0,27,3.65,0.0,92.0,0,42.9,43,93.0,5.73,93.0,4.2,0.17423032051730014,6.842629854502105e-05,3.4,3.4,0.0,0.0
South Sudan,2006,Developing,52.5,383.0,28,3.65,0.0,92.0,0,42.9,43,93.0,5.73,93.0,4.1,0.17423032051730014,0.006544852490370552,3.4,3.4,0.0,0.0
South Sudan,2005,Developing,51.9,383.0,28,3.65,0.0,92.0,0,42.9,44,93.0,5.73,93.0,3.9,0.17423032051730014,0.0006328686784681666,3.4,3.4,0.0,0.0
South Sudan,2004,Developing,51.4,383.0,29,3.65,0.0,92.0,0,42.9,45,93.0,5.73,93.0,3.8,0.17423032051730014,0.006018908888127446,3.4,3.4,0.0,0.0
South Sudan,2003,Developing,58.0,383.0,29,3.65,0.0,92.0,0,42.9,46,93.0,5.73,93.0,3.5,0.17423032051730014,0.0005809039848739036,3.4,3.4,0.0,0.0
South Sudan,2002,Developing,52.0,382.0,30,3.65,0.0,92.0,0,42.9,48,93.0,5.73,93.0,3.3,0.17423032051730014,0.005593531092400266,3.4,3.4,0.0,0.0
South Sudan,2001,Developing,49.6,381.0,30,3.65,0.0,92.0,0,42.9,49,93.0,5.73,93.0,3.0,0.17423032051730014,0.005390391533001819,3.4,3.4,0.0,0.0
South Sudan,2000,Developing,48.9,38.0,31,3.65,0.0,92.0,0,42.9,50,93.0,5.73,93.0,2.7,0.17423032051730014,5.226379876896348e-05,3.4,3.4,0.0,0.0
Spain,2014,Developed,82.6,58.0,1,0.01,42.98847625,96.0,154,66.0,1,97.0,9.3,97.0,0.1,0.029527254148312625,0.003593009026344952,0.6,0.5,0.877,17.6
Spain,2013,Developed,82.4,6.0,1,9.25,423.680459,95.0,131,65.4,2,96.0,9.1,96.0,0.1,0.2925024079077213,0.00036032589819699556,0.6,0.5,0.874,17.5
Spain,2010,Developed,81.9,64.0,1,9.78,578.7417172,97.0,302,63.5,2,97.0,9.56,97.0,0.1,0.3740648305740765,0.0359983998568747,0.6,0.5,0.86,16.4
Spain,2007,Developed,89.0,72.0,2,11.05,510.9327012,96.0,267,61.7,2,96.0,8.36,96.0,0.1,0.32830879442605676,0.0034954721427738595,0.6,0.5,0.849,16.0
Spain,2005,Developed,81.0,77.0,2,11.92,405.4475981,96.0,22,6.5,2,96.0,8.12,96.0,0.1,0.2654365837849921,0.03373869349592165,0.6,0.5,0.837,15.8
Spain,2002,Developed,79.5,83.0,2,12.26,228.3543024,82.0,67,58.8,2,98.0,7.25,98.0,0.1,0.17206607605367294,0.03202166207783681,0.6,0.5,0.828,15.7
Sri Lanka,2015,Developing,74.9,138.0,3,3.65,0.0,99.0,1568,23.4,3,99.0,5.73,99.0,0.1,0.3849489074190081,2.2660888171098303e-06,15.1,15.0,0.764,14.0
Sri Lanka,2014,Developing,74.7,141.0,3,2.37,42.7308283,99.0,1686,22.7,3,99.0,3.5,99.0,0.1,0.038149086874932306,2.1153769073770824e-06,15.2,15.0,0.76,14.0
Sri Lanka,2013,Developing,74.6,142.0,3,2.56,41.62053588,99.0,2107,21.9,3,99.0,3.68,99.0,0.1,0.0360195566363158,1.971620931939692e-06,15.2,15.1,0.757,13.8
Sri Lanka,2012,Developing,74.5,143.0,3,2.8,20.76877311,99.0,51,21.2,4,99.0,3.21,99.0,0.1,0.033438546654778155,1.8479598778000012e-06,15.3,15.2,0.752,13.7
Sri Lanka,2011,Developing,74.5,141.0,3,3.03,20.83302367,99.0,60,2.5,4,99.0,3.28,99.0,0.1,0.03218362365449825,1.728936113190549e-06,15.3,15.3,0.746,13.6
Sri Lanka,2010,Developing,74.5,138.0,3,2.31,191.7267589,99.0,79,19.8,4,99.0,3.43,99.0,0.1,0.2822433697108314,1.611458111757843e-06,15.3,15.3,0.739,13.5
Sri Lanka,2009,Developing,71.8,183.0,4,2.05,13.39092189,97.0,21,19.2,4,97.0,3.37,97.0,0.1,0.02153515102150265,1.5406621582628702e-05,15.3,15.4,0.735,13.4
Sri Lanka,2008,Developing,72.3,172.0,4,2.1,17.81424344,98.0,33,18.5,4,98.0,3.44,98.0,0.1,0.02532208898382027,1.528991646278437e-05,15.4,15.4,0.731,13.3
Sri Lanka,2007,Developing,73.7,146.0,4,2.29,127.6377505,98.0,44,17.9,5,98.0,3.76,98.0,0.1,0.16458196435028105,1.5174757106116782e-05,15.4,15.5,0.725,13.2
Sri Lanka,2006,Developing,73.8,145.0,4,1.96,120.2471713,98.0,0,17.2,5,98.0,4.6,98.0,0.1,0.14494440483450033,1.482386886499541e-06,15.4,15.5,0.718,13.1
Sri Lanka,2005,Developing,74.2,138.0,4,1.97,97.76637062,99.0,3,16.6,5,99.0,4.6,99.0,0.1,0.12602502499617318,1.4946757037546727e-05,15.4,15.5,0.712,12.9
Sri Lanka,2004,Developing,69.1,197.0,6,1.56,15.35342268,62.0,35,16.1,10,97.0,4.28,97.0,0.1,0.017327048465607935,1.4834689207232633e-05,15.4,15.5,0.705,12.8
Sri Lanka,2003,Developing,73.9,146.0,5,1.69,72.4280894,32.0,65,15.6,5,98.0,3.95,99.0,0.1,0.09893872879988888,1.506346215739106e-06,15.4,15.5,0.697,12.7
Sri Lanka,2002,Developing,73.7,149.0,5,1.62,59.63595674,92.0,139,15.1,5,98.0,3.89,98.0,0.1,0.08728897303788405,1.4611326428192817e-05,15.4,15.6,0.699,12.6
Sri Lanka,2001,Developing,72.7,16.0,5,1.68,53.61278637,92.0,309,14.6,6,98.0,3.81,98.0,0.1,0.08373843582679821,1.450157724264384e-05,15.4,15.6,0.686,12.5
Sri Lanka,2000,Developing,71.5,175.0,5,1.45,60.4909815,92.0,16527,14.1,6,99.0,3.77,99.0,0.1,0.08751583653217121,1.4391828057094866e-05,15.3,15.5,0.677,12.4
Sudan,2015,Developing,64.1,225.0,58,3.65,0.0,93.0,3585,42.9,85,93.0,5.73,93.0,0.3,0.2516307851976756,0.002986993345783219,3.4,3.4,0.488,7.2
Sudan,2014,Developing,63.8,229.0,59,0.01,253.6086508,94.0,676,42.9,86,94.0,8.43,94.0,0.3,0.21787708987996207,0.02916691186335058,3.4,3.4,0.485,7.2
Sudan,2013,Developing,63.5,232.0,60,0.01,227.8353208,93.0,2813,42.9,88,93.0,8.42,93.0,0.3,0.19571791436468175,0.028480596877283236,3.4,3.4,0.478,7.0
Sudan,2012,Developing,63.2,235.0,61,0.01,220.522192,92.0,8523,42.9,89,92.0,8.2,92.0,0.3,0.18943029434981637,0.0027817229518456283,3.4,3.4,0.468,6.8
Sudan,2011,Developing,62.7,241.0,61,2.12,196.6892153,93.0,5616,42.9,91,93.0,8.3,93.0,0.3,0.16678970406231355,0.027180143225160363,3.4,3.4,0.463,7.0
Sudan,2010,Developing,62.5,243.0,62,1.77,172.0097884,75.0,680,42.9,92,9.0,7.97,9.0,0.3,0.14772071047763408,0.026576251423203478,3.4,3.4,0.461,7.0
Sudan,2009,Developing,62.0,248.0,63,1.99,17.0536929,72.0,68,42.9,94,81.0,8.4,81.0,0.3,0.12272048180462816,0.002601198680604566,3.4,3.4,0.456,6.8
Sudan,2008,Developing,61.8,251.0,64,2.01,128.6362711,78.0,129,42.9,95,85.0,8.17,86.0,0.3,0.1291954881796269,0.025470669816128225,3.4,3.4,0.444,6.3
Sudan,2007,Developing,61.4,254.0,65,2.01,86.13166944,78.0,327,42.9,97,84.0,4.72,84.0,0.3,0.11158339715944497,0.0249505436936008,3.4,3.4,0.44,6.4
Sudan,2006,Developing,61.0,26.0,66,1.9,60.3368571,6.0,228,42.9,99,77.0,3.93,78.0,0.2,0.08936557242696913,0.0002447947854854013,3.4,3.4,0.43,6.2
Sudan,2005,Developing,67.0,261.0,66,1.55,37.59039592,22.0,1374,42.9,101,78.0,3.18,78.0,0.2,0.0679180507844063,0.00302342002792483,3.4,3.4,0.423,6.1
Sudan,2004,Developing,59.7,278.0,68,1.59,37.04479956,92.0,9562,42.9,102,74.0,3.39,74.0,0.2,0.05648094125583393,0.0024626380152042195,3.4,3.4,0.415,5.7
Sudan,2003,Developing,59.6,278.0,69,1.74,35.35264737,92.0,4381,42.9,104,69.0,3.18,69.0,0.2,0.04768349296932774,0.022750472876006622,3.4,3.4,0.409,5.6
Sudan,2001,Developing,58.9,283.0,71,1.81,28.88069657,92.0,4362,42.9,108,66.0,2.96,66.0,0.2,0.037645816492362746,0.00021595934630479053,3.4,3.4,0.399,5.6
Sudan,2000,Developing,58.6,284.0,71,1.76,30.86000992,92.0,2875,42.9,109,62.0,3.23,62.0,0.1,0.036026473518968774,0.0021064895419923802,3.4,3.4,0.394,5.5
Suriname,2015,Developing,71.6,176.0,0,3.65,0.0,89.0,0,58.3,0,89.0,5.73,89.0,0.4,0.8831707284962257,4.273571454750032e-05,3.5,3.5,0.723,12.7
Suriname,2014,Developing,71.4,178.0,0,6.32,1132.432517,85.0,0,57.7,0,85.0,5.69,85.0,0.4,0.957840654687751,0.00042345718498007273,3.5,3.5,0.722,12.7
Suriname,2013,Developing,71.2,179.0,0,6.02,1122.972967,86.0,0,57.0,0,86.0,5.96,86.0,0.4,0.9498381161389311,4.1905639721587646e-05,3.5,3.5,0.719,12.7
Suriname,2012,Developing,71.3,178.0,0,5.73,1168.324095,84.0,0,56.3,0,84.0,6.9,84.0,0.9,0.9285879005973448,4.1536975203933696e-05,3.5,3.4,0.708,12.7
Suriname,2011,Developing,76.0,187.0,0,5.64,989.1263558,86.0,0,55.5,0,86.0,5.93,86.0,0.1,0.8330884709196408,0.0004108290727076452,3.5,3.4,0.704,12.5
Suriname,2010,Developing,73.0,19.0,0,5.26,99.08095375,86.0,0,54.8,0,96.0,5.81,96.0,0.5,0.0832990724477991,4.0637341035067445e-05,3.5,3.4,0.7,12.3
Suriname,2009,Developing,70.0,196.0,0,5.13,885.0739766,87.0,0,54.1,0,85.0,6.14,87.0,0.6,0.745432975379047,4.0641978324597684e-05,3.5,3.4,0.696,12.1
Suriname,2008,Developing,69.8,196.0,0,4.94,815.4355995,84.0,0,53.3,0,85.0,5.92,85.0,1.2,0.6867684209658375,0.0003981221265132036,3.5,3.4,0.691,11.9
Suriname,2007,Developing,69.5,22.0,0,4.72,685.0299083,84.0,0,52.6,0,84.0,5.92,84.0,0.8,0.5769124467372191,4.591689516524386e-06,3.5,3.4,0.684,11.7
Suriname,2006,Developing,69.3,199.0,0,4.52,72.800168,84.0,0,51.8,0,84.0,6.22,84.0,0.6,0.052709844032549635,4.175879221979677e-06,3.5,3.4,0.678,11.5
Suriname,2005,Developing,68.9,25.0,0,4.47,418.9206608,83.0,0,51.1,0,84.0,6.78,83.0,0.6,0.36000765083986636,0.0003855998990183832,3.5,3.4,0.672,11.3
Suriname,2004,Developing,68.3,214.0,0,4.55,4.23257668,92.0,0,5.4,0,84.0,6.88,85.0,0.9,0.003486324809357228,3.812547587285498e-05,3.5,3.5,0.0,11.1
Suriname,2003,Developing,68.0,223.0,0,4.53,32.3662077,92.0,0,49.7,0,74.0,6.62,75.0,1.0,0.026188573172032464,0.0003773965338393915,3.5,3.5,0.0,10.9
Suriname,2002,Developing,67.9,221.0,0,4.41,250.7112373,92.0,0,49.0,0,74.0,7.14,73.0,1.6,0.22344767187962597,3.7337909534302825e-05,3.5,3.5,0.0,11.0
Suriname,2001,Developing,67.7,219.0,0,4.23,191.2135044,92.0,0,48.3,0,65.0,8.38,68.0,1.8,0.15997031674138096,3.689736702893018e-05,3.6,3.5,0.0,11.0
Suriname,2000,Developing,67.4,224.0,0,4.29,268.1837972,92.0,0,47.6,0,7.0,9.65,71.0,0.4,0.18900198950923974,3.648387537915059e-05,3.6,3.6,0.0,11.1
Swaziland,2015,Developing,58.9,373.0,2,3.65,0.0,9.0,0,32.3,3,84.0,5.73,9.0,7.1,0.3140366250058305,0.00010192530522987485,4.0,4.1,0.541,11.4
Swaziland,2014,Developing,58.4,382.0,2,0.01,574.3895102,98.0,0,31.8,3,98.0,9.25,98.0,7.3,0.3468327793056166,0.00010013685723437958,4.3,4.3,0.541,11.4
Swaziland,2013,Developing,57.6,393.0,2,0.01,708.9556648,98.0,0,31.2,3,98.0,9.66,98.0,9.8,0.36029554244173795,0.0009826586548524606,4.5,4.6,0.539,11.4
Swaziland,2012,Developing,56.5,412.0,2,0.01,720.2333929,95.0,0,3.7,3,92.0,8.76,95.0,12.2,0.38561241371455324,0.0009646520596065448,4.8,4.9,0.534,11.3
Swaziland,2011,Developing,55.0,438.0,2,5.2,735.7090978,91.0,0,3.2,3,85.0,8.61,91.0,15.7,0.39390171302063814,0.0009469530712328016,5.1,5.2,0.526,11.2
Swaziland,2010,Developing,53.6,459.0,2,4.93,56.93670561,89.0,313,29.7,4,89.0,8.47,89.0,21.6,0.036815851733767675,9.491681498650788e-05,5.4,5.6,0.523,11.0
Swaziland,2009,Developing,52.6,46.0,3,4.9,47.6164523,88.0,26,29.3,4,89.0,8.46,88.0,33.7,0.033137630808070986,9.169544452616895e-05,5.8,5.9,0.519,10.8
Swaziland,2008,Developing,51.4,477.0,3,4.87,413.0063027,9.0,1,28.9,4,89.0,8.19,88.0,40.2,0.28453984176092423,0.0008956638761467767,6.1,6.3,0.514,10.6
Swaziland,2007,Developing,50.0,51.0,3,5.55,43.3664999,92.0,0,28.5,4,88.0,7.5,87.0,40.7,0.03463716230786469,0.0008798484002038986,6.5,6.7,0.508,10.5
Swaziland,2006,Developing,47.8,564.0,3,5.53,437.0802438,93.0,0,28.2,4,88.0,6.81,87.0,43.7,0.2940482324195652,8.693372106020249e-05,6.9,7.1,0.502,9.9
Swaziland,2005,Developing,46.0,63.0,3,5.08,372.1651473,95.0,0,27.8,4,88.0,6.8,86.0,49.1,0.2876873477972305,8.952983031554762e-05,7.3,7.5,0.495,9.7
Swaziland,2003,Developing,45.9,6.0,3,5.65,2.819124474,9.0,350,27.1,4,87.0,5.71,85.0,50.6,0.0021347962283726116,0.00014480554863440092,8.2,8.4,0.493,9.1
Swaziland,2002,Developing,46.4,587.0,3,5.52,131.0421269,88.0,37,26.7,4,87.0,5.16,85.0,49.9,0.13254769642125766,1.43678687278553e-06,8.6,8.8,0.502,9.2
Swaziland,2001,Developing,47.1,568.0,3,6.72,143.6197316,86.0,49,26.3,4,87.0,5.11,84.0,48.8,0.14382997209856788,0.00013362581645858453,9.0,9.2,0.506,9.3
Swaziland,2000,Developing,48.4,536.0,3,7.19,25.21683318,83.0,10,25.9,4,87.0,5.26,84.0,46.4,0.1638447946968344,0.00012476936633741757,9.4,9.6,0.516,9.4
Sweden,2014,Developed,82.3,54.0,0,7.3,1142.212403,67.0,26,59.0,0,98.0,11.93,98.0,0.1,0.5926184279568409,0.0007493682118099924,1.5,1.3,0.906,15.8
Sweden,2013,Developed,81.9,57.0,0,7.3,1212.666327,67.0,51,58.5,0,98.0,11.97,98.0,0.1,0.6291826947112282,7.446327663180306e-05,1.4,1.3,0.904,15.8
Sweden,2010,Developed,81.5,58.0,0,7.2,778.2477467,92.0,6,57.3,0,98.0,9.47,98.0,0.1,0.5283192376608106,0.007248154640868745,1.3,1.3,0.895,15.8
Sweden,2009,Developed,81.4,62.0,0,7.3,682.1070608,92.0,3,56.9,0,98.0,9.94,98.0,0.1,0.4633468652863303,0.0071866247647367765,1.3,1.3,0.898,15.8
Sweden,2005,Developed,85.0,66.0,0,6.5,599.0392403,92.0,13,55.3,0,98.0,9.6,98.0,0.1,0.4390834023078429,0.0007184228058931232,1.3,1.3,0.89,16.0
Switzerland,2015,Developed,83.4,49.0,0,3.65,0.0,92.0,35,57.4,0,97.0,5.73,97.0,0.1,0.900284627677837,0.0064012850980407245,0.4,0.3,0.938,16.0
Switzerland,2003,Developed,85.0,72.0,0,10.82,842.2768087,92.0,574,52.3,0,95.0,1.93,93.0,0.1,0.4802717697843498,5.6696274678283015e-05,0.6,0.5,0.889,15.0
Syrian Arab Republic,2015,Developing,64.5,293.0,6,3.65,0.0,41.0,45,57.1,8,5.0,5.73,41.0,0.1,0.17423032051730014,0.014479900232734742,6.3,6.1,0.553,9.0
Syrian Arab Republic,2013,Developing,63.6,37.0,7,0.01,0.0,71.0,740,55.2,9,5.0,3.25,41.0,0.1,0.17423032051730014,0.0015373441776039846,6.3,6.1,0.635,13.0
Syrian Arab Republic,2012,Developing,62.8,32.0,7,0.01,0.0,43.0,13,54.2,9,47.0,3.25,45.0,0.1,0.17423032051730014,1.8732331057398007e-05,6.3,6.1,0.645,12.5
Syrian Arab Republic,2011,Developing,71.7,163.0,7,0.76,0.0,66.0,13,53.2,8,6.0,3.23,72.0,0.1,0.17423032051730014,0.0022135011809553385,6.3,6.1,0.646,12.0
Syrian Arab Republic,2009,Developing,73.8,124.0,7,0.81,0.0,84.0,22,51.3,9,83.0,3.55,8.0,0.1,0.17423032051730014,0.0021832815108499513,6.4,6.2,0.648,11.8
Syrian Arab Republic,2008,Developing,73.8,122.0,8,0.8,0.0,83.0,19,5.4,9,83.0,3.4,79.0,0.1,0.17423032051730014,0.0017972658015370235,6.4,6.2,0.651,11.6
Syrian Arab Republic,2007,Developing,73.8,121.0,8,0.83,17.98136184,83.0,403,49.4,9,83.0,3.72,8.0,0.1,0.025709091052306333,0.001517361324136599,6.4,6.2,0.644,11.5
Syrian Arab Republic,2006,Developing,73.7,123.0,8,0.97,122.6523334,83.0,517,48.5,10,83.0,3.78,8.0,0.1,0.1763441303131076,0.014619011189826009,6.4,6.3,0.636,11.4
Syrian Arab Republic,2005,Developing,73.5,127.0,9,0.92,116.2585943,83.0,375,47.6,10,83.0,4.11,8.0,0.1,0.1578350399290914,0.014139541730373364,6.5,6.3,0.624,11.0
Syrian Arab Republic,2003,Developing,73.0,134.0,9,1.29,94.75639211,81.0,801,46.0,11,85.0,5.12,83.0,0.1,0.125375517535191,0.01345991217004545,6.6,6.4,0.599,10.3
Syrian Arab Republic,2002,Developing,72.8,135.0,9,1.25,91.70356833,8.0,538,45.3,11,86.0,4.94,84.0,0.1,0.12635142140616365,0.0001381579940928042,6.6,6.5,0.596,10.2
Syrian Arab Republic,2001,Developing,72.7,135.0,10,1.29,93.50075111,8.0,290,44.6,11,83.0,4.92,82.0,0.1,0.12587939174270532,0.01295880125323677,6.7,6.5,0.589,10.1
Syrian Arab Republic,2000,Developing,72.6,136.0,10,1.41,81.7274712,79.0,146,43.9,12,86.0,4.92,84.0,0.1,0.11778692300191457,0.0012689278121331372,6.8,6.6,0.588,10.0
Tajikistan,2015,Developing,69.7,161.0,10,3.65,0.0,96.0,3,4.7,11,96.0,5.73,96.0,0.2,0.09184940297174184,0.0066070686853529955,3.6,3.7,0.625,11.3
Tajikistan,2014,Developing,69.6,162.0,10,0.01,7.829008596,97.0,0,39.9,11,94.0,6.88,97.0,0.2,0.011296210106817198,0.006463385360784913,3.6,3.7,0.622,11.3
Tajikistan,2013,Developing,69.3,163.0,10,0.01,1.0419164,96.0,1,39.0,11,97.0,6.75,96.0,0.2,0.0012553539031583383,0.0006320277833000167,3.6,3.7,0.617,11.2
Tajikistan,2012,Developing,68.8,164.0,10,0.01,71.50892145,94.0,16,38.2,12,96.0,6.39,94.0,0.2,0.09546010252820154,0.0006179404705887409,3.6,3.7,0.613,11.1
Tajikistan,2011,Developing,68.1,166.0,10,0.32,51.9919227,96.0,1,37.4,12,97.0,5.98,96.0,0.2,0.08342207060944844,0.0060407767997888735,3.7,3.7,0.608,11.1
Tajikistan,2010,Developing,67.3,171.0,10,0.32,43.34099958,93.0,0,36.6,12,95.0,6.4,93.0,0.2,0.07378697681569432,0.0005905812352419227,3.7,3.8,0.603,11.1
Tajikistan,2009,Developing,66.7,174.0,10,0.3,35.71613793,93.0,0,35.9,12,93.0,5.93,93.0,0.2,0.06657504630773606,0.005775577940370423,3.7,3.8,0.601,11.1
Tajikistan,2007,Developing,66.1,181.0,10,0.35,2.272404904,84.0,2,34.7,12,85.0,5.35,86.0,0.3,0.005076101014147854,0.005527920401481688,3.8,3.8,0.586,10.9
Tajikistan,2006,Developing,65.9,183.0,10,0.38,2.626234903,88.0,3,34.1,12,76.0,5.7,83.0,0.3,0.004267552779672936,5.8143881893305775e-06,3.8,3.9,0.579,10.7
Tajikistan,2005,Developing,65.5,194.0,10,0.37,19.83672308,81.0,0,33.5,12,79.0,5.89,84.0,0.3,0.0336226330320587,0.005297440155894544,3.8,3.9,0.572,10.6
Tajikistan,2004,Developing,65.9,177.0,11,0.38,2.093721752,81.0,4,33.0,13,82.0,5.7,86.0,0.3,0.003766191721547587,0.005188204936601837,3.9,3.9,0.563,10.5
Tajikistan,2003,Developing,65.2,182.0,11,0.36,13.25723997,58.0,2144,32.5,14,82.0,4.46,85.0,0.3,0.02350164411784557,0.005083120864320281,4.0,4.0,0.553,10.1
Tajikistan,2002,Developing,64.3,193.0,12,0.6,10.68147485,39.0,927,32.1,15,84.0,4.48,85.0,0.3,0.018801318449423055,0.0049832730647999535,4.0,4.0,0.543,9.8
Tajikistan,2001,Developing,64.0,194.0,13,0.86,1.142003812,92.0,38,31.6,16,84.0,4.59,85.0,0.3,0.0016160983508435357,0.004890092141860931,4.1,4.1,0.535,9.7
Tajikistan,2000,Developing,63.7,198.0,14,0.37,8.943006492,92.0,192,31.3,17,86.0,4.64,83.0,0.3,0.013697871939959536,0.0004804162393984026,4.2,4.1,0.529,9.6
Thailand,2015,Developing,74.9,148.0,8,3.65,0.0,99.0,154,33.6,9,99.0,5.73,99.0,0.1,0.5822679599217934,0.0005306156714448216,7.7,7.7,0.738,13.6
Thailand,2014,Developing,74.6,152.0,8,6.41,789.0772949,99.0,0,32.4,10,99.0,4.12,99.0,0.1,0.5949871036838386,0.05287803713674392,7.8,7.8,0.737,13.6
Thailand,2013,Developing,74.5,153.0,9,6.5,788.6873403,99.0,2641,31.3,10,99.0,4.0,99.0,0.1,0.6179661209052337,0.005266670966979824,7.9,7.9,0.733,13.6
Thailand,2012,Developing,74.3,154.0,9,6.56,801.0504655,98.0,5197,3.1,11,99.0,4.17,99.0,0.1,0.5867805695823691,0.052435335973094944,8.0,8.1,0.729,13.7
Thailand,2011,Developing,74.1,155.0,10,6.07,748.4451054,98.0,3156,29.0,11,99.0,4.12,99.0,0.2,0.5498447566708072,0.0005219107061149757,8.1,8.2,0.72,13.3
Thailand,2010,Developing,73.9,158.0,10,5.95,71.6850913,98.0,2583,27.9,12,99.0,3.81,99.0,0.2,0.057457764726836065,0.0005200364682631711,8.2,8.3,0.711,13.1
Thailand,2009,Developing,73.7,16.0,11,5.88,547.2101411,98.0,6071,26.8,12,99.0,4.11,99.0,0.3,0.4217747738885725,0.051691737322342154,8.3,8.5,0.706,13.0
Thailand,2008,Developing,73.5,162.0,11,5.92,609.9511632,98.0,7790,25.7,13,99.0,3.92,99.0,0.3,0.4384157442400265,0.00514317299085528,8.5,8.6,0.7,12.9
Thailand,2007,Developing,73.3,165.0,12,6.2,520.7639087,96.0,3893,24.6,14,98.0,3.56,98.0,0.4,0.3977070702279862,0.05116134578655796,8.6,8.8,0.687,12.3
Thailand,2006,Developing,73.0,168.0,13,6.18,433.9210918,96.0,3588,23.6,15,98.0,3.49,98.0,0.5,0.33727728120644923,0.0508742581476752,8.7,8.9,0.686,12.4
Thailand,2005,Developing,72.5,177.0,13,6.26,321.1953005,96.0,3526,22.6,15,98.0,3.55,98.0,0.5,0.28966950254047596,0.005056587839391434,8.9,9.1,0.682,12.0
Thailand,2004,Developing,71.6,189.0,14,6.17,301.3597791,96.0,4165,21.7,16,98.0,3.51,98.0,0.5,0.2662500837466054,0.0005040710532921486,9.0,9.2,0.674,11.9
Thailand,2003,Developing,71.7,189.0,15,6.14,282.8364612,96.0,4519,2.9,18,98.0,3.58,98.0,0.6,0.23611063199625715,0.04989330756113304,9.1,9.3,0.666,11.8
Thailand,2002,Developing,71.4,192.0,16,5.93,27.63810304,95.0,10315,2.2,19,97.0,3.7,96.0,0.7,0.02953465822566591,0.005002962996145346,9.2,9.5,0.657,11.5
Thailand,2000,Developing,71.1,194.0,18,5.88,0.27564826,95.0,4074,18.7,21,97.0,3.4,97.0,0.8,0.0025925765486443115,0.004865897856618501,9.4,9.7,0.64,10.9
The former Yugoslav republic of Macedonia,2015,Developing,75.7,12.0,0,3.65,0.0,92.0,1,6.3,0,92.0,5.73,91.0,0.1,0.17423032051730014,0.001069443209766107,2.1,2.1,0.746,12.9
The former Yugoslav republic of Macedonia,2014,Developing,75.5,12.0,0,1.13,0.0,97.0,116,59.7,0,96.0,6.48,95.0,0.1,0.17423032051730014,0.001069443209766107,2.2,2.2,0.743,12.9
The former Yugoslav republic of Macedonia,2013,Developing,75.3,14.0,0,1.03,0.0,97.0,4,59.1,0,98.0,6.7,98.0,0.1,0.17423032051730014,0.001069443209766107,2.2,2.2,0.741,12.9
The former Yugoslav republic of Macedonia,2012,Developing,75.1,15.0,0,1.23,0.0,98.0,7,58.5,0,97.0,6.76,95.0,0.1,0.17423032051730014,0.001069443209766107,2.2,2.2,0.739,12.9
The former Yugoslav republic of Macedonia,2011,Developing,74.9,17.0,0,1.16,0.0,96.0,701,57.9,0,97.0,6.61,96.0,0.1,0.17423032051730014,0.001069443209766107,2.2,2.3,0.735,12.9
The former Yugoslav republic of Macedonia,2010,Developing,74.7,18.0,0,1.47,0.0,9.0,217,57.4,0,95.0,6.83,95.0,0.1,0.17423032051730014,0.001069443209766107,2.3,2.3,0.732,13.0
The former Yugoslav republic of Macedonia,2009,Developing,74.4,111.0,0,1.77,0.0,95.0,5,56.9,0,96.0,6.74,96.0,0.1,0.17423032051730014,0.001069443209766107,2.3,2.4,0.73,13.0
The former Yugoslav republic of Macedonia,2008,Developing,74.2,111.0,0,1.72,0.0,97.0,27,56.4,0,96.0,6.85,95.0,0.1,0.17423032051730014,0.001069443209766107,2.4,2.4,0.714,12.2
The former Yugoslav republic of Macedonia,2006,Developing,73.7,122.0,0,1.74,0.0,89.0,3,55.4,0,92.0,7.61,93.0,0.1,0.17423032051730014,0.001069443209766107,2.5,2.5,0.703,12.1
The former Yugoslav republic of Macedonia,2005,Developing,73.6,12.0,0,1.75,0.0,53.0,5,54.9,0,98.0,7.95,97.0,0.1,0.17423032051730014,0.001069443209766107,2.5,2.6,0.0,11.9
The former Yugoslav republic of Macedonia,2004,Developing,73.5,12.0,0,2.07,0.0,92.0,9,54.5,0,95.0,8.64,94.0,0.1,0.17423032051730014,0.001069443209766107,2.6,2.6,0.0,11.9
The former Yugoslav republic of Macedonia,2003,Developing,73.2,126.0,0,2.4,0.0,92.0,18,54.1,0,96.0,9.17,96.0,0.1,0.17423032051730014,0.001069443209766107,2.7,2.7,0.0,11.9
The former Yugoslav republic of Macedonia,2002,Developing,72.8,128.0,0,2.53,0.0,92.0,19,53.6,0,97.0,9.1,96.0,0.1,0.17423032051730014,0.001069443209766107,2.7,2.7,0.0,11.9
The former Yugoslav republic of Macedonia,2001,Developing,73.1,126.0,0,3.27,0.0,92.0,27,53.2,0,91.0,8.18,91.0,0.1,0.17423032051730014,0.001069443209766107,2.8,2.8,0.0,11.8
The former Yugoslav republic of Macedonia,2000,Developing,72.6,125.0,0,2.86,0.0,92.0,36,52.7,0,96.0,8.52,95.0,0.1,0.17423032051730014,0.001069443209766107,2.8,2.8,0.0,11.7
Timor-Leste,2015,Developing,68.3,152.0,2,3.65,0.0,76.0,43,17.4,2,75.0,5.73,76.0,0.1,0.11619833994335545,9.656614429609601e-05,1.9,11.1,0.603,12.5
Timor-Leste,2014,Developing,68.0,155.0,2,0.01,28.14578503,77.0,47,17.0,2,76.0,1.48,77.0,0.1,0.11537163444118123,0.0009373353327470872,1.9,11.1,0.612,12.5
Timor-Leste,2012,Developing,67.4,159.0,2,0.01,30.17998548,83.0,16,16.2,2,83.0,1.1,83.0,0.1,0.11179194133169366,8.937757264263812e-05,11.2,11.3,0.618,12.5
Timor-Leste,2011,Developing,67.2,161.0,2,0.5,2.726570602,67.0,763,15.8,3,66.0,0.76,67.0,0.1,0.011306486870026704,0.0008745070155466522,11.3,11.4,0.607,12.5
Timor-Leste,2010,Developing,66.9,163.0,2,0.1,38.58376645,72.0,50,15.5,3,72.0,0.92,72.0,0.1,0.08495671407303479,9.240340406111867e-05,11.5,11.5,0.599,12.4
Timor-Leste,2009,Developing,66.6,165.0,2,0.09,36.199487,72.0,10,15.1,3,78.0,1.2,72.0,0.1,0.07568646730899922,1.4829279036114022e-05,11.6,11.6,0.599,12.1
Timor-Leste,2008,Developing,66.2,168.0,2,0.06,36.69198927,79.0,0,14.7,3,79.0,0.74,79.0,0.1,0.06430867476687152,1.3739515996507998e-05,11.7,11.7,0.566,11.7
Timor-Leste,2007,Developing,65.8,173.0,2,0.05,11.75766897,92.0,0,14.2,3,7.0,0.37,7.0,0.1,0.052406943578598764,0.00012747831630466517,11.8,11.8,0.541,11.3
Timor-Leste,2006,Developing,64.9,186.0,2,0.04,28.12560496,92.0,90,13.9,3,62.0,0.65,63.0,0.1,0.0440569556486872,0.00011484015657158879,11.9,11.9,0.511,11.0
Timor-Leste,2005,Developing,63.7,26.0,3,0.36,7.127144699,92.0,203,13.5,3,55.0,1.5,55.0,0.1,0.04774292801835327,9.773087684977421e-05,12.0,11.9,0.492,10.6
Timor-Leste,2004,Developing,62.3,229.0,3,0.38,8.415788935,92.0,41,13.2,3,57.0,1.31,57.0,0.1,0.04666236249580646,0.0007703032553942537,12.0,12.0,0.484,10.2
Timor-Leste,2003,Developing,61.0,25.0,3,0.44,46.3913277,92.0,94,12.9,4,55.0,2.48,55.0,0.1,0.047054277037400755,7.482884962310353e-05,12.1,12.1,0.485,9.8
Timor-Leste,2002,Developing,62.0,261.0,3,0.48,5.649123424,92.0,0,12.6,4,38.0,3.89,54.0,0.1,0.004701085297511253,0.0007139810554047432,12.1,12.1,0.475,9.8
Timor-Leste,2001,Developing,59.4,269.0,3,0.5,6.556583478,92.0,0,12.3,4,93.0,3.75,93.0,0.1,0.00548330793029651,0.0006897944989781964,12.1,12.2,0.47,9.8
Timor-Leste,2000,Developing,58.7,276.0,3,0.5,49.06967155,92.0,0,11.9,4,93.0,3.26,93.0,0.1,0.04212921816957698,6.734349143971037e-05,12.2,12.2,0.0,0.0
Togo,2015,Developing,59.9,287.0,13,3.65,0.0,88.0,20,24.3,20,88.0,5.73,88.0,1.0,0.05503547214130556,0.0005732060842537078,6.5,6.2,0.484,12.0
Togo,2014,Developing,59.7,285.0,13,0.01,4.877350139,87.0,577,23.7,20,85.0,5.25,87.0,1.0,0.0060549265408552065,0.0055870690294398785,6.6,6.4,0.475,12.0
Togo,2013,Developing,59.4,287.0,14,0.01,48.73047089,84.0,564,23.1,20,84.0,5.12,84.0,1.5,0.05786974574037781,0.0005741845523445881,6.8,6.6,0.47,12.0
Togo,2012,Developing,58.9,294.0,14,0.01,41.60027954,84.0,238,22.6,21,84.0,5.11,84.0,1.7,0.05629263065810637,0.005301541065602451,7.0,6.8,0.464,12.0
Togo,2011,Developing,58.3,34.0,14,1.44,39.08258546,85.0,187,22.0,21,85.0,5.21,85.0,2.6,0.05615740352885859,0.005162267803377626,7.1,7.0,0.457,11.5
Togo,2010,Developing,57.4,323.0,14,1.21,41.96145465,83.0,120,21.4,21,83.0,5.37,83.0,3.8,0.04870369843399677,0.0005046283009173656,7.3,7.2,0.449,11.0
Togo,2009,Developing,56.7,336.0,14,1.24,77.09551224,78.0,425,2.9,22,78.0,6.64,78.0,4.3,0.049877911782629944,0.0004895725675758583,7.5,7.4,0.442,10.6
Togo,2008,Developing,56.2,344.0,14,1.33,69.35924758,24.0,187,2.4,22,8.0,5.73,81.0,4.8,0.051254661774174155,0.0047623124017368,7.7,7.6,0.441,10.1
Togo,2007,Developing,55.9,344.0,14,1.37,0.675682939,92.0,8,19.8,22,72.0,5.55,82.0,5.1,0.004115051673528621,0.004635242166910796,7.9,7.8,0.443,10.6
Togo,2006,Developing,55.7,345.0,15,1.37,6.226048785,92.0,26,19.3,22,85.0,5.56,84.0,5.0,0.0376268700473764,0.004511895675577574,8.1,8.0,0.436,10.2
Togo,2005,Developing,55.0,357.0,15,1.14,36.62174288,92.0,38,18.9,22,8.0,5.17,82.0,5.0,0.03710961568447374,0.004392466921015814,8.4,8.3,0.435,10.1
Togo,2004,Developing,54.9,355.0,15,1.01,3.989928468,92.0,61,18.4,22,71.0,5.6,71.0,5.1,0.034888146236826,0.004277562615272391,8.6,8.5,0.432,10.0
Togo,2003,Developing,54.7,355.0,15,1.02,2.995959823,92.0,295,17.9,22,72.0,5.0,72.0,5.2,0.002980441023867548,0.0004166658744630386,8.8,8.7,0.428,9.9
Togo,2002,Developing,54.7,351.0,15,1.0,1.995182912,92.0,363,17.5,22,58.0,4.7,59.0,5.3,0.0027195133048345268,0.004058739742682678,9.0,8.9,0.428,9.7
Togo,2001,Developing,54.6,345.0,14,0.95,2.048574874,92.0,1833,17.1,22,51.0,4.29,5.0,5.3,0.0024998892793952066,0.0003950530137257742,9.2,9.1,0.426,9.4
Togo,2000,Developing,54.6,339.0,14,1.1,2.02964427,92.0,3578,16.6,22,63.0,4.35,64.0,5.1,0.002475231888851529,0.00038437951899034214,9.4,9.3,0.425,9.3
Tonga,2015,Developing,73.5,133.0,0,3.65,0.0,78.0,0,75.2,0,8.0,5.73,78.0,0.1,0.04928980404540357,1.2621156338132171e-05,0.1,0.1,0.718,14.3
Tonga,2014,Developing,73.3,135.0,0,0.01,565.9672173,8.0,0,74.8,0,82.0,5.18,8.0,0.1,0.41975152942075444,1.2171339253699046e-05,0.1,0.1,0.716,14.3
Tonga,2013,Developing,73.2,137.0,0,0.01,584.9449886,82.0,0,74.3,0,84.0,4.98,82.0,0.1,0.42718439533324204,1.1820451012577674e-05,0.1,0.1,0.718,14.3
Tonga,2012,Developing,73.0,138.0,0,0.01,63.80294988,77.0,0,73.8,0,79.0,4.51,77.0,0.1,0.04505961135661424,1.1529074653761028e-05,0.1,0.1,0.717,14.4
Tonga,2011,Developing,72.9,14.0,0,0.96,7.033980828,82.0,0,73.3,0,84.0,4.6,82.0,0.1,0.04442319304634056,1.1240016939709502e-05,0.1,0.1,0.712,14.4
Tonga,2010,Developing,72.8,142.0,0,1.24,471.8307668,82.0,0,72.7,0,84.0,4.59,82.0,0.1,0.3551711867156621,1.0899949040825353e-05,0.1,0.1,0.707,14.4
Tonga,2009,Developing,72.5,147.0,0,1.08,4.783805563,84.0,0,72.1,0,86.0,4.67,84.0,0.1,0.0036224301210751753,1.027932512536178e-06,0.1,0.1,0.703,14.5
Tonga,2008,Developing,72.6,145.0,0,1.1,569.6255035,84.0,0,71.5,0,88.0,5.13,86.0,0.1,0.33965063796903977,7.806104042567968e-08,0.1,0.1,0.698,14.5
Tonga,2007,Developing,72.5,146.0,0,2.05,568.8692813,87.0,0,7.8,0,88.0,5.82,87.0,0.1,0.29354227240974023,9.524219813521295e-06,0.1,0.1,0.698,14.5
Tonga,2006,Developing,72.4,148.0,0,1.79,503.5881956,89.0,0,7.1,0,89.0,5.61,88.0,0.1,0.2895564488299767,9.007934912488086e-06,0.1,0.1,0.695,14.6
Tonga,2005,Developing,72.3,15.0,0,1.57,689.9440223,89.0,0,69.4,0,9.0,6.52,89.0,0.1,0.2597305302073415,8.555799183289843e-07,0.1,0.1,0.694,14.6
Tonga,2004,Developing,72.2,151.0,0,1.8,423.2953509,9.0,0,68.6,0,91.0,4.87,9.0,0.1,0.22864267945129668,8.656273789778341e-08,0.1,0.1,0.693,14.6
Tonga,2003,Developing,72.0,153.0,0,1.79,45.85105771,85.0,0,67.8,0,91.0,5.9,9.0,0.1,0.022840593828478764,7.709880284815521e-05,0.1,0.1,0.683,13.7
Tonga,2002,Developing,71.9,155.0,0,1.51,310.8203382,88.0,0,67.0,0,85.0,5.3,84.0,0.1,0.18437703739835534,7.663120948718951e-05,0.1,0.1,0.679,13.5
Tonga,2001,Developing,71.8,157.0,0,1.35,330.1007394,91.0,4,66.2,0,91.0,5.66,89.0,0.1,0.18392962569111634,7.618834833705175e-05,0.1,0.1,0.674,13.2
Tonga,2000,Developing,71.6,158.0,0,1.24,40.49128897,93.0,0,65.5,0,91.0,4.75,91.0,0.1,0.026201840813891437,7.611337882297957e-06,0.1,0.1,0.676,13.7
Trinidad and Tobago,2013,Developing,71.0,172.0,0,6.71,167.2657906,92.0,0,45.0,0,94.0,5.98,92.0,0.3,0.19693638590621698,0.001042009777786805,5.8,6.0,0.773,12.7
Trinidad and Tobago,2011,Developing,76.0,176.0,0,6.5,144.9850711,9.0,0,43.0,0,91.0,5.6,9.0,0.4,0.19554850903477333,0.0010316067916073036,5.9,6.2,0.774,12.6
Trinidad and Tobago,2009,Developing,71.0,183.0,0,6.37,128.0896289,9.0,0,41.1,0,9.0,6.47,9.0,0.2,0.14595790803659953,0.0010214279410884304,6.0,6.4,0.773,12.5
Trinidad and Tobago,2007,Developing,69.7,187.0,0,6.37,136.8836683,89.0,0,39.3,0,9.0,4.82,88.0,0.7,0.16542013435307354,1.0736871025678635e-05,6.1,6.5,0.76,12.4
Trinidad and Tobago,2006,Developing,69.6,188.0,0,6.35,103.3710689,89.0,0,38.4,0,89.0,4.49,92.0,0.6,0.149672343935291,0.00010287826822833885,6.2,6.6,0.751,12.3
Trinidad and Tobago,2004,Developing,69.4,19.0,0,5.82,11.85100131,94.0,0,36.8,0,94.0,5.22,94.0,1.0,0.012804665663318029,0.00010008893857590044,6.3,6.8,0.736,12.2
Trinidad and Tobago,2003,Developing,69.3,191.0,0,5.53,78.72216127,76.0,0,36.0,1,91.0,5.13,91.0,0.5,0.08842797318759225,9.925190781569241e-05,6.4,6.9,0.729,12.0
Trinidad and Tobago,2002,Developing,69.2,192.0,0,5.12,72.03911741,5.0,0,35.2,1,96.0,5.0,96.0,2.0,0.07491672856964132,0.0009875904122678691,6.5,7.0,0.721,11.9
Trinidad and Tobago,2001,Developing,69.1,194.0,0,4.55,516.7112481,92.0,0,34.4,1,91.0,4.4,91.0,1.2,0.6945369220583756,9.831362956740752e-05,6.6,7.1,0.715,11.8
Trinidad and Tobago,2000,Developing,69.1,197.0,0,4.68,43.59522964,92.0,0,33.6,1,9.0,4.17,9.0,0.9,0.06433152724328259,0.0009799752099776294,6.7,7.2,0.709,11.7
Tunisia,2015,Developing,75.3,1.0,3,3.65,0.0,98.0,16,61.2,3,98.0,5.73,98.0,0.1,0.3833487633023285,0.008713178742485485,6.5,6.4,0.723,14.6
Tunisia,2014,Developing,75.1,12.0,3,1.39,604.8701316,98.0,15,6.2,3,98.0,7.0,98.0,0.1,0.42769768720262036,0.0008612714183457636,6.5,6.4,0.722,14.7
Tunisia,2013,Developing,74.9,13.0,3,1.29,594.6453102,98.0,16,59.3,3,98.0,7.26,98.0,0.1,0.42046497036850583,0.0008613950793999033,6.4,6.3,0.72,14.7
Tunisia,2012,Developing,74.9,13.0,3,1.3,585.8776761,97.0,48,58.3,3,97.0,7.18,97.0,0.1,0.41426302189900915,0.0014581446825986315,6.4,6.3,0.717,14.6
Tunisia,2011,Developing,74.8,13.0,3,1.29,623.2120325,98.0,11,57.4,3,98.0,7.15,98.0,0.1,0.4262183811941628,0.0013613791348527351,6.4,6.3,0.714,14.5
Tunisia,2010,Developing,74.8,12.0,3,1.28,64.85616718,98.0,1,56.5,3,98.0,6.54,98.0,0.1,0.041314433111745485,0.001267446198128226,6.3,6.3,0.71,14.4
Tunisia,2009,Developing,74.7,12.0,3,1.4,585.6307861,99.0,1,55.6,3,99.0,6.18,99.0,0.1,0.413504096458044,0.0011761712011861322,6.3,6.3,0.706,14.4
Tunisia,2008,Developing,74.7,12.0,3,1.37,53.08451654,99.0,2,54.7,3,99.0,5.63,99.0,0.1,0.043095421216798734,0.00011384700373052939,6.3,6.3,0.701,14.3
Tunisia,2007,Developing,74.6,12.0,3,1.24,469.6282925,98.0,4,53.9,4,98.0,5.64,98.0,0.1,0.37826730264566033,0.00010036099289500777,6.3,6.3,0.695,14.3
Tunisia,2006,Developing,74.4,12.0,3,1.46,420.1153538,99.0,3,53.1,4,99.0,5.64,99.0,0.1,0.33755370550312774,0.0009244452136162012,6.3,6.3,0.689,14.2
Tunisia,2005,Developing,74.2,14.0,3,1.37,379.5139945,97.0,15,52.2,4,98.0,5.57,98.0,0.1,0.31980975529740696,8.690898884937455e-05,6.4,6.3,0.683,13.9
Tunisia,2004,Developing,74.0,15.0,3,1.36,379.7659054,96.0,1,51.4,4,97.0,5.63,97.0,0.1,0.3116237071120722,9.063582386850948e-06,6.4,6.3,0.673,13.6
Tunisia,2003,Developing,73.7,17.0,4,1.34,321.7694175,92.0,22,5.6,4,95.0,5.36,95.0,0.1,0.2764797770768531,0.007682167842582817,6.4,6.3,0.667,13.5
Tunisia,2002,Developing,73.5,19.0,4,1.17,262.8184944,93.0,98,49.7,5,96.0,5.32,96.0,0.1,0.23487435641319668,0.007623929669135729,6.5,6.4,0.662,13.3
Tunisia,2001,Developing,73.2,11.0,4,1.19,257.2878697,94.0,231,48.9,5,98.0,5.29,98.0,0.1,0.22569332313205326,0.0007562932308418151,6.5,6.4,0.654,13.1
Tunisia,2000,Developing,72.9,112.0,4,1.21,264.7842196,94.0,47,48.1,5,97.0,5.4,97.0,0.1,0.22158479680250914,0.007496304505329274,6.6,6.5,0.646,12.8
Turkey,2015,Developing,75.8,16.0,15,3.65,0.0,97.0,342,66.1,18,97.0,5.73,97.0,0.1,0.1981075823337208,0.06049455332568397,4.9,4.8,0.764,14.5
Turkey,2012,Developing,74.8,112.0,19,1.54,20.75120211,97.0,349,63.7,22,97.0,5.24,97.0,0.1,0.11726156925749516,0.05763365097375429,4.9,4.7,0.75,14.3
Turkey,2010,Developing,74.2,116.0,21,1.49,32.78235828,96.0,7,61.9,25,97.0,5.61,97.0,0.1,0.16736179153767328,0.05590011389646815,4.9,4.7,0.715,13.0
Turkey,2009,Developing,73.9,118.0,23,1.4,106.9482898,94.0,4,61.1,27,96.0,6.8,96.0,0.1,0.09363459059695158,0.055136716338066015,4.9,4.8,0.709,12.5
Turkey,2008,Developing,73.5,121.0,25,1.39,22.67271848,92.0,0,6.2,29,96.0,6.7,96.0,0.1,0.018430904048341957,5.750084441177938e-05,5.0,4.8,0.705,12.5
Turkey,2007,Developing,73.2,124.0,26,1.26,115.5801103,96.0,3,59.3,31,96.0,6.4,96.0,0.1,0.09794086979623075,0.053790430807752615,5.0,4.8,0.697,12.3
Turkey,2006,Developing,72.8,126.0,28,1.29,103.523776,82.0,34,58.5,34,9.0,5.81,9.0,0.1,0.08345491074749345,0.005314574167827187,5.0,4.8,0.687,11.9
Turkey,2005,Developing,72.4,129.0,30,1.29,832.9552058,85.0,6200,57.6,36,9.0,5.45,9.0,0.1,0.7394735425953165,0.0005250277375608844,5.0,4.9,0.681,11.9
Turkey,2004,Developing,72.0,132.0,33,1.35,1.132766775,77.0,8927,56.8,39,85.0,5.37,85.0,0.1,0.006315119070665212,0.00052387537111262,5.1,4.9,0.675,12.0
Turkey,2003,Developing,71.6,135.0,35,1.42,459.1113061,68.0,5844,55.9,43,69.0,5.34,68.0,0.1,0.4724538113181307,0.000516709213025225,5.1,5.0,0.668,11.9
Turkey,2002,Developing,71.2,138.0,38,1.47,35.55729,72.0,7823,55.1,46,78.0,5.36,78.0,0.1,0.036548482006685735,0.005034797988770432,5.2,5.0,0.658,11.5
Turkey,2001,Developing,78.0,14.0,41,1.49,256.4341746,77.0,30509,54.3,50,88.0,5.16,88.0,0.1,0.31230500542953654,0.04961238210715438,5.2,5.1,0.653,11.1
Turkey,2000,Developing,74.0,143.0,44,1.54,421.2956602,71.0,16244,53.5,54,85.0,4.95,85.0,0.1,0.4321922361029174,0.004887770405569459,5.3,5.2,0.641,10.7
Turkmenistan,2015,Developing,66.3,215.0,6,3.65,0.0,99.0,0,48.6,7,99.0,5.73,99.0,0.1,0.6441494629443677,0.004301279259693206,3.3,3.3,0.688,10.8
Turkmenistan,2014,Developing,66.0,217.0,7,2.9,691.1333535,97.0,0,47.7,8,98.0,2.7,98.0,0.1,0.7973690967337338,0.004224730748535972,3.3,3.3,0.683,10.8
Turkmenistan,2013,Developing,65.4,228.0,7,2.93,63.7481117,98.0,0,46.7,8,98.0,2.12,98.0,0.1,0.07339410870866697,0.0041474704134358475,3.2,3.3,0.678,10.7
Turkmenistan,2012,Developing,65.6,22.0,7,2.75,579.4128244,98.0,0,45.9,8,98.0,1.96,97.0,0.1,0.6684485175791106,0.00407138949563958,3.2,3.3,0.672,10.7
Turkmenistan,2011,Developing,65.6,217.0,7,2.55,490.4181326,97.0,0,45.0,8,97.0,1.98,97.0,0.1,0.5657525555906181,0.0003999098016271105,3.2,3.3,0.665,10.6
Turkmenistan,2010,Developing,65.8,211.0,7,2.48,385.325164,96.0,0,44.2,8,96.0,1.99,96.0,0.1,0.44447988992893467,4.535810177685013e-05,3.2,3.3,0.0,10.6
Turkmenistan,2009,Developing,65.6,215.0,6,2.35,37.88466056,97.0,0,43.4,8,97.0,1.88,96.0,0.1,0.04354882309506091,4.452570830617234e-06,3.2,3.3,0.0,10.5
Turkmenistan,2008,Developing,64.5,235.0,6,2.4,34.23979419,96.0,0,42.7,8,96.0,1.93,96.0,0.1,0.039342807543437476,0.0038147332964174174,3.2,3.3,0.0,10.5
Turkmenistan,2007,Developing,64.1,241.0,6,2.58,0.358651421,98.0,59,42.0,8,98.0,2.16,98.0,0.1,0.0024730417663763105,0.00037647294034128567,3.3,3.3,0.0,10.4
Turkmenistan,2006,Developing,63.7,245.0,6,2.71,29.27235366,98.0,48,41.3,8,98.0,2.9,98.0,0.1,0.21384750291441393,3.7160919650565394e-05,3.3,3.3,0.0,10.4
Turkmenistan,2005,Developing,63.3,248.0,6,2.85,2.19888585,99.0,0,4.7,8,99.0,3.51,99.0,0.1,0.017311578230932417,0.003674748210249699,3.4,3.4,0.0,10.3
Turkmenistan,2004,Developing,63.5,238.0,6,2.86,186.1013972,96.0,1,4.0,8,98.0,4.3,97.0,0.1,0.14546085385374574,0.0003658543201986281,3.4,3.4,0.0,10.3
Turkmenistan,2003,Developing,63.4,231.0,7,2.88,179.6156482,97.0,1,39.4,8,66.0,3.85,83.0,0.1,0.12842995455955866,0.0035983102211596027,3.5,3.4,0.0,10.3
Turkmenistan,2002,Developing,63.3,229.0,7,2.33,130.3784829,96.0,11,38.7,8,99.0,3.34,98.0,0.1,0.09678147942648498,3.5382519115718974e-06,3.5,3.5,0.0,10.2
Turkmenistan,2000,Developing,63.8,224.0,7,2.9,88.2436347,92.0,113,37.5,9,98.0,3.94,97.0,0.1,0.06425419289735353,0.003490408222606839,3.6,3.6,0.0,0.0
Tuvalu,2013,Developing,72.0,145.0,0,0.01,78.28120317,9.0,0,79.3,0,9.0,16.61,9.0,0.1,0.3546239080077685,1.379593635245923e-06,0.2,0.1,0.675,0.0
Uganda,2015,Developing,62.3,291.0,66,3.65,0.0,78.0,478,18.5,93,82.0,5.73,78.0,3.1,0.06933460022585802,0.0003203230929459824,5.6,5.6,0.488,10.0
Uganda,2014,Developing,61.5,38.0,68,0.01,14.16770158,78.0,314,18.1,97,82.0,7.22,78.0,3.2,0.07186635857932198,0.030013545677294143,5.7,5.6,0.483,10.0
Uganda,2013,Developing,67.0,325.0,71,0.01,90.76144414,78.0,7878,17.6,103,82.0,7.47,78.0,4.0,0.06618906030663474,0.029024557122232907,5.7,5.7,0.478,10.0
Uganda,2012,Developing,60.0,339.0,73,0.01,92.88697859,78.0,2027,17.2,109,82.0,7.58,78.0,4.6,0.06471216292707473,0.002810786391094809,5.8,5.8,0.477,10.0
Uganda,2011,Developing,59.3,347.0,76,10.22,94.49686776,82.0,3312,16.7,114,82.0,9.9,82.0,6.8,0.05836669271836156,0.002777438096319688,5.9,5.9,0.477,10.7
Uganda,2010,Developing,58.4,362.0,79,10.03,116.202964,8.0,1313,16.3,119,79.0,11.2,8.0,8.0,0.05942852896015511,0.02621235558494979,6.0,6.0,0.473,10.9
Uganda,2009,Developing,57.5,378.0,82,9.63,87.04534954,79.0,1601,15.9,124,78.0,8.43,79.0,8.1,0.06465506078342848,0.025328767983621343,6.1,6.1,0.464,10.8
Uganda,2008,Developing,56.3,41.0,84,9.79,72.85023656,71.0,1319,15.6,130,69.0,9.1,71.0,8.2,0.044874344784227756,0.024472415956585572,6.2,6.2,0.453,10.6
Uganda,2007,Developing,55.5,41.0,88,9.65,6.002527685,73.0,3776,15.2,137,7.0,9.76,73.0,8.4,0.0040242924292275386,0.00027781460558546375,6.3,6.3,0.442,10.3
Uganda,2006,Developing,54.9,41.0,93,9.81,50.83901418,64.0,5736,14.8,145,62.0,9.86,64.0,8.6,0.03353250164189822,0.002284350463279909,6.4,6.4,0.434,10.6
Uganda,2005,Developing,53.2,446.0,99,10.09,44.52614001,64.0,22,14.5,155,59.0,9.36,64.0,8.7,0.031462007771989486,0.0022060822905885452,6.5,6.5,0.429,10.9
Uganda,2004,Developing,51.3,485.0,104,9.89,36.60609252,62.0,141,14.2,164,58.0,8.9,62.0,8.9,0.028702378531002683,0.021307110326667215,6.6,6.6,0.427,11.6
Uganda,2003,Developing,51.0,53.0,109,10.16,4.426792406,44.0,29429,13.9,173,57.0,7.54,59.0,9.4,0.023670434815180084,0.0020577570392006934,6.7,6.7,0.418,11.5
Uganda,2002,Developing,48.8,523.0,112,10.42,2.690897842,29.0,49871,13.6,181,57.0,7.78,57.0,10.0,0.002259783394438206,0.001987707689320089,6.8,6.8,0.404,11.0
Uganda,2001,Developing,47.7,539.0,115,10.57,26.97625217,92.0,48543,13.3,187,56.0,7.26,55.0,10.8,0.023368460572042064,0.01920986212982701,6.9,6.9,0.396,10.8
Uganda,2000,Developing,46.6,554.0,116,10.47,22.59447461,92.0,42554,13.0,191,55.0,6.77,52.0,11.6,0.02563705254482185,0.001885243685623118,7.0,7.0,0.382,9.8
Ukraine,2015,Developing,71.3,195.0,4,3.65,0.0,22.0,105,61.3,5,51.0,5.73,23.0,0.2,0.21264499300911668,0.0034898656597318013,2.3,2.4,0.748,15.3
Ukraine,2014,Developing,78.0,23.0,4,8.06,5.663849328,22.0,0,6.7,5,45.0,7.1,23.0,0.2,0.03134883005922068,0.034989828028127265,2.3,2.4,0.746,15.2
Ukraine,2013,Developing,71.0,198.0,4,8.44,52.42529588,46.0,0,6.1,5,72.0,7.67,76.0,0.2,0.04287335298442772,0.0003515544650505496,2.3,2.4,0.744,15.2
Ukraine,2012,Developing,77.0,25.0,5,8.44,453.7830847,46.0,12746,59.6,5,72.0,7.47,76.0,0.2,0.38600363286183703,0.0003523559432576925,2.4,2.4,0.739,15.1
Ukraine,2011,Developing,75.0,24.0,5,8.48,415.1627705,21.0,1333,59.0,5,54.0,6.98,5.0,0.2,0.35739055890230803,3.53415563915352e-05,2.4,2.5,0.734,14.9
Ukraine,2010,Developing,69.8,212.0,5,8.39,375.6835376,48.0,39,58.5,6,57.0,7.81,52.0,0.2,0.29683028393522837,3.5431210655786475e-05,2.4,2.5,0.728,14.9
Ukraine,2009,Developing,69.2,231.0,5,8.71,324.5491348,66.0,0,58.0,6,74.0,7.8,71.0,0.3,0.2547958228311023,3.5938220977759204e-05,2.5,2.6,0.734,14.9
Ukraine,2008,Developing,67.7,273.0,5,9.46,456.4586664,84.0,48,57.6,6,91.0,6.63,9.0,0.4,0.38960520265604764,0.00035749483293878503,2.5,2.6,0.73,14.9
Ukraine,2007,Developing,67.5,277.0,5,8.86,46.19685449,92.0,1005,57.2,6,98.0,6.36,98.0,0.7,0.03676082637772751,0.0003600863049045999,2.5,2.7,0.723,14.8
Ukraine,2006,Developing,67.7,267.0,5,7.99,29.38172706,96.0,42724,56.8,6,99.0,6.39,98.0,0.8,0.02318852055821006,0.0036161127756661883,2.6,2.7,0.716,14.7
Ukraine,2005,Developing,67.0,278.0,5,7.31,217.4345257,97.0,2392,56.4,6,95.0,6.41,96.0,0.9,0.18300213629266937,0.00036439898416772165,2.7,2.8,0.707,14.5
Ukraine,2004,Developing,67.4,267.0,5,6.79,180.3537859,98.0,146,56.1,6,99.0,6.61,99.0,1.0,0.13679023725203984,0.0003667184018144292,2.7,2.8,0.7,14.6
Ukraine,2002,Developing,67.6,256.0,6,4.89,115.738974,48.0,7587,55.4,7,99.0,6.25,99.0,0.9,0.08792283121212528,3.724593662528643e-05,2.9,3.0,0.683,13.9
Ukraine,2001,Developing,67.7,253.0,6,4.31,8.897421459,7.0,16970,55.1,7,99.0,5.66,99.0,0.8,0.007718279171746252,0.03762683663136592,2.9,3.0,0.673,13.2
Ukraine,2000,Developing,67.5,257.0,6,4.49,7.883791474,4.0,817,54.8,8,99.0,5.59,99.0,0.7,0.06351443171666987,0.038007081233858465,3.0,3.1,0.669,13.3
United Arab Emirates,2015,Developing,77.1,75.0,1,3.65,0.0,99.0,347,64.2,1,99.0,5.73,99.0,0.1,0.39164539657139774,0.001069443209766107,5.3,5.1,0.836,13.3
United Arab Emirates,2013,Developing,76.7,78.0,1,1.82,377.2009132,98.0,0,6.5,1,98.0,3.49,98.0,0.1,0.43410423340703197,0.001069443209766107,5.2,5.0,0.829,13.3
United Arab Emirates,2011,Developing,76.3,81.0,1,1.73,387.774991,95.0,0,57.1,1,95.0,3.7,95.0,0.1,0.44679195130796673,0.001069443209766107,5.1,4.9,0.824,13.3
United Arab Emirates,2010,Developing,76.2,82.0,1,1.69,308.0660742,94.0,87,55.8,1,94.0,3.93,94.0,0.1,0.3553262967273906,0.001069443209766107,5.1,4.9,0.826,13.3
United Arab Emirates,2009,Developing,76.0,84.0,1,1.73,292.4022672,93.0,0,55.1,1,94.0,4.5,93.0,0.1,0.33764013248073943,0.001069443209766107,5.1,4.9,0.831,13.2
United Arab Emirates,2001,Developing,74.5,14.0,1,1.67,243.7539129,92.0,30,55.0,1,94.0,2.48,94.0,0.1,0.31650106894764174,0.001069443209766107,5.3,5.1,0.798,12.0
United Arab Emirates,2000,Developing,74.2,17.0,1,1.64,262.9589578,92.0,69,54.1,1,94.0,2.38,94.0,0.1,0.33750927102266964,0.001069443209766107,5.4,5.1,0.791,11.8
United Kingdom of Great Britain and Northern Ireland,2015,Developed,81.2,69.0,3,10.66,0.0,92.0,91,66.6,4,96.0,5.73,96.0,0.1,0.17423032051730014,0.001069443209766107,0.8,0.6,0.675,12.3
United Kingdom of Great Britain and Northern Ireland,2014,Developed,81.0,71.0,3,10.37,0.0,92.0,133,66.0,4,95.0,9.12,95.0,0.1,0.17423032051730014,0.001069443209766107,0.8,0.5,0.675,12.3
United Kingdom of Great Britain and Northern Ireland,2013,Developed,87.0,72.0,3,10.32,0.0,92.0,1919,65.4,4,95.0,9.34,95.0,0.1,0.17423032051730014,0.001069443209766107,0.8,0.5,0.675,12.3
United Kingdom of Great Britain and Northern Ireland,2012,Developed,86.0,72.0,3,10.42,0.0,92.0,2092,64.8,4,95.0,9.41,95.0,0.1,0.17423032051730014,0.001069443209766107,0.8,0.5,0.675,12.3
United Kingdom of Great Britain and Northern Ireland,2011,Developed,86.0,74.0,3,10.68,0.0,92.0,1112,64.2,4,95.0,9.34,95.0,0.1,0.17423032051730014,0.001069443209766107,0.8,0.5,0.675,12.3
United Kingdom of Great Britain and Northern Ireland,2010,Developed,82.0,77.0,3,10.88,0.0,92.0,443,63.6,4,94.0,9.51,94.0,0.1,0.17423032051730014,0.001069443209766107,0.8,0.5,0.675,12.3
United Kingdom of Great Britain and Northern Ireland,2009,Developed,81.0,78.0,4,10.79,0.0,92.0,1212,63.1,4,93.0,9.81,93.0,0.1,0.17423032051730014,0.001069443209766107,0.8,0.5,0.675,12.3
United Kingdom of Great Britain and Northern Ireland,2008,Developed,79.6,8.0,4,11.47,0.0,92.0,1445,62.5,4,92.0,8.85,92.0,0.1,0.17423032051730014,0.001069443209766107,0.8,0.5,0.675,12.3
United Kingdom of Great Britain and Northern Ireland,2007,Developed,79.5,8.0,4,11.84,0.0,92.0,1022,61.9,4,92.0,8.42,92.0,0.1,0.17423032051730014,0.001069443209766107,0.7,0.5,0.675,12.3
United Kingdom of Great Britain and Northern Ireland,2006,Developed,79.3,82.0,4,11.61,0.0,92.0,764,61.3,4,92.0,8.36,92.0,0.1,0.17423032051730014,0.001069443209766107,0.7,0.5,0.675,12.3
United Kingdom of Great Britain and Northern Ireland,2005,Developed,79.0,82.0,4,12.05,0.0,92.0,79,6.7,4,91.0,8.24,91.0,0.1,0.17423032051730014,0.001069443209766107,0.7,0.5,0.675,12.3
United Kingdom of Great Britain and Northern Ireland,2004,Developed,78.8,83.0,4,12.22,0.0,92.0,189,6.1,4,92.0,7.98,92.0,0.1,0.17423032051730014,0.001069443209766107,0.7,0.5,0.675,12.3
United Kingdom of Great Britain and Northern Ireland,2003,Developed,78.3,86.0,4,11.85,0.0,92.0,460,59.5,4,91.0,7.81,91.0,0.1,0.17423032051730014,0.001069443209766107,0.7,0.5,0.675,12.3
United Kingdom of Great Britain and Northern Ireland,2002,Developed,78.2,87.0,4,11.44,0.0,92.0,314,58.8,4,91.0,7.57,91.0,0.1,0.17423032051730014,0.001069443209766107,0.7,0.5,0.675,12.3
United Kingdom of Great Britain and Northern Ireland,2001,Developed,78.0,88.0,4,10.91,0.0,92.0,73,58.2,4,91.0,7.31,91.0,0.1,0.17423032051730014,0.001069443209766107,0.7,0.5,0.675,12.3
United Kingdom of Great Britain and Northern Ireland,2000,Developed,77.8,89.0,4,10.59,0.0,92.0,104,57.5,5,91.0,6.94,91.0,0.1,0.17423032051730014,0.001069443209766107,0.7,0.5,0.675,12.3
United Republic of Tanzania,2015,Developing,61.8,279.0,85,3.65,0.0,98.0,30,23.8,119,96.0,5.73,98.0,1.4,0.17423032051730014,0.001069443209766107,6.7,6.5,0.675,12.3
United Republic of Tanzania,2014,Developing,67.0,34.0,86,0.01,0.0,97.0,88,23.2,121,97.0,5.58,97.0,1.4,0.17423032051730014,0.001069443209766107,6.8,6.6,0.675,12.3
United Republic of Tanzania,2013,Developing,59.7,323.0,86,4.2,0.0,91.0,185,22.5,124,91.0,5.57,91.0,2.1,0.17423032051730014,0.001069443209766107,6.8,6.7,0.675,12.3
United Republic of Tanzania,2012,Developing,58.6,348.0,87,3.98,0.0,92.0,1668,21.9,126,9.0,5.72,92.0,2.4,0.17423032051730014,0.001069443209766107,6.9,6.8,0.675,12.3
United Republic of Tanzania,2011,Developing,58.3,348.0,88,4.04,0.0,9.0,1622,21.3,128,88.0,5.72,9.0,3.1,0.17423032051730014,0.001069443209766107,7.0,6.9,0.675,12.3
United Republic of Tanzania,2010,Developing,57.5,36.0,89,4.19,0.0,91.0,167,2.7,131,94.0,5.3,91.0,4.6,0.17423032051730014,0.001069443209766107,7.1,7.1,0.675,12.3
United Republic of Tanzania,2009,Developing,56.9,368.0,91,3.97,0.0,85.0,1574,2.2,135,88.0,3.97,85.0,6.4,0.17423032051730014,0.001069443209766107,7.2,7.2,0.675,12.3
United Republic of Tanzania,2008,Developing,56.2,376.0,92,3.44,0.0,86.0,3413,19.6,138,89.0,4.21,86.0,7.4,0.17423032051730014,0.001069443209766107,7.3,7.3,0.675,12.3
United Republic of Tanzania,2007,Developing,54.5,411.0,94,4.4,0.0,83.0,7726,19.1,141,88.0,4.72,83.0,8.5,0.17423032051730014,0.001069443209766107,7.5,7.4,0.675,12.3
United Republic of Tanzania,2006,Developing,53.1,437.0,96,4.07,0.0,9.0,2362,18.6,145,91.0,6.86,9.0,9.4,0.17423032051730014,0.001069443209766107,7.6,7.5,0.675,12.3
United Republic of Tanzania,2005,Developing,52.2,449.0,97,3.94,0.0,9.0,23,18.1,149,91.0,4.66,9.0,10.0,0.17423032051730014,0.001069443209766107,7.7,7.6,0.675,12.3
United Republic of Tanzania,2004,Developing,51.5,454.0,100,3.81,0.0,95.0,1419,17.7,154,95.0,4.1,95.0,10.8,0.17423032051730014,0.001069443209766107,7.8,7.8,0.675,12.3
United Republic of Tanzania,2001,Developing,49.6,46.0,110,4.09,0.0,92.0,11847,16.4,173,65.0,3.28,87.0,12.5,0.17423032051730014,0.001069443209766107,8.2,8.1,0.675,12.3
United States of America,2015,Developed,79.3,13.0,23,3.65,0.0,92.0,188,69.6,26,93.0,5.73,95.0,0.1,0.17423032051730014,0.001069443209766107,0.8,0.6,0.675,12.3
United States of America,2014,Developed,79.1,14.0,23,8.82,0.0,92.0,667,69.1,27,93.0,17.14,95.0,0.1,0.17423032051730014,0.001069443209766107,0.8,0.6,0.675,12.3
United States of America,2013,Developed,78.9,16.0,23,8.82,0.0,91.0,187,68.6,27,93.0,16.9,94.0,0.1,0.17423032051730014,0.001069443209766107,0.7,0.6,0.675,12.3
United States of America,2012,Developed,78.8,16.0,24,8.82,0.0,9.0,55,68.0,28,93.0,17.2,94.0,0.1,0.17423032051730014,0.001069443209766107,0.7,0.6,0.675,12.3
United States of America,2011,Developed,78.7,16.0,25,8.67,0.0,91.0,220,67.5,29,94.0,17.6,96.0,0.1,0.17423032051730014,0.001069443209766107,0.7,0.6,0.675,12.3
United States of America,2009,Developed,78.5,18.0,26,8.71,0.0,92.0,71,66.3,31,93.0,17.0,95.0,0.1,0.17423032051730014,0.001069443209766107,0.7,0.6,0.675,12.3
United States of America,2008,Developed,78.2,18.0,27,8.74,0.0,94.0,140,65.7,31,94.0,16.2,96.0,0.1,0.17423032051730014,0.001069443209766107,0.7,0.6,0.675,12.3
United States of America,2007,Developed,78.1,11.0,27,8.74,0.0,93.0,43,65.1,32,93.0,15.57,96.0,0.1,0.17423032051730014,0.001069443209766107,0.7,0.6,0.675,12.3
United States of America,2006,Developed,77.8,113.0,28,8.63,0.0,93.0,55,64.4,33,93.0,15.27,96.0,0.1,0.17423032051730014,0.001069443209766107,0.7,0.6,0.675,12.3
United States of America,2005,Developed,77.5,112.0,28,8.52,0.0,93.0,66,63.8,33,92.0,15.15,96.0,0.1,0.17423032051730014,0.001069443209766107,0.7,0.6,0.675,12.3
United States of America,2004,Developed,77.5,111.0,28,8.48,0.0,92.0,37,63.1,33,92.0,15.14,96.0,0.1,0.17423032051730014,0.001069443209766107,0.7,0.6,0.675,12.3
United States of America,2003,Developed,77.2,114.0,28,8.4,0.0,92.0,56,62.4,33,91.0,15.6,96.0,0.1,0.17423032051730014,0.001069443209766107,0.7,0.6,0.675,12.3
United States of America,2002,Developed,77.0,115.0,28,8.33,0.0,88.0,41,61.7,33,9.0,14.55,94.0,0.1,0.17423032051730014,0.001069443209766107,0.8,0.6,0.675,12.3
United States of America,2001,Developed,76.9,115.0,28,8.25,0.0,89.0,116,6.9,33,89.0,13.73,94.0,0.1,0.17423032051730014,0.001069443209766107,0.8,0.6,0.675,12.3
United States of America,2000,Developed,76.8,114.0,28,8.21,0.0,9.0,85,6.1,33,9.0,13.7,94.0,0.1,0.17423032051730014,0.001069443209766107,0.8,0.7,0.675,12.3
Uruguay,2012,Developing,76.5,118.0,0,5.77,339.7190493,95.0,0,62.3,0,95.0,8.74,95.0,0.1,0.15935999920606497,0.002625280125135094,1.5,1.5,0.784,15.5
Uruguay,2009,Developing,76.6,118.0,0,6.67,1871.736563,95.0,0,6.7,1,95.0,8.78,95.0,0.1,0.942887266079134,0.0025989851477354656,1.5,1.5,0.774,15.5
Uruguay,2008,Developing,76.4,119.0,1,6.76,24.73142261,94.0,0,6.1,1,94.0,8.17,94.0,0.1,0.09622003320888955,0.0002595259085597919,1.6,1.5,0.77,15.7
Uruguay,2007,Developing,75.4,124.0,1,6.67,14.47305874,94.0,0,59.5,1,94.0,8.23,94.0,0.1,0.007814357592560403,0.002581198050860648,1.6,1.5,0.76,15.3
Uruguay,2006,Developing,76.2,117.0,1,6.58,1712.225506,95.0,0,58.9,1,95.0,11.17,95.0,0.1,0.5885796199501517,0.0002574538130213637,1.6,1.6,0.756,15.2
Uruguay,2005,Developing,75.7,123.0,1,6.35,152.5448405,96.0,0,58.3,1,96.0,11.15,96.0,0.1,0.05221214379586837,0.0025702780068985248,1.6,1.6,0.753,15.5
Uruguay,2004,Developing,75.4,122.0,1,5.66,882.356362,94.0,0,57.7,1,95.0,11.59,94.0,0.1,0.41224315914736537,0.00025695375863368634,1.7,1.6,0.75,15.5
Uruguay,2003,Developing,75.4,121.0,1,5.11,160.8400141,91.0,0,57.0,1,91.0,6.52,91.0,0.1,0.36267573695790806,0.002570297328938234,1.7,1.6,0.747,15.0
Uruguay,2002,Developing,75.4,124.0,1,5.86,27.46880965,95.0,0,56.3,1,93.0,7.18,95.0,0.1,0.04878833285763739,0.0025719482040109987,1.7,1.7,0.746,14.7
Uruguay,2001,Developing,75.2,123.0,1,6.48,421.4804282,94.0,0,55.7,1,94.0,7.46,94.0,0.1,0.6289956145505602,0.0002571214739383633,1.8,1.7,0.742,14.2
Uruguay,2000,Developing,75.1,131.0,1,6.65,645.9583816,92.0,0,55.0,1,92.0,7.82,9.0,0.1,0.6881441168679763,0.0025669028330020994,1.8,1.7,0.738,14.0
Uzbekistan,2015,Developing,69.4,184.0,15,3.65,0.0,99.0,22,44.7,17,99.0,5.73,99.0,0.1,0.21393852158187987,0.00024187715748929294,3.0,3.1,0.697,12.1
Uzbekistan,2014,Developing,69.2,184.0,16,0.01,0.442802404,99.0,8,43.9,18,99.0,5.84,99.0,0.1,0.002380589560557031,2.9016293472290023e-05,3.0,3.1,0.69,12.1
Uzbekistan,2013,Developing,69.1,185.0,17,0.01,19.1624696,99.0,0,43.0,19,99.0,6.32,99.0,0.1,0.019618990326164272,2.50398177001106e-05,3.0,3.1,0.681,12.0
Uzbekistan,2011,Developing,68.5,183.0,19,2.83,140.6905284,99.0,476,41.4,22,99.0,5.65,99.0,0.1,0.1565839755228575,0.0002267325427651227,3.0,3.1,0.664,12.0
Uzbekistan,2010,Developing,68.3,183.0,20,2.73,119.4571154,99.0,117,4.7,23,99.0,5.34,99.0,0.2,0.13783884441487732,0.00022072725282346398,3.0,3.1,0.657,11.9
Uzbekistan,2009,Developing,68.0,183.0,21,2.56,92.81479759,98.0,0,4.0,24,99.0,6.31,98.0,0.2,0.12135635136779872,0.0002145828441958981,3.1,3.1,0.651,11.8
Uzbekistan,2008,Developing,67.9,184.0,22,2.36,13.89021225,91.0,2,39.3,25,98.0,5.92,98.0,0.3,0.018089997970529577,2.109503007305447e-05,3.1,3.1,0.644,11.9
Uzbekistan,2007,Developing,67.8,184.0,22,2.15,9.290983645,99.0,863,38.7,26,98.0,5.81,96.0,0.3,0.008192923299856566,2.0739504542402858e-05,3.1,3.1,0.631,11.8
Uzbekistan,2006,Developing,67.6,185.0,23,1.96,77.27092119,98.0,823,38.1,27,94.0,5.49,96.0,0.4,0.06536687360542019,0.0020472017953482823,3.2,3.2,0.626,11.8
Uzbekistan,2005,Developing,67.3,192.0,24,1.78,40.13342094,99.0,737,37.5,28,99.0,5.11,99.0,0.3,0.0545986101424978,2.019771454895334e-05,3.2,3.2,0.62,11.7
Uzbekistan,2004,Developing,67.8,183.0,24,1.59,34.41887163,99.0,75,37.0,29,99.0,5.11,99.0,0.3,0.04641957218207367,0.001998981713049687,3.2,3.2,0.613,11.6
Uzbekistan,2003,Developing,67.2,183.0,25,1.54,28.52135777,99.0,85,36.4,30,99.0,5.17,98.0,0.3,0.039509308535860294,0.0019760503163226578,3.3,3.3,0.607,11.3
Uzbekistan,2002,Developing,67.1,186.0,27,1.47,24.99438738,62.0,25,35.9,32,99.0,5.44,99.0,0.2,0.038229173480280876,0.0019531884789385826,3.3,3.3,0.6,11.0
Uzbekistan,2001,Developing,67.4,185.0,28,1.53,43.66385568,92.0,22,35.3,34,99.0,5.28,99.0,0.2,0.045579702717159366,0.0019294300989119945,3.4,3.3,0.594,10.7
Uzbekistan,2000,Developing,67.1,189.0,30,1.6,48.50941741,92.0,80,34.8,36,99.0,5.29,99.0,0.1,0.055744909157940614,1.902834470574489e-05,3.4,3.4,0.0,10.6
Vanuatu,2015,Developing,72.0,13.0,0,3.65,0.0,64.0,39,53.3,0,65.0,5.73,64.0,0.1,0.028461705050196958,2.0426487499111768e-05,1.5,1.4,0.598,10.8
Vanuatu,2014,Developing,71.7,134.0,0,0.01,564.8167043,64.0,10,52.5,0,65.0,5.2,64.0,0.1,0.3151824961232964,1.9979761941032135e-05,1.5,1.4,0.596,10.8
Vanuatu,2013,Developing,71.6,135.0,0,0.01,447.545645,64.0,0,51.7,0,65.0,3.92,64.0,0.1,0.31708343989715765,0.00019562251306993003,1.5,1.4,0.591,10.8
Vanuatu,2012,Developing,71.4,138.0,0,0.01,427.9885222,64.0,0,5.8,0,65.0,3.7,64.0,0.1,0.3162063411948048,0.00019125032192450362,1.5,1.4,0.592,10.8
Vanuatu,2011,Developing,71.2,141.0,0,0.85,457.9731742,63.0,0,49.9,0,65.0,3.85,65.0,0.1,0.32795850704568874,0.00018691136468737722,1.5,1.4,0.591,10.8
Vanuatu,2010,Developing,71.0,145.0,0,0.91,471.8626525,62.0,0,49.1,0,66.0,4.71,65.0,0.1,0.2968985928591055,0.000182601776950609,1.5,1.4,0.59,10.8
Vanuatu,2009,Developing,78.0,149.0,0,0.83,361.0940984,62.0,0,48.2,0,66.0,3.9,66.0,0.1,0.26460762891370093,1.8356710605448696e-05,1.5,1.5,0.589,10.7
Vanuatu,2008,Developing,75.0,153.0,0,1.18,345.339056,61.0,0,47.4,0,66.0,3.66,67.0,0.1,0.2700685318074395,1.738983573839399e-05,1.5,1.5,0.582,10.7
Vanuatu,2006,Developing,71.0,161.0,0,1.0,43.19780767,59.0,0,45.7,0,67.0,3.96,68.0,0.1,0.02466992899610014,0.00016586038886486,1.6,1.5,0.572,10.6
Vanuatu,2005,Developing,69.9,165.0,0,0.88,337.2942846,61.0,3,44.9,0,67.0,3.87,68.0,0.1,0.18878313942623676,2.2436752510470115e-06,1.6,1.5,0.0,10.6
Vanuatu,2004,Developing,69.6,169.0,0,0.85,334.1673373,63.0,0,44.1,0,67.0,4.12,69.0,0.1,0.17891843545787645,1.863340221408625e-05,1.6,1.5,0.0,10.7
Vanuatu,2002,Developing,69.3,176.0,0,1.24,171.1373611,66.0,101,42.6,0,67.0,3.52,7.0,0.1,0.1354462836271418,0.00014987874338048175,1.7,1.6,0.0,10.2
Vanuatu,2001,Developing,69.1,179.0,0,0.91,163.105292,68.0,7,41.9,0,67.0,3.37,7.0,0.1,0.13631595130819113,1.4603597612309086e-05,1.7,1.6,0.0,10.1
Vanuatu,2000,Developing,69.0,18.0,0,1.21,21.90075232,7.0,9,41.1,0,67.0,3.28,71.0,0.1,0.14705665518658062,1.4320722950964544e-05,1.7,1.7,0.0,9.6
Venezuela (Bolivarian Republic of),2015,Developing,74.1,157.0,9,3.65,0.0,87.0,0,62.1,10,87.0,5.73,87.0,0.1,0.17423032051730014,0.001069443209766107,1.6,1.5,0.769,14.3
Venezuela (Bolivarian Republic of),2014,Developing,73.9,158.0,9,6.47,0.0,78.0,0,61.5,10,79.0,5.26,78.0,0.1,0.17423032051730014,0.001069443209766107,1.6,1.5,0.771,14.2
Venezuela (Bolivarian Republic of),2013,Developing,73.8,159.0,9,6.71,0.0,82.0,0,61.0,10,82.0,4.94,82.0,0.1,0.17423032051730014,0.001069443209766107,1.6,1.5,0.77,14.2
Venezuela (Bolivarian Republic of),2012,Developing,73.7,161.0,9,6.7,0.0,81.0,1,6.4,10,73.0,4.8,81.0,0.1,0.17423032051730014,0.001069443209766107,1.6,1.5,0.767,14.1
Venezuela (Bolivarian Republic of),2011,Developing,73.8,158.0,9,6.74,0.0,78.0,0,59.9,10,78.0,5.24,78.0,0.1,0.17423032051730014,0.001069443209766107,1.6,1.5,0.756,14.1
Venezuela (Bolivarian Republic of),2010,Developing,73.7,158.0,9,7.22,0.0,78.0,0,59.3,10,74.0,5.4,78.0,0.1,0.17423032051730014,0.001069443209766107,1.6,1.5,0.754,14.0
Venezuela (Bolivarian Republic of),2009,Developing,73.6,166.0,9,7.59,0.0,84.0,0,58.8,10,75.0,5.81,84.0,0.1,0.17423032051730014,0.001069443209766107,1.6,1.5,0.754,14.0
Venezuela (Bolivarian Republic of),2007,Developing,73.4,165.0,9,8.7,0.0,62.0,32,57.6,10,67.0,5.25,62.0,0.1,0.17423032051730014,0.001069443209766107,1.6,1.5,0.728,12.9
Venezuela (Bolivarian Republic of),2006,Developing,73.6,163.0,9,8.27,0.0,71.0,78,57.1,11,73.0,4.85,71.0,0.1,0.17423032051730014,0.001069443209766107,1.6,1.6,0.714,12.4
Venezuela (Bolivarian Republic of),2005,Developing,73.6,158.0,9,7.92,0.0,88.0,0,56.5,11,8.0,4.69,87.0,0.1,0.17423032051730014,0.001069443209766107,1.7,1.6,0.7,11.8
Venezuela (Bolivarian Republic of),2004,Developing,73.3,161.0,10,7.55,0.0,82.0,0,55.9,11,83.0,4.78,86.0,0.1,0.17423032051730014,0.001069443209766107,1.7,1.6,0.687,11.6
Venezuela (Bolivarian Republic of),2003,Developing,72.4,172.0,10,6.3,0.0,72.0,0,55.3,12,86.0,4.93,68.0,0.1,0.17423032051730014,0.001069443209766107,1.7,1.6,0.688,11.6
Venezuela (Bolivarian Republic of),2002,Developing,73.1,167.0,10,6.89,0.0,6.0,2392,54.7,12,81.0,4.93,65.0,0.1,0.17423032051730014,0.001069443209766107,1.7,1.7,0.684,11.0
Venezuela (Bolivarian Republic of),2001,Developing,72.5,169.0,10,8.05,0.0,53.0,115,54.1,12,87.0,5.21,7.0,0.1,0.17423032051730014,0.001069443209766107,1.8,1.7,0.672,10.4
Venezuela (Bolivarian Republic of),2000,Developing,72.5,168.0,11,8.01,0.0,5.0,22,53.4,13,86.0,4.91,77.0,0.1,0.17423032051730014,0.001069443209766107,1.8,1.7,0.67,10.6
Viet Nam,2015,Developing,76.0,127.0,28,3.65,0.0,97.0,256,17.5,35,97.0,5.73,97.0,0.1,0.17423032051730014,0.001069443209766107,14.2,14.5,0.678,12.6
Viet Nam,2014,Developing,75.9,128.0,28,4.09,0.0,95.0,15033,16.7,35,96.0,7.7,95.0,0.1,0.17423032051730014,0.001069443209766107,14.3,14.7,0.675,12.5
Viet Nam,2013,Developing,75.7,129.0,28,4.0,0.0,59.0,1123,16.0,35,93.0,7.17,59.0,0.1,0.17423032051730014,0.001069443209766107,14.3,14.9,0.668,12.3
Viet Nam,2012,Developing,75.6,13.0,29,4.12,0.0,97.0,578,15.3,36,97.0,6.96,97.0,0.1,0.17423032051730014,0.001069443209766107,14.4,15.0,0.662,12.2
Viet Nam,2011,Developing,75.4,131.0,29,3.94,0.0,95.0,750,14.7,36,96.0,6.2,95.0,0.1,0.17423032051730014,0.001069443209766107,14.4,15.2,0.655,12.0
Viet Nam,2010,Developing,75.2,133.0,29,3.93,0.0,88.0,2809,14.0,35,94.0,6.36,93.0,0.1,0.17423032051730014,0.001069443209766107,14.5,15.4,0.647,11.9
Viet Nam,2009,Developing,75.0,134.0,29,3.86,0.0,94.0,6582,13.4,35,97.0,6.4,96.0,0.1,0.17423032051730014,0.001069443209766107,14.6,15.5,0.641,11.7
Viet Nam,2008,Developing,74.9,135.0,28,3.58,0.0,87.0,352,12.9,35,93.0,5.53,93.0,0.2,0.17423032051730014,0.001069443209766107,14.7,15.7,0.633,11.6
Viet Nam,2007,Developing,74.7,136.0,28,3.01,0.0,67.0,17,12.3,35,92.0,6.9,92.0,0.2,0.17423032051730014,0.001069443209766107,14.9,15.8,0.625,11.4
Viet Nam,2006,Developing,74.6,136.0,28,2.56,0.0,93.0,1978,11.8,35,94.0,5.56,94.0,0.2,0.17423032051730014,0.001069443209766107,15.1,15.9,0.618,11.3
Viet Nam,2005,Developing,74.4,136.0,29,2.7,0.0,94.0,410,11.3,36,94.0,5.38,95.0,0.2,0.17423032051730014,0.001069443209766107,15.3,16.0,0.609,11.1
Viet Nam,2004,Developing,74.2,136.0,29,2.86,0.0,94.0,217,1.9,36,96.0,5.9,96.0,0.2,0.17423032051730014,0.001069443209766107,15.4,16.1,0.601,11.0
Viet Nam,2003,Developing,74.0,137.0,30,2.19,0.0,78.0,2297,1.4,37,96.0,4.84,99.0,0.2,0.17423032051730014,0.001069443209766107,15.6,16.2,0.592,10.9
Viet Nam,2002,Developing,73.8,137.0,30,2.03,0.0,92.0,6755,1.0,39,92.0,4.7,75.0,0.2,0.17423032051730014,0.001069443209766107,15.6,16.3,0.584,10.7
Viet Nam,2000,Developing,73.4,139.0,33,1.6,0.0,92.0,16512,9.2,43,96.0,4.89,96.0,0.1,0.17423032051730014,0.001069443209766107,15.8,16.4,0.569,10.4
Yemen,2015,Developing,65.7,224.0,37,3.65,0.0,69.0,468,41.3,47,63.0,5.73,69.0,0.1,0.17423032051730014,0.001069443209766107,13.6,13.4,0.499,9.0
Yemen,2014,Developing,65.4,228.0,37,0.01,0.0,73.0,815,4.4,47,67.0,5.64,73.0,0.1,0.17423032051730014,0.001069443209766107,13.7,13.5,0.5,9.0
Yemen,2013,Developing,65.4,226.0,36,0.04,0.0,73.0,400,39.6,46,67.0,5.78,73.0,0.1,0.17423032051730014,0.001069443209766107,13.7,13.5,0.498,9.0
Yemen,2012,Developing,64.7,236.0,36,0.04,0.0,67.0,2177,38.7,46,68.0,5.73,67.0,0.1,0.17423032051730014,0.001069443209766107,13.7,13.6,0.494,9.0
Yemen,2011,Developing,64.6,234.0,35,0.04,0.0,69.0,2676,37.9,45,69.0,5.4,69.0,0.1,0.17423032051730014,0.001069443209766107,13.7,13.6,0.493,8.6
Yemen,2010,Developing,64.4,233.0,35,0.06,0.0,76.0,510,37.2,45,77.0,5.17,76.0,0.1,0.17423032051730014,0.001069443209766107,13.7,13.7,0.488,8.5
Yemen,2009,Developing,64.1,235.0,36,0.03,0.0,76.0,130,36.4,46,76.0,5.32,76.0,0.1,0.17423032051730014,0.001069443209766107,13.8,13.7,0.483,8.4
Yemen,2008,Developing,63.8,238.0,37,0.04,0.0,78.0,7,35.7,47,78.0,5.12,78.0,0.1,0.17423032051730014,0.001069443209766107,13.8,13.7,0.48,8.5
Yemen,2007,Developing,63.4,24.0,38,0.05,0.0,79.0,13,35.1,49,79.0,4.92,79.0,0.1,0.17423032051730014,0.001069443209766107,13.8,13.8,0.477,8.6
Yemen,2006,Developing,63.0,242.0,39,0.04,0.0,78.0,8079,34.5,51,78.0,4.82,78.0,0.1,0.17423032051730014,0.001069443209766107,13.9,13.8,0.475,8.7
Yemen,2005,Developing,62.6,245.0,40,0.04,0.0,8.0,6285,33.9,53,8.0,4.58,79.0,0.1,0.17423032051730014,0.001069443209766107,13.9,13.8,0.47,8.6
Yemen,2004,Developing,62.2,247.0,42,0.06,0.0,43.0,12708,33.3,56,72.0,4.9,72.0,0.1,0.17423032051730014,0.001069443209766107,13.9,13.9,0.464,8.4
Yemen,2003,Developing,61.9,249.0,43,0.04,0.0,38.0,8536,32.7,58,61.0,5.0,61.0,0.1,0.17423032051730014,0.001069443209766107,14.0,13.9,0.457,8.2
Yemen,2001,Developing,61.1,251.0,46,0.08,0.0,19.0,485,31.7,63,73.0,4.34,73.0,0.1,0.17423032051730014,0.001069443209766107,14.0,14.0,0.444,7.9
Yemen,2000,Developing,68.0,252.0,48,0.07,0.0,14.0,0,31.2,66,74.0,4.14,74.0,0.1,0.17423032051730014,0.001069443209766107,14.1,14.1,0.436,7.7
Zambia,2015,Developing,61.8,33.0,27,3.65,0.0,9.0,9,23.4,40,9.0,5.73,9.0,4.1,0.13143522358226203,0.00012486133924643396,6.3,6.1,0.576,12.5
Zambia,2014,Developing,61.1,314.0,28,0.01,196.6675768,86.0,9,22.8,41,78.0,4.99,86.0,4.3,0.17400391601170434,0.0012079675497318001,6.3,6.2,0.57,12.5
Zambia,2013,Developing,63.0,328.0,29,2.41,20.62306285,79.0,35,22.3,42,74.0,4.99,79.0,4.8,0.018441281876406028,0.0011711374234010584,6.4,6.2,0.565,12.5
Zambia,2012,Developing,59.2,349.0,29,2.59,196.9152496,78.0,896,21.7,43,7.0,4.91,78.0,5.6,0.1736086632849425,0.01136128437957,6.5,6.3,0.554,12.3
Zambia,2011,Developing,58.2,366.0,29,2.57,183.0461695,81.0,13234,21.2,44,83.0,4.26,81.0,6.3,0.16456226221262696,0.011024940997060221,6.6,6.4,0.543,12.0
Zambia,2010,Developing,58.0,363.0,30,2.47,184.3649102,83.0,15754,2.7,45,8.0,4.41,83.0,6.8,0.14639201343891325,0.0001070433271080813,6.7,6.5,0.533,11.8
Zambia,2009,Developing,57.4,368.0,30,2.3,143.8698873,94.0,26,2.2,47,93.0,4.73,94.0,9.1,0.11392893614634746,0.010400190666796325,6.7,6.6,0.518,11.6
Zambia,2008,Developing,55.7,45.0,31,2.12,153.6783754,87.0,140,19.7,49,9.0,4.87,87.0,11.9,0.13702362364632492,0.0010684956569387617,6.8,6.7,0.504,11.4
Zambia,2007,Developing,52.6,487.0,32,2.08,10.85148218,8.0,535,19.2,51,77.0,4.37,8.0,13.6,0.01130911064987342,0.009835644720740338,6.9,6.8,0.492,11.1
Zambia,2006,Developing,58.0,526.0,33,2.25,1.860003739,81.0,459,18.8,52,83.0,6.11,81.0,15.9,0.001149159381202793,0.009570911136038088,7.0,6.9,0.479,10.9
Zambia,2005,Developing,49.3,554.0,34,2.33,121.879331,82.0,45,18.4,55,84.0,7.56,82.0,17.0,0.06907632227906989,0.0009677420401968604,7.1,7.0,0.467,10.7
Zambia,2004,Developing,47.9,578.0,36,2.46,8.369851529,92.0,35,18.0,59,84.0,7.33,83.0,17.6,0.005168017115486371,0.009067224204895362,7.2,7.1,0.456,10.5
Zambia,2003,Developing,46.4,64.0,39,2.33,65.78997404,92.0,881,17.6,62,85.0,8.18,83.0,18.2,0.042817542287358124,0.008827814858317743,7.3,7.2,0.443,10.2
Zambia,2002,Developing,45.5,69.0,41,2.44,54.04348047,92.0,25036,17.3,66,85.0,6.93,84.0,18.4,0.037606732599654975,8.595602585091055e-05,7.4,7.3,0.433,10.0
Zambia,2001,Developing,44.6,611.0,43,2.61,46.83027463,92.0,16997,17.1,70,86.0,6.56,85.0,18.6,0.03772075657282343,0.0014098063494170146,7.4,7.4,0.424,9.8
Zambia,2000,Developing,43.8,614.0,44,2.62,45.61688038,92.0,30930,16.8,72,85.0,7.16,85.0,18.7,0.03408302290897657,0.00118342624065619,7.5,7.5,0.418,9.6
Zimbabwe,2015,Developing,67.0,336.0,22,3.65,0.0,87.0,0,31.8,32,88.0,5.73,87.0,6.2,0.0117203659796973,0.012194075111384216,5.6,5.5,0.507,10.3
Zimbabwe,2014,Developing,59.2,371.0,23,6.5,10.82259524,91.0,0,31.3,34,92.0,6.44,91.0,6.3,0.012599879621241058,0.01191137357551547,5.9,5.7,0.498,10.3
Zimbabwe,2013,Developing,58.0,399.0,25,6.39,10.66670728,95.0,0,3.8,36,95.0,6.88,95.0,6.8,0.010972502683036506,0.00012012280222811869,6.2,6.0,0.488,10.4
Zimbabwe,2011,Developing,54.9,464.0,28,6.0,63.75053034,94.0,0,29.9,42,93.0,6.31,93.0,13.3,0.0839616147709356,0.01111914985251178,6.8,6.7,0.452,10.1
Zimbabwe,2010,Developing,52.4,527.0,29,5.21,53.30858081,9.0,9696,29.4,44,89.0,5.37,89.0,15.7,0.07131174901350887,0.001148720765811886,7.1,7.0,0.436,10.0
Zimbabwe,2008,Developing,48.2,632.0,30,3.56,20.84342867,75.0,0,28.6,46,75.0,4.96,75.0,20.5,0.032452658297350834,0.010479064778652973,7.8,7.8,0.421,9.7
Zimbabwe,2007,Developing,46.6,67.0,29,3.88,29.81456607,72.0,242,28.2,46,73.0,4.47,73.0,23.7,0.03959627515372014,0.0010302241064457042,8.2,8.2,0.414,9.6
Zimbabwe,2006,Developing,45.4,7.0,28,4.57,34.26216876,68.0,212,27.9,45,71.0,5.12,7.0,26.8,0.04137898460659464,0.010143478047218211,8.6,8.6,0.408,9.5
Zimbabwe,2005,Developing,44.6,717.0,28,4.14,8.7174087,65.0,420,27.5,43,69.0,6.44,68.0,30.3,0.04438083294956734,0.00010000933177229801,9.0,9.0,0.406,9.3
Zimbabwe,2004,Developing,44.3,723.0,27,4.36,0.0,68.0,31,27.1,42,67.0,7.13,65.0,33.6,0.04534249198470564,0.009875476719160321,9.4,9.4,0.407,9.2
Zimbabwe,2003,Developing,44.5,715.0,26,4.06,0.0,7.0,998,26.7,41,7.0,6.52,68.0,36.7,0.04524077618833979,0.00976448010272771,9.8,9.9,0.418,9.5
Zimbabwe,2002,Developing,44.8,73.0,25,4.43,0.0,73.0,304,26.3,40,73.0,6.53,71.0,39.8,0.00557579410151934,9.698968340652445e-05,1.2,1.3,0.427,10.0
Zimbabwe,2001,Developing,45.3,686.0,25,1.72,0.0,76.0,529,25.9,39,76.0,6.16,75.0,42.1,0.0547799519428904,0.009557554969309413,1.6,1.7,0.427,9.8
Zimbabwe,2000,Developing,46.0,665.0,24,1.68,0.0,79.0,1483,25.5,39,78.0,7.1,78.0,43.5,0.05465690788637847,0.009446326488400292,11.0,11.2,0.434,9.8
