Adult Mortality,Alcohol,percentage expenditure,BMI,Polio,Diphtheria,HIV/AIDS,GDP,thinness 10-19 years,Income composition of resources,Schooling,Economic_health_index,Health_expenditure_ratio,Mortality_rate_ratio
228.0,0.28,244.039,2.3,92.0,91.0,0.5,0.218,16.6,0.0,11.4,0.0,23.707,228.0
263.0,1.81,154.227,2.1,94.0,94.0,3.0,0.116,8.0,0.536,11.1,5.95,47.513,3.131
24.0,2.38,352.024,44.5,9.0,89.0,0.4,0.226,1.4,0.57,9.8,5.586,34.092,1.412
215.0,2.35,37.885,43.4,97.0,96.0,0.1,0.044,3.2,0.0,10.5,0.0,43.17,26.875
99.0,5.31,3.302,5.8,97.0,97.0,0.1,0.003,1.7,0.696,11.4,7.934,1749.118,99.0
162.0,3.62,310.612,68.9,26.0,55.0,0.1,0.235,0.2,0.665,12.4,8.246,18.908,11.024000000000001
118.0,5.77,339.719,62.3,95.0,95.0,0.1,0.159,1.5,0.784,15.5,12.152,54.844,11.024000000000001
232.0,0.01,29.755,18.1,71.0,71.0,0.7,0.039,1.3,0.331,5.1,1.688,156.478,2.578
283.0,1.23,40.488,19.2,76.0,75.0,2.1,0.042,9.3,0.407,7.3,2.971,102.227,7.075
136.0,0.01,33.67,52.7,93.0,93.0,0.1,0.02,2.5,0.0,0.0,0.0,415.183,11.024000000000001
19.0,0.01,50.539,61.9,99.0,99.0,0.1,0.055,4.0,0.727,15.2,11.05,82.298,11.024000000000001
223.0,5.18,0.0,17.3,67.0,67.0,0.2,0.174,9.4,0.525,9.4,4.935,21.638,15.929
23.0,0.03,8.595,21.1,58.0,51.0,1.1,0.048,1.9,0.443,6.4,2.835,110.372,2.091
169.0,3.09,154.864,4.4,95.0,95.0,1.5,0.113,2.7,0.561,10.1,5.666,64.252,24.143
184.0,0.01,0.443,43.9,99.0,99.0,0.1,0.002,3.0,0.69,12.1,8.349,2453.174,10.222
16.0,0.56,129.226,51.8,99.0,99.0,0.1,0.193,6.9,0.797,13.5,10.76,14.195,16.0
125.0,5.52,78.809,47.8,99.0,99.0,0.2,0.413,2.3,0.725,12.6,9.135,20.091,62.5
197.0,3.5,2.092,44.2,85.0,85.0,0.4,0.001,2.2,0.577,10.7,6.174,6022.322,39.4
116.0,1.49,32.782,61.9,97.0,97.0,0.1,0.167,4.9,0.715,13.0,9.295,33.52,4.64
464.0,6.0,63.751,29.9,93.0,93.0,13.3,0.084,6.8,0.452,10.1,4.565,75.153,11.048
259.0,3.41,0.0,13.8,52.0,49.0,0.1,0.174,1.2,0.477,8.3,3.959,28.181,15.235
339.0,1.1,2.03,16.6,63.0,64.0,5.1,0.002,9.4,0.425,9.3,3.952,1757.411,15.409
219.0,2.88,332.106,46.2,94.0,92.0,0.4,0.234,2.1,0.615,11.6,7.134,35.029,54.75
259.0,5.68,4.106,45.3,67.0,68.0,1.5,0.007,4.0,0.47,8.7,4.089,192.166,12.95
197.0,1.56,15.353,16.1,97.0,97.0,0.1,0.017,15.4,0.705,12.8,9.024,247.013,19.7
129.0,4.25,26.451,24.9,97.0,96.0,0.6,0.023,8.3,0.596,11.9,7.092,219.324,11.024000000000001
64.0,3.65,0.0,31.7,98.0,98.0,0.1,0.174,1.5,0.675,12.3,8.302,32.888,32.0
467.0,3.15,0.0,19.9,7.0,66.0,7.0,0.174,7.9,0.675,12.3,8.302,27.837,4.968
322.0,0.49,11.766,15.1,94.0,94.0,1.1,0.033,9.1,0.406,5.2,2.111,113.303,35.778
153.0,6.5,788.687,31.3,99.0,99.0,0.1,0.618,7.9,0.733,13.6,9.969,6.473,15.3
285.0,1.15,10.736,2.1,74.0,72.0,2.1,0.058,8.9,0.423,8.1,3.426,78.248,7.308
12.0,0.6,373.263,59.3,98.0,98.0,0.1,0.277,3.8,0.736,13.6,10.01,30.191,3.0
214.0,0.48,10.624,71.4,61.0,62.0,0.1,0.011,0.2,0.0,12.4,0.0,123.963,11.024000000000001
167.0,16.99,225.072,56.7,95.0,95.0,0.1,0.19,2.0,0.835,16.1,13.444,34.811,11.024000000000001
157.0,10.89,591.51,6.9,95.0,95.0,0.1,0.594,2.1,0.755,13.5,10.192,10.79,157.0
163.0,9.69,15.236,57.0,94.0,93.0,0.1,0.017,2.5,0.709,12.9,9.146,399.099,163.0
65.0,6.61,725.485,55.9,97.0,97.0,0.1,0.395,1.0,0.866,17.6,15.242,4.304,11.024000000000001
23.0,0.32,8.309,2.3,93.0,94.0,0.7,0.009,11.0,0.425,6.8,2.89,502.825,0.639
31.0,8.64,52.311,33.0,74.0,76.0,8.0,0.076,6.7,0.652,12.4,8.085,44.941,10.333
147.0,3.65,0.0,64.5,95.0,95.0,0.1,0.174,2.5,0.79,12.6,9.954,32.888,11.024000000000001
232.0,0.17,27.489,19.5,93.0,93.0,0.4,0.018,16.8,0.0,10.9,0.0,358.28,232.0
153.0,3.39,0.0,3.8,99.0,94.0,0.1,0.174,5.1,0.675,12.3,8.302,32.888,15.3
145.0,0.01,0.0,42.9,99.0,99.0,0.1,0.174,3.4,0.675,12.3,8.302,24.68,11.024000000000001
127.0,0.01,261.291,59.0,94.0,94.0,0.1,0.193,1.9,0.856,16.5,14.124,33.554,11.024000000000001
216.0,3.47,0.0,47.3,85.0,84.0,0.2,0.174,1.3,0.626,14.1,8.827,28.468,15.429
142.0,3.33,235.707,49.7,9.0,9.0,0.6,0.43,1.9,0.721,12.7,9.157,12.004,142.0
396.0,9.66,10.358,19.9,46.0,4.0,5.3,0.012,12.6,0.466,9.0,4.194,309.501,0.451
61.0,7.96,66.378,59.9,96.0,96.0,0.1,0.046,0.5,0.866,16.3,14.116,191.901,30.5
73.0,1.83,91.14,22.1,97.0,96.0,0.1,0.063,14.0,0.653,11.6,7.575,125.247,11.024000000000001
11.0,11.89,167.328,5.1,96.0,96.0,0.1,0.115,0.8,0.777,15.5,12.044,79.299,11.0
273.0,0.6,9.586,2.7,77.0,73.0,1.5,0.008,8.8,0.396,7.3,2.891,826.591,3.0
83.0,0.01,0.0,58.5,99.0,99.0,0.1,0.174,8.3,0.77,14.9,11.473,39.545,3.773
316.0,0.01,10.575,12.6,35.0,33.0,0.1,0.012,2.1,0.34,5.9,2.006,672.386,2.59
377.0,3.65,0.0,42.9,93.0,93.0,4.2,0.168,3.4,0.0,0.0,0.0,34.112,8.976
12.0,4.09,1043.108,49.3,9.0,9.0,0.1,0.443,2.1,0.719,12.2,8.772,17.603,12.0
495.0,1.5,60.049,19.0,46.0,48.0,9.0,0.04,9.4,0.33,6.2,2.046,111.079,19.038
179.0,0.03,40.368,19.5,77.0,78.0,0.1,0.087,21.0,0.501,6.5,3.256,38.923,0.391
152.0,6.41,789.077,32.4,99.0,99.0,0.1,0.595,7.8,0.737,13.6,10.023,6.925,15.2
144.0,10.4,9.146,56.0,99.0,99.0,0.1,0.009,2.3,0.803,15.0,12.045,661.709,48.0
147.0,1.08,4.784,72.1,86.0,84.0,0.1,0.004,0.1,0.703,14.5,10.194,1289.19,11.024000000000001
147.0,3.39,321.613,5.9,99.0,98.0,0.1,0.168,1.8,0.62,11.5,7.13,37.945,49.0
344.0,1.37,0.676,19.8,72.0,82.0,5.1,0.004,7.9,0.443,10.6,4.696,1348.707,15.636
249.0,0.04,0.0,32.7,61.0,61.0,0.1,0.174,14.0,0.457,8.2,3.747,28.698,4.293
274.0,1.51,0.328,12.1,62.0,59.0,2.1,0.0,11.6,0.401,7.2,2.887,29234.899,7.611
291.0,9.02,545.439,31.9,78.0,81.0,10.0,0.836,6.9,0.645,12.4,7.998,3.419,97.0
375.0,0.01,54.912,22.2,79.0,79.0,4.1,0.062,3.6,0.409,9.1,3.722,112.107,4.464
278.0,1.59,37.045,42.9,74.0,74.0,0.2,0.056,3.4,0.415,5.7,2.366,60.02,2.725
166.0,6.02,664.559,53.6,85.0,88.0,0.9,0.546,3.3,0.697,12.9,8.991,8.427,20.75
91.0,9.96,579.738,59.8,99.0,99.0,0.1,0.472,0.9,0.878,17.0,14.926,19.478,11.024000000000001
554.0,10.47,22.594,13.0,55.0,52.0,11.6,0.026,7.0,0.382,9.8,3.744,264.071,2.901
62.0,7.3,682.107,56.9,98.0,98.0,0.1,0.463,1.3,0.898,15.8,14.188,21.453,11.024000000000001
224.0,5.07,0.0,2.7,87.0,82.0,1.5,0.174,8.0,0.488,9.3,4.538,50.852,11.024000000000001
15.0,1.36,379.766,51.4,97.0,97.0,0.1,0.312,6.4,0.673,13.6,9.153,18.067,3.75
61.0,2.63,409.411,63.0,95.0,95.0,0.1,0.367,1.2,0.878,15.7,13.785,20.075,61.0
518.0,0.01,153.344,31.4,9.0,93.0,9.6,0.12,6.1,0.484,11.1,5.372,97.793,86.333
295.0,0.03,17.172,14.7,58.0,58.0,0.1,0.027,19.2,0.405,8.1,3.28,273.841,2.543
32.0,4.73,64.24,14.6,94.0,86.0,2.0,0.042,1.0,0.325,4.7,1.528,156.057,0.372
194.0,0.86,1.142,31.6,84.0,85.0,0.3,0.002,4.1,0.535,9.7,5.19,2840.174,12.125
46.0,0.42,8.936,15.4,37.0,25.0,5.2,0.006,1.5,0.306,5.6,1.714,604.643,0.582
123.0,0.01,285.61,49.7,92.0,89.0,0.1,0.751,2.8,0.742,11.8,8.756,7.153,20.5
162.0,0.27,80.155,18.0,92.0,92.0,0.1,0.069,16.1,0.545,12.3,6.704,82.696,6.75
167.0,9.5,0.0,62.6,99.0,98.0,0.2,0.174,2.5,0.789,12.6,9.941,42.645,11.024000000000001
227.0,0.7,325.111,38.7,88.0,84.0,0.1,0.094,1.4,0.442,6.6,2.917,68.171,11.024000000000001
76.0,3.65,0.0,62.1,97.0,97.0,0.1,0.425,0.9,0.893,17.0,15.181,13.48,11.024000000000001
97.0,1.29,14.556,64.9,75.0,81.0,0.1,0.085,4.8,0.766,13.3,10.188,78.37,97.0
165.0,0.04,59.659,23.2,72.0,72.0,0.1,0.126,19.8,0.529,7.6,4.02,21.876,0.362
146.0,0.55,39.333,43.1,8.0,76.0,0.1,0.076,3.1,0.651,10.6,6.901,58.561,16.222
11.0,0.4,166.191,53.5,99.0,99.0,0.1,0.246,7.1,0.796,13.7,10.905,14.426,11.0
74.0,10.68,0.0,64.2,95.0,95.0,0.1,0.174,0.8,0.675,12.3,8.302,53.607,18.5
464.0,3.8,38.001,19.7,65.0,64.0,2.2,0.032,9.1,0.348,8.0,2.784,52.311,10.087
218.0,4.85,198.256,22.6,78.0,79.0,0.1,0.213,1.0,0.662,11.4,7.547,20.504,2.946
185.0,13.18,7.601,56.6,99.0,99.0,0.1,0.053,2.2,0.769,14.2,10.92,134.906,185.0
236.0,6.83,11.152,49.2,98.0,99.0,0.1,0.01,2.3,0.763,14.5,11.064,459.816,29.5
183.0,2.05,13.391,19.2,97.0,97.0,0.1,0.022,15.3,0.735,13.4,9.849,156.488,45.75
255.0,8.86,154.876,35.2,77.0,79.0,3.7,0.969,6.2,0.678,12.5,8.475,4.106,85.0
224.0,5.78,9.013,22.8,99.0,96.0,1.6,0.069,7.2,0.509,9.8,4.988,143.477,11.024000000000001
12.0,13.23,0.0,63.1,99.0,99.0,0.1,0.174,1.9,0.675,12.3,8.302,45.055,11.024000000000001
141.0,4.01,244.535,49.2,87.0,87.0,0.1,0.216,2.0,0.692,11.2,7.75,21.202,141.0
238.0,0.08,17.912,11.4,74.0,74.0,0.1,0.023,18.5,0.439,8.9,3.907,235.964,3.839
165.0,0.88,337.294,44.9,67.0,68.0,0.1,0.189,1.6,0.0,10.6,0.0,20.5,11.024000000000001
194.0,5.88,0.276,18.7,97.0,97.0,0.8,0.003,9.4,0.64,10.9,6.976,1311.437,9.238
183.0,0.01,3.718,49.7,94.0,88.0,0.1,0.003,1.1,0.512,9.6,4.915,1963.096,11.024000000000001
183.0,0.08,254.469,24.7,84.0,83.0,0.3,0.369,1.5,0.669,12.6,8.429,7.854,1.188
158.0,8.42,146.438,43.1,99.0,99.0,0.1,0.741,3.8,0.0,15.6,0.0,8.425,11.024000000000001
6.0,10.8,230.252,57.3,99.0,99.0,0.1,0.322,0.9,0.849,14.1,11.971,22.986,11.024000000000001
77.0,6.22,1009.825,55.9,92.0,92.0,0.1,0.576,0.8,0.924,17.5,16.17,16.375,11.024000000000001
338.0,2.58,0.0,23.3,77.0,79.0,4.3,0.174,8.4,0.527,10.0,5.27,16.645,30.727
183.0,0.22,6.194,15.9,93.0,89.0,0.2,0.005,16.9,0.502,10.5,5.271,1360.2,5.719
121.0,1.39,22.673,6.2,96.0,96.0,0.1,0.018,5.0,0.705,12.5,8.812,363.52,4.172
185.0,2.23,0.0,61.5,85.0,85.0,0.1,0.174,0.3,0.0,0.0,0.0,45.227,11.024000000000001
145.0,0.91,471.863,49.1,66.0,65.0,0.1,0.297,1.5,0.59,10.8,6.372,15.864,11.024000000000001
129.0,8.16,1105.659,58.0,92.0,91.0,0.1,0.72,1.1,0.788,16.3,12.844,9.009,10.75
149.0,7.28,22.863,4.8,97.0,97.0,0.1,0.135,3.5,0.0,0.0,0.0,31.108,11.024000000000001
139.0,9.97,0.0,46.7,99.0,99.0,0.1,0.174,4.3,0.723,13.1,9.471,38.57,11.024000000000001
113.0,0.41,63.878,64.8,98.0,98.0,0.1,0.047,3.9,0.737,13.1,9.655,159.862,28.25
161.0,0.01,36.116,6.9,98.0,98.0,0.1,0.056,5.6,0.756,14.0,10.584,84.908,80.5
138.0,3.65,0.0,47.5,99.0,99.0,0.1,0.174,4.3,0.735,13.1,9.628,32.888,11.024000000000001
213.0,0.07,0.0,51.3,73.0,75.0,0.1,0.174,5.5,0.616,9.4,5.79,25.024,5.757
38.0,2.58,13.53,19.6,69.0,64.0,5.0,0.039,9.4,0.0,7.7,0.0,137.914,4.75
168.0,4.16,509.39,27.5,98.0,98.0,0.1,0.524,7.8,0.696,12.8,8.909,8.192,11.024000000000001
127.0,4.77,12.186,54.1,98.0,97.0,0.1,0.072,1.9,0.703,11.6,8.155,77.062,2.19
334.0,5.07,197.784,18.7,43.0,35.0,2.3,0.229,1.6,0.527,8.0,4.216,7.787,83.5
259.0,1.16,71.014,22.5,8.0,79.0,1.6,0.079,7.9,0.448,9.3,4.166,56.238,6.641
69.0,2.44,54.043,17.3,85.0,84.0,18.4,0.038,7.4,0.433,10.0,4.33,184.276,1.045
85.0,0.01,0.0,56.0,99.0,99.0,0.1,0.174,8.0,0.755,13.6,10.268,40.062,3.542
116.0,13.24,0.0,6.8,96.0,98.0,0.1,0.174,2.1,0.675,12.3,8.302,39.603,11.024000000000001
234.0,1.99,62.218,13.9,82.0,82.0,1.4,0.047,11.5,0.47,10.0,4.7,123.385,10.636
14.0,4.17,523.472,54.6,99.0,89.0,0.1,0.468,3.4,0.732,14.7,10.76,16.404,14.0
412.0,1.82,39.557,16.4,7.0,76.0,11.6,0.052,8.6,0.474,9.6,4.55,84.013,3.815
296.0,2.51,0.0,2.3,88.0,87.0,2.9,0.174,9.4,0.404,7.6,3.07,24.967,49.333
196.0,4.79,219.024,4.8,91.0,91.0,0.3,0.337,3.8,0.668,11.7,7.816,11.816,11.024000000000001
139.0,3.65,0.0,32.9,99.0,96.0,0.1,0.174,4.9,0.675,12.3,8.302,32.888,19.857
198.0,3.65,0.0,53.1,98.0,98.0,0.1,0.016,2.4,0.793,15.0,11.895,361.38,39.6
346.0,1.98,0.0,14.9,42.0,4.0,2.5,0.174,12.4,0.675,12.3,8.302,8.322,1.042
16.0,12.1,206.887,6.6,97.0,97.0,0.1,0.136,1.6,0.803,14.2,11.403,60.828,11.024000000000001
268.0,0.01,8.386,18.8,91.0,91.0,0.6,0.007,8.2,0.398,7.7,3.065,674.05,4.254
173.0,3.83,253.001,47.9,93.0,93.0,0.2,0.134,2.0,0.601,11.0,6.611,51.382,43.25
44.0,2.58,30.36,15.8,41.0,38.0,2.1,0.053,1.7,0.391,5.1,1.994,102.409,0.277
81.0,8.09,160.89,58.6,92.0,92.0,0.1,0.141,0.8,0.811,14.6,11.841,61.759,81.0
167.0,0.26,80.588,17.4,9.0,9.0,0.2,0.068,16.3,0.538,12.3,6.617,86.462,6.68
283.0,1.12,7.493,21.5,82.0,82.0,2.0,0.007,8.3,0.438,8.9,3.898,606.858,7.256
24.0,5.58,63.04,26.9,98.0,98.0,0.5,0.113,6.1,0.542,10.6,5.745,46.375,11.024000000000001
437.0,1.66,32.737,15.1,83.0,84.0,15.7,0.039,8.9,0.451,8.5,3.834,114.991,3.703
172.0,6.71,167.266,45.0,94.0,92.0,0.3,0.197,5.8,0.773,12.7,9.817,30.365,11.024000000000001
23.0,14.66,1109.855,61.1,98.0,98.0,0.1,0.799,2.0,0.796,15.7,12.497,8.385,23.0
169.0,10.14,24.708,59.4,92.0,92.0,0.1,0.137,2.2,0.81,15.8,12.798,44.42,11.024000000000001
263.0,0.68,38.419,16.3,83.0,85.0,0.6,0.029,8.0,0.478,9.0,4.302,175.631,4.87
72.0,10.42,0.0,64.8,95.0,95.0,0.1,0.174,0.8,0.675,12.3,8.302,54.009,18.0
99.0,4.25,3.48,49.9,87.0,84.0,0.1,0.026,3.0,0.0,12.3,0.0,355.532,11.024000000000001
81.0,1.73,387.775,57.1,95.0,95.0,0.1,0.447,5.1,0.824,13.3,10.959,8.281,81.0
282.0,6.39,0.662,17.1,97.0,97.0,3.7,0.0,6.7,0.438,10.4,4.555,19179.291,10.071
15.0,1.23,0.0,58.5,97.0,95.0,0.1,0.174,2.2,0.739,12.9,9.533,38.799,11.024000000000001
22.0,2.75,579.413,45.9,98.0,97.0,0.1,0.668,3.2,0.672,10.7,7.19,2.932,2.75
165.0,3.65,0.0,19.1,9.0,91.0,0.1,0.074,15.7,0.555,12.2,6.771,77.089,7.857
91.0,5.28,41.823,54.3,99.0,99.0,0.1,0.049,1.4,0.725,12.5,9.062,108.211,91.0
241.0,0.97,78.8,18.5,73.0,73.0,0.4,0.045,7.5,0.504,10.2,5.141,93.387,5.605
169.0,8.8,119.555,4.5,99.0,99.0,0.1,0.676,3.9,0.0,14.9,0.0,8.131,11.024000000000001
273.0,1.71,27.69,12.4,59.0,6.0,2.2,0.032,11.6,0.412,7.6,3.131,178.088,8.273
19.0,4.1,334.767,51.3,98.0,99.0,0.1,0.3,3.5,0.692,12.5,8.65,21.684,19.0
161.0,0.21,0.0,6.2,94.0,94.0,0.1,0.174,2.8,0.686,13.1,8.987,32.371,2.597
568.0,6.72,143.62,26.3,87.0,84.0,48.8,0.144,9.0,0.506,9.3,4.706,35.528,142.0
128.0,4.09,260.996,51.9,96.0,95.0,0.1,0.353,2.0,0.729,12.7,9.258,10.507,128.0
454.0,3.81,0.0,17.7,95.0,95.0,10.8,0.174,7.8,0.675,12.3,8.302,23.532,2.948
276.0,5.99,145.102,44.8,95.0,95.0,0.1,0.166,2.6,0.7,12.7,8.89,21.756,30.667
235.0,9.89,0.0,46.5,97.0,95.0,0.1,0.174,3.6,0.675,12.3,8.302,38.168,117.5
566.0,6.37,629.843,32.7,96.0,96.0,20.6,0.536,1.0,0.593,11.9,7.057,10.488,188.667
289.0,3.57,40.454,23.7,85.0,86.0,5.7,0.069,7.8,0.41,9.0,3.69,78.885,41.286
98.0,0.09,15.507,62.4,98.0,98.0,0.1,0.024,7.2,0.779,12.8,9.971,121.334,9.8
122.0,0.8,0.0,5.4,83.0,79.0,0.1,0.174,6.4,0.651,11.6,7.552,19.514,13.556
71.0,10.94,895.878,61.4,94.0,95.0,0.1,0.466,1.1,0.919,16.9,15.531,23.949,23.667
174.0,8.78,375.174,52.9,97.0,97.0,0.1,0.278,3.5,0.722,12.5,9.025,19.08,43.5
174.0,0.16,0.0,53.5,98.0,98.0,0.1,0.174,3.2,0.629,11.4,7.171,32.141,2.559
43.0,0.42,3.979,14.8,36.0,23.0,5.1,0.029,1.9,0.284,5.4,1.534,188.41,0.558
66.0,10.75,746.367,62.1,96.0,96.0,0.1,0.556,0.3,0.91,18.6,16.926,13.991,11.024000000000001
184.0,3.07,86.522,18.1,84.0,85.0,0.2,0.157,26.8,0.607,11.6,7.041,29.797,0.153
89.0,10.59,0.0,57.5,91.0,91.0,0.1,0.174,0.7,0.675,12.3,8.302,39.832,17.8
11.0,2.84,14.231,21.2,86.0,86.0,0.1,0.015,5.7,0.592,9.6,5.683,300.497,0.02
137.0,7.68,1349.025,54.0,88.0,83.0,0.1,0.768,1.2,0.764,15.0,11.46,11.992,9.786
112.0,0.53,544.451,57.2,95.0,95.0,0.1,0.548,5.9,0.737,14.4,10.613,12.995,4.667
251.0,2.01,128.636,42.9,85.0,86.0,0.3,0.129,3.4,0.444,6.3,2.797,63.238,2.642
261.0,1.34,67.734,15.6,69.0,61.0,1.7,0.034,11.0,0.401,8.1,3.248,201.602,1.074
12.0,1.28,64.856,56.5,98.0,98.0,0.1,0.041,6.3,0.71,14.4,10.224,158.298,4.0
273.0,1.43,30.911,12.8,54.0,54.0,2.1,0.034,11.6,0.427,8.2,3.501,175.751,9.414
161.0,3.59,16.975,46.3,99.0,99.0,1.9,0.048,1.9,0.706,12.4,8.754,97.642,161.0
161.0,6.7,0.0,6.4,73.0,81.0,0.1,0.174,1.6,0.767,14.1,10.815,27.55,16.1
273.0,9.46,456.459,57.6,91.0,9.0,0.4,0.39,2.5,0.73,14.9,10.877,17.017,45.5
16.0,10.72,25.063,57.5,94.0,94.0,0.1,0.177,2.4,0.713,12.9,9.198,40.936,16.0
285.0,1.13,7.107,2.5,73.0,7.0,2.1,0.006,8.7,0.43,8.5,3.655,785.494,7.308
82.0,1.69,308.066,55.8,94.0,94.0,0.1,0.355,5.1,0.826,13.3,10.986,11.06,82.0
477.0,4.89,457.72,27.9,86.0,86.0,22.1,0.358,13.1,0.565,11.6,6.554,20.462,119.25
554.0,2.33,121.879,18.4,84.0,82.0,17.0,0.069,7.1,0.467,10.7,4.997,109.444,10.073
5.0,7.31,764.544,6.2,91.0,91.0,0.1,0.479,1.0,0.907,19.0,17.233,18.277,11.024000000000001
133.0,0.58,127.763,49.9,97.0,97.0,0.1,0.219,6.4,0.575,10.0,5.75,23.845,5.32
34.0,0.01,0.0,23.2,97.0,97.0,1.4,0.174,6.8,0.675,12.3,8.302,32.027,0.281
19.0,3.65,0.0,59.1,96.0,96.0,0.1,0.174,1.2,0.842,15.0,12.63,32.888,11.024000000000001
21.0,2.4,288.402,43.1,88.0,87.0,0.4,0.187,1.4,0.564,9.3,5.245,36.124,1.167
235.0,0.03,0.0,36.4,76.0,76.0,0.1,0.174,13.8,0.483,8.4,4.057,30.534,5.109
266.0,0.24,69.968,19.2,67.0,68.0,0.1,0.062,7.5,0.434,9.7,4.21,69.535,133.0
93.0,1.47,620.952,18.0,98.0,98.0,0.1,0.349,14.4,0.625,12.1,7.562,27.258,11.024000000000001
144.0,7.32,83.165,55.3,96.0,93.0,0.1,0.123,2.7,0.747,15.2,11.354,67.811,2.939
289.0,8.9,133.522,34.1,75.0,75.0,6.0,0.172,6.4,0.664,12.5,8.3,18.168,96.333
234.0,0.21,302.668,18.8,96.0,96.0,0.4,0.18,17.1,0.0,10.5,0.0,36.628,234.0
18.0,8.71,0.0,66.3,93.0,95.0,0.1,0.174,0.7,0.675,12.3,8.302,97.572,0.581
165.0,3.21,0.0,27.7,97.0,79.0,0.1,0.174,5.7,0.675,12.3,8.302,32.888,12.692
511.0,1.5,40.922,18.2,47.0,54.0,11.2,0.033,9.7,0.319,5.9,1.882,131.609,19.654
163.0,0.1,38.584,15.5,72.0,72.0,0.1,0.085,11.5,0.599,12.4,7.428,10.829,54.333
37.0,0.84,12.056,41.1,61.0,72.0,1.5,0.008,1.4,0.446,7.9,3.523,844.515,2.467
36.0,1.53,0.0,17.3,62.0,62.0,2.0,0.174,11.3,0.675,12.3,8.302,19.457,0.11
121.0,0.59,313.363,58.6,98.0,98.0,0.1,0.254,3.9,0.733,13.7,10.042,34.648,30.25
128.0,0.53,110.678,38.5,97.0,97.0,0.1,0.188,7.8,0.779,12.9,10.049,22.297,32.0
266.0,3.72,60.447,25.0,77.0,77.0,1.5,0.038,7.2,0.406,9.5,3.857,296.599,22.167
242.0,0.01,751.398,34.9,88.0,88.0,2.2,0.543,8.6,0.632,11.7,7.394,16.45,80.667
34.0,7.97,115.069,21.7,57.0,43.0,7.3,0.165,9.2,0.59,9.1,5.369,32.158,8.5
129.0,4.0,0.0,16.0,93.0,59.0,0.1,0.174,14.3,0.668,12.3,8.216,41.152,3.686
88.0,5.79,9.956,3.9,99.0,99.0,0.1,0.078,3.8,0.713,12.7,9.055,69.337,0.407
151.0,3.11,363.572,48.4,97.0,97.0,0.4,0.218,2.2,0.614,11.6,7.122,44.857,37.75
252.0,0.12,5.884,17.3,75.0,7.0,0.9,0.035,1.7,0.312,4.5,1.404,183.266,2.653
185.0,1.96,77.271,38.1,94.0,96.0,0.4,0.065,3.2,0.626,11.8,7.387,83.987,6.852
4.0,1.18,39.752,2.1,74.0,74.0,11.3,0.046,3.7,0.382,9.2,3.514,117.297,0.04
122.0,11.9,161.447,51.2,93.0,91.0,0.1,0.123,2.2,0.818,14.6,11.943,67.261,11.024000000000001
285.0,0.01,0.949,24.3,87.0,87.0,5.3,0.007,7.7,0.416,9.1,3.786,900.595,47.5
335.0,3.65,0.0,23.3,7.0,64.0,1.9,0.37,8.3,0.531,11.4,6.053,15.486,3.418
159.0,0.01,30.18,16.2,83.0,83.0,0.1,0.112,11.2,0.618,12.5,7.725,9.84,79.5
335.0,0.73,62.563,37.5,51.0,59.0,1.1,0.063,1.6,0.418,6.2,2.592,63.045,23.929
138.0,12.03,153.14,65.1,88.0,88.0,0.1,0.786,1.9,0.787,14.8,11.648,10.732,138.0
339.0,0.01,92.887,17.2,82.0,78.0,4.6,0.065,5.8,0.477,10.0,4.77,117.134,3.11
341.0,1.85,0.0,15.7,4.0,38.0,2.4,0.174,12.1,0.675,12.3,8.302,14.865,1.03
496.0,8.5,732.126,44.3,79.0,82.0,28.1,0.564,1.6,0.609,12.9,7.856,13.424,6.049
29.0,0.18,59.188,52.5,69.0,65.0,0.1,0.185,5.4,0.628,10.1,6.343,22.313,0.784
127.0,9.56,915.319,57.7,94.0,94.0,0.1,0.643,2.2,0.757,13.5,10.22,15.112,127.0
33.0,3.65,0.0,23.4,9.0,9.0,4.1,0.131,6.3,0.576,12.5,7.2,43.596,0.825
163.0,3.23,203.713,42.8,98.0,98.0,0.9,0.131,2.5,0.577,10.6,6.116,59.518,27.167
88.0,7.31,241.553,59.3,95.0,95.0,0.1,0.178,0.9,0.804,15.2,12.221,38.539,44.0
132.0,9.54,96.332,55.8,95.0,95.0,0.1,0.067,2.3,0.749,13.5,10.112,22.348,132.0
198.0,3.77,2.542,44.9,86.0,86.0,0.3,0.011,2.1,0.583,11.0,6.413,536.513,39.6
412.0,4.71,7.177,22.8,72.0,73.0,7.5,0.009,7.0,0.455,8.2,3.731,515.925,4.383
172.0,6.3,0.0,55.3,86.0,68.0,0.1,0.174,1.7,0.688,11.6,7.981,28.296,14.333
14.0,4.13,750.715,55.4,99.0,93.0,0.1,0.519,3.4,0.754,16.0,12.064,2.735,14.0
19.0,3.65,0.0,59.5,95.0,95.0,0.1,0.414,6.0,0.743,14.4,10.699,13.848,0.792
299.0,0.64,126.614,41.9,67.0,72.0,1.5,0.085,1.4,0.454,8.2,3.723,69.316,21.357
87.0,11.44,0.0,58.8,91.0,91.0,0.1,0.174,0.7,0.675,12.3,8.302,43.448,21.75
78.0,1.82,377.201,6.5,98.0,98.0,0.1,0.434,5.2,0.829,13.3,11.026,8.04,78.0
95.0,0.01,113.2,64.5,99.0,99.0,0.1,0.166,3.2,0.786,14.0,11.004,21.8,95.0
28.0,0.01,8.88,29.4,8.0,8.0,1.1,0.014,8.1,0.501,8.2,4.108,251.852,2.333
193.0,3.51,22.356,43.5,89.0,87.0,0.4,0.014,2.2,0.57,10.4,5.928,369.833,38.6
238.0,0.04,0.0,35.7,78.0,78.0,0.1,0.174,13.8,0.48,8.5,4.08,29.386,5.064
268.0,0.93,37.129,15.0,65.0,66.0,0.7,0.032,8.3,0.457,8.5,3.884,152.392,4.467
269.0,0.01,0.0,25.4,98.0,98.0,1.4,0.174,7.8,0.44,8.8,3.872,35.126,53.8
161.0,5.61,26.181,43.5,98.0,98.0,0.2,0.019,2.2,0.648,12.1,7.841,341.402,40.25
437.0,2.69,0.0,23.8,58.0,74.0,4.1,0.174,6.6,0.675,12.3,8.302,35.642,5.141
114.0,13.19,0.0,61.3,96.0,97.0,0.1,0.174,2.1,0.675,12.3,8.302,39.775,11.024000000000001
172.0,2.88,42.124,72.0,45.0,49.0,0.1,0.033,0.2,0.691,12.9,8.914,161.688,11.024000000000001
255.0,3.65,0.0,18.6,95.0,95.0,0.4,0.174,8.4,0.418,5.0,2.09,32.888,36.429
388.0,1.76,52.604,16.9,77.0,8.0,10.3,0.07,8.5,0.483,9.7,4.685,60.822,3.731
84.0,8.48,122.182,57.4,89.0,89.0,0.1,0.124,0.9,0.794,13.9,11.037,61.128,84.0
461.0,3.45,0.0,19.4,66.0,65.0,7.1,0.174,8.1,0.675,12.3,8.302,34.437,4.853
134.0,2.86,57.178,47.8,96.0,94.0,0.1,0.078,2.1,0.645,10.8,6.966,68.978,134.0
129.0,0.54,259.157,55.5,95.0,95.0,0.1,0.181,3.9,0.712,13.0,9.256,53.376,32.25
497.0,6.96,622.044,42.9,73.0,74.0,29.7,0.487,12.6,0.611,12.9,7.882,16.284,5.988
174.0,0.01,0.0,43.0,97.0,97.0,0.1,0.174,3.3,0.647,12.5,8.088,38.34,43.5
22.0,3.65,0.0,2.5,71.0,69.0,0.3,0.004,7.1,0.511,10.3,5.263,1423.89,0.579
256.0,3.65,0.0,37.9,96.0,95.0,2.2,0.654,6.4,0.698,12.6,8.795,8.759,128.0
278.0,0.11,3.752,15.4,46.0,45.0,1.6,0.002,11.9,0.278,3.5,0.973,3011.654,2.439
86.0,11.85,0.0,59.5,91.0,91.0,0.1,0.174,0.7,0.675,12.3,8.302,44.826,21.5
76.0,1.16,37.768,66.0,98.0,97.0,0.1,0.074,5.0,0.825,12.0,9.9,39.416,11.024000000000001
161.0,3.35,0.0,29.7,98.0,93.0,0.1,0.174,5.3,0.675,12.3,8.302,32.888,14.636
185.0,0.01,24.235,17.9,69.0,67.0,0.1,0.056,21.6,0.465,5.6,2.604,46.373,0.397
68.0,9.33,0.0,3.8,99.0,99.0,0.1,0.174,1.5,0.675,12.3,8.302,41.325,34.0
119.0,11.58,203.325,52.9,95.0,95.0,0.1,0.149,2.0,0.843,16.1,13.572,58.89,11.024000000000001
251.0,0.34,6.064,17.9,49.0,52.0,0.6,0.048,12.1,0.381,5.4,2.057,103.666,5.122
113.0,0.57,88.45,5.6,97.0,99.0,0.1,0.159,7.0,0.753,11.5,8.66,15.321,113.0
136.0,2.86,0.0,1.9,96.0,96.0,0.2,0.174,15.4,0.601,11.0,6.611,33.863,3.778
161.0,10.39,508.63,6.3,96.0,95.0,0.1,0.452,2.2,0.75,13.5,10.125,14.76,161.0
262.0,3.65,0.0,27.3,96.0,97.0,1.7,0.174,7.3,0.45,8.9,4.005,32.888,52.4
218.0,7.13,291.017,55.4,96.0,96.0,0.1,0.336,2.8,0.716,13.7,9.809,17.876,11.024000000000001
428.0,1.51,0.682,14.4,8.0,82.0,18.1,0.004,9.2,0.448,8.4,3.763,1104.621,3.537
166.0,3.65,0.0,44.9,97.0,97.0,0.1,0.174,3.3,0.662,13.0,8.606,32.888,55.333
293.0,4.58,73.927,15.1,93.0,89.0,1.7,0.047,9.8,0.334,4.9,1.637,139.813,3.53
378.0,9.63,87.045,15.9,78.0,79.0,8.1,0.065,6.1,0.464,10.8,5.011,130.384,3.048
96.0,3.88,312.662,25.7,94.0,93.0,0.1,0.27,4.7,0.659,11.4,7.513,16.011,0.289
263.0,0.52,217.213,33.2,81.0,81.0,1.9,0.154,5.6,0.46,6.3,2.898,58.231,131.5
78.0,10.08,664.474,62.6,99.0,99.0,0.1,0.448,0.9,0.886,16.2,14.353,3.437,78.0
183.0,2.83,140.691,41.4,99.0,99.0,0.1,0.157,3.0,0.664,12.0,7.968,36.083,8.318
234.0,5.0,0.0,16.1,46.0,5.0,0.2,0.174,9.7,0.509,9.0,4.581,23.762,15.6
126.0,0.46,43.087,51.8,92.0,93.0,0.1,0.049,6.0,0.697,12.6,8.782,84.955,5.478
161.0,9.19,0.0,61.3,97.0,99.0,0.2,0.174,2.5,0.788,12.6,9.929,42.702,11.024000000000001
288.0,1.7,129.026,23.0,84.0,84.0,2.9,0.092,7.9,0.51,8.7,4.437,50.284,4.645
412.0,4.64,67.639,22.3,72.0,73.0,7.7,0.082,7.2,0.452,8.1,3.661,60.277,4.337
34.0,0.01,0.0,2.7,4.0,4.0,0.9,0.174,7.3,0.675,12.3,8.302,32.888,0.405
214.0,1.2,27.338,13.0,58.0,63.0,0.3,0.062,27.2,0.518,9.2,4.766,67.993,0.102
132.0,0.36,270.24,49.8,95.0,95.0,0.1,0.347,6.1,0.686,12.3,8.438,9.687,5.739
143.0,4.44,1487.897,55.7,91.0,91.0,0.1,0.79,2.1,0.707,13.2,9.332,8.776,11.0
71.0,11.18,839.913,6.9,94.0,95.0,0.1,0.447,1.1,0.916,16.9,15.48,4.451,23.667
3.0,2.84,6.699,17.4,52.0,49.0,3.1,0.03,1.2,0.0,6.4,0.0,166.58,0.333
361.0,4.5,21.249,14.5,88.0,92.0,3.8,0.016,8.1,0.29,5.9,1.711,698.623,10.028
161.0,3.65,0.0,25.4,72.0,72.0,0.1,0.143,19.2,0.548,8.1,4.439,40.017,0.372
197.0,6.2,325.681,43.2,97.0,97.0,0.8,0.384,3.6,0.691,12.5,8.638,11.444,11.024000000000001
348.0,4.04,0.0,21.3,88.0,9.0,3.1,0.174,7.0,0.675,12.3,8.302,32.83,2.719
118.0,6.67,1871.737,6.7,95.0,95.0,0.1,0.943,1.5,0.774,15.5,11.997,9.312,118.0
144.0,3.52,19.14,47.9,92.0,96.0,0.3,0.033,1.4,0.693,12.8,8.87,175.108,16.0
288.0,3.65,0.0,18.7,94.0,94.0,0.7,0.003,7.3,0.406,10.6,4.304,1787.711,9.29
113.0,10.0,235.379,53.5,94.0,94.0,0.1,0.173,2.0,0.85,16.6,14.11,49.015,11.024000000000001
349.0,5.99,547.039,35.2,96.0,95.0,6.2,0.635,8.0,0.669,12.3,8.229,8.875,116.333
242.0,0.33,96.037,19.5,84.0,84.0,0.7,0.077,11.4,0.415,6.4,2.656,69.171,6.05
38.0,3.65,0.0,42.9,93.0,93.0,2.7,0.174,3.4,0.0,0.0,0.0,32.888,0.76
272.0,0.01,0.0,2.6,74.0,74.0,1.2,0.174,9.9,0.675,12.3,8.302,22.327,0.866
122.0,5.26,168.174,62.8,87.0,87.0,0.1,0.145,1.6,0.754,13.1,9.877,43.36,3.389
22.0,0.01,137.259,76.7,91.0,95.0,0.1,0.173,0.1,0.589,11.9,7.009,6.665,11.024000000000001
587.0,5.52,131.042,26.7,87.0,85.0,49.9,0.133,8.6,0.502,9.2,4.618,38.929,146.75
124.0,5.86,27.469,56.3,93.0,95.0,0.1,0.049,1.7,0.746,14.7,10.966,147.166,124.0
449.0,7.6,782.599,46.4,75.0,76.0,19.0,0.59,8.1,0.622,12.8,7.962,14.229,6.414
135.0,0.46,297.591,3.7,96.0,96.0,0.1,0.56,9.0,0.734,12.9,9.469,5.874,33.75
112.0,2.26,404.388,57.9,83.0,83.0,0.1,0.534,4.9,0.0,14.9,0.0,3.482,112.0
69.0,6.53,203.316,64.5,89.0,89.0,0.1,0.152,0.7,0.797,14.2,11.317,55.645,11.024000000000001
135.0,1.25,91.704,45.3,86.0,84.0,0.1,0.126,6.6,0.596,10.2,6.079,39.097,12.273
127.0,4.88,781.206,54.9,98.0,98.0,0.1,0.676,1.9,0.708,11.9,8.425,9.17,2.309
153.0,1.18,345.339,47.4,66.0,67.0,0.1,0.27,1.5,0.582,10.7,6.227,13.552,11.024000000000001
35.0,6.22,60.778,34.8,52.0,45.0,5.0,0.041,4.7,0.443,7.9,3.5,136.409,1.296
165.0,3.13,0.0,27.2,99.0,72.0,0.1,0.174,5.7,0.675,12.3,8.302,32.888,11.786
275.0,1.78,161.011,24.2,92.0,93.0,2.2,0.122,7.5,0.53,9.8,5.194,39.601,4.508
12.0,2.07,0.0,54.5,95.0,94.0,0.1,0.174,2.6,0.0,11.9,0.0,49.59,11.024000000000001
132.0,1.35,1.133,56.8,85.0,85.0,0.1,0.006,5.1,0.675,12.0,8.1,850.34,3.385
219.0,0.02,7.354,25.5,75.0,75.0,1.3,0.011,9.4,0.475,7.4,3.515,316.598,18.25
129.0,4.99,10.228,52.4,97.0,97.0,0.1,0.067,2.0,0.694,11.4,7.912,74.07,1.955
177.0,4.38,70.155,25.8,93.0,92.0,0.1,0.38,8.0,0.673,12.2,8.211,10.193,11.024000000000001
181.0,3.65,0.0,18.7,86.0,87.0,0.2,0.161,26.7,0.615,11.6,7.134,35.499,0.165
375.0,6.35,184.821,18.8,75.0,73.0,2.6,0.288,9.6,0.454,7.7,3.496,11.729,2.717
125.0,6.13,221.483,55.3,91.0,91.0,0.1,0.444,2.7,0.759,13.5,10.246,16.73,125.0
82.0,1.78,6.491,19.5,98.0,98.0,0.1,0.005,14.3,0.632,11.9,7.521,1295.242,11.024000000000001
127.0,0.92,116.259,47.6,83.0,8.0,0.1,0.158,6.5,0.624,11.0,6.864,26.04,12.7
126.0,4.86,13.311,53.2,97.0,97.0,0.1,0.073,1.9,0.7,11.6,8.12,73.198,2.032
96.0,3.42,386.138,58.5,95.0,95.0,0.1,0.157,1.7,0.762,13.7,10.439,60.297,96.0
32.0,6.47,352.232,29.8,44.0,45.0,11.0,0.49,7.5,0.638,12.3,7.847,7.104,10.667
211.0,0.28,11.052,19.1,9.0,9.0,0.6,0.074,13.1,0.504,8.5,4.284,33.724,3.058
176.0,6.5,144.985,43.0,91.0,9.0,0.4,0.196,5.9,0.774,12.6,9.752,28.637,11.024000000000001
225.0,12.27,0.0,47.9,98.0,98.0,0.1,0.174,3.2,0.675,12.3,8.302,48.729,225.0
188.0,6.35,103.371,38.4,89.0,92.0,0.6,0.15,6.2,0.751,12.3,9.237,29.999,11.024000000000001
152.0,3.81,150.743,22.1,91.0,9.0,0.8,0.127,9.4,0.562,11.0,6.182,40.89,11.024000000000001
221.0,7.52,48.029,42.4,95.0,95.0,0.4,0.033,5.6,0.618,10.2,6.304,202.996,221.0
121.0,6.17,709.131,57.8,95.0,95.0,0.1,0.734,2.1,0.774,14.2,10.991,8.356,11.024000000000001
145.0,0.01,78.281,79.3,9.0,9.0,0.1,0.355,0.2,0.675,0.0,0.0,46.838,11.024000000000001
165.0,9.82,431.325,53.4,97.0,97.0,0.1,0.356,3.4,0.733,12.9,9.456,15.265,41.25
198.0,8.44,52.425,6.1,72.0,76.0,0.2,0.043,2.3,0.744,15.2,11.309,178.899,39.6
295.0,2.09,0.0,18.2,64.0,65.0,1.8,0.174,1.8,0.675,12.3,8.302,25.598,0.91
138.0,0.01,472.305,56.0,98.0,98.0,0.1,0.818,5.5,0.748,15.7,11.744,3.312,46.0
129.0,3.65,0.0,56.2,91.0,94.0,0.1,0.377,2.7,0.768,13.9,10.675,15.203,129.0
82.0,11.61,0.0,61.3,92.0,92.0,0.1,0.174,0.7,0.675,12.3,8.302,47.982,20.5
51.0,8.13,7.048,59.3,95.0,95.0,0.1,0.004,0.9,0.894,18.6,16.628,1939.096,11.024000000000001
158.0,0.01,4.115,12.0,88.0,99.0,0.1,0.005,2.1,0.491,8.1,3.977,580.285,0.64
191.0,5.53,78.722,36.0,91.0,91.0,0.5,0.088,6.4,0.729,12.0,8.748,58.013,191.0
186.0,11.15,562.36,28.1,99.0,99.0,0.1,0.834,6.1,0.712,12.1,8.615,5.046,11.024000000000001
14.0,0.54,22.095,54.6,98.0,99.0,0.1,0.034,6.3,0.612,11.2,6.854,176.807,0.636
189.0,1.93,582.147,49.3,84.0,85.0,0.4,0.346,1.2,0.611,10.7,6.538,18.225,14.538
192.0,3.61,15.255,42.8,85.0,83.0,0.4,0.011,2.2,0.562,10.1,5.676,469.593,38.4
323.0,4.54,56.961,13.7,83.0,79.0,2.5,0.037,1.5,0.0,3.9,0.0,174.208,3.549
225.0,3.65,0.0,42.9,93.0,93.0,0.3,0.252,3.4,0.488,7.2,3.514,22.771,2.647
243.0,0.35,2.511,13.6,88.0,82.0,0.4,0.019,13.3,0.417,7.5,3.128,95.924,2.43
67.0,9.07,1040.278,66.9,93.0,93.0,0.1,0.446,0.4,0.91,19.2,17.472,25.343,11.024000000000001
134.0,0.01,564.817,52.5,65.0,64.0,0.1,0.315,1.5,0.596,10.8,6.437,16.498,11.024000000000001
376.0,9.05,14.568,21.6,66.0,63.0,4.9,0.02,11.7,0.487,9.3,4.529,215.996,0.452
259.0,5.68,26.379,46.5,67.0,67.0,0.8,0.077,3.9,0.477,8.9,4.245,128.912,12.95
53.0,10.16,4.427,13.9,57.0,59.0,9.4,0.024,6.7,0.418,11.5,4.807,318.541,0.306
74.0,3.65,0.0,6.1,95.0,95.0,0.1,0.273,1.4,0.888,17.3,15.362,20.969,11.024000000000001
426.0,2.92,0.0,24.4,77.0,81.0,3.7,0.174,6.5,0.675,12.3,8.302,36.79,5.071
83.0,3.65,0.0,59.7,98.0,98.0,0.1,0.174,8.5,0.774,14.8,11.455,32.888,3.952
68.0,8.2,971.928,64.7,87.0,87.0,0.1,0.529,0.5,0.903,15.9,14.358,3.441,34.0
299.0,1.52,0.0,17.8,72.0,7.0,1.9,0.174,11.1,0.675,12.3,8.302,20.72,0.917
237.0,1.86,8.313,16.8,7.0,72.0,0.9,0.005,1.6,0.427,8.4,3.587,1026.611,1.123
138.0,3.65,0.0,23.4,99.0,99.0,0.1,0.385,15.1,0.764,14.0,10.696,14.885,46.0
219.0,4.08,121.363,2.6,88.0,88.0,0.1,0.139,1.0,0.646,11.5,7.429,28.369,2.671
16.0,0.37,11.797,26.1,99.0,99.0,0.1,0.019,6.8,0.818,13.4,10.961,187.094,11.024000000000001
211.0,3.65,0.0,25.4,79.0,6.0,0.1,0.288,1.0,0.679,11.7,7.944,19.886,3.197
137.0,0.49,315.664,29.8,95.0,95.0,0.1,0.496,9.2,0.731,12.7,9.284,7.537,34.25
321.0,11.5,46.516,55.0,98.0,97.0,0.3,0.041,2.5,0.741,13.6,10.078,126.166,15.286
165.0,3.73,502.384,28.6,98.0,97.0,0.1,0.57,7.6,0.713,13.4,9.554,7.679,11.024000000000001
129.0,3.65,0.0,18.3,97.0,97.0,0.1,0.012,17.9,0.575,10.2,5.865,478.809,1.142
11.0,1.94,630.054,6.8,74.0,77.0,0.1,0.535,4.7,0.0,13.7,0.0,15.749,11.0
268.0,0.01,73.219,18.1,62.0,64.0,0.1,0.063,17.7,0.47,9.9,4.653,128.824,3.011
14.0,1.67,243.754,55.0,94.0,94.0,0.1,0.317,5.3,0.798,12.0,9.576,7.836,14.0
192.0,3.52,0.0,25.2,93.0,56.0,0.1,0.174,6.0,0.675,12.3,8.302,32.888,7.68
145.0,0.01,0.0,42.9,69.0,69.0,0.1,0.174,3.4,0.675,15.1,10.192,37.307,11.024000000000001
47.0,0.01,0.0,27.4,76.0,76.0,2.0,0.174,5.6,0.675,12.3,8.302,32.83,0.588
124.0,4.45,339.978,26.8,99.0,99.0,0.4,0.345,7.6,0.621,12.4,7.7,12.295,11.024000000000001
325.0,5.76,668.956,35.7,96.0,95.0,5.5,0.766,7.7,0.678,12.4,8.407,6.857,108.333
216.0,2.03,51.504,14.3,8.0,8.0,1.1,0.054,11.4,0.483,10.1,4.878,83.105,10.286
23.0,0.09,21.928,11.9,73.0,72.0,0.1,0.025,18.3,0.446,9.0,4.014,216.705,0.397
336.0,0.17,19.898,16.9,52.0,5.0,3.0,0.031,1.1,0.322,5.1,1.642,115.994,5.793
93.0,7.57,954.964,57.4,92.0,91.0,0.1,0.763,0.9,0.79,14.6,11.534,8.772,46.5
652.0,4.9,469.582,32.2,96.0,96.0,28.4,0.49,1.5,0.58,11.8,6.844,11.34,163.0
175.0,1.45,60.491,14.1,99.0,99.0,0.1,0.088,15.3,0.677,12.4,8.395,43.078,29.167
155.0,0.46,71.116,45.7,93.0,96.0,0.1,0.134,6.7,0.53,8.5,4.505,33.202,5.167
243.0,2.32,0.0,42.6,74.0,75.0,0.1,0.174,1.5,0.6,13.3,7.98,32.543,12.15
21.0,4.13,11.136,26.2,99.0,98.0,0.9,0.02,6.3,0.533,10.1,5.383,335.497,11.024000000000001
243.0,1.77,172.01,42.9,9.0,9.0,0.3,0.148,3.4,0.461,7.0,3.227,53.953,2.641
239.0,0.38,1.917,14.1,77.0,73.0,0.4,0.014,13.3,0.427,7.6,3.245,130.94,2.439
194.0,3.65,0.0,21.7,89.0,89.0,0.2,0.174,8.8,0.582,10.8,6.286,32.888,17.636
246.0,6.63,16.755,35.7,79.0,88.0,1.1,0.095,5.9,0.602,10.9,6.562,61.809,246.0
215.0,3.65,0.0,46.7,92.0,95.0,0.3,0.414,5.5,0.638,10.3,6.571,13.835,215.0
318.0,1.23,12.703,3.2,71.0,71.0,3.9,0.009,5.9,0.396,4.0,1.584,773.602,159.0
54.0,1.52,33.653,16.8,4.0,4.0,13.9,0.024,1.4,0.314,5.3,1.664,163.31,2.16
699.0,6.41,6.33,31.1,97.0,97.0,34.6,0.035,11.4,0.558,11.9,6.64,182.503,174.75
239.0,0.01,9.775,19.5,98.0,98.0,0.7,0.068,6.1,0.475,10.5,4.988,113.237,13.278
126.0,6.18,110.114,49.2,89.0,88.0,0.1,0.187,2.7,0.714,12.6,8.996,44.769,126.0
12.0,3.65,0.0,6.3,92.0,91.0,0.1,0.174,2.1,0.746,12.9,9.623,32.888,11.024000000000001
94.0,4.54,630.388,53.1,9.0,89.0,0.1,0.462,2.6,0.717,13.3,9.536,20.748,11.024000000000001
51.0,1.49,46.116,17.5,44.0,47.0,12.8,0.029,1.0,0.316,5.6,1.77,151.206,1.962
73.0,9.24,63.577,64.3,92.0,92.0,0.1,0.028,0.3,0.895,19.3,17.274,397.913,11.024000000000001
174.0,3.3,208.169,67.4,85.0,86.0,0.1,0.163,0.2,0.653,12.1,7.901,31.242,11.024000000000001
71.0,2.41,250.934,6.6,95.0,93.0,0.1,0.261,1.1,0.866,15.8,13.683,28.465,71.0
271.0,4.75,78.77,17.7,9.0,9.0,0.8,0.067,8.6,0.384,7.2,2.765,79.169,3.985
121.0,0.83,17.981,49.4,83.0,8.0,0.1,0.026,6.4,0.644,11.5,7.406,144.696,13.444
139.0,0.01,0.0,47.6,98.0,99.0,0.1,0.174,7.4,0.686,11.8,8.095,33.806,4.212
394.0,0.42,5.963,16.1,38.0,28.0,4.9,0.008,1.0,0.306,5.7,1.744,418.054,4.925
158.0,7.22,0.0,59.3,74.0,78.0,0.1,0.174,1.6,0.754,14.0,10.556,30.993,15.8
9.0,12.03,337.102,57.3,96.0,96.0,0.1,0.237,0.7,0.809,16.0,12.944,6.001,11.024000000000001
112.0,1.54,20.751,63.7,97.0,97.0,0.1,0.117,4.9,0.75,14.3,10.725,44.686,5.091
195.0,0.01,431.485,6.2,99.0,99.0,0.1,0.455,4.0,0.714,14.9,10.639,9.138,11.024000000000001
185.0,8.12,102.374,3.7,99.0,99.0,0.1,0.121,5.9,0.728,13.1,9.537,30.707,11.024000000000001
472.0,3.08,0.0,21.5,76.0,67.0,6.5,0.174,7.3,0.675,12.3,8.302,30.075,5.187
95.0,3.65,0.0,58.5,99.0,99.0,0.1,0.285,6.4,0.645,12.1,7.804,20.103,4.75
188.0,0.06,3.433,15.4,72.0,75.0,0.1,0.008,11.0,0.597,10.7,6.388,255.906,0.793
92.0,3.65,0.0,61.4,99.0,99.0,0.1,0.076,3.5,0.773,13.9,10.745,75.214,92.0
182.0,3.65,0.0,59.1,63.0,58.0,0.1,0.498,5.3,0.649,10.1,6.555,11.504,4.789
144.0,4.16,209.086,23.2,93.0,92.0,0.9,0.177,8.9,0.572,11.3,6.464,28.247,11.024000000000001
11.0,11.21,287.208,58.1,96.0,95.0,0.1,0.233,0.8,0.869,18.0,15.642,34.856,11.0
247.0,12.05,42.334,56.2,99.0,99.0,0.1,0.238,2.4,0.703,14.1,9.912,27.683,247.0
284.0,5.75,12.609,44.4,95.0,95.0,0.1,0.015,2.6,0.685,12.3,8.426,233.69,28.4
146.0,0.01,0.0,45.5,95.0,96.0,0.1,0.174,7.7,0.666,11.6,7.726,29.846,3.65
177.0,6.26,321.195,22.6,98.0,98.0,0.5,0.29,8.9,0.682,12.0,8.184,12.255,11.8
143.0,8.42,789.276,47.4,81.0,97.0,0.1,0.858,3.8,0.749,15.8,11.834,7.108,11.024000000000001
188.0,6.64,605.629,47.8,95.0,95.0,0.5,0.452,3.5,0.7,12.4,8.68,12.406,11.024000000000001
157.0,6.05,587.883,52.6,85.0,82.0,1.2,0.496,3.4,0.695,12.9,8.966,8.893,19.625
155.0,0.01,38.055,12.5,94.0,93.0,0.1,0.048,19.9,0.499,8.2,4.092,55.456,0.671
111.0,8.95,25.523,49.2,85.0,85.0,0.1,0.166,3.9,0.775,15.3,11.858,36.784,11.024000000000001
412.0,0.01,720.233,3.7,92.0,95.0,12.2,0.386,4.8,0.534,11.3,6.034,22.717,137.333
693.0,5.51,299.367,31.6,96.0,96.0,31.9,0.417,1.9,0.567,11.8,6.691,11.154,173.25
154.0,5.92,1088.245,57.9,9.0,91.0,0.3,0.628,3.3,0.712,13.2,9.398,6.978,22.0
275.0,0.01,0.0,26.8,9.0,9.0,3.0,0.174,7.6,0.581,11.1,6.449,29.559,27.5
24.0,3.69,0.0,15.5,56.0,57.0,0.2,0.174,9.9,0.503,9.0,4.527,23.762,1.6
215.0,0.01,11.145,26.8,63.0,64.0,1.2,0.015,8.9,0.476,7.1,3.38,260.67,17.917
19.0,2.12,60.186,17.0,87.0,88.0,0.3,0.088,11.0,0.533,10.7,5.703,63.928,1.267
238.0,0.16,283.806,18.0,93.0,95.0,0.3,0.174,17.3,0.0,10.1,0.0,33.748,238.0
84.0,10.28,954.487,57.0,9.0,9.0,0.1,0.585,1.1,0.906,16.8,15.221,20.173,11.024000000000001
237.0,0.01,78.39,22.6,85.0,86.0,0.8,0.079,6.9,0.484,10.8,5.227,90.201,118.5
287.0,0.01,48.73,23.1,84.0,84.0,1.5,0.058,6.8,0.47,12.0,5.64,88.475,14.35
133.0,4.29,516.404,5.2,93.0,93.0,0.3,0.362,1.2,0.696,13.2,9.187,12.723,8.867
366.0,2.57,183.046,21.2,83.0,81.0,6.3,0.165,6.6,0.543,12.0,6.516,25.887,8.318
24.0,2.45,249.326,42.4,84.0,84.0,0.4,0.175,1.4,0.56,9.0,5.04,39.213,1.263
34.0,1.07,5.065,13.9,96.0,96.0,1.6,0.028,9.4,0.0,5.4,0.0,107.793,3.778
248.0,3.65,0.0,35.7,92.0,92.0,2.1,0.474,8.2,0.637,11.7,7.453,12.079,82.667
73.0,1.93,266.77,6.1,99.0,99.0,0.1,0.272,6.0,0.81,14.4,11.664,13.358,11.024000000000001
98.0,4.34,94.178,45.4,8.0,88.0,0.1,0.039,2.4,0.702,11.6,8.143,183.83,98.0
121.0,3.77,59.129,52.8,87.0,87.0,0.1,0.067,1.3,0.725,13.4,9.715,108.096,15.125
387.0,5.84,6.545,13.5,75.0,82.0,5.1,0.011,8.5,0.276,4.7,1.297,471.488,10.184
134.0,3.74,7.133,48.1,66.0,78.0,0.1,0.013,2.8,0.694,12.0,8.328,677.569,134.0
296.0,0.49,57.116,17.5,7.0,69.0,2.0,0.044,1.1,0.333,5.5,1.832,143.251,2.874
144.0,3.01,434.794,72.5,57.0,62.0,0.1,0.346,0.2,0.69,12.9,8.901,16.486,11.024000000000001
48.0,2.09,37.825,16.9,72.0,73.0,13.4,0.026,4.1,0.298,5.8,1.728,221.024,0.364
7.0,7.83,578.725,23.4,97.0,97.0,0.1,0.349,1.7,0.863,14.8,12.772,22.907,1.4
36.0,7.99,575.675,31.0,83.0,83.0,8.7,0.416,1.9,0.598,11.4,6.817,20.44,9.0
251.0,0.08,0.0,31.7,73.0,73.0,0.1,0.174,14.0,0.444,7.9,3.508,24.91,3.984
39.0,1.06,30.465,14.5,61.0,5.0,2.8,0.024,11.3,0.362,7.1,2.57,193.769,0.136
74.0,4.6,364.975,58.0,99.0,99.0,0.1,0.396,1.2,0.762,14.2,10.82,15.155,11.024000000000001
125.0,5.38,946.652,54.2,71.0,88.0,0.1,0.659,1.1,0.731,13.4,9.795,7.934,11.364
78.0,3.65,0.0,41.2,99.0,99.0,0.1,0.397,5.7,0.864,14.9,12.874,14.423,11.024000000000001
123.0,9.09,8.617,59.4,93.0,93.0,0.1,0.006,2.1,0.771,14.3,11.025,226.107,123.0
173.0,0.05,11.758,14.2,7.0,7.0,0.1,0.052,11.8,0.541,11.3,6.113,7.06,57.667
284.0,0.01,31.636,46.4,81.0,74.0,1.0,0.027,1.3,0.501,9.9,4.96,168.47,21.846
446.0,10.09,44.526,14.5,59.0,64.0,8.7,0.031,6.5,0.429,10.9,4.676,297.502,2.877
723.0,4.36,0.0,27.1,67.0,65.0,33.6,0.045,9.4,0.407,9.2,3.744,157.248,17.214
165.0,3.28,0.0,28.2,98.0,89.0,0.1,0.174,5.6,0.675,12.3,8.302,32.888,13.75
177.0,0.14,0.0,51.2,99.0,99.0,0.1,0.174,3.5,0.612,11.1,6.793,33.002,2.269
459.0,7.04,346.532,41.6,7.0,7.0,26.6,0.252,14.5,0.62,12.9,7.998,35.306,5.81
217.0,0.02,61.763,26.1,73.0,74.0,1.3,0.117,9.2,0.475,7.2,3.42,27.66,18.083
15.0,4.34,941.646,53.5,92.0,92.0,0.1,0.516,2.2,0.691,12.4,8.568,13.773,1.0
132.0,0.01,63.552,59.0,98.0,98.0,0.1,0.13,5.6,0.757,14.6,11.052,24.356,66.0
249.0,3.65,0.0,25.7,78.0,82.0,1.0,0.078,6.9,0.481,10.7,5.147,73.129,6.385
286.0,4.03,3.687,22.9,67.0,65.0,2.8,0.002,7.9,0.383,9.9,3.792,628.671,20.429
212.0,0.28,1.02,21.7,76.0,89.0,0.4,0.001,1.4,0.449,7.7,3.457,4635.63,6.625
29.0,0.3,17.483,19.8,9.0,9.0,0.5,0.099,13.1,0.515,8.8,4.532,19.44,0.446
193.0,1.09,19.749,44.7,94.0,89.0,0.1,0.012,1.2,0.489,9.2,4.499,480.239,11.024000000000001
135.0,1.42,459.111,55.9,69.0,68.0,0.1,0.472,5.1,0.668,11.9,7.949,11.303,3.14
222.0,12.3,913.7,58.4,93.0,94.0,0.1,0.787,3.0,0.798,16.2,12.928,7.404,11.024000000000001
184.0,0.01,247.949,48.1,99.0,99.0,0.1,0.186,1.2,0.505,9.4,4.747,29.462,11.024000000000001
128.0,0.01,660.278,74.3,58.0,63.0,0.1,0.418,0.2,0.701,12.9,9.043,17.256,11.024000000000001
282.0,12.19,11.026,56.1,98.0,98.0,0.3,0.091,2.4,0.761,13.8,10.502,59.052,14.842
71.0,3.65,0.0,58.8,93.0,93.0,0.1,0.532,1.1,0.923,19.2,17.722,10.767,11.024000000000001
128.0,0.56,157.643,5.8,95.0,95.0,0.1,0.25,6.4,0.581,10.0,5.81,21.949,5.12
321.0,0.01,0.0,23.8,47.0,42.0,0.8,0.042,6.7,0.675,12.3,8.302,137.446,4.012
217.0,2.55,490.418,45.0,97.0,97.0,0.1,0.566,3.2,0.665,10.6,7.049,3.5,27.125
486.0,8.48,805.49,45.0,79.0,82.0,26.4,0.613,9.7,0.612,12.9,7.895,12.276,6.152
215.0,4.36,62.857,25.4,99.0,99.0,0.9,0.113,6.5,0.531,10.4,5.522,50.239,11.024000000000001
355.0,1.02,2.996,17.9,72.0,72.0,5.2,0.003,8.8,0.428,9.9,4.237,1677.604,16.136
199.0,2.73,0.0,4.7,88.0,96.0,0.1,0.174,3.2,0.631,12.2,7.698,38.225,49.75
227.0,0.14,146.761,53.8,74.0,57.0,0.1,0.313,5.4,0.636,10.2,6.487,11.779,5.974
352.0,0.01,0.0,18.2,33.0,33.0,0.8,0.174,7.9,0.675,12.3,8.302,32.888,4.693
154.0,7.91,145.84,43.9,94.0,97.0,0.1,0.738,3.8,0.0,15.8,0.0,8.69,11.024000000000001
371.0,4.27,10.424,2.7,51.0,39.0,3.1,0.018,8.8,0.376,10.4,3.91,308.714,19.526
145.0,0.23,147.986,45.3,89.0,89.0,0.1,0.173,6.4,0.644,10.9,7.02,22.145,6.042
137.0,0.47,9.469,49.1,98.0,98.0,0.1,0.021,6.5,0.569,9.8,5.576,263.628,5.269
679.0,5.48,306.953,3.5,97.0,97.0,37.2,0.313,11.8,0.56,11.8,6.608,18.293,169.75
78.0,9.31,491.056,62.1,89.0,89.0,0.1,0.278,0.3,0.886,18.9,16.745,29.69,11.024000000000001
297.0,2.64,28.302,21.9,77.0,77.0,6.0,0.058,8.5,0.398,8.8,3.502,111.528,42.429
88.0,12.2,504.431,51.7,84.0,84.0,0.1,0.322,1.7,0.837,14.7,12.304,4.601,11.024000000000001
178.0,6.32,1132.433,57.7,85.0,85.0,0.4,0.958,3.5,0.722,12.7,9.169,5.94,11.024000000000001
189.0,6.14,282.836,2.9,98.0,98.0,0.6,0.236,9.1,0.666,11.8,7.859,15.162,10.5
125.0,5.11,980.254,57.2,98.0,98.0,0.1,0.878,1.8,0.723,12.2,8.821,6.64,2.66
13.0,1.98,246.569,48.0,85.0,81.0,0.1,0.585,2.8,0.737,11.7,8.623,9.11,2.167
113.0,6.56,666.737,59.7,95.0,95.0,0.1,0.733,1.9,0.792,15.1,11.959,9.442,11.024000000000001
394.0,2.03,0.0,21.7,62.0,62.0,5.9,0.174,8.8,0.496,9.4,4.662,13.89,30.308
399.0,6.39,10.667,3.8,95.0,95.0,6.8,0.011,6.2,0.488,10.4,5.075,627.022,11.083
34.0,1.46,53.238,21.8,81.0,8.0,3.2,0.042,8.4,0.491,7.7,3.781,93.794,0.548
16.0,12.32,0.0,39.6,95.0,95.0,0.2,0.174,4.4,0.689,12.2,8.406,35.872,11.024000000000001
226.0,8.15,0.0,47.6,98.0,98.0,0.1,0.174,3.3,0.675,12.3,8.302,47.294,226.0
19.0,3.65,0.0,3.9,96.0,96.0,0.2,0.163,5.5,0.565,11.2,6.328,35.248,11.024000000000001
212.0,0.01,79.277,28.1,73.0,75.0,1.2,0.139,8.5,0.487,7.7,3.75,20.59,17.667
333.0,4.4,16.721,2.4,54.0,42.0,3.1,0.017,9.0,0.386,10.5,4.053,370.988,16.65
138.0,9.58,1078.358,58.4,92.0,91.0,0.1,0.857,2.8,0.797,15.3,12.194,6.394,69.0
167.0,6.92,0.0,47.5,99.0,99.0,0.3,0.174,3.6,0.704,13.3,9.363,26.976,11.024000000000001
41.0,9.79,72.85,15.6,69.0,71.0,8.2,0.045,6.2,0.453,10.6,4.802,202.788,0.315
155.0,1.51,310.82,67.0,85.0,84.0,0.1,0.184,0.1,0.679,13.5,9.167,28.745,11.024000000000001
228.0,9.07,0.0,49.5,96.0,9.0,0.1,0.174,2.9,0.675,12.3,8.302,65.488,228.0
343.0,0.99,18.038,13.8,56.0,44.0,3.7,0.016,11.5,0.325,5.8,1.885,262.161,1.062
127.0,7.75,961.177,57.5,92.0,91.0,0.1,0.589,1.1,0.782,16.1,12.59,11.348,10.583
424.0,2.55,0.0,2.3,41.0,41.0,7.2,0.174,9.3,0.488,9.5,4.636,14.062,30.286
221.0,4.54,69.02,18.3,76.0,79.0,0.1,0.096,1.0,0.622,11.4,7.091,31.342,2.483
275.0,3.65,0.0,48.6,74.0,73.0,0.6,0.174,1.3,0.515,10.0,5.15,32.888,22.917
135.0,0.01,447.546,51.7,65.0,64.0,0.1,0.317,1.5,0.591,10.8,6.383,12.363,11.024000000000001
259.0,0.16,9.088,2.1,75.0,75.0,0.1,0.007,7.3,0.459,10.0,4.59,692.473,129.5
118.0,10.12,0.0,57.2,99.0,99.0,0.1,0.174,1.2,0.835,15.0,12.525,46.777,11.024000000000001
97.0,3.34,2568.237,57.5,9.0,91.0,0.1,1.0,1.8,0.758,13.6,10.309,9.56,97.0
45.0,3.86,45.571,2.2,63.0,64.0,2.2,0.036,8.9,0.357,8.2,2.927,31.309,1.0
162.0,7.0,0.0,49.3,99.0,99.0,0.1,0.174,3.5,0.711,13.3,9.456,27.033,11.024000000000001
225.0,2.13,0.0,35.6,99.0,99.0,0.1,0.174,3.6,0.586,11.4,6.68,26.861,45.0
132.0,0.01,54.879,57.4,98.0,98.0,0.1,0.114,5.5,0.756,15.1,11.416,23.096,44.0
217.0,0.26,0.531,17.6,84.0,86.0,0.6,0.004,13.2,0.484,8.1,3.92,421.744,2.782
7.0,4.57,34.262,27.9,71.0,7.0,26.8,0.041,8.6,0.408,9.5,3.876,123.734,0.156
157.0,3.65,0.0,62.1,87.0,87.0,0.1,0.174,1.6,0.769,14.3,10.997,32.888,15.7
222.0,5.27,10.814,23.4,97.0,97.0,1.6,0.008,7.0,0.514,10.0,5.14,174.322,11.024000000000001
11.0,0.01,648.133,6.2,94.0,94.0,0.1,0.66,1.9,0.797,15.1,12.035,10.992,11.024000000000001
129.0,1.29,832.955,57.6,9.0,9.0,0.1,0.739,5.0,0.681,11.9,8.104,7.37,3.583
158.0,10.4,14.964,56.3,95.0,95.0,0.1,0.082,3.0,0.795,15.4,12.243,67.653,52.667
275.0,4.51,85.556,17.1,9.0,91.0,0.9,0.067,8.8,0.377,6.7,2.526,77.599,3.873
141.0,3.03,20.833,2.5,99.0,99.0,0.1,0.032,15.3,0.746,13.6,10.146,101.915,35.25
443.0,1.66,58.529,2.7,47.0,47.0,5.8,0.049,8.8,0.361,6.8,2.455,75.589,18.458
266.0,0.01,0.0,26.7,97.0,96.0,1.7,0.174,7.5,0.449,8.9,3.996,42.128,53.2
441.0,3.91,5.38,2.7,75.0,77.0,1.9,0.004,8.7,0.367,8.3,3.046,288.155,10.023
16.0,0.45,63.421,44.8,95.0,95.0,0.1,0.133,6.7,0.519,8.0,4.152,31.361,0.5
196.0,4.94,815.436,53.3,85.0,85.0,1.2,0.687,3.5,0.691,11.9,8.223,8.62,11.024000000000001
127.0,0.56,65.656,48.1,99.0,99.0,0.1,0.097,7.1,0.725,11.2,8.12,32.69,127.0
27.0,4.64,88.97,18.2,89.0,88.0,0.7,0.07,8.4,0.392,7.5,2.94,84.56,0.409
273.0,0.52,19.157,15.5,96.0,95.0,0.2,0.1,18.3,0.0,8.4,0.0,49.114,273.0
276.0,8.3,805.393,34.6,8.0,82.0,4.9,0.979,6.3,0.669,12.5,8.362,3.198,92.0
72.0,3.65,0.0,66.5,99.0,99.0,0.1,0.019,0.8,0.865,17.2,14.878,307.383,11.024000000000001
24.0,8.48,415.163,59.0,54.0,5.0,0.2,0.357,2.4,0.734,14.9,10.937,19.53,4.8
13.0,0.54,585.917,47.3,99.0,99.0,0.1,0.864,7.1,0.716,11.0,7.876,3.68,13.0
177.0,3.65,0.0,5.5,99.0,98.0,0.1,0.192,1.1,0.514,9.6,4.934,29.784,11.024000000000001
111.0,1.72,0.0,56.4,96.0,95.0,0.1,0.174,2.4,0.714,12.2,8.711,39.316,11.024000000000001
129.0,0.53,101.609,37.4,97.0,97.0,0.1,0.178,7.9,0.776,12.9,10.01,23.024,32.25
147.0,0.01,42.489,14.0,96.0,96.0,0.1,0.062,19.3,0.52,8.6,4.472,46.334,0.79
249.0,3.65,0.0,22.0,83.0,89.0,2.8,0.135,7.8,0.55,11.1,6.105,42.429,3.32
131.0,0.49,65.567,35.3,96.0,96.0,0.1,0.097,8.2,0.764,12.8,9.779,41.081,32.75
593.0,0.83,0.736,12.6,82.0,81.0,1.9,0.003,1.2,0.0,3.9,0.0,1667.989,59.3
162.0,8.92,754.96,42.4,99.0,99.0,0.1,0.796,3.8,0.0,15.4,0.0,7.238,11.024000000000001
16.0,8.82,0.0,68.6,93.0,94.0,0.1,0.174,0.7,0.675,12.3,8.302,96.998,0.593
134.0,0.42,365.911,31.6,95.0,95.0,0.1,0.623,8.8,0.732,12.7,9.296,5.857,33.5
194.0,3.7,218.572,46.4,87.0,86.0,0.3,0.118,2.0,0.592,11.0,6.512,51.984,48.5
218.0,0.01,5.348,54.0,93.0,93.0,0.1,0.005,2.5,0.764,14.4,11.002,1154.818,11.024000000000001
135.0,0.01,565.967,74.8,82.0,8.0,0.1,0.42,0.1,0.716,14.3,10.239,12.341,11.024000000000001
184.0,13.24,1030.22,57.6,99.0,99.0,0.1,0.841,2.1,0.784,14.9,11.682,10.014,184.0
149.0,2.87,345.378,5.2,97.0,97.0,0.3,0.224,2.1,0.618,11.4,7.045,38.847,37.25
132.0,9.3,772.87,55.1,93.0,94.0,0.1,0.547,2.4,0.743,13.5,10.03,2.196,132.0
57.0,8.58,374.295,68.8,99.0,99.0,0.1,0.24,0.8,0.828,14.2,11.758,41.287,11.024000000000001
539.0,10.57,26.976,13.3,56.0,55.0,10.8,0.023,6.9,0.396,10.8,4.277,310.675,2.882
292.0,6.0,112.541,43.9,96.0,97.0,0.1,0.123,2.7,0.676,12.1,8.18,33.813,29.2
226.0,14.22,464.078,57.7,9.0,95.0,0.1,0.474,2.2,0.739,14.9,11.011,13.582,226.0
22.0,1.85,206.072,52.2,94.0,93.0,0.1,0.226,4.2,0.687,13.3,9.137,15.388,11.024000000000001
274.0,2.75,98.684,42.1,99.0,99.0,0.1,0.1,2.3,0.637,11.8,7.517,59.073,137.0
18.0,4.29,14.719,47.9,97.0,97.0,0.1,0.019,1.9,0.674,10.7,7.212,332.966,18.0
592.0,2.75,91.854,28.8,86.0,88.0,27.3,0.093,8.0,0.447,10.7,4.783,94.726,98.667
138.0,10.28,0.0,53.7,99.0,99.0,0.1,0.174,1.4,0.793,14.3,11.34,42.186,11.024000000000001
82.0,13.24,675.213,53.6,86.0,86.0,0.1,0.412,0.3,0.87,16.8,14.616,18.194,11.024000000000001
127.0,0.54,228.784,56.3,97.0,97.0,0.1,0.189,3.9,0.717,13.2,9.464,48.397,31.75
355.0,3.65,0.0,22.6,8.0,8.0,3.9,0.053,3.6,0.414,9.1,3.767,108.627,4.383
228.0,5.1,0.0,16.7,6.0,61.0,0.2,0.174,9.6,0.518,9.2,4.766,15.898,16.286
83.0,1.24,44.185,65.1,97.0,94.0,0.1,0.068,4.9,0.83,12.6,10.458,34.221,11.024000000000001
146.0,0.34,25.019,47.0,87.0,87.0,0.1,0.029,6.3,0.663,11.5,7.624,122.811,6.348
344.0,0.01,0.0,19.0,4.0,4.0,0.9,0.174,7.7,0.675,12.3,8.302,32.888,4.41
157.0,3.58,366.484,52.4,99.0,98.0,0.1,0.185,1.8,0.63,11.5,7.245,45.604,52.333
132.0,0.01,52.504,59.9,98.0,98.0,0.1,0.121,5.6,0.755,14.3,10.796,28.857,66.0
27.0,0.48,18.217,75.2,95.0,91.0,0.1,0.149,0.1,0.584,11.9,6.95,10.175,11.024000000000001
325.0,1.02,94.133,29.4,68.0,68.0,4.2,0.082,6.1,0.378,3.5,1.323,75.888,162.5
115.0,8.25,0.0,6.9,89.0,94.0,0.1,0.174,0.8,0.675,12.3,8.302,78.804,3.485
347.0,3.65,38.338,42.9,64.0,59.0,3.8,0.096,3.4,0.419,4.9,2.053,28.904,8.675
258.0,0.01,45.049,26.1,75.0,76.0,1.1,0.045,6.8,0.419,9.8,4.106,204.113,23.455
397.0,7.3,45.964,4.1,71.0,73.0,21.3,0.034,16.3,0.635,13.0,8.255,258.858,5.438
314.0,3.47,0.0,23.9,76.0,78.0,4.0,0.174,8.3,0.545,10.3,5.614,13.029,28.545
211.0,3.77,0.0,48.0,87.0,88.0,0.2,0.174,1.3,0.632,14.0,8.848,28.698,16.231
99.0,12.69,0.0,63.6,99.0,99.0,0.1,0.174,1.9,0.675,12.3,8.302,42.645,11.024000000000001
116.0,11.59,167.232,57.5,96.0,96.0,0.1,0.122,1.8,0.777,13.6,10.567,56.265,11.024000000000001
14.0,1.37,379.514,52.2,98.0,98.0,0.1,0.32,6.4,0.683,13.9,9.494,17.417,3.5
192.0,0.01,460.649,61.1,99.0,99.0,0.1,0.477,4.0,0.719,15.0,10.785,8.931,11.024000000000001
341.0,0.01,0.0,19.4,3.0,3.0,0.9,0.174,7.6,0.675,12.3,8.302,32.888,4.262
345.0,0.95,2.049,17.1,51.0,5.0,5.3,0.002,9.2,0.426,9.4,4.004,1716.076,15.682
391.0,2.82,24.038,16.3,37.0,41.0,2.3,0.071,1.5,0.401,5.5,2.206,51.079,2.49
134.0,3.95,367.929,5.7,88.0,91.0,0.1,0.466,1.3,0.703,13.1,9.209,12.652,16.75
144.0,9.85,0.0,52.1,98.0,99.0,0.1,0.174,1.5,0.771,13.6,10.486,33.404,11.024000000000001
76.0,9.26,928.417,57.7,94.0,94.0,0.1,0.587,1.1,0.922,18.4,16.965,3.376,11.024000000000001
168.0,6.18,433.921,23.6,98.0,98.0,0.5,0.337,8.7,0.686,12.4,8.506,10.348,11.2
28.0,1.37,34.859,13.9,66.0,65.0,0.3,0.079,27.1,0.536,9.7,5.199,53.67,0.014
147.0,3.65,0.0,51.0,97.0,97.0,0.3,0.233,2.1,0.623,11.2,6.978,24.61,36.75
418.0,3.78,54.666,22.2,88.0,89.0,1.3,0.044,8.1,0.392,8.9,3.489,269.475,11.0
165.0,8.7,0.0,57.6,67.0,62.0,0.1,0.174,1.6,0.728,12.9,9.391,30.133,16.5
126.0,4.93,998.35,56.4,98.0,98.0,0.1,0.8,1.8,0.719,12.2,8.772,8.002,2.571
462.0,1.08,9.728,17.6,86.0,93.0,13.7,0.046,6.8,0.43,10.2,4.386,32.756,8.556
219.0,8.25,0.0,5.4,97.0,9.0,0.1,0.174,2.8,0.675,12.3,8.302,73.466,219.0
249.0,1.32,67.776,16.0,7.0,65.0,1.4,0.035,1.9,0.411,8.2,3.37,185.163,1.078
171.0,3.46,24.828,41.6,95.0,93.0,2.2,0.034,2.0,0.682,11.4,7.775,173.05,171.0
294.0,8.85,145.318,33.5,68.0,67.0,7.0,0.877,6.5,0.66,12.5,8.25,3.89,98.0
165.0,6.2,20.601,42.0,92.0,92.0,0.2,0.015,2.3,0.639,12.1,7.732,392.966,41.25
587.0,1.18,6.847,16.2,99.0,99.0,21.1,0.03,7.3,0.377,9.6,3.619,303.205,9.623
97.0,4.1,1002.833,5.3,91.0,91.0,0.1,0.47,2.0,0.723,12.4,8.965,16.457,97.0
123.0,3.79,279.429,53.3,96.0,95.0,0.1,0.385,2.1,0.736,12.7,9.347,11.824,123.0
142.0,1.24,471.831,72.7,84.0,82.0,0.1,0.355,0.1,0.707,14.4,10.181,12.923,11.024000000000001
165.0,3.02,188.25,42.0,94.0,94.0,1.2,0.122,2.6,0.571,10.4,5.938,64.78,23.571
523.0,10.42,2.691,13.6,57.0,57.0,10.0,0.002,6.8,0.404,11.0,4.444,3442.808,2.89
152.0,0.01,42.33,13.0,95.0,94.0,0.1,0.049,19.7,0.506,8.4,4.25,56.722,0.707
13.0,7.71,158.258,53.6,93.0,92.0,0.1,0.415,2.6,0.749,13.4,10.037,20.661,13.0
35.0,4.33,15.994,15.2,89.0,92.0,2.9,0.019,7.9,0.319,7.9,2.52,403.317,1.0
281.0,0.01,56.762,16.2,63.0,63.0,0.1,0.044,18.6,0.434,8.9,3.863,211.715,2.651
219.0,1.1,17.812,12.2,58.0,59.0,0.3,0.047,27.4,0.499,8.4,4.192,94.55,0.095
11.0,8.74,0.0,65.1,93.0,96.0,0.1,0.174,0.7,0.675,12.3,8.302,89.364,0.344
131.0,9.85,820.811,56.4,97.0,95.0,0.1,0.583,2.3,0.754,13.6,10.254,16.984,131.0
157.0,3.08,286.121,45.9,97.0,97.0,0.5,0.182,2.3,0.603,11.3,6.814,48.658,31.4
147.0,4.53,62.437,51.3,94.0,93.0,0.1,0.038,2.3,0.669,11.5,7.694,161.331,8.647
99.0,11.29,320.318,59.0,96.0,95.0,0.1,0.255,0.8,0.875,18.8,16.45,33.114,99.0
232.0,17.31,846.911,59.9,98.0,98.0,0.1,0.653,2.0,0.787,15.5,12.199,7.536,232.0
93.0,4.88,50.283,27.3,99.0,99.0,0.1,0.384,4.4,0.682,12.2,8.32,15.092,0.323
274.0,0.01,0.0,26.2,85.0,85.0,3.0,0.174,7.7,0.576,11.1,6.394,33.863,27.4
95.0,12.91,910.506,55.2,99.0,99.0,0.1,0.53,1.0,0.86,13.5,11.61,15.602,11.024000000000001
7.0,9.2,924.565,65.9,93.0,93.0,0.1,0.4,0.3,0.904,19.5,17.628,28.81,11.024000000000001
496.0,3.99,38.525,18.8,69.0,65.0,2.1,0.026,9.5,0.332,7.6,2.523,445.222,10.553
62.0,7.91,278.069,67.6,76.0,76.0,0.1,0.219,0.8,0.819,14.6,11.957,37.905,11.024000000000001
17.0,3.69,21.411,47.1,88.0,88.0,0.3,0.012,2.0,0.597,11.0,6.567,512.498,4.25
223.0,4.22,105.731,2.1,9.0,89.0,0.1,0.119,1.0,0.642,11.6,7.447,32.721,2.655
228.0,0.01,0.0,4.4,67.0,73.0,0.1,0.174,13.7,0.5,9.0,4.5,32.371,4.851
127.0,6.87,1092.155,53.4,85.0,85.0,0.1,0.744,2.0,0.755,12.8,9.664,10.161,63.5
33.0,4.16,31.142,16.1,94.0,96.0,1.9,0.023,7.7,0.361,9.3,3.357,383.665,0.971
11.0,6.06,675.781,55.4,97.0,97.0,0.1,0.447,1.0,0.768,13.9,10.675,14.499,3.667
133.0,3.65,527.308,55.7,93.0,93.0,0.1,0.368,2.3,0.746,12.8,9.549,22.996,11.024000000000001
248.0,2.85,2.199,4.7,99.0,99.0,0.1,0.017,3.4,0.0,10.3,0.0,202.754,31.0
196.0,2.14,443.325,47.2,94.0,94.0,0.4,0.283,1.3,0.602,10.5,6.321,23.476,14.0
75.0,9.31,0.0,28.6,92.0,94.0,0.1,0.174,1.5,0.675,12.3,8.302,35.355,37.5
26.0,8.81,80.033,56.6,99.0,99.0,0.1,0.636,2.5,0.776,15.5,12.028,10.235,11.024000000000001
14.0,3.96,2.889,5.1,91.0,89.0,0.1,0.004,2.0,0.721,12.3,8.868,958.306,14.0
133.0,3.93,0.0,14.0,94.0,93.0,0.1,0.174,14.5,0.647,11.9,7.699,36.503,3.8
133.0,6.66,18.531,51.3,93.0,88.0,0.1,0.028,2.6,0.734,12.8,9.395,43.217,133.0
227.0,3.65,0.0,21.4,99.0,98.0,0.4,0.007,5.7,0.493,10.8,5.324,821.142,15.133
381.0,5.84,25.087,18.2,36.0,34.0,2.5,0.026,9.8,0.439,7.2,3.161,173.84,2.664
153.0,8.4,412.432,53.1,98.0,98.0,0.1,0.45,2.5,0.777,14.6,11.344,12.227,38.25
28.0,0.2,4.26,13.9,78.0,75.0,0.2,0.032,17.6,0.469,9.4,4.409,180.597,0.636
124.0,0.81,0.0,51.3,83.0,8.0,0.1,0.174,6.4,0.648,11.8,7.646,20.375,13.778
154.0,0.62,8.597,44.2,78.0,77.0,0.1,0.014,3.0,0.668,11.0,7.348,550.882,19.25
249.0,0.03,75.258,53.2,63.0,59.0,0.1,0.235,5.4,0.631,10.2,6.436,12.744,6.553
7.0,1.2,515.073,67.7,99.0,97.0,0.1,0.885,5.1,0.843,13.4,11.296,2.43,11.024000000000001
231.0,0.01,253.829,49.2,99.0,99.0,0.1,0.437,2.2,0.712,14.7,10.466,9.647,115.5
125.0,3.65,0.0,54.2,91.0,91.0,0.5,0.497,1.8,0.729,12.8,9.331,11.524,125.0
34.0,1.9,0.0,15.3,3.0,3.0,2.4,0.174,12.2,0.675,12.3,8.302,15.325,0.102
343.0,3.65,46.074,42.9,44.0,39.0,3.5,0.115,3.4,0.421,4.9,2.063,23.783,8.795
84.0,4.76,430.877,56.5,99.0,99.0,0.1,0.442,1.3,0.759,14.2,10.778,12.805,84.0
38.0,0.01,14.168,18.1,82.0,78.0,3.2,0.072,5.7,0.483,10.0,4.83,100.464,0.392
176.0,7.0,140.982,45.3,99.0,99.0,0.1,0.282,3.3,0.692,14.6,10.103,25.261,1.615
45.0,0.34,72.385,15.1,31.0,21.0,5.2,0.045,1.7,0.301,5.6,1.686,126.065,0.577
277.0,3.75,5.592,24.0,84.0,81.0,2.1,0.003,7.6,0.4,9.7,3.88,4491.485,21.308
24.0,2.97,29.685,47.0,81.0,81.0,0.4,0.025,2.0,0.621,11.8,7.328,319.664,6.0
11.0,0.01,54.237,58.4,95.0,95.0,0.1,0.055,6.0,0.741,14.4,10.67,131.795,0.458
2.0,2.25,62.083,58.7,99.0,99.0,0.1,0.366,4.0,0.706,14.6,10.308,11.569,11.024000000000001
187.0,0.08,190.545,22.9,82.0,81.0,0.3,0.312,1.6,0.656,12.1,7.938,8.791,1.12
219.0,0.3,1.177,21.2,83.0,86.0,0.5,0.001,1.6,0.444,7.5,3.33,4411.671,6.636
279.0,1.34,37.382,18.4,78.0,78.0,2.0,0.037,9.7,0.389,6.4,2.49,116.317,6.975
145.0,3.65,344.691,83.3,99.0,99.0,0.1,0.193,0.1,0.779,14.2,11.062,47.942,11.024000000000001
321.0,4.16,3.596,16.6,95.0,96.0,1.5,0.002,7.6,0.385,9.9,3.812,3454.226,9.727
126.0,13.22,0.0,59.0,98.0,98.0,0.1,0.174,2.3,0.675,12.3,8.302,36.216,11.024000000000001
219.0,0.6,59.972,68.8,88.0,85.0,0.1,0.073,0.2,0.0,10.4,0.0,122.538,11.024000000000001
166.0,6.64,155.423,41.3,86.0,86.0,0.1,0.118,2.4,0.642,12.7,8.153,50.978,41.5
415.0,3.24,0.0,26.2,83.0,82.0,2.9,0.174,5.9,0.675,12.3,8.302,35.241,5.061
144.0,0.01,53.264,14.6,97.0,97.0,0.1,0.068,19.1,0.523,8.4,4.393,42.759,0.832
14.0,4.69,570.453,51.5,92.0,93.0,0.3,0.417,1.2,0.706,13.3,9.39,12.847,1.077
23.0,0.01,0.0,2.1,86.0,87.0,0.3,0.174,9.0,0.563,10.4,5.855,11.479,1.917
165.0,0.09,36.199,15.1,78.0,72.0,0.1,0.076,11.6,0.599,12.1,7.248,15.855,55.0
93.0,0.03,0.0,54.8,99.0,99.0,0.1,0.174,7.9,0.745,13.1,9.76,40.865,3.72
434.0,1.63,3.848,14.7,77.0,8.0,16.9,0.004,9.0,0.447,8.4,3.755,1150.384,3.617
168.0,0.01,3.395,1.8,85.0,85.0,0.1,0.004,2.7,0.468,7.5,3.51,602.68,0.564
169.0,4.17,24.997,68.2,82.0,83.0,0.1,0.02,0.2,0.659,12.3,8.106,240.389,11.024000000000001
23.0,8.06,5.664,6.7,45.0,23.0,0.2,0.031,2.3,0.746,15.2,11.339,226.484,4.6
181.0,0.35,2.272,34.7,85.0,86.0,0.3,0.005,3.8,0.586,10.9,6.387,1053.959,15.083
148.0,4.44,411.565,48.8,66.0,77.0,0.4,0.276,1.3,0.692,13.0,8.996,17.116,9.25
336.0,0.01,0.0,22.9,47.0,42.0,0.8,0.174,6.8,0.675,12.3,8.302,32.888,4.098
144.0,4.03,40.538,46.7,95.0,95.0,0.4,0.026,1.4,0.686,13.9,9.535,191.523,7.2
376.0,3.44,0.0,19.6,89.0,86.0,7.4,0.174,7.3,0.675,12.3,8.302,24.163,2.725
425.0,1.03,53.95,19.3,75.0,75.0,14.1,0.042,3.8,0.36,8.2,2.952,124.658,3.935
279.0,3.65,0.0,23.8,96.0,98.0,1.4,0.174,6.7,0.675,12.3,8.302,32.888,2.345
146.0,2.29,127.638,17.9,98.0,98.0,0.1,0.165,15.4,0.725,13.2,9.57,22.846,29.2
156.0,3.65,0.0,54.1,97.0,98.0,0.1,0.174,3.5,0.72,13.3,9.576,32.888,11.024000000000001
13.0,1.29,623.212,57.4,98.0,98.0,0.1,0.426,6.4,0.714,14.5,10.353,16.775,4.333
23.0,1.93,43.03,14.9,69.0,7.0,0.3,0.099,27.0,0.556,10.2,5.671,43.776,0.013
12.0,1.4,585.631,55.6,99.0,99.0,0.1,0.414,6.3,0.706,14.4,10.166,14.945,4.0
452.0,2.65,0.0,22.6,76.0,77.0,5.8,0.174,7.0,0.675,12.3,8.302,33.691,5.079
276.0,0.5,49.07,11.9,93.0,93.0,0.1,0.042,12.2,0.0,0.0,0.0,77.381,69.0
45.0,2.12,153.678,19.7,9.0,87.0,11.9,0.137,6.8,0.504,11.4,5.746,35.541,0.918
369.0,0.01,68.558,27.2,85.0,85.0,4.6,0.126,5.9,0.496,10.4,5.158,34.554,4.855
263.0,2.43,55.609,39.8,98.0,98.0,0.1,0.057,2.4,0.599,10.1,6.05,101.793,131.5
23.0,0.01,7.55,2.8,98.0,98.0,0.4,0.008,5.8,0.488,10.8,5.27,1003.853,1.438
238.0,2.2,0.0,43.3,71.0,71.0,0.1,0.174,1.5,0.607,13.7,8.316,36.216,12.526
6.0,9.25,423.68,65.4,96.0,96.0,0.1,0.293,0.6,0.874,17.5,15.295,31.111,3.0
196.0,2.77,57.734,15.9,76.0,79.0,0.2,0.135,27.0,0.569,10.4,5.918,31.791,0.122
285.0,0.01,4.877,23.7,85.0,87.0,1.0,0.006,6.6,0.475,12.0,5.7,867.063,14.25
279.0,4.55,90.46,16.6,9.0,91.0,1.0,0.057,9.0,0.365,6.3,2.3,124.76,3.77
131.0,3.94,0.0,14.7,96.0,95.0,0.1,0.174,14.4,0.655,12.0,7.86,35.585,3.639
161.0,3.24,582.514,29.1,96.0,97.0,0.1,0.658,7.5,0.72,13.5,9.72,6.44,11.024000000000001
122.0,0.03,0.0,52.5,99.0,99.0,0.1,0.174,7.7,0.728,12.8,9.318,43.793,4.519
197.0,2.37,549.278,53.4,9.0,89.0,0.3,0.374,1.7,0.666,13.0,8.658,18.204,98.5
293.0,3.65,0.0,57.1,5.0,41.0,0.1,0.174,6.3,0.553,9.0,4.977,32.888,36.625
186.0,0.01,6.915,17.6,84.0,86.0,0.3,0.009,11.0,0.54,10.7,5.778,665.844,13.286
157.0,3.12,0.0,3.3,99.0,93.0,0.1,0.174,5.2,0.675,12.3,8.302,32.888,15.7
355.0,3.65,0.0,42.9,66.0,61.0,3.9,0.018,3.4,0.429,4.9,2.102,326.354,8.659
176.0,10.71,513.347,38.8,98.0,98.0,0.1,0.53,4.1,0.0,14.4,0.0,12.587,11.024000000000001
144.0,0.17,285.12,56.5,8.0,79.0,0.1,0.586,5.3,0.649,10.4,6.75,5.663,3.692
323.0,4.2,0.0,22.5,91.0,91.0,2.1,0.174,6.8,0.675,12.3,8.302,31.969,2.605
144.0,8.25,780.446,46.5,98.0,97.0,0.1,0.797,3.8,0.746,15.8,11.787,7.719,11.024000000000001
128.0,7.17,151.763,5.5,9.0,92.0,0.1,0.318,2.6,0.735,13.1,9.628,28.284,128.0
294.0,6.94,351.86,46.3,99.0,98.0,0.1,0.378,2.4,0.737,13.9,10.244,12.448,32.667
314.0,0.58,158.002,4.4,59.0,62.0,1.5,0.064,1.5,0.439,7.6,3.336,131.769,20.933
138.0,3.55,396.627,5.5,94.0,94.0,0.5,0.469,1.8,0.721,12.7,9.157,11.304,138.0
163.0,3.36,292.753,49.4,99.0,98.0,0.2,0.147,1.9,0.613,11.3,6.927,46.546,54.333
57.0,4.07,38.615,18.4,66.0,73.0,1.9,0.026,9.7,0.322,7.4,2.383,445.319,1.213
459.0,4.93,56.937,29.7,89.0,89.0,21.6,0.037,5.4,0.523,11.0,5.753,230.064,114.75
167.0,10.75,0.0,59.4,95.0,95.0,0.1,0.174,2.5,0.79,12.5,9.875,44.768,11.024000000000001
247.0,6.71,15.55,36.4,9.0,85.0,1.7,0.093,5.9,0.606,10.9,6.605,62.891,247.0
88.0,3.65,0.0,68.2,97.0,98.0,0.1,0.274,7.8,0.845,16.1,13.605,20.946,11.0
75.0,9.69,3.122,55.7,96.0,93.0,0.1,0.002,0.5,0.828,14.9,12.337,3499.392,25.0
121.0,0.01,33.559,29.0,94.0,94.0,0.3,0.035,7.1,0.636,13.2,8.395,132.712,11.024000000000001
161.0,3.65,0.0,4.7,96.0,96.0,0.2,0.092,3.6,0.625,11.3,7.062,62.385,14.636
266.0,0.01,0.0,17.5,94.0,94.0,0.5,0.174,8.6,0.414,5.0,2.07,17.793,33.25
155.0,0.01,28.146,17.0,76.0,77.0,0.1,0.115,1.9,0.612,12.5,7.65,12.828,77.5
159.0,6.93,0.0,51.2,96.0,96.0,0.1,0.174,3.5,0.713,13.3,9.483,48.671,11.024000000000001
148.0,0.2,185.637,55.2,78.0,78.0,0.1,0.374,5.4,0.643,10.3,6.623,12.435,3.795
176.0,3.65,0.0,58.3,89.0,89.0,0.4,0.883,3.5,0.723,12.7,9.182,6.488,11.024000000000001
87.0,1.99,106.43,55.0,98.0,98.0,0.1,0.131,6.2,0.796,13.5,10.746,29.631,11.024000000000001
142.0,2.56,41.621,21.9,99.0,99.0,0.1,0.036,15.2,0.757,13.8,10.447,102.167,47.333
247.0,0.35,66.022,19.1,87.0,87.0,0.7,0.073,11.6,0.408,6.2,2.53,77.48,5.881
128.0,9.65,774.44,57.0,91.0,91.0,0.1,0.542,2.2,0.755,13.6,10.268,3.506,128.0
146.0,2.05,568.869,7.8,88.0,87.0,0.1,0.294,0.1,0.698,14.5,10.121,19.827,11.024000000000001
76.0,9.34,496.223,62.6,89.0,89.0,0.1,0.267,0.3,0.888,19.1,16.961,32.39,11.024000000000001
65.0,0.01,1259.94,24.1,99.0,99.0,0.1,0.655,13.8,0.675,12.1,8.168,13.983,11.024000000000001
381.0,3.65,0.0,42.9,93.0,93.0,3.0,0.174,3.4,0.0,0.0,0.0,32.888,7.776
328.0,1.22,22.19,14.2,59.0,46.0,3.3,0.019,11.4,0.346,6.6,2.284,232.295,1.079
259.0,3.65,0.0,27.3,52.0,52.0,0.9,0.045,6.5,0.427,9.9,4.227,126.927,23.545
266.0,3.65,0.0,23.8,66.0,64.0,1.5,0.073,7.7,0.438,8.4,3.679,78.576,3.167
35.0,2.47,24.658,18.5,61.0,57.0,4.1,0.032,9.8,0.0,7.1,0.0,182.316,4.375
293.0,0.02,15.296,13.8,5.0,5.0,0.1,0.022,19.5,0.381,6.8,2.591,403.553,2.442
374.0,8.9,133.123,22.2,54.0,54.0,4.8,0.233,11.3,0.492,9.5,4.674,14.896,0.458
66.0,8.7,0.0,67.5,92.0,92.0,0.1,0.383,0.4,0.913,19.2,17.53,14.975,11.024000000000001
37.0,9.29,183.698,28.7,44.0,45.0,10.1,0.398,7.8,0.633,12.3,7.786,8.114,12.333
176.0,6.58,44.792,43.1,71.0,78.0,2.5,0.028,3.8,0.651,12.2,7.942,209.814,19.556
276.0,0.1,35.809,16.1,57.0,57.0,1.4,0.029,11.4,0.293,3.8,1.113,238.199,2.604
174.0,10.1,0.0,57.4,92.0,93.0,0.1,0.174,2.6,0.784,12.3,9.643,35.585,11.024000000000001
299.0,0.01,50.58,22.7,42.0,51.0,0.5,0.056,7.5,0.412,8.6,3.543,100.493,7.293
297.0,0.01,41.252,18.2,95.0,95.0,0.7,0.031,7.4,0.404,10.6,4.282,241.996,9.281
64.0,9.33,1035.621,59.3,97.0,97.0,0.1,0.535,1.0,0.906,17.0,15.402,2.769,64.0
144.0,0.53,210.242,27.0,95.0,96.0,0.1,0.392,9.7,0.725,11.9,8.628,8.674,28.8
158.0,6.74,0.0,59.9,78.0,78.0,0.1,0.174,1.6,0.756,14.1,10.66,30.075,15.8
321.0,0.01,10.425,12.2,24.0,24.0,0.1,0.011,2.3,0.338,5.5,1.859,725.259,2.631
236.0,0.34,10.43,19.9,89.0,89.0,0.7,0.009,11.2,0.422,6.6,2.785,616.075,6.211
211.0,3.65,0.0,24.5,98.0,99.0,0.5,0.262,15.4,0.604,12.5,7.55,21.902,11.024000000000001
46.0,1.16,5.813,21.8,78.0,78.0,5.1,0.006,3.6,0.405,9.1,3.686,916.015,0.529
41.0,9.65,6.003,15.2,7.0,73.0,8.4,0.004,6.3,0.442,10.3,4.553,2425.271,0.299
141.0,0.01,31.807,55.3,97.0,97.0,0.1,0.059,5.5,0.747,15.9,11.877,59.033,47.0
22.0,0.28,4.633,17.0,82.0,82.0,0.6,0.03,13.2,0.474,8.0,3.792,60.181,0.265
21.0,2.78,0.0,62.4,84.0,84.0,0.1,0.174,0.2,0.608,10.2,6.202,47.064,11.024000000000001
288.0,2.55,47.13,22.5,78.0,8.0,6.0,0.054,8.3,0.401,8.9,3.569,125.316,41.143
99.0,4.17,112.949,47.3,94.0,94.0,0.1,0.046,2.2,0.712,11.9,8.473,178.44,99.0
12.0,11.69,508.75,52.2,97.0,97.0,0.1,0.375,1.3,0.86,16.5,14.19,23.212,11.024000000000001
21.0,5.67,312.8,42.6,95.0,96.0,1.5,0.368,3.6,0.684,12.2,8.345,12.295,11.024000000000001
8.0,0.01,269.143,4.2,99.0,99.0,0.1,0.416,5.7,0.863,15.0,12.945,6.363,11.024000000000001
185.0,0.08,211.878,23.8,81.0,81.0,0.3,0.364,1.6,0.662,12.3,8.143,7.448,1.149
155.0,5.39,30.935,45.6,81.0,85.0,0.1,0.26,2.1,0.663,12.1,8.022,35.125,51.667
136.0,11.37,0.0,54.8,99.0,99.0,0.1,0.174,1.3,0.813,14.8,12.032,47.064,11.024000000000001
278.0,5.16,0.0,12.3,57.0,51.0,0.1,0.174,1.5,0.459,8.0,3.672,19.572,13.9
93.0,12.71,0.0,64.5,99.0,99.0,0.1,0.174,1.8,0.675,12.3,8.302,43.333,11.024000000000001
173.0,0.01,3.696,1.4,83.0,82.0,0.1,0.004,2.9,0.459,7.3,3.351,529.255,0.547
366.0,0.64,76.524,18.2,46.0,39.0,3.1,0.099,8.8,0.387,7.3,2.825,34.684,4.692
184.0,13.29,8.986,57.1,98.0,99.0,0.1,0.067,2.2,0.775,14.6,11.315,112.323,184.0
242.0,8.36,0.0,48.7,98.0,97.0,0.1,0.174,3.1,0.675,12.3,8.302,9.355,242.0
241.0,0.12,59.66,22.1,85.0,83.0,0.2,0.083,7.0,0.479,10.6,5.077,73.544,120.5
296.0,0.3,9.53,18.3,85.0,85.0,0.6,0.064,13.2,0.493,8.2,4.043,29.068,3.083
16.0,13.25,0.0,62.6,99.0,99.0,0.1,0.174,1.9,0.675,12.3,8.302,39.144,11.024000000000001
259.0,0.68,6.449,17.1,77.0,77.0,0.5,0.005,7.8,0.491,9.4,4.615,975.564,5.286
395.0,5.44,7.563,24.4,81.0,82.0,7.0,0.011,6.6,0.456,8.0,3.648,431.902,4.438
266.0,0.01,0.0,21.1,79.0,8.0,1.1,0.174,9.7,0.675,12.3,8.302,24.852,0.853
277.0,8.86,46.197,57.2,98.0,98.0,0.7,0.037,2.5,0.723,14.8,10.7,173.01,46.167
21.0,0.01,45.338,22.9,88.0,88.0,0.3,0.126,12.9,0.547,9.1,4.978,18.048,0.404
14.0,1.49,256.434,54.3,88.0,88.0,0.1,0.312,5.2,0.653,11.1,7.248,16.522,0.28
167.0,9.06,662.266,41.1,91.0,91.0,0.1,0.677,3.9,0.0,15.1,0.0,8.843,11.024000000000001
183.0,2.56,92.815,4.0,99.0,98.0,0.2,0.121,3.1,0.651,11.8,7.682,51.996,7.625
65.0,8.44,473.192,58.8,97.0,96.0,0.1,0.335,0.5,0.856,16.0,13.696,26.364,32.5
88.0,1.62,659.85,18.7,98.0,98.0,0.1,0.443,14.3,0.622,12.0,7.464,16.621,11.024000000000001
434.0,1.23,67.334,18.5,71.0,8.0,16.2,0.037,3.9,0.341,7.3,2.489,186.647,3.709
23.0,2.83,52.302,5.8,99.0,99.0,0.3,0.033,1.8,0.657,12.9,8.475,189.391,7.667
166.0,0.32,51.992,37.4,97.0,96.0,0.2,0.083,3.7,0.608,11.1,6.749,71.684,13.833
132.0,0.01,10.446,17.7,97.0,97.0,0.1,0.018,18.1,0.57,10.0,5.7,153.945,1.091
158.0,5.95,71.685,27.9,99.0,99.0,0.2,0.057,8.2,0.711,13.1,9.314,66.31,13.167
159.0,5.61,318.62,44.2,95.0,95.0,0.1,0.231,2.2,0.649,12.0,7.788,27.698,39.75
365.0,0.56,67.763,17.5,4.0,33.0,3.9,0.099,9.2,0.37,6.7,2.479,32.047,4.62
28.0,1.25,3.181,23.6,94.0,94.0,2.6,0.002,7.7,0.519,9.1,4.723,2938.765,0.459
157.0,5.93,97.522,56.8,82.0,83.0,0.3,0.063,3.3,0.709,13.2,9.359,65.721,22.429
14.0,12.06,149.66,64.5,95.0,95.0,0.1,0.769,1.9,0.781,14.4,11.246,10.318,14.0
397.0,3.65,0.0,22.7,47.0,47.0,4.4,0.035,8.2,0.347,7.1,2.464,165.003,18.905
137.0,4.25,20.218,48.8,92.0,9.0,0.1,0.164,2.0,0.679,10.9,7.401,31.92,137.0
15.0,0.05,688.097,57.7,95.0,95.0,0.1,0.867,7.3,0.745,12.1,9.014,4.938,1.364
24.0,0.05,0.0,35.1,79.0,79.0,0.1,0.174,13.8,0.477,8.6,4.102,28.238,0.49
19.0,10.85,0.0,56.0,93.0,94.0,0.1,0.174,2.6,0.781,12.1,9.45,30.19,11.024000000000001
235.0,0.01,257.84,48.0,99.0,99.0,0.1,0.377,2.2,0.701,14.6,10.235,11.791,117.5
356.0,5.12,62.11,29.4,81.0,86.0,15.2,0.042,12.0,0.578,11.3,6.531,165.826,89.0
199.0,4.52,72.8,51.8,84.0,84.0,0.6,0.053,3.5,0.678,11.5,7.797,118.005,11.024000000000001
18.0,8.74,0.0,65.7,94.0,96.0,0.1,0.174,0.7,0.675,12.3,8.302,92.98,0.581
16.0,5.88,547.21,26.8,99.0,99.0,0.3,0.422,8.3,0.706,13.0,9.178,9.745,1.333
26.0,1.95,81.047,57.3,99.0,99.0,0.1,0.418,4.0,0.7,14.3,10.01,8.798,11.024000000000001
122.0,0.61,70.468,48.9,99.0,99.0,0.1,0.113,7.1,0.734,11.5,8.441,26.385,122.0
491.0,6.45,76.319,33.2,96.0,96.0,14.4,0.538,9.6,0.61,11.9,7.259,9.161,163.667
169.0,0.85,334.167,44.1,67.0,69.0,0.1,0.179,1.6,0.0,10.7,0.0,23.027,11.024000000000001
188.0,8.24,601.761,27.1,98.0,98.0,0.1,0.759,6.3,0.0,12.3,0.0,6.087,11.024000000000001
174.0,2.61,28.808,38.8,88.0,94.0,1.7,0.019,2.8,0.551,9.8,5.4,353.775,21.75
25.0,4.47,418.921,51.1,84.0,83.0,0.6,0.36,3.5,0.672,11.3,7.594,18.833,11.024000000000001
22.0,5.46,47.089,24.0,97.0,97.0,1.2,0.084,6.9,0.521,10.2,5.314,92.936,11.024000000000001
134.0,0.01,495.078,54.2,93.0,93.0,0.1,0.279,2.4,0.0,0.0,0.0,31.912,11.024000000000001
24.0,2.08,57.735,14.8,82.0,82.0,0.9,0.063,11.3,0.495,10.3,5.099,59.427,1.2
378.0,5.72,11.227,13.8,76.0,83.0,4.8,0.013,8.4,0.279,5.2,1.451,563.699,9.947
121.0,6.9,119.212,54.9,91.0,87.0,0.1,0.093,2.0,0.758,12.9,9.778,80.858,121.0
348.0,3.98,0.0,21.9,9.0,92.0,2.4,0.174,6.9,0.675,12.3,8.302,32.83,2.762
265.0,3.33,0.0,13.3,55.0,53.0,0.1,0.174,1.3,0.468,8.0,3.744,25.254,14.722
159.0,3.14,231.911,45.1,93.0,93.0,0.6,0.175,2.3,0.597,11.1,6.627,47.924,31.8
132.0,7.24,194.173,52.0,88.0,92.0,0.1,0.297,2.6,0.738,13.3,9.815,5.055,132.0
386.0,9.3,105.591,21.0,6.0,53.0,5.0,0.138,12.0,0.481,9.2,4.425,28.892,0.455
338.0,4.05,2.03,15.7,96.0,94.0,2.4,0.002,7.8,0.336,8.6,2.89,2986.956,9.941
12.0,1.75,0.0,54.9,98.0,97.0,0.1,0.174,2.5,0.0,11.9,0.0,45.629,11.024000000000001
175.0,3.43,199.412,66.5,83.0,85.0,0.1,0.156,0.2,0.645,12.0,7.74,33.155,11.024000000000001
3.0,0.01,16.887,13.0,36.0,36.0,0.1,0.019,19.9,0.341,6.2,2.114,416.155,0.025
266.0,6.08,56.779,4.7,62.0,63.0,2.7,0.062,4.2,0.458,8.4,3.847,90.386,11.565
262.0,12.23,145.423,55.3,99.0,99.0,0.1,0.148,2.5,0.687,13.6,9.343,43.713,262.0
116.0,3.64,165.617,47.6,87.0,85.0,0.1,0.146,3.3,0.0,0.0,0.0,54.019,11.024000000000001
114.0,8.4,0.0,62.4,91.0,96.0,0.1,0.174,0.7,0.675,12.3,8.302,89.537,3.455
371.0,7.34,978.591,49.5,73.0,73.0,4.5,0.689,5.4,0.652,12.8,8.346,12.75,6.87
3.0,6.64,44.257,36.5,56.0,53.0,4.6,0.033,4.5,0.447,8.1,3.621,161.88,0.12
11.0,3.84,151.14,48.8,86.0,8.0,0.1,0.176,3.1,0.0,11.9,0.0,40.278,11.024000000000001
284.0,0.01,5.141,22.2,63.0,63.0,1.0,0.005,7.7,0.406,8.5,3.451,1044.248,6.927
77.0,2.0,278.36,57.6,97.0,97.0,0.1,0.298,6.1,0.813,14.4,11.707,12.75,11.024000000000001
338.0,4.53,3.196,12.9,69.0,69.0,3.2,0.003,11.0,0.0,3.6,0.0,2093.685,3.634
18.0,1.47,0.0,57.4,95.0,95.0,0.1,0.174,2.3,0.732,13.0,9.516,39.201,11.024000000000001
178.0,5.73,1168.324,56.3,84.0,84.0,0.9,0.929,3.5,0.708,12.7,8.992,7.431,11.024000000000001
321.0,0.59,124.379,39.6,62.0,68.0,1.4,0.059,1.5,0.433,7.2,3.118,115.548,22.929
122.0,13.01,0.0,6.4,97.0,97.0,0.1,0.174,2.2,0.675,12.3,8.302,40.923,11.024000000000001
79.0,2.1,170.737,56.8,98.0,98.0,0.1,0.194,6.1,0.81,14.2,11.502,19.593,11.024000000000001
162.0,0.73,81.289,44.7,79.0,75.0,0.1,0.158,2.9,0.675,11.2,7.56,49.768,23.143
98.0,4.13,787.281,57.7,99.0,96.0,0.1,0.568,3.4,0.784,17.6,13.798,2.094,98.0
254.0,0.73,145.597,16.7,95.0,95.0,0.3,0.125,17.8,0.0,9.2,0.0,42.309,254.0
23.0,2.31,60.651,58.0,99.0,99.0,0.1,0.337,4.0,0.704,14.5,10.208,12.629,11.024000000000001
77.0,10.88,0.0,63.6,94.0,94.0,0.1,0.174,0.8,0.675,12.3,8.302,54.583,19.25
19.0,5.26,99.081,54.8,96.0,96.0,0.5,0.083,3.5,0.7,12.3,8.61,69.749,11.024000000000001
312.0,0.01,38.732,17.1,96.0,96.0,1.2,0.026,7.5,0.393,10.3,4.048,310.944,9.455
164.0,1.58,0.0,68.7,76.0,77.0,0.1,0.174,0.2,0.639,11.7,7.476,78.689,11.024000000000001
221.0,4.41,250.711,49.0,74.0,73.0,1.6,0.223,3.5,0.0,11.0,0.0,31.954,11.024000000000001
36.0,4.19,0.0,2.7,94.0,91.0,4.6,0.174,7.1,0.675,12.3,8.302,30.42,0.275
363.0,0.79,10.972,13.2,55.0,37.0,4.4,0.012,11.6,0.306,5.2,1.591,395.285,1.008
29.0,0.22,42.255,21.2,63.0,63.0,2.0,0.046,8.0,0.385,8.4,3.234,103.195,0.674
191.0,6.25,365.8,43.8,96.0,96.0,0.8,0.394,3.6,0.695,12.8,8.896,11.3,11.024000000000001
165.0,3.13,0.0,26.7,99.0,68.0,0.1,0.174,5.8,0.675,12.3,8.302,32.888,11.0
176.0,3.65,0.0,27.4,8.0,78.0,0.3,0.334,1.4,0.686,12.9,8.849,17.156,1.294
95.0,3.65,0.0,6.5,92.0,92.0,0.1,0.115,1.7,0.775,14.2,11.005,49.976,95.0
288.0,0.82,20.533,44.2,79.0,73.0,1.1,0.117,1.4,0.477,9.2,4.388,37.364,20.571
126.0,5.52,58.46,48.6,95.0,98.0,0.1,0.427,2.2,0.728,12.8,9.318,17.788,63.0
168.0,0.22,0.0,57.8,96.0,96.0,0.1,0.174,2.9,0.671,12.4,8.32,30.993,2.625
272.0,0.01,78.184,17.6,67.0,67.0,0.1,0.067,17.9,0.463,9.8,4.537,127.284,2.925
186.0,4.8,0.0,4.1,99.0,98.0,0.7,0.174,4.0,0.0,12.7,0.0,21.408,11.024000000000001
144.0,4.66,780.595,52.0,93.0,93.0,0.1,0.468,2.3,0.675,11.9,8.033,13.354,8.471
26.0,3.79,126.698,43.9,99.0,95.0,0.1,0.164,2.2,0.661,13.0,8.593,34.234,13.0
279.0,0.01,79.679,16.7,66.0,66.0,0.1,0.055,18.4,0.448,9.2,4.122,166.501,2.735
92.0,0.09,173.576,64.7,98.0,98.0,0.1,0.238,7.4,0.804,13.9,11.176,15.0,10.222
113.0,10.6,0.0,58.4,97.0,97.0,0.1,0.174,1.2,0.841,15.1,12.699,48.786,11.024000000000001
88.0,12.68,0.0,65.6,99.0,97.0,0.1,0.174,1.8,0.675,12.3,8.302,42.53,11.024000000000001
29.0,0.14,8.574,14.4,88.0,88.0,0.1,0.009,18.9,0.0,7.6,0.0,684.041,29.0
294.0,1.73,56.59,18.9,9.0,9.0,4.3,0.097,8.2,0.523,11.1,5.805,41.044,3.303
59.0,11.32,283.33,57.8,99.0,99.0,0.1,0.382,0.9,0.853,14.6,12.454,18.912,11.024000000000001
234.0,2.26,0.0,44.0,76.0,77.0,0.1,0.174,1.4,0.61,14.0,8.54,37.479,13.0
28.0,6.18,6.996,39.6,61.0,6.0,3.3,0.005,4.3,0.455,8.3,3.777,1057.851,1.217
428.0,7.28,1038.886,47.2,72.0,72.0,11.0,0.737,7.3,0.63,12.8,8.064,11.528,6.903
261.0,0.01,48.099,25.6,8.0,8.0,1.2,0.041,7.0,0.416,9.6,3.994,28.719,21.75
17.0,6.66,233.849,39.8,9.0,89.0,0.1,0.142,2.5,0.624,11.8,7.363,53.671,3.4
75.0,3.65,0.0,64.2,99.0,99.0,0.1,0.392,5.3,0.836,13.3,11.119,14.631,75.0
284.0,3.65,0.0,23.3,42.0,54.0,0.5,0.055,7.3,0.414,8.8,3.643,103.484,7.1
429.0,7.38,365.259,4.9,71.0,71.0,24.0,0.268,15.4,0.629,13.0,8.177,30.956,5.645
17.0,1.34,321.769,5.6,95.0,95.0,0.1,0.276,6.4,0.667,13.5,9.004,19.387,4.25
142.0,3.65,0.0,56.1,98.0,96.0,0.1,0.877,2.7,0.754,15.2,11.461,6.534,3.021
191.0,2.36,469.39,52.8,89.0,89.0,0.3,0.348,1.7,0.662,12.9,8.54,19.866,95.5
64.0,9.78,578.742,63.5,97.0,97.0,0.1,0.374,0.6,0.86,16.4,14.104,25.557,32.0
216.0,4.19,137.327,21.1,87.0,87.0,0.1,0.167,1.0,0.648,11.4,7.387,23.54,2.7
288.0,4.5,107.799,15.6,92.0,93.0,1.5,0.057,9.5,0.345,5.4,1.863,118.979,3.6
235.0,4.61,134.168,45.9,96.0,95.0,0.1,0.172,2.2,0.686,13.8,9.467,30.773,117.5
145.0,8.02,516.055,54.0,98.0,99.0,0.1,0.52,2.5,0.79,15.0,11.85,12.145,48.333
345.0,0.61,5.594,12.8,89.0,86.0,2.0,0.021,1.0,0.0,4.3,0.0,184.746,34.5
171.0,0.32,43.341,36.6,95.0,93.0,0.2,0.074,3.7,0.603,11.1,6.693,86.736,14.25
394.0,0.45,49.092,16.4,3.0,19.0,4.7,0.093,9.8,0.338,6.0,2.028,31.411,4.925
93.0,11.02,850.954,55.4,93.0,93.0,0.1,0.523,1.2,0.902,16.9,15.244,18.954,11.024000000000001
487.0,2.08,10.851,19.2,77.0,8.0,13.6,0.011,6.9,0.492,11.1,5.461,386.414,9.549
214.0,5.16,182.616,47.2,66.0,79.0,2.1,0.242,3.6,0.666,12.5,8.325,17.655,26.75
285.0,0.88,23.407,45.7,69.0,72.0,1.0,0.018,1.3,0.494,9.9,4.891,279.929,21.923
162.0,5.92,609.951,25.7,99.0,99.0,0.3,0.438,8.5,0.7,12.9,9.03,8.941,12.462
282.0,0.29,151.976,14.9,89.0,86.0,0.1,0.089,18.6,0.0,8.0,0.0,87.531,282.0
368.0,3.97,0.0,2.2,88.0,85.0,6.4,0.174,7.2,0.675,12.3,8.302,22.786,2.726
42.0,4.21,9.758,21.1,49.0,35.0,3.2,0.013,8.7,0.373,10.3,3.842,260.55,2.333
188.0,3.65,0.0,24.3,85.0,89.0,0.3,0.01,9.5,0.491,9.5,4.664,589.489,7.231
79.0,9.15,442.377,61.5,87.0,89.0,0.1,0.254,0.3,0.884,18.4,16.266,31.004,11.024000000000001
154.0,7.51,163.768,38.9,99.0,97.0,0.1,0.937,3.6,0.0,0.0,0.0,4.78,11.024000000000001
15.0,5.16,26.993,49.9,97.0,98.0,0.1,0.028,1.8,0.685,10.8,7.398,220.211,15.0
138.0,0.48,264.25,28.8,96.0,96.0,0.1,0.447,9.3,0.724,12.1,8.76,8.838,34.5
137.0,0.01,59.259,16.4,94.0,94.0,0.1,0.086,18.5,0.557,9.9,5.514,44.39,0.986
19.0,4.48,518.936,53.8,99.0,89.0,0.1,0.378,3.4,0.719,14.2,10.21,24.815,19.0
142.0,3.65,0.0,48.4,99.0,92.0,0.1,0.923,3.8,0.751,15.8,11.866,6.211,11.024000000000001
148.0,5.03,573.435,48.6,8.0,86.0,0.2,0.449,2.0,0.679,12.3,8.352,3.322,49.333
137.0,3.96,201.186,5.7,94.0,93.0,0.1,0.3,2.0,0.725,11.9,8.628,15.182,137.0
139.0,1.83,300.162,15.2,98.0,98.0,0.1,0.218,14.8,0.577,11.3,6.52,36.615,11.024000000000001
25.0,8.44,453.783,59.6,72.0,76.0,0.2,0.386,2.4,0.739,15.1,11.159,19.352,5.0
345.0,1.37,6.226,19.3,85.0,84.0,5.0,0.038,8.1,0.436,10.2,4.447,147.767,15.682
148.0,5.36,441.845,47.9,83.0,87.0,0.1,0.386,2.0,0.679,12.3,8.352,3.445,49.333
431.0,4.94,459.157,28.7,74.0,86.0,19.2,0.389,12.6,0.57,11.4,6.498,18.528,107.75
271.0,0.26,45.09,18.4,8.0,8.0,0.1,0.054,7.6,0.0,9.2,0.0,67.124,135.5
157.0,1.35,330.101,66.2,91.0,89.0,0.1,0.184,0.1,0.674,13.2,8.897,30.773,11.024000000000001
184.0,3.65,0.0,44.7,99.0,99.0,0.1,0.214,3.0,0.697,12.1,8.434,26.783,10.824
74.0,2.16,142.099,29.2,94.0,94.0,0.1,0.222,2.1,0.818,12.6,10.307,12.8,11.024000000000001
138.0,0.38,62.867,45.9,99.0,99.0,0.1,0.086,7.2,0.0,10.4,0.0,42.978,138.0
242.0,0.04,0.0,34.5,78.0,78.0,0.1,0.174,13.9,0.475,8.7,4.132,27.665,4.745
14.0,4.19,240.14,23.7,94.0,93.0,0.8,0.198,8.7,0.574,11.1,6.371,28.311,11.024000000000001
288.0,8.01,40.537,31.4,44.0,45.0,10.7,0.073,7.1,0.646,12.4,8.01,39.599,96.0
76.0,10.46,31.135,59.5,95.0,95.0,0.1,0.024,1.4,0.888,17.6,15.629,382.376,11.024000000000001
64.0,7.09,899.179,26.4,99.0,97.0,0.1,0.486,1.8,0.881,15.0,13.215,19.562,16.0
114.0,0.4,546.624,64.0,98.0,98.0,0.1,0.4,3.9,0.737,13.1,9.655,18.085,28.5
14.0,11.4,15.715,57.2,96.0,99.0,0.1,0.014,2.2,0.813,15.0,12.195,491.45,4.667
183.0,2.82,0.0,62.0,79.0,75.0,0.1,0.174,0.3,0.604,10.1,6.1,49.245,11.024000000000001
18.0,6.51,16.492,33.5,99.0,99.0,0.1,0.018,5.8,0.74,13.2,9.768,195.852,11.024000000000001
483.0,4.8,368.285,27.2,81.0,81.0,24.0,0.329,13.7,0.559,11.7,6.54,19.654,120.75
211.0,2.77,57.746,5.1,96.0,96.0,0.2,0.036,1.8,0.651,12.9,8.398,184.601,70.333
148.0,3.82,155.207,22.6,92.0,91.0,0.8,0.137,9.2,0.569,11.3,6.43,37.625,11.024000000000001
323.0,1.21,41.961,21.4,83.0,83.0,3.8,0.049,7.3,0.449,11.0,4.939,110.259,15.381
61.0,3.65,0.0,27.4,99.0,99.0,0.1,0.841,13.6,0.701,12.7,8.903,6.815,11.024000000000001
138.0,7.76,123.013,54.6,85.0,83.0,0.1,0.072,1.2,0.771,15.6,12.028,130.789,10.615
15.0,3.73,104.517,46.9,98.0,98.0,0.1,0.145,2.0,0.67,10.7,7.169,43.319,15.0
141.0,2.37,42.731,22.7,99.0,99.0,0.1,0.038,15.2,0.76,14.0,10.64,91.745,47.0
127.0,12.73,649.391,54.7,94.0,93.0,0.1,0.493,2.1,0.739,12.2,9.016,15.55,11.024000000000001
29.0,2.09,5.89,56.6,99.0,99.0,0.1,0.048,4.1,0.698,14.2,9.912,78.256,11.024000000000001
382.0,5.04,98.191,17.7,39.0,38.0,2.6,0.144,1.0,0.426,6.8,2.897,28.38,2.581
157.0,3.88,187.384,45.1,88.0,88.0,0.3,0.219,1.5,0.675,12.5,8.438,21.136,15.7
157.0,10.96,384.147,59.1,94.0,95.0,0.1,0.339,2.3,0.738,13.3,9.815,23.335,157.0
188.0,3.65,0.0,62.7,99.0,99.0,0.1,0.493,4.0,0.734,15.3,11.23,11.627,11.024000000000001
211.0,2.48,385.325,44.2,96.0,96.0,0.1,0.444,3.2,0.0,10.6,0.0,4.477,26.375
189.0,6.43,4.674,45.1,74.0,82.0,2.4,0.004,3.7,0.66,12.3,8.118,1571.468,23.625
287.0,0.03,25.874,15.7,64.0,64.0,0.1,0.037,18.8,0.433,8.7,3.767,223.752,2.609
29.0,0.01,62.484,28.8,8.0,8.0,1.2,0.136,8.3,0.491,7.8,3.83,24.618,2.417
38.0,1.53,31.094,21.2,8.0,8.0,3.4,0.037,8.6,0.489,7.9,3.863,83.824,0.603
258.0,7.6,708.329,47.9,99.0,99.0,0.1,0.853,2.4,0.758,14.6,11.067,4.281,28.667
385.0,6.09,10.619,13.0,72.0,81.0,5.3,0.013,8.8,0.268,4.5,1.206,374.97,9.625
355.0,8.1,35.959,22.1,67.0,77.0,2.3,0.048,8.6,0.523,11.4,5.962,88.067,3.381
236.0,0.04,0.0,38.7,68.0,67.0,0.1,0.174,13.7,0.494,9.0,4.446,32.888,5.13
125.0,1.98,263.143,48.8,91.0,87.0,0.1,0.72,2.8,0.741,11.7,8.67,7.084,20.833
473.0,3.12,0.0,2.9,68.0,61.0,6.7,0.174,7.5,0.675,12.3,8.302,26.689,5.141
28.0,0.54,162.29,74.6,84.0,86.0,0.1,0.13,0.1,0.576,11.9,6.854,94.319,11.024000000000001
219.0,3.23,0.0,46.7,82.0,83.0,0.2,0.174,1.3,0.625,14.3,8.938,29.788,14.6
281.0,1.29,45.335,18.8,77.0,76.0,2.1,0.038,9.5,0.395,6.6,2.607,124.182,7.025
484.0,3.65,0.0,32.6,9.0,93.0,9.3,0.017,5.5,0.495,10.7,5.296,332.311,80.667
133.0,3.65,0.0,6.7,89.0,89.0,0.1,0.897,2.5,0.798,14.7,11.731,6.387,66.5
187.0,6.37,136.884,39.3,9.0,88.0,0.7,0.165,6.1,0.76,12.4,9.424,29.138,11.024000000000001
254.0,0.01,28.669,27.3,91.0,9.0,0.9,0.182,6.6,0.57,11.5,6.555,25.499,4.618
217.0,2.53,0.0,39.5,95.0,95.0,0.2,0.174,3.3,0.624,12.6,7.862,38.455,54.25
139.0,9.1,10.326,57.7,89.0,89.0,0.1,0.009,2.9,0.798,15.7,12.529,609.403,69.5
184.0,2.15,9.291,38.7,98.0,96.0,0.3,0.008,3.1,0.631,11.8,7.446,709.149,7.077
151.0,1.8,423.295,68.6,91.0,9.0,0.1,0.229,0.1,0.693,14.6,10.118,21.3,11.024000000000001
443.0,2.58,0.0,23.2,75.0,76.0,5.3,0.174,6.8,0.675,12.3,8.302,36.446,5.092
124.0,13.39,11.636,55.8,95.0,95.0,0.1,0.065,2.0,0.759,12.6,9.563,94.779,11.024000000000001
192.0,3.78,0.0,51.2,95.0,94.0,0.1,0.174,1.2,0.661,13.8,9.122,34.208,19.2
165.0,0.23,0.0,58.6,93.0,93.0,0.1,0.174,2.9,0.673,12.4,8.345,30.362,2.578
177.0,0.38,2.094,33.0,82.0,86.0,0.3,0.004,3.9,0.563,10.5,5.911,1513.465,13.615
158.0,0.01,8.523,18.5,92.0,92.0,0.1,0.007,15.9,0.551,12.4,6.832,776.656,7.182
12.0,4.26,708.616,56.2,99.0,95.0,0.1,0.538,3.4,0.771,17.1,13.184,3.325,12.0
182.0,0.36,13.257,32.5,82.0,85.0,0.3,0.024,4.0,0.553,10.1,5.585,189.774,13.0
279.0,0.49,177.267,31.7,89.0,89.0,3.2,0.125,5.7,0.436,5.3,2.311,66.745,139.5
219.0,4.42,159.535,22.1,86.0,87.0,0.1,0.183,1.0,0.661,11.7,7.734,24.143,2.882
145.0,0.01,15.607,87.3,87.0,87.0,0.1,0.013,0.1,0.675,9.6,6.48,345.156,11.024000000000001
198.0,3.65,0.0,77.6,8.0,78.0,0.1,0.143,0.1,0.586,11.9,6.973,40.207,11.024000000000001
146.0,3.97,47.353,71.4,54.0,26.0,0.1,0.036,0.2,0.688,12.9,8.875,126.001,11.024000000000001
48.0,1.85,15.881,15.4,3.0,28.0,2.0,0.055,1.9,0.382,4.6,1.757,50.314,0.3
256.0,11.05,162.809,57.5,98.0,97.0,0.2,0.168,2.3,0.773,13.7,10.59,40.751,15.059
141.0,2.86,53.194,47.4,97.0,94.0,0.1,0.069,2.1,0.644,11.1,7.148,85.605,141.0
213.0,2.77,440.603,49.4,89.0,89.0,0.2,0.284,1.9,0.644,12.7,8.179,25.333,71.0
217.0,2.9,691.133,47.7,98.0,98.0,0.1,0.797,3.3,0.683,10.8,7.376,3.386,27.125
12.0,1.24,469.628,53.9,98.0,98.0,0.1,0.378,6.3,0.695,14.3,9.938,14.91,3.0
159.0,7.19,394.932,49.4,99.0,99.0,0.1,0.732,3.1,0.7,13.5,9.45,11.306,2.178
344.0,3.65,0.0,25.4,49.0,49.0,3.7,0.266,9.8,0.525,10.0,5.25,21.559,0.461
124.0,4.16,360.621,26.2,99.0,99.0,0.4,0.364,7.8,0.615,12.2,7.503,10.87,11.024000000000001
41.0,9.75,30.196,18.3,42.0,29.0,5.4,0.051,13.5,0.0,8.1,0.0,87.923,0.045
199.0,3.65,0.0,23.8,89.0,89.0,0.3,0.119,12.8,0.552,9.1,5.023,47.955,3.98
281.0,0.01,25.709,47.2,8.0,79.0,0.8,0.023,1.3,0.506,10.0,5.06,209.057,21.615
291.0,0.2,29.747,2.8,62.0,64.0,2.2,0.044,8.2,0.38,8.3,3.154,103.933,6.614
267.0,0.81,23.728,15.4,74.0,78.0,0.6,0.024,8.2,0.466,8.7,4.054,200.541,4.603
115.0,8.33,0.0,61.7,9.0,94.0,0.1,0.174,0.8,0.675,12.3,8.302,83.51,3.485
14.0,1.02,176.011,45.9,81.0,79.0,0.1,0.386,2.8,0.708,11.6,8.213,13.226,2.0
145.0,0.36,148.512,46.1,86.0,86.0,0.1,0.178,6.3,0.653,11.1,7.248,21.008,6.304
167.0,10.15,0.0,6.1,93.0,93.0,0.1,0.174,2.5,0.791,12.6,9.967,41.899,11.024000000000001
254.0,1.33,94.257,23.0,77.0,76.0,1.4,0.076,7.8,0.451,9.5,4.284,65.368,6.513
263.0,0.11,5.665,16.9,71.0,71.0,1.1,0.034,11.0,0.307,4.2,1.289,205.196,2.657
371.0,7.07,249.91,19.3,65.0,69.0,2.6,0.387,9.5,0.468,8.1,3.791,9.914,2.789
69.0,10.16,100.809,53.3,97.0,97.0,0.1,0.156,0.9,0.8,12.4,9.92,36.961,11.024000000000001
121.0,8.15,187.611,59.8,95.0,94.0,0.1,0.128,1.0,0.802,16.8,13.474,51.306,11.0
67.0,6.68,142.375,58.5,94.0,94.0,0.1,0.082,0.7,0.936,17.4,16.286,116.096,11.024000000000001
294.0,0.01,41.6,22.6,84.0,84.0,1.7,0.056,7.0,0.464,12.0,5.568,90.776,14.0
162.0,9.99,0.0,52.7,92.0,9.0,0.1,0.174,2.7,0.675,12.3,8.302,7.576,162.0
471.0,5.28,294.657,26.5,82.0,79.0,24.7,0.248,14.2,0.554,11.7,6.482,26.24,117.75
175.0,3.65,0.0,5.9,94.0,94.0,0.2,0.486,3.5,0.706,12.8,9.037,11.799,11.024000000000001
76.0,2.0,231.548,58.5,97.0,97.0,0.1,0.237,6.0,0.815,14.4,11.736,13.377,11.024000000000001
29.0,5.57,38.109,38.5,6.0,6.0,3.9,0.046,4.4,0.452,8.2,3.706,94.964,1.208
267.0,1.69,195.982,25.5,94.0,94.0,1.9,0.131,7.1,0.547,10.5,5.744,40.59,4.525
189.0,11.64,0.0,55.2,98.0,99.0,0.2,0.174,2.7,0.779,12.1,9.426,29.559,11.024000000000001
12.0,3.91,295.609,54.1,95.0,93.0,0.1,0.4,2.1,0.739,12.7,9.385,11.201,12.0
57.0,7.3,1212.666,58.5,98.0,98.0,0.1,0.629,1.4,0.904,15.8,14.283,19.025,11.024000000000001
186.0,0.04,28.126,13.9,62.0,63.0,0.1,0.044,11.9,0.511,11.0,5.621,14.754,62.0
54.0,9.04,212.086,59.2,99.0,99.0,0.1,0.28,0.9,0.85,13.8,11.73,26.635,11.024000000000001
166.0,3.48,155.588,44.5,99.0,96.0,2.3,0.347,1.9,0.694,11.9,8.259,13.144,166.0
115.0,0.58,78.511,5.1,98.0,98.0,0.1,0.145,7.0,0.748,11.6,8.677,15.939,115.0
145.0,0.19,21.823,55.8,74.0,74.0,0.1,0.045,5.3,0.646,10.4,6.718,84.55,3.718
226.0,14.09,434.799,58.7,98.0,96.0,0.1,0.518,2.1,0.771,15.4,11.873,13.313,226.0
92.0,4.61,693.823,54.2,87.0,92.0,0.1,0.472,2.5,0.728,13.9,10.119,21.047,11.024000000000001
178.0,1.9,0.0,63.6,94.0,94.0,0.1,0.174,0.2,0.617,10.7,6.602,69.506,11.024000000000001
86.0,5.78,109.874,31.9,99.0,99.0,0.1,0.769,3.7,0.723,13.1,9.471,7.213,0.434
167.0,0.04,57.877,22.5,75.0,74.0,0.1,0.123,2.0,0.525,7.5,3.938,25.274,0.364
275.0,3.65,0.0,26.3,87.0,87.0,3.2,0.06,7.1,0.421,9.2,3.873,96.115,45.833
117.0,6.45,489.682,58.5,91.0,92.0,0.1,0.671,2.0,0.785,14.6,11.461,9.988,11.024000000000001
162.0,0.01,7.829,39.9,94.0,97.0,0.2,0.011,3.6,0.622,11.3,7.029,609.054,14.727
73.0,9.84,46.387,59.6,92.0,92.0,0.1,0.028,0.7,0.902,20.1,18.13,299.009,36.5
122.0,5.53,623.91,5.3,88.0,92.0,0.1,0.492,2.1,0.74,12.9,9.546,15.194,61.0
39.0,1.49,25.56,2.1,81.0,79.0,3.5,0.027,9.0,0.485,8.0,3.88,130.679,0.609
96.0,10.15,524.778,58.6,97.0,97.0,0.1,0.412,0.9,0.869,17.2,14.947,20.351,11.024000000000001
154.0,10.6,919.167,55.0,96.0,96.0,0.1,0.823,3.2,0.766,14.1,10.801,6.334,51.333
131.0,0.01,698.352,73.8,62.0,67.0,0.1,0.422,0.2,0.7,12.9,9.03,16.356,11.024000000000001
118.0,3.65,0.0,52.5,98.0,96.0,0.1,0.005,2.8,0.758,12.7,9.627,1066.64,19.667
89.0,7.93,177.493,6.6,92.0,92.0,0.1,0.129,0.8,0.815,15.2,12.388,54.174,44.5
13.0,7.63,719.366,56.3,91.0,98.0,0.1,0.426,1.1,0.775,16.3,12.632,16.068,1.083
258.0,3.65,0.0,21.6,78.0,81.0,1.1,0.174,9.5,0.675,12.3,8.302,32.888,0.838
152.0,4.5,34.703,47.4,95.0,94.0,0.4,0.022,1.3,0.686,13.3,9.124,212.048,8.0
159.0,11.9,128.081,55.6,95.0,96.0,0.1,0.114,3.1,0.78,14.7,11.466,46.892,53.0
132.0,0.47,438.452,33.4,97.0,97.0,0.1,0.853,8.5,0.747,12.5,9.338,4.07,33.0
15.0,11.51,17.821,62.4,99.0,99.0,0.1,0.145,1.7,0.821,15.4,12.643,54.085,15.0
169.0,1.89,0.0,67.0,83.0,84.0,0.1,0.174,0.2,0.638,11.7,7.465,78.976,11.024000000000001
278.0,7.31,217.435,56.4,95.0,96.0,0.9,0.183,2.7,0.707,14.5,10.252,35.027,46.333
291.0,3.65,0.0,18.5,82.0,78.0,3.1,0.069,5.6,0.488,10.0,4.88,82.643,3.129
12.0,1.37,53.085,54.7,99.0,99.0,0.1,0.043,6.3,0.701,14.3,10.024,130.64,4.0
286.0,2.99,0.0,23.5,97.0,98.0,2.7,0.174,8.4,0.434,8.9,3.863,33.576,47.667
21.0,0.32,44.121,51.9,69.0,74.0,0.1,0.139,5.4,0.603,9.8,5.909,40.29,0.568
373.0,5.89,9.043,25.4,79.0,8.0,6.3,0.012,6.3,0.473,9.2,4.352,468.316,4.388
22.0,3.95,0.0,49.3,9.0,91.0,0.2,0.174,1.2,0.643,13.8,8.873,31.223,1.833
183.0,0.38,2.626,34.1,76.0,83.0,0.3,0.004,3.8,0.579,10.7,6.195,1335.66,15.25
427.0,6.56,476.863,34.2,96.0,96.0,12.7,0.563,8.8,0.646,12.1,7.817,9.856,142.333
174.0,1.97,0.0,65.2,88.0,85.0,0.1,0.174,0.2,0.628,11.2,7.034,74.27,11.024000000000001
163.0,6.38,20.68,42.8,96.0,96.0,0.2,0.016,2.3,0.646,12.3,7.946,430.264,40.75
16.0,0.65,35.095,42.1,75.0,76.0,0.1,0.066,3.2,0.636,10.1,6.424,71.258,1.455
9.0,7.39,209.488,58.7,95.0,96.0,0.1,0.153,0.9,0.797,14.8,11.796,41.566,4.5
32.0,0.01,13.405,24.0,24.0,2.0,4.4,0.019,8.5,0.582,9.2,5.354,198.716,8.0
92.0,4.64,7.959,53.7,89.0,88.0,0.1,0.005,2.6,0.711,13.4,9.527,1812.823,11.024000000000001
241.0,2.12,196.689,42.9,93.0,93.0,0.3,0.167,3.4,0.463,7.0,3.241,49.763,2.648
715.0,4.06,0.0,26.7,7.0,68.0,36.7,0.045,9.8,0.418,9.5,3.971,144.118,17.439
66.0,10.56,872.599,62.5,92.0,92.0,0.1,0.5,0.7,0.918,19.0,17.442,17.065,33.0
74.0,9.23,0.0,29.5,95.0,94.0,0.1,0.174,1.5,0.675,12.3,8.302,38.971,37.0
113.0,0.66,555.926,56.1,95.0,95.0,0.1,0.557,5.9,0.732,14.4,10.541,11.019,4.708
179.0,6.02,1122.973,57.0,86.0,86.0,0.4,0.95,3.5,0.719,12.7,9.131,6.275,11.024000000000001
224.0,2.9,88.244,37.5,98.0,97.0,0.1,0.064,3.6,0.0,0.0,0.0,61.319,24.889
89.0,5.74,94.434,3.0,99.0,99.0,0.1,0.635,3.9,0.703,12.4,8.717,8.288,0.382
223.0,0.01,3.304,18.9,67.0,68.0,0.5,0.004,9.8,0.345,5.3,1.828,1384.603,2.534
372.0,0.85,1.186,12.6,55.0,32.0,4.9,0.001,11.8,0.283,4.3,1.217,4051.46,0.949
261.0,11.21,137.006,57.0,98.0,98.0,0.3,0.858,2.3,0.776,14.0,10.864,8.676,14.5
133.0,3.65,0.0,75.2,8.0,78.0,0.1,0.049,0.1,0.718,14.3,10.267,116.251,11.024000000000001
263.0,0.01,71.28,19.1,6.0,65.0,0.1,0.058,17.2,0.479,10.1,4.838,139.839,3.169
245.0,2.71,29.272,41.3,98.0,98.0,0.1,0.214,3.3,0.0,10.4,0.0,13.561,30.625
217.0,3.52,0.0,37.0,98.0,98.0,0.1,0.174,3.5,0.602,12.2,7.344,31.166,54.25
28.0,0.01,0.0,19.4,78.0,79.0,0.3,0.174,9.1,0.554,10.2,5.651,12.168,2.333
99.0,13.45,276.1,53.3,95.0,95.0,0.1,0.185,0.7,0.792,15.9,12.593,53.278,99.0
121.0,3.89,274.153,52.6,96.0,95.0,0.1,0.369,2.0,0.732,12.7,9.296,12.144,121.0
283.0,0.11,1.818,13.9,42.0,36.0,1.6,0.016,12.7,0.255,2.9,0.739,433.341,2.228
171.0,12.55,0.0,38.4,91.0,9.0,0.2,0.174,4.4,0.684,12.4,8.482,35.011,11.024000000000001
336.0,6.28,44.548,19.8,48.0,38.0,4.4,0.068,1.0,0.553,8.5,4.701,35.048,84.0
229.0,0.01,253.609,42.9,94.0,94.0,0.3,0.218,3.4,0.485,7.2,3.492,38.692,2.663
28.0,6.48,26.407,51.4,98.0,98.0,0.1,0.139,2.4,0.782,15.0,11.73,30.925,4.667
169.0,3.64,275.064,48.6,97.0,97.0,0.2,0.152,1.9,0.607,11.1,6.738,45.932,56.333
33.0,2.18,0.0,18.0,84.0,8.0,2.0,0.174,1.2,0.377,6.5,2.45,20.72,5.5
219.0,4.73,11.697,17.8,74.0,78.0,0.1,0.014,1.0,0.618,11.4,7.045,233.518,2.433
194.0,0.37,19.837,33.5,79.0,84.0,0.3,0.034,3.8,0.572,10.6,6.063,175.18,16.167
1.0,4.29,868.371,46.4,92.0,91.0,0.1,0.399,2.3,0.708,11.7,8.284,18.187,1.0
37.0,0.01,0.0,55.2,5.0,41.0,0.1,0.174,6.3,0.635,13.0,8.255,18.653,4.111
439.0,0.01,7.345,21.2,47.0,47.0,5.1,0.049,8.7,0.366,7.1,2.599,74.559,19.087
364.0,0.01,63.079,27.8,88.0,89.0,4.0,0.137,5.8,0.501,10.4,5.21,31.408,4.986
57.0,1.83,714.344,32.7,97.0,97.0,0.1,0.564,2.2,0.92,15.4,14.168,8.037,11.024000000000001
15.0,1.57,689.944,69.4,9.0,89.0,0.1,0.26,0.1,0.694,14.6,10.132,25.103,11.024000000000001
121.0,2.14,275.651,5.6,96.0,93.0,0.1,0.789,2.8,0.745,11.9,8.866,7.024,20.167
123.0,6.48,421.48,55.7,94.0,94.0,0.1,0.629,1.8,0.742,14.2,10.536,11.86,123.0
342.0,0.64,10.261,13.6,98.0,98.0,1.8,0.029,9.6,0.0,5.0,0.0,109.711,34.2
16.0,3.63,287.467,69.7,55.0,49.0,0.1,0.257,0.2,0.671,12.6,8.455,17.367,11.024000000000001
182.0,9.4,676.545,37.7,97.0,97.0,0.1,0.512,4.3,0.0,14.1,0.0,12.919,11.024000000000001
62.0,0.01,2051.749,26.2,99.0,99.0,0.1,0.773,13.6,0.693,12.7,8.801,17.768,11.024000000000001
142.0,8.27,180.776,43.2,99.0,99.0,0.1,0.147,3.4,0.786,14.4,11.318,31.817,11.024000000000001
174.0,4.08,407.779,26.9,99.0,99.0,0.1,0.463,7.9,0.687,12.6,8.656,8.965,11.024000000000001
327.0,0.21,1.1,18.5,59.0,59.0,2.7,0.003,9.3,0.346,6.6,2.284,886.932,6.412
168.0,3.65,0.0,37.4,97.0,97.0,0.1,0.154,5.7,0.781,14.1,11.012,37.201,11.024000000000001
282.0,0.55,81.841,19.0,76.0,74.0,1.7,0.059,9.4,0.363,6.4,2.323,117.157,2.938
245.0,0.29,169.202,17.4,96.0,95.0,0.3,0.134,17.5,0.0,9.6,0.0,39.447,245.0
14.0,0.01,62.35,15.8,96.0,96.0,0.1,0.084,18.7,0.545,9.4,5.123,37.823,0.093
93.0,0.03,159.01,65.5,99.0,99.0,0.1,0.227,3.2,0.788,14.1,11.111,14.207,93.0
195.0,2.13,48.354,15.9,95.0,94.0,0.6,0.074,11.1,0.52,10.5,5.46,86.208,11.471
332.0,3.65,0.0,42.9,41.0,31.0,3.4,0.076,3.4,0.421,4.9,2.063,75.566,8.513
11.0,2.19,510.604,58.6,8.0,8.0,0.1,0.526,4.9,0.0,15.0,0.0,3.612,11.0
184.0,2.36,13.89,39.3,98.0,98.0,0.3,0.018,3.1,0.644,11.9,7.664,327.253,7.36
123.0,0.97,122.652,48.5,83.0,8.0,0.1,0.176,6.4,0.636,11.4,7.25,21.435,12.3
79.0,5.62,130.015,62.8,95.0,95.0,0.1,0.112,0.7,0.783,13.7,10.727,63.373,11.024000000000001
299.0,0.54,6.66,17.0,67.0,63.0,2.2,0.039,1.3,0.318,5.2,1.654,159.95,2.821
19.0,5.82,11.851,36.8,94.0,94.0,1.0,0.013,6.3,0.736,12.2,8.979,407.664,11.024000000000001
37.0,10.18,224.46,54.0,97.0,96.0,0.2,0.177,2.9,0.709,12.1,8.579,30.573,1.423
291.0,0.02,1.389,14.2,58.0,58.0,0.1,0.002,19.3,0.396,7.9,3.128,3678.435,2.466
91.0,5.63,91.267,29.0,99.0,99.0,0.1,0.564,4.1,0.7,12.8,8.96,9.395,0.363
274.0,1.17,53.774,15.3,65.0,58.0,2.0,0.038,11.1,0.393,8.1,3.183,116.453,1.07
12.0,4.56,45.714,5.5,95.0,93.0,0.1,0.297,2.9,0.0,12.5,0.0,28.604,11.024000000000001
232.0,7.2,362.87,4.3,94.0,94.0,1.9,0.233,5.7,0.62,11.2,6.944,27.686,232.0
382.0,5.9,68.707,24.9,82.0,84.0,6.7,0.123,6.4,0.466,8.8,4.101,41.982,4.391
194.0,0.01,8.198,28.5,96.0,96.0,0.5,0.014,5.9,0.553,10.8,5.972,625.487,11.024000000000001
192.0,1.78,40.133,37.5,99.0,99.0,0.3,0.055,3.2,0.62,11.7,7.254,93.592,6.857
151.0,4.27,356.939,48.1,81.0,86.0,0.4,0.245,1.3,0.685,12.8,8.768,18.609,8.389
156.0,3.1,302.106,46.8,97.0,97.0,0.4,0.193,2.3,0.606,11.5,6.969,43.684,31.2
193.0,12.22,75.363,56.1,99.0,99.0,0.1,0.463,2.3,0.761,13.9,10.578,16.417,193.0
322.0,8.13,443.475,3.3,44.0,45.0,11.1,0.569,7.4,0.64,12.3,7.872,5.726,107.333
85.0,0.87,188.678,64.1,96.0,96.0,0.1,0.3,4.8,0.807,12.2,9.845,9.025,11.024000000000001
143.0,3.65,0.0,57.9,91.0,91.0,0.1,0.064,2.1,0.724,13.6,9.846,88.99,11.917
313.0,10.87,266.542,54.5,97.0,97.0,0.3,0.238,2.7,0.727,12.8,9.306,25.191,13.042
588.0,1.18,13.763,14.1,73.0,75.0,25.5,0.015,8.0,0.391,10.7,4.184,441.295,7.0
329.0,4.24,17.859,21.5,47.0,31.0,3.2,0.015,8.5,0.335,10.2,3.417,592.546,19.353
189.0,0.05,8.46,17.5,8.0,71.0,0.1,0.016,1.9,0.613,10.8,6.62,155.044,0.879
419.0,2.3,0.0,19.8,32.0,31.0,7.6,0.174,9.4,0.487,9.7,4.724,14.004,29.929
86.0,11.7,72.8,6.1,99.0,99.0,0.1,0.047,0.6,0.879,16.0,14.064,237.071,28.667
14.0,0.45,220.394,47.9,86.0,86.0,0.1,0.26,6.2,0.673,11.7,7.874,13.607,0.609
37.0,3.1,22.098,2.1,73.0,68.0,5.4,0.042,9.2,0.0,8.0,0.0,134.917,4.625
221.0,1.93,20.712,51.2,92.0,91.0,0.1,0.024,4.3,0.683,13.2,9.016,138.048,11.024000000000001
115.0,4.04,322.586,5.4,99.0,98.0,0.1,0.284,3.6,0.686,12.3,8.438,22.115,115.0
248.0,1.03,76.604,18.0,7.0,7.0,0.5,0.041,7.6,0.503,10.2,5.131,118.039,5.511
225.0,0.01,281.002,51.5,99.0,99.0,0.1,0.419,2.2,0.729,14.8,10.789,11.298,225.0
195.0,15.07,101.12,55.2,95.0,94.0,0.1,0.089,2.2,0.805,15.7,12.638,57.951,11.024000000000001
186.0,0.99,229.669,47.2,99.0,99.0,0.1,0.164,1.2,0.497,9.4,4.672,35.283,11.024000000000001
122.0,10.24,0.0,56.5,99.0,99.0,0.1,0.174,1.2,0.829,15.0,12.435,45.687,11.024000000000001
11.0,0.56,183.659,53.6,99.0,99.0,0.1,0.284,6.3,0.603,10.7,6.452,20.654,0.478
522.0,0.01,162.128,32.0,9.0,93.0,9.4,0.118,5.8,0.491,10.8,5.303,13.786,87.0
115.0,0.41,67.702,63.2,98.0,98.0,0.1,0.039,3.9,0.735,12.9,9.482,206.877,28.75
192.0,2.2,56.884,16.4,88.0,89.0,0.5,0.079,11.0,0.519,10.6,5.501,75.768,12.0
215.0,2.9,398.606,48.6,9.0,9.0,0.3,0.264,1.9,0.636,12.4,7.886,27.7,71.667
172.0,0.27,112.123,16.9,92.0,92.0,0.2,0.069,16.5,0.529,12.0,6.348,97.316,6.37
17.0,1.16,0.0,57.9,97.0,96.0,0.1,0.174,2.2,0.735,12.9,9.482,37.938,11.024000000000001
123.0,4.75,286.891,27.5,99.0,99.0,0.4,0.332,7.4,0.627,12.7,7.963,14.563,11.024000000000001
16.0,0.03,0.0,53.6,99.0,99.0,0.1,0.174,7.8,0.735,12.9,9.482,47.064,0.615
142.0,2.72,60.558,47.0,89.0,84.0,0.1,0.078,2.9,0.677,11.8,7.989,111.942,71.0
89.0,9.72,591.669,6.2,99.0,99.0,0.1,0.463,0.9,0.874,16.8,14.683,20.526,11.024000000000001
17.0,0.01,726.029,61.3,91.0,91.0,0.1,0.739,1.8,0.803,15.1,12.125,8.689,11.024000000000001
119.0,0.61,535.279,6.1,98.0,97.0,0.1,0.339,3.8,0.739,13.6,10.05,25.903,29.75
138.0,0.02,0.0,5.4,98.0,99.0,0.1,0.174,7.5,0.704,11.8,8.307,33.519,4.759
14.0,1.03,0.0,59.1,98.0,98.0,0.1,0.174,2.2,0.741,12.9,9.559,38.455,11.024000000000001
49.0,3.65,0.0,57.4,97.0,97.0,0.1,0.9,0.4,0.938,16.0,15.008,6.365,11.024000000000001
411.0,4.4,0.0,19.1,88.0,83.0,8.5,0.174,7.5,0.675,12.3,8.302,27.091,2.915
72.0,10.32,0.0,65.4,95.0,95.0,0.1,0.174,0.8,0.675,12.3,8.302,53.607,18.0
43.0,1.14,47.173,16.5,69.0,7.0,12.2,0.028,4.2,0.291,5.4,1.571,222.851,0.316
123.0,5.69,527.608,49.5,92.0,95.0,0.2,0.46,2.2,0.733,12.8,9.382,19.357,61.5
26.0,0.36,7.127,13.5,55.0,55.0,0.1,0.048,12.0,0.492,10.6,5.215,31.418,8.667
12.0,1.13,0.0,59.7,96.0,95.0,0.1,0.174,2.2,0.743,12.9,9.585,37.192,11.024000000000001
295.0,0.71,85.718,42.7,72.0,71.0,1.4,0.096,1.4,0.461,8.6,3.965,45.999,21.071
172.0,2.06,0.0,65.8,81.0,91.0,0.1,0.174,0.2,0.629,11.4,7.171,77.139,11.024000000000001
498.0,8.69,709.317,43.6,75.0,79.0,29.5,0.542,11.6,0.609,12.9,7.856,14.331,5.929
163.0,0.76,0.0,53.2,6.0,72.0,0.1,0.174,6.3,0.646,12.0,7.752,18.539,20.375
426.0,5.09,205.808,25.1,79.0,78.0,23.9,0.184,15.2,0.556,11.7,6.505,33.667,106.5
194.0,3.81,36.816,45.7,8.0,79.0,0.3,0.019,2.1,0.587,11.0,6.457,322.325,48.5
331.0,0.68,93.373,38.2,52.0,55.0,1.3,0.054,1.5,0.422,6.6,2.785,124.022,23.643
16.0,1.6,611.909,17.3,96.0,96.0,0.1,0.386,14.5,0.617,12.2,7.527,15.267,11.024000000000001
124.0,1.95,4.299,16.2,98.0,98.0,0.1,0.003,14.6,0.597,12.0,7.164,1880.214,11.024000000000001
163.0,8.27,0.0,57.1,73.0,71.0,0.1,0.174,1.6,0.714,12.4,8.854,27.837,14.818
253.0,4.31,8.897,55.1,99.0,99.0,0.8,0.008,2.9,0.673,13.2,8.884,733.324,36.143
14.0,0.49,216.703,27.9,94.0,94.0,0.1,0.417,9.5,0.723,12.0,8.676,8.149,3.5
237.0,7.84,1.776,38.4,91.0,91.0,1.9,0.014,5.8,0.613,11.2,6.866,397.524,237.0
118.0,3.65,0.0,54.9,96.0,94.0,0.1,0.037,2.1,0.741,12.7,9.411,155.464,118.0
39.0,4.46,12.197,2.2,56.0,46.0,3.1,0.018,9.2,0.338,8.7,2.941,324.671,1.95
146.0,8.07,866.0,45.6,98.0,97.0,0.1,0.759,3.8,0.744,15.8,11.755,8.375,11.024000000000001
143.0,10.43,0.0,44.5,99.0,99.0,0.1,0.174,4.3,0.733,12.9,9.456,43.506,11.024000000000001
218.0,2.79,353.669,45.3,98.0,99.0,0.4,0.224,2.1,0.607,11.3,6.859,36.467,43.6
126.0,2.4,0.0,54.1,96.0,96.0,0.1,0.174,2.7,0.0,11.9,0.0,52.631,11.024000000000001
329.0,0.01,0.0,22.4,49.0,41.0,0.8,0.174,6.9,0.675,12.3,8.302,32.888,4.012
388.0,3.49,35.933,16.8,4.0,4.0,2.4,0.078,1.4,0.406,5.9,2.395,56.607,2.503
192.0,12.15,0.0,54.4,91.0,99.0,0.1,0.174,2.7,0.0,12.0,0.0,29.903,11.024000000000001
15.0,2.19,527.918,59.7,74.0,74.0,0.1,0.543,4.8,0.0,14.8,0.0,17.118,15.0
187.0,3.11,67.672,17.5,82.0,83.0,0.2,0.145,26.8,0.599,11.5,6.888,31.179,0.144
55.0,10.22,687.578,58.5,96.0,96.0,0.1,0.447,0.9,0.894,18.4,16.45,20.414,11.024000000000001
173.0,9.75,77.945,39.4,98.0,97.0,0.1,0.578,4.0,0.0,14.6,0.0,10.188,11.024000000000001
178.0,0.24,84.623,16.4,83.0,82.0,0.2,0.059,16.7,0.515,11.1,5.716,108.713,5.933
424.0,3.84,5.348,21.7,84.0,86.0,1.6,0.004,8.3,0.384,8.7,3.341,303.322,10.6
12.0,6.95,201.749,55.6,87.0,85.0,0.1,0.159,1.9,0.765,12.8,9.792,45.576,12.0
42.0,0.01,82.769,18.4,95.0,96.0,8.3,0.037,6.6,0.454,10.7,4.858,337.398,0.913
96.0,3.45,384.513,59.5,91.0,91.0,0.1,0.165,1.7,0.768,13.9,10.675,56.477,96.0
328.0,2.41,20.623,22.3,74.0,79.0,4.8,0.018,6.4,0.565,12.5,7.062,270.589,7.81
466.0,3.11,0.0,22.1,87.0,76.0,6.1,0.174,7.2,0.675,12.3,8.302,30.936,5.178
371.0,6.19,83.181,26.6,8.0,82.0,4.9,0.13,6.0,0.486,10.0,4.86,30.554,4.696
58.0,7.39,121.587,27.8,99.0,97.0,0.1,0.487,1.9,0.889,15.3,13.602,2.403,19.333
48.0,1.19,49.91,21.3,73.0,76.0,6.9,0.057,3.6,0.4,9.2,3.68,98.629,0.533
682.0,5.76,36.293,44.2,66.0,66.0,1.9,0.066,4.0,0.47,8.6,4.042,134.507,11.759
187.0,1.88,657.528,49.9,65.0,73.0,0.4,0.369,1.2,0.614,10.7,6.57,16.793,14.385
127.0,3.65,0.0,17.5,97.0,97.0,0.1,0.174,14.2,0.678,12.6,8.543,32.888,3.629
23.0,0.01,73.866,23.7,87.0,87.0,0.8,0.085,6.8,0.497,11.1,5.517,79.164,11.5
328.0,6.88,78.47,15.9,99.0,99.0,6.2,0.034,6.8,0.404,9.3,3.757,35.166,9.647
223.0,4.53,32.366,49.7,74.0,75.0,1.0,0.026,3.5,0.0,10.9,0.0,252.782,11.024000000000001
196.0,5.13,885.074,54.1,85.0,87.0,0.6,0.745,3.5,0.696,12.1,8.422,8.237,11.024000000000001
149.0,1.62,59.636,15.1,98.0,98.0,0.1,0.087,15.4,0.699,12.6,8.807,44.565,29.8
24.0,0.9,25.312,42.1,9.0,89.0,0.1,0.009,1.3,0.465,8.3,3.86,896.538,11.024000000000001
178.0,0.15,0.0,52.3,98.0,98.0,0.1,0.174,3.3,0.621,11.3,7.017,31.051,2.472
247.0,12.98,24.249,54.4,99.0,99.0,0.1,0.128,2.7,0.675,13.1,8.843,48.015,247.0
272.0,0.12,40.378,16.5,68.0,67.0,1.3,0.035,11.2,0.298,4.0,1.192,191.115,2.667
527.0,2.71,154.871,29.7,92.0,93.0,13.4,0.117,7.2,0.464,10.9,5.058,15.935,87.833
129.0,0.44,320.324,5.8,95.0,95.0,0.1,0.394,6.0,0.69,12.3,8.487,9.696,5.609
327.0,0.61,110.98,38.9,54.0,61.0,1.4,0.051,1.5,0.428,6.9,2.953,150.543,23.357
354.0,0.86,1.507,13.5,54.0,4.0,4.1,0.013,11.5,0.31,5.4,1.674,314.966,1.035
134.0,3.03,7.341,48.1,96.0,94.0,0.1,0.009,2.0,0.657,10.8,7.096,606.76,134.0
224.0,14.67,501.806,58.2,98.0,97.0,0.1,0.638,2.1,0.755,15.1,11.4,9.319,224.0
265.0,0.72,33.748,15.8,8.0,85.0,0.6,0.027,8.1,0.473,8.9,4.21,193.724,4.732
217.0,7.64,4.141,45.9,97.0,98.0,0.3,0.004,5.5,0.636,10.3,6.551,1243.76,217.0
133.0,6.95,292.614,52.2,95.0,95.0,0.1,0.215,2.7,0.715,13.2,9.438,41.36,133.0
347.0,10.22,94.497,16.7,82.0,82.0,6.8,0.058,5.9,0.477,10.7,5.104,169.617,3.044
168.0,8.01,0.0,53.4,86.0,77.0,0.1,0.174,1.8,0.67,10.6,7.102,28.181,12.923
188.0,3.28,0.0,41.4,94.0,96.0,0.2,0.174,3.2,0.632,12.1,7.647,35.47,47.0
622.0,2.95,3.535,25.9,84.0,84.0,32.5,0.005,1.6,0.446,10.4,4.638,1492.824,88.857
166.0,1.67,0.0,68.1,81.0,81.0,0.1,0.174,0.2,0.641,11.7,7.5,76.795,11.024000000000001
463.0,0.01,1.443,23.8,83.0,83.0,0.6,0.008,7.5,0.426,9.5,4.047,1547.796,14.469
266.0,2.87,61.849,39.1,95.0,95.0,0.1,0.052,2.5,0.588,9.4,5.527,104.143,88.667
99.0,4.22,1859.096,53.4,89.0,9.0,0.1,0.692,1.9,0.74,12.9,9.546,13.149,99.0
288.0,7.11,9.166,17.7,93.0,97.0,2.8,0.054,6.6,0.447,10.2,4.559,133.742,11.52
417.0,2.45,0.0,2.7,5.0,5.0,6.8,0.174,9.1,0.492,9.4,4.625,14.98,29.786
185.0,7.82,21.465,3.1,99.0,99.0,0.1,0.119,6.0,0.712,12.1,8.615,32.781,11.024000000000001
45.0,1.48,0.797,19.7,74.0,75.0,12.6,0.005,3.7,0.372,8.8,3.274,952.835,0.433
172.0,0.04,0.668,21.9,82.0,82.0,0.1,0.001,2.2,0.521,7.5,3.908,2563.84,0.373
322.0,11.32,333.215,54.7,97.0,96.0,0.4,0.298,2.6,0.733,13.2,9.676,18.836,14.636
397.0,3.65,0.0,28.0,81.0,83.0,1.9,0.174,5.5,0.675,12.3,8.302,32.888,5.025
143.0,1.54,421.296,53.5,85.0,85.0,0.1,0.432,5.3,0.641,10.7,6.859,11.453,2.648
24.0,12.1,76.362,58.1,9.0,94.0,0.1,0.068,3.1,0.792,16.3,12.91,83.828,11.024000000000001
14.0,4.25,96.206,46.0,97.0,97.0,0.1,0.133,2.1,0.662,10.6,7.017,45.199,14.0
121.0,5.58,9.871,45.9,99.0,98.0,0.2,0.004,2.4,0.716,12.1,8.664,1736.371,60.5
491.0,1.16,7.915,17.3,93.0,93.0,14.9,0.004,6.9,0.415,9.9,4.108,286.939,8.768
9.0,0.09,196.381,65.6,98.0,98.0,0.1,0.254,7.5,0.818,14.5,11.861,15.218,1.0
257.0,0.01,151.899,26.7,91.0,92.0,0.9,0.163,6.7,0.563,11.2,6.306,29.372,4.589
224.0,0.93,19.266,11.4,57.0,58.0,0.3,0.044,27.7,0.489,8.3,4.059,97.283,0.09
373.0,3.65,0.0,32.3,84.0,9.0,7.1,0.314,4.0,0.541,11.4,6.167,18.246,124.333
252.0,11.01,45.65,56.7,98.0,99.0,0.1,0.313,2.3,0.713,14.4,10.267,22.012,252.0
335.0,0.01,0.0,21.5,41.0,42.0,0.8,0.174,7.1,0.675,12.3,8.302,32.888,3.988
233.0,0.01,11.711,2.1,98.0,98.0,0.5,0.069,5.9,0.485,10.8,5.238,111.722,13.706
225.0,0.01,5.339,2.0,73.0,73.0,0.3,0.045,7.2,0.509,10.3,5.243,75.301,5.769
278.0,0.01,208.231,47.9,64.0,73.0,0.7,0.218,1.3,0.511,10.0,5.11,19.5,21.385
129.0,1.98,41.307,15.6,97.0,98.0,0.1,0.03,14.7,0.587,11.8,6.927,196.316,11.024000000000001
22.0,1.08,156.285,39.6,78.0,78.0,0.1,0.078,1.4,0.446,7.3,3.256,87.948,11.024000000000001
161.0,3.23,192.93,43.5,94.0,95.0,0.8,0.144,2.4,0.583,10.8,6.296,53.049,26.833
273.0,0.01,0.0,25.6,61.0,85.0,3.3,0.174,7.9,0.557,10.2,5.681,22.843,27.3
189.0,0.07,10.263,21.3,83.0,77.0,0.2,0.022,1.7,0.641,11.7,7.5,130.578,1.044
229.0,2.77,0.0,39.0,94.0,94.0,0.1,0.174,3.3,0.618,12.6,7.787,39.431,57.25
116.0,0.43,68.866,62.4,98.0,98.0,0.1,0.039,3.8,0.737,13.1,9.655,217.204,29.0
332.0,1.83,0.0,16.1,47.0,41.0,2.2,0.174,11.9,0.675,12.3,8.302,18.366,1.003
37.0,7.72,353.244,3.8,44.0,45.0,10.9,0.675,7.2,0.64,12.4,7.936,4.089,12.333
181.0,2.52,665.726,55.4,93.0,94.0,0.2,0.399,1.6,0.676,13.2,8.923,16.952,90.5
198.0,3.93,0.0,49.9,95.0,95.0,0.2,0.174,1.2,0.649,13.8,8.956,31.51,18.0
221.0,2.05,31.258,5.2,91.0,9.0,0.1,0.027,4.3,0.681,13.1,8.921,140.778,11.024000000000001
67.0,3.88,29.815,28.2,73.0,73.0,23.7,0.04,8.2,0.414,9.6,3.974,112.889,1.457
148.0,0.01,457.32,52.8,94.0,94.0,0.1,0.716,5.7,0.727,15.5,11.268,4.765,49.333
543.0,3.1,29.866,24.9,82.0,83.0,29.8,0.047,11.5,0.445,9.6,4.272,146.019,77.571
214.0,4.55,4.233,5.4,84.0,85.0,0.9,0.003,3.5,0.0,11.1,0.0,1973.425,11.024000000000001
369.0,3.65,0.0,42.9,93.0,93.0,4.2,0.127,3.4,0.0,0.0,0.0,45.29,8.786
112.0,1.21,264.784,48.1,97.0,97.0,0.1,0.222,6.6,0.646,12.8,8.269,24.37,22.4
19.0,3.1,64.97,17.0,79.0,82.0,0.2,0.145,26.9,0.59,11.3,6.667,30.325,0.014
276.0,1.05,42.563,14.3,6.0,6.0,0.7,0.028,8.6,0.456,8.2,3.739,186.423,4.246
339.0,1.71,60.515,17.9,88.0,88.0,6.4,0.092,8.3,0.506,10.4,5.262,42.543,3.568
186.0,4.73,0.0,41.0,99.0,99.0,0.7,0.174,3.9,0.673,12.8,8.614,20.892,11.024000000000001
132.0,2.1,22.486,47.3,84.0,81.0,0.1,0.049,2.8,0.728,11.6,8.445,118.32,22.0
25.0,0.44,46.391,12.9,55.0,55.0,0.1,0.047,12.1,0.485,9.8,4.753,52.705,6.25
164.0,3.16,0.0,29.2,98.0,92.0,0.1,0.174,5.4,0.675,12.3,8.302,32.888,13.667
316.0,4.19,22.396,22.0,66.0,6.0,3.1,0.017,8.3,0.372,10.1,3.757,502.273,19.75
134.0,0.01,0.0,62.8,96.0,96.0,0.1,0.174,5.7,0.735,13.4,9.849,24.852,67.0
219.0,4.61,24.59,24.3,84.0,89.0,0.1,0.028,1.0,0.671,11.7,7.851,165.784,3.174
19.0,0.57,123.097,51.1,97.0,99.0,0.1,0.228,6.9,0.765,11.9,9.104,9.221,19.0
47.0,9.76,57.226,18.8,43.0,33.0,5.4,0.065,13.2,0.445,8.5,3.782,66.801,0.052
245.0,0.01,5.103,48.8,55.0,48.0,0.5,0.008,3.9,0.487,9.1,4.432,926.851,12.895
179.0,0.09,200.068,26.5,8.0,78.0,0.3,0.35,1.4,0.682,12.9,8.798,8.153,1.261
235.0,6.64,808.243,48.5,99.0,98.0,0.1,0.718,2.3,0.758,14.6,11.067,5.756,29.375
135.0,7.53,222.507,51.7,93.0,93.0,0.1,0.164,2.8,0.709,13.1,9.288,42.118,135.0
533.0,3.97,20.396,17.2,46.0,44.0,1.2,0.014,1.3,0.292,6.7,1.956,988.696,11.104
146.0,1.69,72.428,15.6,98.0,99.0,0.1,0.099,15.4,0.697,12.7,8.852,39.924,29.2
238.0,7.35,17.464,39.0,93.0,93.0,1.8,0.02,5.7,0.619,11.4,7.057,295.796,238.0
135.0,0.01,52.83,17.0,96.0,96.0,0.1,0.095,18.3,0.565,10.0,5.65,30.26,1.038
226.0,0.04,0.0,39.6,67.0,73.0,0.1,0.174,13.7,0.498,9.0,4.482,33.174,4.913
152.0,3.65,0.0,17.4,75.0,76.0,0.1,0.116,1.9,0.603,12.5,7.538,49.312,76.0
36.0,0.19,1.4,19.4,46.0,63.0,2.4,0.005,8.9,0.364,7.6,2.766,794.091,0.75
214.0,4.52,31.272,24.8,77.0,67.0,0.1,0.285,1.0,0.676,11.7,7.909,16.55,3.147
228.0,0.44,4.155,15.7,92.0,82.0,0.5,0.022,13.3,0.455,7.8,3.549,90.164,2.533
86.0,9.81,71.016,6.6,99.0,99.0,0.1,0.058,0.9,0.878,16.9,14.838,157.171,11.024000000000001
391.0,0.88,11.595,12.3,55.0,3.0,5.0,0.012,11.9,0.0,3.9,0.0,356.225,0.968
98.0,3.28,29.743,24.9,94.0,93.0,0.1,0.03,4.8,0.646,11.0,7.106,151.66,0.272
3.0,0.01,12.834,36.2,96.0,95.0,4.4,0.073,7.3,0.687,12.5,8.588,86.039,1.0
137.0,7.62,57.585,55.7,95.0,96.0,0.1,0.033,1.2,0.77,16.4,12.628,247.368,10.538
272.0,0.01,46.562,23.2,74.0,73.0,1.6,0.083,7.9,0.43,8.2,3.526,83.128,3.2
13.0,6.24,74.148,54.0,91.0,91.0,0.1,0.051,1.1,0.755,13.5,10.192,125.362,4.333
41.0,4.43,41.736,21.3,61.0,63.0,7.9,0.061,7.5,0.437,7.1,3.103,76.548,0.414
72.0,11.05,510.933,61.7,96.0,96.0,0.1,0.328,0.6,0.849,16.0,13.584,25.464,36.0
8.0,10.11,713.53,62.3,98.0,98.0,0.1,0.478,0.9,0.884,16.1,14.232,2.971,8.0
131.0,0.55,248.697,54.8,97.0,99.0,0.1,0.173,4.0,0.706,12.7,8.966,57.245,32.75
78.0,10.79,0.0,63.1,93.0,93.0,0.1,0.174,0.8,0.675,12.3,8.302,56.305,19.5
318.0,0.01,0.0,23.3,47.0,42.0,0.8,0.005,6.8,0.675,12.3,8.302,1247.366,3.926
198.0,0.37,8.943,31.3,86.0,83.0,0.3,0.014,4.2,0.529,9.6,5.078,338.739,11.647
141.0,10.81,0.0,53.1,99.0,99.0,0.1,0.174,1.4,0.784,14.0,10.976,42.473,11.024000000000001
11.0,11.54,650.981,53.9,96.0,96.0,0.1,0.446,1.2,0.882,16.3,14.377,21.302,11.024000000000001
14.0,7.82,149.359,43.8,98.0,99.0,0.1,0.131,3.4,0.788,14.2,11.19,37.017,11.024000000000001
154.0,0.01,915.186,31.8,98.0,98.0,0.1,0.93,7.1,0.756,14.3,10.811,5.116,11.024000000000001
32.0,2.55,0.869,17.9,56.0,53.0,3.6,0.004,1.0,0.0,6.7,0.0,1426.037,3.556
32.0,0.01,0.0,54.2,47.0,45.0,0.1,0.174,6.3,0.645,12.5,8.062,18.653,3.556
216.0,0.01,209.392,23.6,98.0,99.0,0.5,0.253,15.7,0.596,12.5,7.45,14.137,216.0
157.0,7.33,564.523,51.1,99.0,99.0,0.1,0.857,3.0,0.714,13.8,9.853,10.098,2.453
29.0,0.81,103.728,43.4,76.0,63.0,1.3,0.118,1.4,0.469,8.9,4.174,39.017,2.071
125.0,3.65,0.0,74.7,61.0,66.0,0.1,0.415,0.2,0.702,12.9,9.056,13.792,11.024000000000001
429.0,1.54,46.582,18.1,69.0,83.0,15.9,0.034,3.9,0.332,7.0,2.324,176.314,3.575
123.0,0.5,352.064,52.8,94.0,95.0,0.1,0.387,6.0,0.705,13.1,9.236,13.838,5.348
69.0,10.66,0.0,66.6,96.0,96.0,0.1,0.174,0.8,0.675,12.3,8.302,32.888,17.25
155.0,6.07,748.445,29.0,99.0,99.0,0.2,0.55,8.1,0.72,13.3,9.576,7.493,14.091
23.0,2.55,416.434,52.1,91.0,91.0,0.3,0.337,1.7,0.662,12.8,8.474,20.265,11.5
48.0,7.38,1089.955,48.7,65.0,65.0,7.6,0.756,6.0,0.644,12.8,8.243,11.629,0.857
123.0,6.35,152.545,58.3,96.0,96.0,0.1,0.052,1.6,0.753,15.5,11.672,213.552,123.0
138.0,1.97,97.766,16.6,99.0,99.0,0.1,0.126,15.4,0.712,12.9,9.185,36.501,27.6
15.0,0.01,0.0,44.9,99.0,99.0,0.1,0.174,7.8,0.66,11.6,7.656,25.656,0.349
123.0,3.65,0.0,55.6,88.0,9.0,0.1,0.006,1.1,0.737,13.4,9.876,927.745,12.3
221.0,12.12,170.988,57.7,94.0,94.0,0.1,0.144,2.4,0.814,16.2,13.187,49.141,11.024000000000001
173.0,5.93,0.0,45.7,99.0,99.0,0.3,0.174,3.7,0.695,13.3,9.244,22.269,11.024000000000001
83.0,11.8,683.919,6.6,99.0,99.0,0.1,0.439,0.6,0.882,16.1,14.2,25.828,27.667
181.0,7.24,69.631,45.0,97.0,96.0,0.6,0.433,3.5,0.7,12.8,8.96,10.992,11.024000000000001
156.0,10.78,19.22,61.7,99.0,99.0,0.1,0.133,1.8,0.817,15.3,12.5,59.2,156.0
11.0,3.04,1.587,23.4,87.0,87.0,0.1,0.016,5.1,0.622,10.2,6.344,300.171,0.026
299.0,7.58,719.554,31.8,83.0,83.0,6.2,0.52,1.4,0.604,11.4,6.886,15.178,74.75
337.0,7.19,12.066,2.2,5.0,39.0,4.9,0.018,9.8,0.563,8.7,4.898,88.466,84.25
277.0,3.41,0.0,24.8,95.0,96.0,1.8,0.174,8.0,0.441,8.7,3.837,35.815,55.4
122.0,5.66,882.356,57.7,95.0,94.0,0.1,0.412,1.7,0.75,15.5,11.625,28.114,122.0
11.0,1.19,257.288,48.9,98.0,98.0,0.1,0.226,6.5,0.654,13.1,8.567,23.439,2.2
218.0,1.63,43.995,54.2,96.0,95.0,0.1,0.334,4.2,0.691,13.4,9.259,10.819,11.024000000000001
215.0,3.65,0.0,48.6,99.0,99.0,0.1,0.644,3.3,0.688,10.8,7.43,8.895,30.714
25.0,0.55,38.428,21.3,87.0,84.0,0.5,0.117,13.0,0.533,9.1,4.85,18.945,0.431
512.0,1.5,41.501,17.9,45.0,51.0,12.0,0.031,9.9,0.315,5.7,1.796,131.392,19.692
234.0,2.48,0.0,38.5,93.0,92.0,0.1,0.174,3.3,0.613,12.5,7.662,38.627,58.5
163.0,0.04,60.186,23.9,72.0,72.0,0.1,0.127,19.6,0.538,7.7,4.143,21.212,0.362
228.0,10.98,0.0,46.8,98.0,97.0,0.1,0.174,3.5,0.675,12.3,8.302,40.177,228.0
2.0,0.04,30.593,18.9,78.0,77.0,0.1,0.071,21.2,0.487,6.1,2.971,40.931,0.004
178.0,9.61,81.114,38.2,96.0,96.0,0.1,0.052,4.2,0.0,14.3,0.0,147.749,11.024000000000001
134.0,1.29,94.756,46.0,85.0,83.0,0.1,0.125,6.6,0.599,10.3,6.17,40.837,12.182
174.0,5.93,857.131,55.8,85.0,85.0,0.4,0.598,3.3,0.706,13.1,9.249,7.127,24.857
154.0,0.55,42.415,43.6,79.0,77.0,0.1,0.088,3.0,0.659,10.8,7.117,74.258,19.25
356.0,3.65,0.0,19.1,52.0,46.0,2.8,0.078,8.5,0.394,7.3,2.876,73.761,4.623
136.0,2.7,0.0,11.3,94.0,95.0,0.2,0.174,15.3,0.609,11.1,6.76,30.879,3.778
72.0,9.34,0.0,3.0,98.0,99.0,0.1,0.174,1.5,0.675,12.3,8.302,39.201,36.0
135.0,0.02,0.0,51.4,99.0,99.0,0.1,0.174,7.6,0.716,12.1,8.664,36.044,4.821
289.0,0.49,171.769,31.3,89.0,89.0,3.3,0.122,5.7,0.427,5.0,2.135,69.955,144.5
224.0,3.65,0.0,41.3,63.0,69.0,0.1,0.174,13.6,0.499,9.0,4.491,32.888,4.766
132.0,3.81,97.741,48.4,93.0,91.0,0.1,0.119,2.0,0.668,10.9,7.281,46.132,132.0
297.0,0.18,24.848,2.3,6.0,57.0,2.3,0.044,8.4,0.376,8.1,3.046,88.36,6.457
363.0,2.47,184.365,2.7,8.0,83.0,6.8,0.146,6.7,0.533,11.8,6.289,30.125,8.067
139.0,1.6,0.0,9.2,96.0,96.0,0.1,0.174,15.8,0.569,10.4,5.918,28.066,3.233
315.0,8.34,22.69,29.2,44.0,45.0,10.7,0.041,7.7,0.636,12.3,7.823,78.242,105.0
48.0,2.58,0.0,21.2,67.0,67.0,6.3,0.174,9.0,0.497,9.2,4.572,14.693,3.692
145.0,0.01,871.878,81.6,79.0,79.0,0.1,0.362,0.1,0.675,0.0,0.0,47.598,11.024000000000001
168.0,2.98,0.0,67.5,81.0,81.0,0.1,0.174,0.2,0.64,11.7,7.488,73.294,11.024000000000001
84.0,9.03,0.0,27.2,96.0,96.0,0.1,0.174,1.6,0.675,12.3,8.302,30.592,28.0
295.0,0.01,11.089,13.4,41.0,41.0,0.1,0.02,19.7,0.373,6.5,2.424,446.878,2.418
394.0,3.91,4.721,2.9,57.0,62.0,7.7,0.007,7.7,0.433,6.9,2.988,670.236,3.94
172.0,6.95,15.858,46.1,99.0,99.0,0.1,0.036,3.3,0.699,14.8,10.345,193.589,1.72
134.0,3.86,0.0,13.4,97.0,96.0,0.1,0.174,14.6,0.641,11.7,7.5,36.733,3.829
356.0,1.97,59.834,17.3,76.0,81.0,9.1,0.084,8.4,0.494,10.1,4.989,57.22,3.56
21.0,10.2,42.872,57.2,97.0,95.0,0.1,0.035,3.3,0.757,14.7,11.128,177.821,11.024000000000001
238.0,0.19,23.184,12.4,72.0,72.0,0.1,0.025,18.2,0.447,8.6,3.844,228.484,4.407
12.0,11.63,23.435,6.4,95.0,99.0,0.1,0.138,2.0,0.838,15.4,12.905,46.406,6.0
8.0,11.84,0.0,61.9,92.0,92.0,0.1,0.174,0.7,0.675,12.3,8.302,48.327,2.0
8.0,11.47,0.0,62.5,92.0,92.0,0.1,0.174,0.8,0.675,12.3,8.302,50.795,2.0
76.0,9.19,606.311,63.2,88.0,88.0,0.1,0.326,0.3,0.891,19.2,17.107,25.587,11.024000000000001
343.0,0.83,0.703,13.1,92.0,9.0,1.9,0.002,9.9,0.0,4.4,0.0,2087.447,34.3
118.0,1.4,106.948,61.1,96.0,96.0,0.1,0.094,4.9,0.709,12.5,8.862,72.623,4.37
168.0,5.66,152.829,4.6,87.0,87.0,0.1,0.115,2.4,0.632,12.2,7.71,58.95,42.0
166.0,7.59,0.0,58.8,75.0,84.0,0.1,0.174,1.6,0.754,14.0,10.556,33.347,16.6
161.0,1.0,43.198,45.7,67.0,68.0,0.1,0.025,1.6,0.572,10.6,6.063,160.519,11.024000000000001
343.0,0.56,6.914,13.3,95.0,93.0,1.9,0.023,9.7,0.0,4.7,0.0,151.194,34.3
415.0,7.82,1.966,14.1,85.0,88.0,8.0,0.02,7.2,0.343,7.2,2.47,214.101,8.3
317.0,0.16,10.384,19.0,53.0,57.0,2.6,0.03,9.1,0.356,7.1,2.528,108.297,6.469
59.0,5.97,0.0,61.2,95.0,95.0,0.1,0.747,0.8,0.948,17.7,16.78,7.675,11.024000000000001
121.0,7.65,13.514,45.4,9.0,89.0,0.4,0.123,4.1,0.753,14.2,10.693,47.361,11.024000000000001
251.0,5.85,41.301,43.0,65.0,65.0,2.0,0.067,4.1,0.466,8.5,3.961,100.044,11.952
368.0,2.25,0.0,22.3,73.0,73.0,5.5,0.174,8.7,0.507,9.6,4.867,13.603,30.667
12.0,4.14,39.865,49.4,87.0,87.0,0.1,0.222,3.0,0.0,12.1,0.0,35.82,11.024000000000001
134.0,7.25,389.752,52.8,89.0,89.0,0.1,0.284,2.7,0.715,13.0,9.295,28.673,134.0
387.0,5.98,9.66,13.3,74.0,81.0,5.2,0.012,8.7,0.268,4.4,1.179,425.797,9.923
158.0,7.92,0.0,56.5,8.0,87.0,0.1,0.174,1.7,0.7,11.8,8.26,26.918,14.364
125.0,0.54,32.525,57.0,95.0,95.0,0.1,0.026,3.9,0.723,13.5,9.76,365.104,31.25
1.0,4.04,1070.269,48.3,88.0,88.0,0.1,0.417,2.2,0.715,12.1,8.651,20.25,1.0
284.0,1.75,73.242,41.3,99.0,99.0,0.1,0.08,2.3,0.621,11.2,6.955,75.114,142.0
145.0,3.51,31.766,48.9,91.0,91.0,0.4,0.049,1.9,0.718,12.6,9.047,109.843,145.0
297.0,2.47,0.0,19.7,87.0,87.0,2.7,0.174,9.6,0.395,7.3,2.884,24.221,49.5
138.0,0.01,427.989,5.8,65.0,64.0,0.1,0.316,1.5,0.592,10.8,6.394,11.701,11.024000000000001
1.0,6.37,584.099,56.1,96.0,96.0,0.1,0.479,1.0,0.775,14.0,10.85,15.311,0.5
536.0,7.19,25.217,25.9,87.0,84.0,46.4,0.164,9.4,0.516,9.4,4.85,32.104,134.0
284.0,3.48,0.0,24.1,97.0,97.0,2.1,0.174,8.2,0.439,8.8,3.863,33.002,47.333
81.0,1.76,1077.712,2.3,98.0,98.0,0.1,0.584,14.2,0.641,11.8,7.564,15.934,11.024000000000001
261.0,0.71,55.43,16.7,83.0,84.0,0.6,0.038,7.9,0.483,9.1,4.395,132.172,5.118
22.0,4.72,685.03,52.6,84.0,84.0,0.8,0.577,3.5,0.684,11.7,8.003,10.262,11.024000000000001
216.0,9.92,86.926,57.0,99.0,99.0,0.1,0.757,2.5,0.791,15.9,12.577,8.415,11.024000000000001
348.0,0.01,0.0,18.6,4.0,4.0,0.9,0.174,7.8,0.675,12.3,8.302,32.888,4.519
134.0,7.42,462.708,53.3,96.0,88.0,0.1,0.333,2.6,0.72,13.1,9.432,24.708,134.0
114.0,13.11,1116.397,56.9,96.0,96.0,0.1,0.938,1.9,0.771,13.3,10.254,6.994,11.024000000000001
141.0,7.38,11.859,51.2,98.0,95.0,0.1,0.009,2.8,0.702,13.0,9.126,762.897,70.5
9.0,5.58,32.247,51.7,99.0,98.0,0.1,0.036,1.6,0.703,11.6,8.155,168.487,9.0
122.0,5.07,4.409,28.2,9.0,9.0,0.3,0.037,7.3,0.632,13.1,8.279,125.564,11.024000000000001
124.0,6.67,14.473,59.5,94.0,94.0,0.1,0.008,1.6,0.76,15.3,11.628,1053.19,124.0
25.0,3.65,0.0,3.8,67.0,73.0,0.9,0.116,7.8,0.513,8.5,4.36,49.462,2.083
124.0,5.3,1117.196,6.8,97.0,97.0,0.1,0.985,1.6,0.745,12.6,9.387,6.498,3.179
116.0,10.33,0.0,24.7,99.0,97.0,0.1,0.174,1.6,0.675,12.3,8.302,24.278,29.0
97.0,12.43,0.0,64.0,99.0,99.0,0.1,0.174,1.9,0.675,12.3,8.302,43.046,11.024000000000001
412.0,3.15,0.0,26.8,79.0,8.0,2.4,0.174,5.8,0.675,12.3,8.302,33.347,5.086
4.0,0.3,26.874,14.1,26.0,26.0,4.8,0.02,11.3,0.3,4.9,1.47,352.124,0.053
165.0,4.43,404.421,47.5,83.0,8.0,0.1,0.24,2.5,0.653,11.4,7.444,24.853,7.857
223.0,0.01,188.737,21.9,97.0,97.0,0.6,0.243,16.1,0.581,12.3,7.146,15.257,223.0
16.0,3.16,222.482,44.3,94.0,94.0,0.7,0.159,2.4,0.59,10.9,6.431,49.514,2.667
13.0,0.51,9.23,36.3,96.0,96.0,0.1,0.014,8.0,0.774,13.0,10.062,270.742,3.25
183.0,6.37,128.09,41.1,9.0,9.0,0.2,0.146,6.0,0.773,12.5,9.662,44.328,11.024000000000001
138.0,3.65,37.171,52.0,96.0,96.0,0.5,0.052,1.8,0.725,12.8,9.28,108.741,138.0
213.0,0.06,55.361,18.2,79.0,71.0,0.1,0.115,1.9,0.624,11.0,6.864,20.631,0.899
122.0,9.16,880.64,58.9,97.0,95.0,0.1,0.636,2.1,0.766,14.1,10.801,1.76,122.0
142.0,2.9,32.756,47.1,96.0,93.0,0.1,0.062,2.1,0.639,11.2,7.157,100.47,142.0
77.0,9.78,31.506,55.0,97.0,87.0,0.1,0.025,0.5,0.823,14.8,12.18,316.439,25.667
437.0,1.49,35.852,15.5,75.0,73.0,14.5,0.044,8.8,0.45,8.2,3.69,102.131,3.8
18.0,0.01,0.0,42.2,94.0,96.0,0.1,0.174,3.2,0.638,12.3,7.847,40.005,4.5
153.0,1.79,45.851,67.8,91.0,9.0,0.1,0.023,0.1,0.683,13.7,9.357,258.312,11.024000000000001
177.0,4.6,336.321,25.3,88.0,88.0,0.1,0.387,8.1,0.667,12.1,8.071,9.778,11.024000000000001
189.0,15.52,153.505,55.5,96.0,96.0,0.1,0.134,2.1,0.812,15.9,12.911,38.84,11.024000000000001
213.0,5.39,0.0,18.7,79.0,78.0,0.3,0.174,9.2,0.542,9.9,5.366,12.627,16.385
78.0,13.31,973.681,55.1,9.0,9.0,0.1,0.589,0.3,0.889,17.5,15.558,12.333,11.024000000000001
154.0,3.38,302.705,5.2,99.0,98.0,0.1,0.153,1.9,0.614,11.4,7.0,43.082,51.333
26.0,7.92,63.787,18.3,93.0,97.0,2.3,0.056,6.5,0.454,10.0,4.54,140.565,1.13
161.0,0.01,35.485,11.6,9.0,87.0,0.1,0.043,2.3,0.484,7.9,3.824,58.134,0.61
224.0,2.81,0.0,38.0,98.0,98.0,0.1,0.174,3.4,0.612,12.4,7.589,33.404,56.0
89.0,4.03,732.866,55.3,86.0,86.0,0.1,0.52,2.4,0.742,14.2,10.536,18.401,11.024000000000001
665.0,1.68,0.0,25.5,78.0,78.0,43.5,0.055,11.0,0.434,9.8,4.253,129.901,17.051
74.0,11.2,869.791,6.4,94.0,95.0,0.1,0.469,1.1,0.912,16.8,15.322,4.118,24.667
277.0,0.01,0.0,2.1,76.0,75.0,1.5,0.174,1.0,0.675,12.3,8.302,21.638,0.874
227.0,0.01,31.502,18.5,56.0,67.0,0.6,0.042,1.0,0.341,5.3,1.807,142.119,2.551
234.0,0.01,89.958,17.2,75.0,77.0,0.6,0.057,1.5,0.435,8.4,3.654,85.552,1.158
377.0,0.01,59.487,19.2,87.0,91.0,5.1,0.035,6.5,0.466,10.7,4.986,321.814,9.425
147.0,0.01,917.468,32.3,98.0,98.0,0.1,0.965,7.0,0.765,14.7,11.246,4.994,11.024000000000001
259.0,5.95,63.832,41.8,64.0,63.0,2.4,0.067,4.2,0.462,8.4,3.881,87.811,11.773
172.0,2.1,17.814,18.5,98.0,98.0,0.1,0.025,15.4,0.731,13.3,9.722,135.85,43.0
276.0,0.59,84.634,2.2,77.0,73.0,1.6,0.07,9.0,0.385,7.1,2.734,98.334,2.968
272.0,0.09,35.029,17.3,7.0,7.0,0.1,0.037,7.9,0.0,8.2,0.0,94.988,136.0
69.0,9.56,0.0,3.4,99.0,99.0,0.1,0.174,1.5,0.675,12.3,8.302,40.751,34.5
123.0,13.36,0.0,59.4,97.0,98.0,0.1,0.174,2.2,0.675,12.3,8.302,36.848,11.024000000000001
17.0,1.98,70.132,59.1,77.0,77.0,0.1,0.544,4.8,0.0,15.2,0.0,2.755,17.0
17.0,1.64,262.959,54.1,94.0,94.0,0.1,0.338,5.4,0.791,11.8,9.334,7.052,17.0
271.0,3.13,0.0,12.7,55.0,52.0,0.1,0.174,1.4,0.463,8.0,3.704,24.795,14.263
296.0,1.5,78.711,22.4,85.0,84.0,3.1,0.05,8.1,0.499,8.1,4.042,90.689,4.774
126.0,9.38,742.511,58.3,93.0,91.0,0.1,0.567,2.1,0.767,14.0,10.738,17.452,126.0
16.0,4.15,1185.412,51.4,89.0,89.0,0.1,0.525,2.0,0.727,12.6,9.16,14.889,16.0
14.0,3.63,19.605,48.6,95.0,96.0,0.2,0.036,1.4,0.696,12.9,8.978,165.634,1.556
51.0,5.55,43.366,28.5,88.0,87.0,40.7,0.035,6.5,0.508,10.5,5.334,216.53,12.75
222.0,3.65,0.0,6.5,97.0,97.0,0.1,0.934,2.3,0.805,15.0,12.075,6.133,14.8
139.0,3.58,33.175,51.2,93.0,92.0,0.6,0.051,1.8,0.722,12.8,9.242,101.618,139.0
284.0,1.76,30.86,42.9,62.0,62.0,0.1,0.036,3.4,0.394,5.5,2.167,89.656,2.606
287.0,3.65,0.0,24.3,88.0,88.0,1.0,0.055,6.5,0.484,12.0,5.808,104.115,14.35
566.0,2.75,104.314,29.2,89.0,91.0,18.2,0.092,7.6,0.453,10.8,4.892,106.18,94.333
91.0,12.25,437.106,56.1,97.0,93.0,0.1,0.253,1.2,0.867,16.3,14.132,5.539,22.75
83.0,12.22,0.0,6.1,92.0,92.0,0.1,0.174,0.7,0.675,12.3,8.302,45.801,20.75
151.0,0.51,4.104,42.6,77.0,77.0,0.1,0.007,3.1,0.642,10.4,6.677,621.186,15.1
145.0,0.01,0.0,77.3,99.0,99.0,0.1,0.174,0.1,0.675,12.3,8.302,41.325,11.024000000000001
229.0,3.65,0.0,36.3,79.0,8.0,2.7,0.74,6.1,0.694,12.6,8.744,7.744,76.333
183.0,1.54,28.521,36.4,99.0,98.0,0.3,0.04,3.3,0.607,11.3,6.859,130.855,6.1
211.0,0.68,188.711,73.4,93.0,94.0,0.1,0.136,0.2,0.574,11.8,6.773,100.577,11.024000000000001
75.0,8.97,0.0,29.1,95.0,94.0,0.1,0.174,1.5,0.675,12.3,8.302,38.225,37.5
519.0,4.21,33.347,17.5,38.0,38.0,1.5,0.023,1.1,0.302,7.0,2.114,522.371,10.812
189.0,2.02,484.719,48.6,94.0,96.0,0.4,0.33,1.2,0.616,10.6,6.53,19.162,14.538
16.0,9.45,0.0,63.8,96.0,96.0,0.1,0.174,2.5,0.789,12.6,9.941,44.424,11.024000000000001
178.0,3.65,0.0,56.1,92.0,91.0,0.2,0.413,1.6,0.678,13.2,8.95,13.867,89.0
241.0,2.58,0.359,42.0,98.0,98.0,0.1,0.002,3.3,0.0,10.4,0.0,873.418,30.125
12.0,1.39,604.87,6.2,98.0,98.0,0.1,0.428,6.5,0.722,14.7,10.613,16.367,4.0
136.0,2.56,0.0,11.8,94.0,94.0,0.2,0.174,15.1,0.618,11.3,6.983,31.912,3.886
151.0,3.54,18.093,47.2,89.0,92.0,0.3,0.032,1.4,0.688,12.8,8.806,182.989,16.778
183.0,0.01,8.758,18.2,66.0,83.0,0.2,0.013,11.0,0.546,10.8,5.897,467.13,14.077
436.0,6.21,512.589,33.7,96.0,96.0,13.4,0.572,9.2,0.63,12.1,7.623,8.231,145.333
171.0,0.14,0.0,5.7,98.0,98.0,0.1,0.174,3.6,0.606,11.0,6.666,31.854,2.085
485.0,9.89,36.606,14.2,58.0,62.0,8.9,0.029,6.6,0.427,11.6,4.953,310.079,2.957
193.0,3.0,64.606,16.4,79.0,82.0,0.2,0.146,26.9,0.58,10.8,6.264,29.609,0.129
187.0,8.43,100.966,39.9,84.0,83.0,0.1,0.584,4.0,0.0,14.8,0.0,8.966,11.024000000000001
32.0,2.98,31.069,21.3,76.0,74.0,5.7,0.048,8.7,0.394,8.8,3.467,126.872,4.571
348.0,8.33,23.966,22.7,68.0,64.0,2.0,0.048,8.5,0.527,11.4,6.008,69.187,3.446
123.0,0.51,171.366,51.7,99.0,99.0,0.1,0.289,6.4,0.589,10.3,6.067,18.733,5.125
24.0,7.04,170.633,39.6,92.0,93.0,1.1,0.195,5.7,0.622,11.7,7.277,23.984,24.0
14.0,0.15,0.0,5.6,76.0,77.0,0.1,0.174,5.5,0.614,9.1,5.587,32.888,0.378
218.0,7.56,345.904,45.0,98.0,98.0,0.3,0.395,5.5,0.633,10.3,6.52,12.915,218.0
128.0,5.91,180.379,54.4,94.0,93.0,0.1,0.428,2.7,0.755,13.5,10.192,16.941,128.0
559.0,1.18,4.27,16.6,88.0,87.0,19.3,0.003,7.1,0.387,9.7,3.754,3043.351,9.475
219.0,7.44,376.457,56.0,98.0,97.0,0.1,0.414,2.7,0.746,14.8,11.041,15.203,11.024000000000001
275.0,0.01,7.097,17.2,68.0,68.0,0.1,0.006,18.2,0.454,9.5,4.313,1270.237,2.835
113.0,8.63,0.0,64.4,93.0,96.0,0.1,0.174,0.7,0.675,12.3,8.302,87.643,3.424
76.0,2.53,199.934,58.3,93.0,93.0,0.1,0.215,1.1,0.845,15.2,12.844,33.102,76.0
218.0,4.45,13.399,19.6,85.0,88.0,0.1,0.018,1.0,0.636,11.6,7.378,181.481,2.535
84.0,1.73,292.402,55.1,94.0,93.0,0.1,0.338,5.1,0.831,13.2,10.969,13.328,84.0
286.0,0.01,1.118,36.8,96.0,95.0,2.8,0.008,7.0,0.693,12.6,8.732,767.729,143.0
14.0,0.96,7.034,73.3,84.0,82.0,0.1,0.044,0.1,0.712,14.4,10.253,103.55,11.024000000000001
325.0,1.34,91.951,28.2,46.0,46.0,4.1,0.077,6.4,0.361,2.9,1.047,74.894,162.5
16.0,6.1,687.512,54.7,96.0,97.0,0.1,0.46,1.0,0.761,13.7,10.426,14.148,5.333
74.0,2.53,22.273,58.7,93.0,92.0,0.1,0.023,1.1,0.85,15.1,12.835,323.97,74.0
26.0,0.53,30.467,75.7,95.0,99.0,0.1,0.169,0.1,0.585,11.9,6.962,8.384,11.024000000000001
526.0,2.25,1.86,18.8,83.0,81.0,15.9,0.001,7.0,0.479,10.9,5.221,5316.93,10.115
28.0,2.35,41.508,43.8,87.0,87.0,0.4,0.028,1.4,0.567,9.6,5.443,245.477,1.556
261.0,0.01,0.0,18.0,94.0,94.0,0.4,0.174,8.5,0.416,5.0,2.08,19.17,32.625
186.0,4.94,0.0,42.0,99.0,99.0,0.4,0.174,3.9,0.677,12.9,8.733,22.556,11.024000000000001
157.0,10.2,33.268,58.1,94.0,93.0,0.1,0.029,2.4,0.723,12.9,9.327,258.801,157.0
144.0,0.01,274.547,51.9,93.0,93.0,0.1,0.163,2.6,0.0,0.0,0.0,44.952,11.024000000000001
355.0,1.01,3.99,18.4,71.0,71.0,5.1,0.035,8.6,0.432,10.0,4.32,160.513,16.136
283.0,4.55,81.143,16.1,91.0,92.0,1.1,0.055,9.3,0.356,5.9,2.1,134.248,3.675
151.0,0.01,46.365,13.5,96.0,94.0,0.1,0.054,19.5,0.513,8.6,4.412,51.77,0.751
52.0,2.39,195.825,3.2,95.0,96.0,10.5,0.135,6.8,0.469,11.0,5.159,87.145,8.667
394.0,0.01,55.831,18.8,89.0,89.0,6.3,0.033,6.5,0.459,10.7,4.911,59.075,9.381
167.0,3.08,0.0,26.2,99.0,64.0,0.1,0.174,5.9,0.675,12.3,8.302,32.888,9.278
136.0,0.01,492.055,73.4,62.0,64.0,0.1,0.424,0.2,0.698,12.9,9.004,12.265,11.024000000000001
438.0,5.72,0.388,13.7,76.0,77.0,8.1,0.002,7.4,0.332,7.1,2.357,2198.707,8.111
365.0,7.8,191.654,2.4,81.0,77.0,2.5,0.353,9.1,0.488,9.0,4.392,9.594,3.017
334.0,0.34,18.93,18.1,65.0,6.0,2.8,0.039,9.5,0.325,5.1,1.658,81.5,6.302
136.0,1.41,81.727,43.9,86.0,84.0,0.1,0.118,6.8,0.588,10.0,5.88,41.77,11.333
211.0,2.06,52.124,55.9,98.0,98.0,0.1,0.375,4.1,0.695,14.0,9.73,10.228,11.024000000000001
138.0,10.03,0.0,52.6,99.0,99.0,0.1,0.174,1.4,0.776,13.8,10.709,41.382,11.024000000000001
198.0,2.14,445.442,46.5,92.0,92.0,0.4,0.264,1.3,0.596,10.4,6.198,25.736,13.2
142.0,0.56,100.364,48.2,97.0,97.0,0.1,0.195,6.5,0.561,9.6,5.386,26.765,5.259
246.0,3.68,0.0,14.9,5.0,49.0,0.2,0.174,1.0,0.494,8.7,4.298,24.795,15.375
32.0,4.05,15.799,22.4,66.0,6.0,3.0,0.018,8.1,0.377,10.0,3.77,107.02,2.133
148.0,4.26,42.18,49.8,89.0,89.0,0.1,0.027,2.4,0.658,11.3,7.435,196.694,7.789
138.0,2.31,191.727,19.8,99.0,99.0,0.1,0.282,15.3,0.739,13.5,9.976,12.153,34.5
139.0,0.02,0.0,49.4,99.0,98.0,0.1,0.174,7.4,0.692,11.4,7.889,34.15,4.633
177.0,0.15,0.0,51.8,97.0,97.0,0.1,0.174,3.4,0.617,11.2,6.91,34.265,2.36
72.0,8.4,864.95,63.6,89.0,91.0,0.1,0.478,0.5,0.898,15.9,14.278,23.37,36.0
93.0,4.2,150.889,52.4,89.0,89.0,0.1,0.061,1.9,0.734,12.8,9.395,136.778,93.0
194.0,4.55,516.711,34.4,91.0,91.0,1.2,0.695,6.6,0.715,11.8,8.437,6.335,194.0
344.0,4.56,23.102,12.5,62.0,62.0,3.6,0.023,11.2,0.0,3.5,0.0,207.095,3.699
88.0,5.37,437.062,55.1,99.0,99.0,0.1,0.444,1.4,0.738,13.3,9.815,12.852,88.0
286.0,0.62,20.98,16.5,96.0,96.0,0.7,0.058,8.8,0.405,5.0,2.025,61.851,35.75
119.0,0.45,430.718,53.9,95.0,95.0,0.1,0.447,5.9,0.714,13.6,9.71,11.457,4.958
312.0,3.65,0.0,24.3,47.0,42.0,0.7,0.043,6.6,0.675,12.3,8.302,134.507,3.9
33.0,6.1,50.286,35.6,54.0,48.0,4.8,0.039,4.6,0.444,8.0,3.552,139.498,1.269
16.0,8.82,0.0,68.0,93.0,94.0,0.1,0.174,0.7,0.675,12.3,8.302,98.72,0.571
186.0,3.65,0.0,5.6,9.0,74.0,0.4,0.393,1.2,0.637,10.7,6.816,14.586,15.5
126.0,13.15,650.957,55.2,94.0,94.0,0.1,0.525,2.0,0.749,12.3,9.213,13.632,11.024000000000001
453.0,1.56,40.452,19.8,45.0,42.0,7.3,0.045,9.1,0.345,6.4,2.208,79.73,18.12
18.0,13.28,146.861,58.2,99.0,99.0,0.1,0.126,2.1,0.793,15.3,12.133,69.847,18.0
188.0,1.1,29.521,46.4,94.0,9.0,0.1,0.127,1.2,0.492,9.3,4.576,58.688,11.024000000000001
383.0,3.65,0.0,42.9,93.0,93.0,3.8,0.174,3.4,0.0,0.0,0.0,32.888,8.511
17.0,4.38,4.484,53.0,98.0,88.0,0.1,0.034,3.4,0.705,13.2,9.306,181.342,17.0
266.0,0.01,0.0,26.0,96.0,97.0,1.6,0.174,7.6,0.445,8.9,3.96,37.25,53.2
161.0,7.07,0.0,52.2,97.0,97.0,0.1,0.174,3.5,0.717,13.3,9.536,29.903,11.024000000000001
136.0,3.01,0.0,12.3,92.0,92.0,0.2,0.174,14.9,0.625,11.4,7.125,39.603,3.886
278.0,1.8,109.705,19.5,97.0,96.0,3.4,0.099,8.1,0.53,11.1,5.883,52.969,3.233
235.0,0.87,59.979,19.0,71.0,7.0,0.4,0.044,7.4,0.506,10.2,5.161,78.103,5.595
88.0,3.65,0.0,55.8,74.0,82.0,0.1,0.458,2.3,0.747,14.2,10.607,12.509,11.024000000000001
124.0,10.8,196.303,51.8,93.0,92.0,0.1,0.148,2.2,0.824,14.7,12.113,57.904,11.024000000000001
268.0,7.84,7.896,32.5,85.0,82.0,4.7,0.006,9.9,0.612,11.5,7.038,1585.399,67.0
438.0,5.2,735.709,3.2,85.0,91.0,15.7,0.394,5.1,0.526,11.2,5.891,21.858,146.0
228.0,6.68,332.275,55.7,97.0,97.0,0.1,0.358,2.8,0.728,14.2,10.338,17.249,11.024000000000001
121.0,2.76,57.103,46.5,83.0,87.0,0.1,0.073,3.0,0.673,11.7,7.874,106.614,60.5
189.0,6.17,301.36,21.7,98.0,98.0,0.5,0.266,9.0,0.674,11.9,8.021,13.183,11.812
235.0,0.41,3.422,14.6,84.0,79.0,0.4,0.014,13.3,0.435,7.6,3.306,175.651,2.448
164.0,0.01,0.397,11.2,83.0,83.0,0.1,0.0,2.5,0.476,7.7,3.665,8818.476,0.586
48.0,6.66,33.303,14.5,96.0,96.0,8.1,0.021,7.0,0.359,7.6,2.728,300.011,1.043
188.0,6.13,340.024,44.1,71.0,72.0,2.5,0.287,3.8,0.656,12.3,8.069,19.51,20.889
183.0,1.59,34.419,37.0,99.0,99.0,0.3,0.046,3.2,0.613,11.6,7.111,110.083,6.31
271.0,2.91,122.121,43.0,98.0,99.0,0.1,0.134,2.2,0.649,12.7,8.242,35.052,135.5
166.0,3.13,0.0,28.7,99.0,92.0,0.1,0.174,5.5,0.675,12.3,8.302,32.888,13.833
196.0,0.26,11.839,23.2,89.0,92.0,0.3,0.015,9.9,0.474,8.7,4.124,305.822,7.0
114.0,9.89,0.0,57.8,98.0,98.0,0.1,0.174,1.2,0.838,15.0,12.57,45.916,11.024000000000001
171.0,11.07,0.0,58.7,94.0,95.0,0.1,0.174,2.5,0.788,12.4,9.771,39.775,11.024000000000001
64.0,2.33,65.79,17.6,85.0,83.0,18.2,0.043,7.3,0.443,10.2,4.519,191.043,1.032
165.0,6.2,520.764,24.6,98.0,98.0,0.4,0.398,8.6,0.687,12.3,8.45,8.951,11.786
17.0,0.01,447.37,57.8,7.0,68.0,0.1,0.693,5.3,0.659,10.3,6.788,8.537,0.436
181.0,7.22,51.252,45.7,94.0,94.0,0.1,0.045,3.5,0.699,12.8,8.947,132.206,11.024000000000001
13.0,2.1,618.361,6.2,74.0,75.0,0.1,0.543,4.7,0.0,14.2,0.0,16.405,13.0
142.0,0.17,0.0,5.1,8.0,78.0,0.1,0.174,5.6,0.607,8.7,5.281,32.888,3.838
211.0,11.48,7.806,54.6,94.0,94.0,0.1,0.054,2.3,0.791,15.4,12.181,90.039,11.024000000000001
39.0,1.02,121.481,3.6,72.0,72.0,3.7,0.097,5.8,0.405,4.3,1.742,77.675,19.5
95.0,11.28,507.306,59.4,96.0,95.0,0.1,0.375,0.8,0.878,18.6,16.331,24.811,95.0
16.0,10.48,456.34,59.7,97.0,96.0,0.1,0.39,2.2,0.745,13.5,10.058,20.008,16.0
258.0,1.84,165.93,2.7,94.0,87.0,3.0,0.123,7.9,0.541,11.1,6.005,45.305,3.185
437.0,4.07,0.0,18.6,91.0,9.0,9.4,0.174,7.6,0.675,12.3,8.302,39.373,3.014
432.0,1.43,36.298,15.9,73.0,73.0,13.2,0.046,8.7,0.461,8.9,4.103,93.678,3.857
67.0,1.92,1079.894,23.1,96.0,96.0,0.1,0.651,13.9,0.663,11.8,7.823,12.464,11.024000000000001
8.0,4.51,428.749,57.2,98.0,98.0,0.1,0.458,1.2,0.761,14.2,10.806,12.834,8.0
611.0,2.61,46.83,17.1,86.0,85.0,18.6,0.038,7.4,0.424,9.8,4.155,173.91,8.729
86.0,3.65,0.0,66.1,97.0,97.0,0.1,0.174,1.8,0.675,12.3,8.302,32.888,11.024000000000001
184.0,2.42,653.693,54.7,92.0,92.0,0.2,0.39,1.6,0.675,13.2,8.91,17.819,92.0
19.0,1.17,262.818,49.7,96.0,96.0,0.1,0.235,6.5,0.662,13.3,8.805,22.65,3.8
238.0,2.86,186.101,4.0,98.0,97.0,0.1,0.145,3.4,0.0,10.3,0.0,29.561,29.75
81.0,5.89,749.682,54.6,93.0,93.0,0.1,0.437,0.8,0.916,17.1,15.664,22.031,11.024000000000001
189.0,0.05,43.179,16.7,8.0,7.0,0.1,0.09,11.0,0.608,10.6,6.445,25.241,0.851
271.0,1.76,30.723,24.9,94.0,94.0,2.1,0.019,7.3,0.542,10.4,5.637,278.877,4.517
263.0,0.96,2.587,16.1,9.0,89.0,0.3,0.02,18.0,0.0,8.8,0.0,224.889,263.0
158.0,1.24,40.491,65.5,91.0,91.0,0.1,0.026,0.1,0.676,13.7,9.261,181.285,11.024000000000001
411.0,0.01,54.56,22.7,91.0,91.0,0.9,0.056,7.9,0.401,9.1,3.649,200.309,11.743
314.0,0.01,196.668,22.8,78.0,86.0,4.3,0.174,6.3,0.57,12.5,7.125,28.678,7.659
1.0,3.65,0.0,61.2,98.0,98.0,0.1,0.383,6.5,0.723,14.6,10.556,14.947,0.333
142.0,9.99,0.0,45.2,98.0,98.0,0.1,0.174,4.3,0.735,13.0,9.555,47.925,11.024000000000001
22.0,6.29,24.445,52.3,95.0,95.0,0.1,0.129,2.4,0.789,15.0,11.835,33.878,4.4
144.0,4.38,531.981,5.5,93.0,93.0,0.1,0.339,2.4,0.658,11.1,7.304,17.168,8.0
19.0,0.06,102.633,2.5,77.0,73.0,0.2,0.186,1.8,0.638,11.0,7.018,16.691,0.101
578.0,2.46,8.37,18.0,84.0,83.0,17.6,0.005,7.2,0.456,10.5,4.788,1418.339,9.797
158.0,4.13,14.589,44.3,9.0,89.0,0.3,0.019,1.6,0.67,12.4,8.308,200.651,15.8
267.0,6.79,180.354,56.1,99.0,99.0,1.0,0.137,2.7,0.7,14.6,10.22,48.322,44.5
525.0,1.27,74.345,16.9,92.0,91.0,16.9,0.037,7.0,0.4,9.6,3.84,45.727,9.052
329.0,0.01,54.374,26.7,49.0,5.0,0.9,0.046,6.7,0.426,9.9,4.217,30.599,29.909
232.0,0.01,796.873,33.3,84.0,84.0,3.7,0.576,9.5,0.619,11.5,7.118,14.313,58.0
126.0,1.29,103.524,58.5,9.0,9.0,0.1,0.083,5.0,0.687,11.9,8.175,69.618,3.706
187.0,0.01,22.394,17.4,71.0,68.0,0.1,0.05,21.8,0.457,5.5,2.514,55.311,0.395
128.0,4.09,0.0,16.7,96.0,95.0,0.1,0.174,14.3,0.675,12.5,8.438,44.194,3.657
166.0,2.49,6.649,29.7,99.0,99.0,0.1,0.008,7.4,0.728,13.6,9.901,560.377,11.024000000000001
183.0,2.73,119.457,4.7,99.0,99.0,0.2,0.138,3.0,0.657,11.9,7.818,38.741,7.957
144.0,9.5,79.415,55.5,99.0,99.0,0.1,0.082,2.3,0.797,14.8,11.796,75.526,48.0
196.0,3.65,0.0,62.3,99.0,99.0,0.1,0.596,1.9,0.798,15.6,12.449,9.619,11.024000000000001
157.0,7.01,0.0,53.1,97.0,98.0,0.1,0.174,3.5,0.72,13.3,9.576,49.532,11.024000000000001
19.0,0.06,5.382,19.0,79.0,72.0,0.1,0.013,1.9,0.629,11.1,6.982,222.396,0.095
167.0,6.89,0.0,54.7,81.0,65.0,0.1,0.174,1.7,0.684,11.0,7.524,28.296,13.917
22.0,7.57,497.472,44.1,97.0,97.0,0.3,0.379,5.6,0.63,10.6,6.678,17.333,22.0
232.0,0.01,227.835,42.9,93.0,93.0,0.3,0.196,3.4,0.478,7.0,3.346,43.021,2.636
359.0,3.65,0.0,42.9,93.0,93.0,4.0,0.156,3.4,0.0,0.0,0.0,36.658,8.756
78.0,10.17,347.187,58.2,9.0,9.0,0.1,0.217,0.7,0.897,20.4,18.299,40.52,39.0
14.0,8.82,0.0,69.1,93.0,95.0,0.1,0.174,0.8,0.675,12.3,8.302,98.376,0.519
16.0,5.16,8.24,51.5,95.0,95.0,0.1,0.042,2.8,0.703,12.9,9.069,200.579,11.024000000000001
119.0,0.01,306.182,51.5,97.0,94.0,0.1,0.79,2.8,0.752,12.2,9.174,8.099,19.833
65.0,9.23,96.859,58.6,97.0,97.0,0.1,0.052,1.0,0.906,16.9,15.311,24.879,65.0
63.0,8.96,1047.37,59.9,97.0,97.0,0.1,0.536,1.0,0.911,17.2,15.669,2.854,63.0
225.0,6.71,0.0,47.2,98.0,97.0,0.1,0.174,3.4,0.675,12.3,8.302,47.695,225.0
323.0,1.44,0.0,16.5,52.0,54.0,2.1,0.174,11.7,0.675,12.3,8.302,19.17,0.979
121.0,3.82,79.116,53.5,84.0,83.0,0.1,0.644,1.2,0.737,14.0,10.318,14.221,17.286
155.0,13.45,0.0,4.4,85.0,85.0,0.1,0.174,4.3,0.694,12.4,8.606,36.561,11.024000000000001
16.0,3.65,0.0,66.1,97.0,97.0,0.1,0.198,4.9,0.764,14.5,11.078,28.924,0.889
451.0,0.01,52.378,21.6,23.0,23.0,5.1,0.034,8.5,0.37,7.1,2.627,113.571,19.609
648.0,1.99,5.301,26.4,9.0,9.0,33.8,0.006,1.2,0.44,10.5,4.62,1148.959,92.571
295.0,6.78,7.41,16.5,98.0,97.0,5.0,0.004,6.8,0.424,10.1,4.282,1963.345,9.833
351.0,1.0,1.995,17.5,58.0,59.0,5.3,0.003,9.0,0.428,9.7,4.152,1728.25,15.955
114.0,8.21,0.0,6.1,9.0,94.0,0.1,0.174,0.8,0.675,12.3,8.302,78.632,3.455
97.0,4.27,39.225,26.5,99.0,97.0,0.1,0.348,4.5,0.672,11.9,7.997,13.208,0.315
171.0,1.76,0.0,66.4,85.0,85.0,0.1,0.174,0.2,0.633,11.5,7.28,79.378,11.024000000000001
336.0,1.24,77.096,2.9,78.0,78.0,4.3,0.05,7.5,0.442,10.6,4.685,133.125,15.273
218.0,7.49,466.669,41.6,97.0,98.0,0.3,0.272,5.6,0.618,10.5,6.489,26.921,218.0
169.0,8.05,0.0,54.1,87.0,7.0,0.1,0.174,1.8,0.672,10.4,6.989,29.903,14.083
22.0,6.32,293.02,46.1,65.0,79.0,2.3,0.237,3.6,0.665,12.4,8.246,23.286,2.75
17.0,0.01,151.105,36.2,99.0,99.0,0.1,0.156,5.7,0.766,13.2,10.111,21.621,11.024000000000001
268.0,0.01,662.802,37.3,96.0,95.0,2.3,0.751,6.7,0.697,12.6,8.782,7.205,134.0
17.0,11.45,0.0,25.2,99.0,97.0,0.1,0.174,1.6,0.675,12.3,8.302,27.32,4.25
218.0,0.21,31.932,13.4,8.0,8.0,0.2,0.029,17.8,0.463,9.3,4.306,203.354,4.638
72.0,10.82,842.277,52.3,95.0,93.0,0.1,0.48,0.6,0.889,15.0,13.335,4.019,11.024000000000001
433.0,3.97,49.837,21.2,81.0,84.0,1.7,0.039,8.5,0.375,8.5,3.188,333.627,10.31
163.0,3.99,84.175,43.6,83.0,87.0,0.3,0.145,1.6,0.668,12.4,8.283,23.278,14.818
16.0,8.67,0.0,67.5,94.0,96.0,0.1,0.174,0.7,0.675,12.3,8.302,101.016,0.552
6.0,5.65,2.819,27.1,87.0,85.0,50.6,0.002,8.2,0.493,9.1,4.486,2674.728,1.5
267.0,3.65,0.0,27.4,8.0,8.0,2.8,0.174,7.5,0.59,11.1,6.549,32.888,26.7
2.0,0.99,240.485,43.0,99.0,99.0,0.1,0.095,1.3,0.47,8.4,3.948,70.214,11.024000000000001
192.0,0.01,200.66,29.3,97.0,97.0,0.2,0.162,5.7,0.559,11.0,6.149,60.229,11.024000000000001
142.0,0.01,62.659,15.2,94.0,94.0,0.1,0.076,18.9,0.535,8.9,4.762,47.542,0.882
125.0,5.72,631.125,51.1,98.0,88.0,0.1,0.536,2.1,0.744,12.9,9.598,13.07,62.5
164.0,0.01,71.509,38.2,96.0,94.0,0.2,0.095,3.6,0.613,11.1,6.804,66.939,13.667
99.0,0.55,19.159,55.5,99.0,99.0,0.1,0.029,6.3,0.623,11.6,7.227,209.508,4.5
137.0,2.19,0.0,1.4,96.0,99.0,0.2,0.174,15.6,0.592,10.9,6.453,27.779,3.703
181.0,2.48,591.776,54.1,93.0,92.0,0.3,0.383,1.6,0.67,13.2,8.844,17.483,90.5
187.0,6.72,643.704,27.6,96.0,96.0,0.1,0.767,6.2,0.714,12.2,8.711,5.799,11.024000000000001
189.0,6.66,582.803,48.5,98.0,98.0,0.1,0.468,3.5,0.702,12.5,8.775,11.646,11.024000000000001
513.0,0.01,168.135,3.8,93.0,95.0,9.0,0.128,6.4,0.479,11.0,5.269,86.901,85.5
326.0,1.18,106.035,29.8,64.0,64.0,4.0,0.086,6.0,0.388,3.7,1.436,78.249,163.0
283.0,1.81,28.881,42.9,66.0,66.0,0.2,0.038,3.4,0.399,5.6,2.234,78.628,2.62
21.0,4.9,251.659,41.4,96.0,96.0,0.4,0.342,3.7,0.677,11.8,7.989,13.146,11.024000000000001
137.0,3.65,0.0,65.7,91.0,91.0,0.1,0.7,1.9,0.792,15.0,11.88,8.182,137.0
294.0,2.26,0.0,2.9,94.0,95.0,3.0,0.174,9.2,0.412,7.8,3.214,28.525,49.0
75.0,8.2,771.182,61.9,95.0,95.0,0.1,0.439,0.5,0.891,15.8,14.078,22.199,37.5
162.0,9.34,0.0,62.0,97.0,98.0,0.1,0.174,2.5,0.788,12.6,9.929,43.793,11.024000000000001
251.0,0.01,9.804,24.1,8.0,8.0,1.3,0.084,7.4,0.458,10.0,4.58,58.02,6.436
192.0,2.4,380.963,45.2,85.0,85.0,0.4,0.249,1.3,0.578,10.1,5.838,27.524,12.0
22.0,0.2,2.791,12.9,76.0,78.0,0.1,0.025,18.0,0.457,9.2,4.204,217.069,0.44
191.0,0.01,225.731,3.1,95.0,95.0,0.2,0.182,5.6,0.562,11.1,6.238,45.799,11.024000000000001
151.0,12.68,0.0,41.3,99.0,99.0,0.1,0.174,4.3,0.707,12.8,9.05,39.086,11.024000000000001
16.0,7.02,0.0,5.3,96.0,96.0,0.1,0.174,3.5,0.712,13.3,9.47,28.64,11.024000000000001
161.0,7.55,0.0,55.9,83.0,86.0,0.1,0.174,1.7,0.687,11.6,7.969,27.435,14.636
654.0,2.61,71.156,27.9,88.0,89.0,34.1,0.092,8.8,0.437,10.7,4.676,77.764,109.0
178.0,9.62,37.823,52.4,98.0,98.0,0.1,0.213,3.7,0.714,12.0,8.568,21.489,35.6
2.0,0.28,10.207,22.7,83.0,91.0,0.4,0.013,1.0,0.463,8.3,3.843,319.281,0.069
338.0,0.18,2.395,17.7,61.0,57.0,2.9,0.004,9.7,0.338,5.9,1.994,969.923,6.145
218.0,4.96,191.495,23.1,87.0,87.0,0.1,0.235,1.0,0.669,11.5,7.694,18.219,3.028
159.0,3.65,0.0,61.1,93.0,93.0,0.1,0.174,2.8,0.688,13.1,9.013,32.888,2.65
271.0,0.01,73.524,18.6,58.0,62.0,0.1,0.061,17.5,0.476,10.0,4.76,133.657,3.151
257.0,4.49,7.884,54.8,99.0,99.0,0.7,0.064,3.0,0.669,13.3,8.898,88.011,32.125
199.0,11.64,132.723,54.9,95.0,94.0,0.1,0.718,2.2,0.798,15.6,12.449,6.848,11.024000000000001
157.0,3.65,0.0,53.4,88.0,87.0,0.1,0.174,2.7,0.675,12.3,8.302,32.888,157.0
229.0,0.01,28.782,21.7,75.0,75.0,1.2,0.046,1.7,0.444,6.5,2.886,93.675,19.083
121.0,5.11,160.84,57.0,91.0,91.0,0.1,0.363,1.7,0.747,15.0,11.205,17.977,121.0
175.0,0.03,0.697,21.3,7.0,71.0,0.1,0.001,2.5,0.514,7.3,3.752,1962.213,0.38
336.0,0.01,0.0,22.0,49.0,45.0,0.8,0.174,7.0,0.675,12.3,8.302,32.888,4.048
98.0,1.72,8.907,61.9,75.0,8.0,0.1,0.061,4.7,0.731,12.9,9.43,145.048,98.0
179.0,0.91,163.105,41.9,67.0,7.0,0.1,0.136,1.7,0.0,10.1,0.0,24.722,11.024000000000001
89.0,9.18,0.0,26.7,9.0,88.0,0.1,0.174,1.6,0.675,12.3,8.302,28.468,29.667
148.0,3.65,0.0,33.6,99.0,99.0,0.1,0.582,7.7,0.738,13.6,10.037,9.841,16.444
194.0,2.68,53.959,51.4,98.0,98.0,0.3,0.036,1.8,0.659,13.4,8.831,174.317,64.667
274.0,0.01,0.0,17.0,94.0,94.0,0.6,0.174,8.7,0.41,5.0,2.05,17.104,34.25
275.0,0.01,36.861,22.5,7.0,69.0,1.6,0.078,8.1,0.421,8.0,3.368,84.658,3.198
313.0,4.88,8.77,14.2,94.0,82.0,2.3,0.005,1.3,0.0,4.3,0.0,1513.497,3.517
172.0,0.24,0.0,55.5,97.0,97.0,0.1,0.174,3.1,0.651,11.9,7.747,27.665,2.646
189.0,0.21,70.271,15.4,82.0,82.0,0.2,0.047,17.0,0.492,10.1,4.969,136.171,5.4
28.0,0.1,20.269,14.6,44.0,41.0,1.6,0.021,12.3,0.266,3.0,0.798,290.411,0.231
289.0,1.13,38.558,14.9,63.0,54.0,2.4,0.032,11.2,0.378,7.6,2.873,132.005,1.07
214.0,0.01,8.353,27.4,52.0,64.0,1.2,0.012,8.7,0.484,7.6,3.678,269.07,17.833
251.0,0.33,62.22,18.7,73.0,73.0,0.7,0.064,11.8,0.401,5.9,2.366,84.095,5.705
139.0,0.01,0.0,48.5,95.0,95.0,0.1,0.174,7.4,0.687,11.4,7.832,37.881,4.344
179.0,4.14,369.632,26.4,88.0,88.0,0.1,0.396,7.9,0.683,12.5,8.538,10.701,11.024000000000001
27.0,0.33,21.237,2.5,9.0,84.0,0.5,0.119,13.0,0.526,9.1,4.787,15.758,0.443
231.0,0.4,3.824,15.2,86.0,78.0,0.5,0.022,13.3,0.445,7.7,3.427,90.178,2.484
45.0,9.23,22.482,16.9,31.0,29.0,4.9,0.038,14.3,0.0,7.6,0.0,75.121,0.048
229.0,0.38,8.416,13.2,57.0,57.0,0.1,0.047,12.0,0.484,10.2,4.937,28.074,76.333
19.0,0.02,18.845,16.4,65.0,62.0,0.1,0.053,22.2,0.445,5.3,2.358,52.34,0.038
175.0,10.16,152.637,51.4,99.0,99.0,0.1,0.167,4.0,0.703,11.5,8.084,25.941,35.0
19.0,0.01,707.145,6.7,94.0,94.0,0.1,0.72,1.8,0.799,15.1,12.065,8.935,11.024000000000001
13.0,4.12,0.0,15.3,97.0,97.0,0.1,0.174,14.4,0.662,12.2,8.076,39.947,0.361
234.0,0.04,0.0,37.9,69.0,69.0,0.1,0.174,13.7,0.493,8.6,4.24,30.993,5.2
237.0,9.66,0.0,49.1,93.0,92.0,0.1,0.174,3.0,0.675,12.3,8.302,10.79,237.0
295.0,7.08,76.199,46.8,99.0,99.0,0.1,0.53,2.4,0.747,14.3,10.682,7.04,32.778
263.0,1.64,225.222,26.1,91.0,91.0,1.3,0.158,6.9,0.554,10.9,6.039,30.523,4.534
221.0,4.42,0.1,18.7,77.0,79.0,0.1,0.0,1.0,0.625,11.4,7.125,38.497,2.483
124.0,10.13,0.0,55.9,99.0,99.0,0.1,0.174,1.3,0.822,15.0,12.33,48.843,11.024000000000001
139.0,2.15,558.721,72.9,6.0,65.0,0.1,0.395,0.2,0.693,12.9,8.94,14.692,11.024000000000001
144.0,0.01,295.117,54.6,95.0,95.0,0.1,0.468,5.6,0.74,16.0,11.84,9.823,48.0
255.0,0.01,170.963,21.3,93.0,92.0,2.9,0.134,7.8,0.546,11.1,6.061,42.81,3.228
115.0,3.92,49.34,49.4,98.0,95.0,0.1,0.274,3.6,0.679,12.1,8.216,24.418,115.0
247.0,8.34,9.075,18.9,93.0,97.0,1.3,0.062,6.3,0.464,10.2,4.733,125.032,12.35
192.0,0.26,12.805,23.8,85.0,89.0,0.3,0.015,9.7,0.483,9.1,4.395,308.591,7.111
248.0,1.99,17.054,42.9,81.0,81.0,0.3,0.123,3.4,0.456,6.8,3.101,68.448,2.638
67.0,10.3,579.133,61.5,92.0,92.0,0.1,0.342,0.7,0.91,20.3,18.473,24.703,33.5
167.0,3.76,211.114,43.5,99.0,99.0,2.3,0.36,2.0,0.69,11.7,8.073,13.497,167.0
146.0,3.35,0.0,31.8,99.0,93.0,0.1,0.174,5.0,0.675,12.3,8.302,32.888,18.25
287.0,3.21,53.308,23.1,82.0,83.0,5.9,0.054,8.0,0.405,8.9,3.605,123.352,41.0
362.0,0.01,263.211,24.7,49.0,49.0,3.9,0.323,1.1,0.521,10.0,5.21,11.379,0.477
345.0,3.65,47.445,42.9,5.0,45.0,3.6,0.119,3.4,0.417,4.9,2.043,22.084,8.625
127.0,0.55,27.443,57.8,95.0,95.0,0.1,0.022,3.9,0.73,13.8,10.074,399.066,31.75
278.0,1.28,7.615,22.0,77.0,75.0,1.8,0.008,8.1,0.444,9.1,4.04,521.082,7.128
4.0,5.03,73.033,23.3,79.0,8.0,7.4,0.095,6.9,0.456,8.3,3.785,49.892,0.043
38.0,2.16,2.527,19.0,65.0,6.0,4.6,0.003,9.6,0.0,7.4,0.0,1608.126,4.75
65.0,8.1,102.19,66.4,91.0,91.0,0.1,0.054,0.5,0.912,15.9,14.501,26.672,32.5
189.0,1.6,48.509,34.8,99.0,99.0,0.1,0.056,3.4,0.0,10.6,0.0,94.897,5.25
112.0,3.65,0.0,65.6,99.0,99.0,0.1,0.05,4.0,0.741,13.1,9.707,115.496,28.0
367.0,8.3,194.203,24.1,46.0,46.0,3.9,0.3,1.4,0.514,9.8,5.037,12.333,0.475
188.0,0.06,33.958,16.0,77.0,76.0,0.1,0.075,11.0,0.604,10.6,6.402,29.832,0.821
172.0,6.78,273.576,39.1,86.0,86.0,0.1,0.155,2.5,0.625,11.6,7.25,52.377,34.4
58.0,0.01,42.988,66.0,97.0,97.0,0.1,0.03,0.6,0.877,17.6,15.435,314.963,58.0
195.0,3.65,0.0,61.3,51.0,23.0,0.2,0.213,2.3,0.748,15.3,11.444,26.946,39.0
31.0,1.6,3.336,2.7,8.0,78.0,3.5,0.004,8.8,0.484,7.6,3.678,977.159,0.492
97.0,0.09,117.923,63.1,98.0,98.0,0.1,0.17,7.3,0.787,13.0,10.231,28.902,9.7
416.0,2.26,0.0,19.3,31.0,33.0,7.8,0.174,9.5,0.487,9.8,4.773,12.225,29.714
12.0,8.65,106.165,49.9,88.0,98.0,0.1,0.249,2.7,0.722,12.5,9.025,32.752,12.0
328.0,3.65,0.0,51.1,75.0,75.0,3.6,0.578,4.4,0.665,13.0,8.645,9.918,6.308
252.0,0.01,90.122,25.2,74.0,78.0,1.1,0.094,7.1,0.475,10.7,5.082,48.646,6.462
88.0,10.91,0.0,58.2,91.0,91.0,0.1,0.174,0.7,0.675,12.3,8.302,41.956,22.0
13.0,1.3,585.878,58.3,97.0,97.0,0.1,0.414,6.4,0.717,14.6,10.468,17.332,4.333
413.0,3.65,0.0,24.4,86.0,86.0,0.5,0.059,7.4,0.431,9.5,4.094,97.646,13.767
253.0,1.38,8.386,13.5,86.0,85.0,1.7,0.005,11.6,0.458,9.7,4.443,1367.779,10.542
362.0,0.01,11.302,18.7,44.0,37.0,2.9,0.012,8.7,0.39,7.3,2.847,290.716,4.641
166.0,11.93,0.0,39.0,91.0,91.0,0.2,0.174,4.4,0.686,12.3,8.438,35.585,11.024000000000001
394.0,5.22,0.962,23.8,78.0,81.0,7.2,0.001,6.7,0.456,8.2,3.739,4140.809,4.33
178.0,0.03,3.913,2.1,75.0,75.0,0.1,0.009,2.8,0.505,6.7,3.384,356.745,0.388
272.0,3.64,41.911,24.5,71.0,7.0,1.8,0.033,7.4,0.403,9.6,3.869,363.801,20.923
48.0,9.58,15.831,17.3,36.0,27.0,5.1,0.035,14.1,0.0,8.0,0.0,92.674,0.051
125.0,2.86,0.0,52.7,96.0,95.0,0.1,0.174,2.8,0.0,11.7,0.0,48.901,11.024000000000001
633.0,2.69,9.184,28.3,87.0,88.0,30.0,0.092,8.4,0.44,10.6,4.664,92.241,105.5
96.0,0.43,198.734,57.5,99.0,99.0,0.1,0.316,6.4,0.64,12.1,7.744,18.714,4.571
151.0,7.16,1158.065,4.1,99.0,99.0,0.1,0.975,3.5,0.0,0.0,0.0,4.644,11.024000000000001
138.0,0.01,63.803,73.8,79.0,77.0,0.1,0.045,0.1,0.717,14.4,10.325,100.09,11.024000000000001
134.0,0.01,493.415,56.7,98.0,98.0,0.1,0.936,5.5,0.752,15.4,11.581,2.682,44.667
285.0,3.82,0.0,25.0,69.0,82.0,3.5,0.174,8.0,0.558,10.7,5.971,16.013,28.5
268.0,1.44,55.595,13.1,69.0,69.0,1.9,0.036,11.6,0.445,9.3,4.139,186.533,10.308
186.0,1.47,24.994,35.9,99.0,99.0,0.2,0.038,3.3,0.6,11.0,6.6,142.3,5.812
287.0,2.79,0.0,22.8,96.0,96.0,3.0,0.174,8.6,0.426,8.6,3.664,34.15,47.833
249.0,3.65,0.0,28.6,88.0,88.0,0.7,0.136,6.2,0.575,11.4,6.555,42.081,4.788
24.0,0.01,147.455,76.2,92.0,94.0,0.1,0.177,0.1,0.581,11.9,6.914,7.762,11.024000000000001
229.0,7.56,536.233,43.2,93.0,93.0,0.4,0.344,5.6,0.624,10.3,6.427,19.747,229.0
386.0,6.61,9.697,12.8,71.0,8.0,5.2,0.013,9.0,0.268,4.5,1.206,370.16,9.415
148.0,3.64,25.623,48.1,94.0,92.0,0.9,0.046,1.9,0.714,12.5,8.925,105.505,148.0
8.0,5.59,134.355,62.3,94.0,94.0,0.1,0.114,0.8,0.779,13.8,10.75,59.926,11.024000000000001
99.0,2.92,171.66,24.1,87.0,87.0,0.1,0.175,5.0,0.634,10.6,6.72,26.559,0.253
15.0,7.84,11.567,44.7,95.0,95.0,0.1,0.074,3.8,0.741,15.8,11.708,85.694,11.024000000000001
67.0,10.49,703.553,61.3,96.0,96.0,0.1,0.524,0.3,0.902,18.6,16.777,15.453,11.024000000000001
135.0,1.29,93.501,44.6,83.0,82.0,0.1,0.126,6.7,0.589,10.1,5.949,39.085,12.273
251.0,0.01,87.408,24.6,73.0,77.0,1.2,0.092,7.2,0.466,10.3,4.8,50.16,6.436
199.0,13.94,1147.111,61.7,97.0,97.0,0.1,0.833,1.9,0.796,15.7,12.497,6.83,11.024000000000001
134.0,4.22,448.767,49.5,94.0,94.0,0.4,0.317,1.2,0.693,13.0,9.009,14.079,8.933
225.0,3.65,0.0,17.6,75.0,77.0,0.6,0.064,1.4,0.441,8.4,3.704,88.86,1.16
62.0,6.21,234.783,6.3,94.0,94.0,0.1,0.129,0.8,0.942,17.5,16.485,72.686,11.024000000000001
98.0,3.65,0.0,66.1,75.0,81.0,0.1,0.085,4.9,0.763,13.3,10.148,67.704,98.0
171.0,3.89,160.238,42.5,99.0,99.0,2.2,0.34,2.0,0.68,10.9,7.412,15.712,171.0
154.0,4.59,297.511,45.4,93.0,98.0,0.5,0.2,1.4,0.674,13.5,9.099,24.171,6.417
477.0,4.87,413.006,28.9,89.0,88.0,40.2,0.285,6.1,0.514,10.6,5.448,28.783,119.25
158.0,6.47,0.0,61.5,79.0,78.0,0.1,0.174,1.6,0.771,14.2,10.948,30.19,15.8
116.0,0.56,509.002,55.0,95.0,95.0,0.1,0.544,5.9,0.724,14.0,10.136,9.725,4.833
127.0,8.14,198.949,52.8,88.0,94.0,0.1,0.373,2.6,0.742,13.3,9.869,25.147,127.0
279.0,0.11,20.861,15.0,45.0,43.0,1.6,0.023,12.1,0.27,3.1,0.837,285.823,2.364
434.0,1.2,58.596,18.9,73.0,78.0,16.3,0.038,3.8,0.353,7.9,2.789,169.222,3.841
41.0,9.81,50.839,14.8,62.0,64.0,8.6,0.034,6.4,0.434,10.6,4.6,294.043,0.283
136.0,0.01,36.48,53.5,93.0,93.0,0.1,0.021,2.5,0.0,0.0,0.0,387.6,11.024000000000001
269.0,0.5,6.557,12.3,93.0,93.0,0.1,0.005,12.1,0.47,9.8,4.606,683.894,67.25
23.0,2.37,0.0,44.7,82.0,88.0,0.2,0.174,1.4,0.617,14.4,8.885,30.42,1.353
137.0,0.01,584.945,74.3,84.0,82.0,0.1,0.427,0.1,0.718,14.3,10.267,11.658,11.024000000000001
256.0,0.53,229.441,33.8,82.0,82.0,2.1,0.162,5.6,0.464,6.3,2.923,56.294,128.0
158.0,3.03,918.807,31.3,98.0,98.0,0.1,0.921,7.1,0.748,14.1,10.547,5.646,11.024000000000001
119.0,6.76,24.731,6.1,94.0,94.0,0.1,0.096,1.6,0.77,15.7,12.089,84.91,119.0
148.0,1.79,503.588,7.1,89.0,88.0,0.1,0.29,0.1,0.695,14.6,10.147,19.374,11.024000000000001
173.0,0.22,0.0,57.0,97.0,97.0,0.1,0.174,3.0,0.665,12.2,8.113,27.55,2.703
189.0,0.01,1.767,16.9,68.0,65.0,0.1,0.005,22.0,0.45,5.4,2.43,521.404,0.391
34.0,0.51,4.396,16.1,56.0,49.0,2.4,0.004,1.8,0.297,4.6,1.366,1814.133,0.309
77.0,11.92,405.448,6.5,96.0,96.0,0.1,0.265,0.6,0.837,15.8,13.225,30.591,38.5
142.0,0.01,0.0,32.4,99.0,93.0,0.1,0.174,4.9,0.675,12.3,8.302,32.888,17.75
184.0,6.85,549.81,46.3,98.0,97.0,0.3,0.426,3.5,0.7,12.7,8.89,13.626,11.024000000000001
48.0,3.83,42.089,19.2,67.0,65.0,2.2,0.029,9.3,0.341,7.8,2.66,427.611,1.021
142.0,0.01,0.0,46.2,99.0,99.0,0.1,0.174,7.6,0.674,11.9,8.021,30.936,3.838
34.0,1.44,39.083,22.0,85.0,85.0,2.6,0.056,7.1,0.457,11.5,5.256,92.775,1.619
212.0,0.76,18.195,72.8,86.0,86.0,0.1,0.115,0.2,0.576,12.1,6.97,16.757,11.024000000000001
227.0,3.65,0.0,24.2,92.0,91.0,0.8,0.073,6.7,0.498,11.1,5.528,78.801,113.5
298.0,8.75,11.054,32.4,81.0,82.0,8.9,0.019,6.8,0.651,12.4,8.072,131.669,99.333
349.0,2.59,196.915,21.7,7.0,78.0,5.6,0.174,6.5,0.554,12.3,6.814,28.282,8.116
91.0,5.79,348.056,53.5,98.0,98.0,0.1,0.412,1.5,0.721,12.2,8.796,14.056,91.0
115.0,3.06,17.461,2.5,86.0,85.0,0.1,0.096,5.9,0.583,9.5,5.538,47.954,0.189
146.0,0.01,29.134,54.0,93.0,93.0,0.1,0.037,5.6,0.736,15.8,11.629,122.071,48.667
191.0,0.06,72.016,19.7,78.0,72.0,0.1,0.159,1.8,0.632,10.9,6.889,18.335,0.985
441.0,1.23,13.776,18.0,97.0,97.0,11.2,0.051,6.7,0.444,10.6,4.706,228.252,8.82
162.0,0.01,62.294,24.7,72.0,72.0,0.1,0.132,19.4,0.542,7.8,4.228,19.811,0.367
298.0,2.08,0.0,19.1,86.0,87.0,2.5,0.174,9.8,0.392,7.0,2.744,21.523,49.667
397.0,6.75,31.936,14.9,89.0,89.0,7.7,0.024,6.9,0.371,8.2,3.042,264.839,9.452
189.0,10.68,0.0,56.7,93.0,92.0,0.1,0.174,2.6,0.783,12.2,9.553,32.256,11.024000000000001
362.0,10.03,116.203,16.3,79.0,8.0,8.0,0.059,6.0,0.473,10.9,5.156,188.462,3.042
284.0,0.1,13.358,13.6,41.0,34.0,1.5,0.016,12.8,0.253,2.8,0.708,388.459,2.219
355.0,4.54,1.727,14.8,93.0,99.0,3.4,0.002,8.0,0.309,7.2,2.225,805.206,9.861
149.0,0.54,23.372,26.0,98.0,98.0,0.1,0.044,9.8,0.715,11.6,8.294,76.539,29.8
146.0,4.45,978.07,52.8,92.0,92.0,0.1,0.544,2.3,0.683,12.2,8.333,12.167,9.125
71.0,10.37,0.0,66.0,95.0,95.0,0.1,0.174,0.8,0.675,12.3,8.302,52.345,17.75
175.0,10.68,0.0,51.5,92.0,92.0,0.1,0.174,2.7,0.675,12.3,8.302,68.128,175.0
21.0,2.39,0.0,4.1,96.0,95.0,0.1,0.174,3.3,0.629,12.4,7.8,38.971,5.25
99.0,1.32,140.377,65.4,75.0,81.0,0.1,0.817,4.8,0.763,13.3,10.148,7.818,99.0
148.0,0.01,115.278,32.8,98.0,97.0,0.1,0.115,7.0,0.769,14.7,11.304,41.676,11.024000000000001
279.0,0.01,8.201,25.0,87.0,87.0,4.5,0.006,7.5,0.415,9.1,3.776,1023.626,46.5
