Country,Year,Status,Life_Expectancy,Adult_Mortality,Infant_Deaths,Alcohol,Percentage_Exp,HepatitisB,BMI,Under_Five_Deaths,Polio,Tot_Exp,Diphtheria,HIV/AIDS,GDP,Population,thinness_1to19_years,thinness_5to9_years,Income_Comp_Of_Resources,Schooling,winsorized_Life_Expectancy,winsorized_Adult_Mortality,winsorized_Infant_Deaths,winsorized_Alcohol,winsorized_Percentage_Exp,winsorized_HepatitisB,winsorized_Under_Five_Deaths,winsorized_Polio,winsorized_Tot_Exp,winsorized_Diphtheria,winsorized_HIV,winsorized_GDP,winsorized_Population,winsorized_thinness_1to19_years,winsorized_thinness_5to9_years,winsorized_Income_Comp_Of_Resources,winsorized_Schooling,Economic_health_index,Health_expenditure_ratio,Mortality_rate_ratio
Afghanistan,2015,Developing,65.0,263.0,62,0.01,71.28,65.0,19.1,83,6.0,8.16,65.0,0.1,584.259,33736494.0,17.2,17.3,0.479,10.1,65.0,263.0,62,0.01,71.28,65.0,83,45.0,8.16,65.0,0.1,584.259,17153357.0,16.1,16.7,0.479,10.1,4.838,0.014,3.169
Afghanistan,2014,Developing,59.9,271.0,64,0.01,73.524,62.0,18.6,86,58.0,8.18,62.0,0.1,612.697,327582.0,17.5,17.5,0.476,10.0,59.9,271.0,64,0.01,73.524,62.0,86,58.0,8.18,62.0,0.1,612.697,327582.0,16.1,16.7,0.476,10.0,4.76,0.013,3.151
Afghanistan,2013,Developing,59.9,268.0,66,0.01,73.219,64.0,18.1,89,62.0,8.13,64.0,0.1,631.745,31731688.0,17.7,17.7,0.47,9.9,59.9,268.0,64,0.01,73.219,64.0,87,62.0,8.13,64.0,0.1,631.745,17153357.0,16.1,16.7,0.47,9.9,4.653,0.013,3.08
Afghanistan,2012,Developing,59.5,272.0,69,0.01,78.184,67.0,17.6,93,67.0,8.52,67.0,0.1,669.959,3696958.0,17.9,18.0,0.463,9.8,59.5,272.0,64,0.01,78.184,67.0,87,67.0,8.52,67.0,0.1,669.959,3696958.0,16.1,16.7,0.463,9.8,4.537,0.013,3.126
Afghanistan,2011,Developing,59.2,275.0,71,0.01,7.097,68.0,17.2,97,68.0,7.87,68.0,0.1,63.537,2978599.0,18.2,18.2,0.454,9.5,59.2,275.0,64,0.01,7.097,68.0,87,68.0,7.87,68.0,0.1,63.537,2978599.0,16.1,16.7,0.454,9.5,4.313,0.124,3.161
Afghanistan,2010,Developing,58.8,279.0,74,0.01,79.679,66.0,16.7,102,66.0,9.2,66.0,0.1,553.329,2883167.0,18.4,18.4,0.448,9.2,58.8,279.0,64,0.01,79.679,66.0,87,66.0,9.2,66.0,0.1,553.329,2883167.0,16.1,16.7,0.448,9.2,4.122,0.017,3.207
Afghanistan,2009,Developing,58.6,281.0,77,0.01,56.762,63.0,16.2,106,63.0,9.42,63.0,0.1,445.893,284331.0,18.6,18.7,0.434,8.9,58.6,281.0,64,0.01,56.762,63.0,87,63.0,9.42,63.0,0.1,445.893,284331.0,16.1,16.7,0.434,8.9,3.863,0.021,3.23
Afghanistan,2008,Developing,58.1,287.0,80,0.03,25.874,64.0,15.7,110,64.0,8.33,64.0,0.1,373.361,2729431.0,18.8,18.9,0.433,8.7,58.1,287.0,64,0.03,25.874,64.0,87,64.0,8.33,64.0,0.1,373.361,2729431.0,16.1,16.7,0.433,8.7,3.767,0.022,3.299
Afghanistan,2006,Developing,57.3,295.0,84,0.03,17.172,64.0,14.7,116,58.0,7.43,58.0,0.1,272.564,2589345.0,19.2,19.3,0.405,8.1,57.3,295.0,64,0.03,17.172,64.0,87,58.0,7.43,58.0,0.1,272.564,2589345.0,16.1,16.7,0.405,8.1,3.28,0.027,3.391
Afghanistan,2005,Developing,57.3,291.0,85,0.02,1.389,66.0,14.2,118,58.0,8.7,58.0,0.1,25.294,257798.0,19.3,19.5,0.396,7.9,57.3,291.0,64,0.02,1.389,66.0,87,58.0,8.7,58.0,0.1,25.294,257798.0,16.1,16.7,0.396,7.9,3.128,0.344,3.345
Afghanistan,2004,Developing,57.0,293.0,87,0.02,15.296,67.0,13.8,120,5.0,8.79,5.0,0.1,219.141,24118979.0,19.5,19.7,0.381,6.8,57.0,293.0,64,0.02,15.296,67.0,87,45.0,8.79,45.0,0.1,219.141,17153357.0,16.1,16.7,0.381,6.8,2.591,0.04,3.368
Afghanistan,2003,Developing,56.7,295.0,87,0.01,11.089,65.0,13.4,122,41.0,8.82,41.0,0.1,198.729,2364851.0,19.7,19.9,0.373,6.5,56.7,295.0,64,0.01,11.089,65.0,87,45.0,8.82,45.0,0.1,198.729,2364851.0,16.1,16.7,0.373,6.5,2.424,0.044,3.391
Afghanistan,2002,Developing,56.2,3.0,88,0.01,16.887,64.0,13.0,122,36.0,7.76,36.0,0.1,187.846,21979923.0,19.9,2.2,0.341,6.2,56.2,3.0,64,0.01,16.887,64.0,87,45.0,7.76,45.0,0.1,187.846,17153357.0,16.1,2.2,0.341,6.2,2.114,0.041,0.034
Afghanistan,2001,Developing,55.3,316.0,88,0.01,10.575,63.0,12.6,122,35.0,7.8,33.0,0.1,117.497,2966463.0,2.1,2.4,0.34,5.9,55.3,316.0,64,0.01,10.575,63.0,87,45.0,7.8,45.0,0.1,117.497,2966463.0,2.1,2.4,0.34,5.9,2.006,0.066,3.632
Afghanistan,2000,Developing,54.8,321.0,88,0.01,10.425,62.0,12.2,122,24.0,8.2,24.0,0.1,114.56,293756.0,2.3,2.5,0.338,5.5,54.8,321.0,64,0.01,10.425,62.0,87,45.0,8.2,45.0,0.1,114.56,293756.0,2.3,2.5,0.338,5.5,1.859,0.072,3.69
Albania,2015,Developing,77.8,74.0,0,4.6,364.975,99.0,58.0,0,99.0,6.0,99.0,0.1,3954.228,28873.0,1.2,1.3,0.762,14.2,77.8,74.0,0,4.6,364.975,99.0,0,99.0,6.0,99.0,0.1,3954.228,28873.0,1.2,1.3,0.762,14.2,10.82,0.002,
Albania,2014,Developing,77.5,8.0,0,4.51,428.749,98.0,57.2,1,98.0,5.88,98.0,0.1,4575.764,288914.0,1.2,1.3,0.761,14.2,77.5,8.0,0,4.51,428.749,98.0,1,98.0,5.88,98.0,0.1,4575.764,288914.0,1.2,1.3,0.761,14.2,10.806,0.001,8.0
Albania,2013,Developing,77.2,84.0,0,4.76,430.877,99.0,56.5,1,99.0,5.66,99.0,0.1,4414.723,289592.0,1.3,1.4,0.759,14.2,77.2,84.0,0,4.76,430.877,99.0,1,99.0,5.66,99.0,0.1,4414.723,289592.0,1.3,1.4,0.759,14.2,10.778,0.001,84.0
Albania,2012,Developing,76.9,86.0,0,5.14,412.443,99.0,55.8,1,99.0,5.59,99.0,0.1,4247.614,2941.0,1.3,1.4,0.752,14.2,76.9,86.0,0,5.14,412.443,99.0,1,99.0,5.59,99.0,0.1,4247.614,2941.0,1.3,1.4,0.752,14.2,10.678,0.001,86.0
Albania,2011,Developing,76.6,88.0,0,5.37,437.062,99.0,55.1,1,99.0,5.71,99.0,0.1,4437.179,295195.0,1.4,1.5,0.738,13.3,76.6,88.0,0,5.37,437.062,99.0,1,99.0,5.71,99.0,0.1,4437.179,295195.0,1.4,1.5,0.738,13.3,9.815,0.001,88.0
Albania,2010,Developing,76.2,91.0,1,5.28,41.823,99.0,54.3,1,99.0,5.34,99.0,0.1,494.359,291321.0,1.4,1.5,0.725,12.5,76.2,91.0,1,5.28,41.823,99.0,1,99.0,5.34,99.0,0.1,494.359,291321.0,1.4,1.5,0.725,12.5,9.062,0.011,91.0
Albania,2009,Developing,76.1,91.0,1,5.79,348.056,98.0,53.5,1,98.0,5.79,98.0,0.1,4114.137,2927519.0,1.5,1.6,0.721,12.2,76.1,91.0,1,5.79,348.056,98.0,1,98.0,5.79,98.0,0.1,4114.137,2927519.0,1.5,1.6,0.721,12.2,8.796,0.001,91.0
Albania,2007,Developing,75.9,9.0,1,5.58,32.247,98.0,51.7,1,99.0,6.1,98.0,0.1,363.137,29717.0,1.6,1.7,0.703,11.6,75.9,9.0,1,5.58,32.247,98.0,1,99.0,6.1,98.0,0.1,363.137,29717.0,1.6,1.7,0.703,11.6,8.155,0.017,9.0
Albania,2006,Developing,74.2,99.0,1,5.31,3.302,98.0,5.8,1,97.0,5.86,97.0,0.1,35.129,2992547.0,1.7,1.8,0.696,11.4,74.2,99.0,1,5.31,3.302,98.0,1,97.0,5.86,97.0,0.1,35.129,2992547.0,1.7,1.8,0.696,11.4,7.934,0.167,99.0
Albania,2005,Developing,73.5,15.0,1,5.16,26.993,98.0,49.9,1,97.0,6.12,98.0,0.1,279.143,311487.0,1.8,1.8,0.685,10.8,73.5,15.0,1,5.16,26.993,98.0,1,97.0,6.12,98.0,0.1,279.143,311487.0,1.8,1.8,0.685,10.8,7.398,0.022,15.0
Albania,2004,Developing,73.0,17.0,1,4.54,221.843,99.0,48.9,1,98.0,6.38,97.0,0.1,2416.588,326939.0,1.8,1.9,0.681,10.9,73.0,17.0,1,4.54,221.843,99.0,1,98.0,6.38,97.0,0.1,2416.588,326939.0,1.8,1.9,0.681,10.9,7.423,0.003,17.0
Albania,2003,Developing,72.8,18.0,1,4.29,14.719,97.0,47.9,1,97.0,6.27,97.0,0.1,189.682,339616.0,1.9,2.0,0.674,10.7,72.8,18.0,1,4.29,14.719,97.0,1,97.0,6.27,97.0,0.1,189.682,339616.0,1.9,2.0,0.674,10.7,7.212,0.033,18.0
Albania,2002,Developing,73.3,15.0,1,3.73,104.517,96.0,46.9,1,98.0,6.3,98.0,0.1,1453.643,3511.0,2.0,2.1,0.67,10.7,73.3,15.0,1,3.73,104.517,96.0,1,98.0,6.3,98.0,0.1,1453.643,3511.0,2.0,2.1,0.67,10.7,7.169,0.004,15.0
Albania,2001,Developing,73.6,14.0,1,4.25,96.206,96.0,46.0,1,97.0,6.0,97.0,0.1,1326.973,36173.0,2.1,2.1,0.662,10.6,73.6,14.0,1,4.25,96.206,96.0,1,97.0,6.0,97.0,0.1,1326.973,36173.0,2.1,2.1,0.662,10.6,7.017,0.005,14.0
Albania,2000,Developing,72.6,11.0,1,3.66,91.712,96.0,45.0,1,97.0,6.26,97.0,0.1,1175.789,38927.0,2.1,2.2,0.656,10.7,72.6,11.0,1,3.66,91.712,96.0,1,97.0,6.26,97.0,0.1,1175.789,38927.0,2.1,2.2,0.656,10.7,7.019,0.005,11.0
Algeria,2014,Developing,75.4,11.0,21,0.01,54.237,95.0,58.4,24,95.0,7.21,95.0,0.1,547.852,39113313.0,6.0,5.8,0.741,14.4,75.4,11.0,21,0.01,54.237,95.0,24,95.0,7.21,95.0,0.1,547.852,17153357.0,6.0,5.8,0.741,14.4,10.67,0.013,0.458
Algeria,2013,Developing,75.3,112.0,21,0.53,544.451,95.0,57.2,24,95.0,7.12,95.0,0.1,5471.867,38338562.0,5.9,5.8,0.737,14.4,75.3,112.0,21,0.53,544.451,95.0,24,95.0,7.12,95.0,0.1,5471.867,17153357.0,5.9,5.8,0.737,14.4,10.613,0.001,4.667
Algeria,2012,Developing,75.1,113.0,21,0.66,555.926,95.0,56.1,24,95.0,6.14,95.0,0.1,5564.826,37565847.0,5.9,5.8,0.732,14.4,75.1,113.0,21,0.66,555.926,95.0,24,95.0,6.14,95.0,0.1,5564.826,17153357.0,5.9,5.8,0.732,14.4,10.541,0.001,4.708
Algeria,2011,Developing,74.9,116.0,21,0.56,509.002,95.0,55.0,24,95.0,5.29,95.0,0.1,5432.252,36819558.0,5.9,5.8,0.724,14.0,74.9,116.0,21,0.56,509.002,95.0,24,95.0,5.29,95.0,0.1,5432.252,17153357.0,5.9,5.8,0.724,14.0,10.136,0.001,4.833
Algeria,2010,Developing,74.7,119.0,21,0.45,430.718,95.0,53.9,24,95.0,5.12,95.0,0.1,4463.395,36117637.0,5.9,5.8,0.714,13.6,74.7,119.0,21,0.45,430.718,95.0,24,95.0,5.12,95.0,0.1,4463.395,17153357.0,5.9,5.8,0.714,13.6,9.71,0.001,4.958
Algeria,2009,Developing,74.4,123.0,20,0.5,352.064,94.0,52.8,23,94.0,5.36,95.0,0.1,3868.831,3546576.0,6.0,5.9,0.705,13.1,74.4,123.0,20,0.5,352.064,94.0,23,94.0,5.36,95.0,0.1,3868.831,3546576.0,6.0,5.9,0.705,13.1,9.236,0.001,5.348
Algeria,2008,Developing,74.1,126.0,20,0.46,43.087,91.0,51.8,23,92.0,4.2,93.0,0.1,495.255,3486715.0,6.0,5.9,0.697,12.6,74.1,126.0,20,0.46,43.087,91.0,23,92.0,4.2,93.0,0.1,495.255,3486715.0,6.0,5.9,0.697,12.6,8.782,0.008,5.478
Algeria,2007,Developing,73.8,129.0,20,0.44,320.324,9.0,5.8,23,95.0,3.82,95.0,0.1,3935.183,34376.0,6.0,5.9,0.69,12.3,73.8,129.0,20,0.44,320.324,18.0,23,95.0,3.82,95.0,0.1,3935.183,34376.0,6.0,5.9,0.69,12.3,8.487,0.001,5.609
Algeria,2006,Developing,73.4,132.0,20,0.36,270.24,8.0,49.8,23,95.0,3.36,95.0,0.1,3464.618,33777915.0,6.1,6.0,0.686,12.3,73.4,132.0,20,0.36,270.24,18.0,23,95.0,3.36,95.0,0.1,3464.618,17153357.0,6.1,6.0,0.686,12.3,8.438,0.001,5.739
Algeria,2004,Developing,72.3,14.0,19,0.45,220.394,81.0,47.9,23,86.0,3.54,86.0,0.1,2598.982,3283196.0,6.2,6.1,0.673,11.7,72.3,14.0,19,0.45,220.394,81.0,23,86.0,3.54,86.0,0.1,2598.982,3283196.0,6.2,6.1,0.673,11.7,7.874,0.001,0.609
Algeria,2003,Developing,71.7,146.0,20,0.34,25.019,81.0,47.0,23,87.0,3.6,87.0,0.1,294.336,3243514.0,6.3,6.1,0.663,11.5,71.7,146.0,20,0.34,25.019,81.0,23,87.0,3.6,87.0,0.1,294.336,3243514.0,6.3,6.1,0.663,11.5,7.624,0.012,6.348
Algeria,2002,Developing,71.6,145.0,20,0.36,148.512,81.0,46.1,23,86.0,3.73,86.0,0.1,1774.337,3199546.0,6.3,6.2,0.653,11.1,71.6,145.0,20,0.36,148.512,81.0,23,86.0,3.73,86.0,0.1,1774.337,3199546.0,6.3,6.2,0.653,11.1,7.248,0.002,6.304
Algeria,2001,Developing,71.4,145.0,20,0.23,147.986,81.0,45.3,24,89.0,3.84,89.0,0.1,1732.858,31592153.0,6.4,6.3,0.644,10.9,71.4,145.0,20,0.23,147.986,81.0,24,89.0,3.84,89.0,0.1,1732.858,17153357.0,6.4,6.3,0.644,10.9,7.02,0.002,6.042
Algeria,2000,Developing,71.3,145.0,21,0.25,154.456,81.0,44.4,25,86.0,3.49,86.0,0.1,1757.178,3118366.0,6.5,6.4,0.636,10.7,71.3,145.0,21,0.25,154.456,81.0,25,86.0,3.49,86.0,0.1,1757.178,3118366.0,6.5,6.4,0.636,10.7,6.805,0.002,5.8
Angola,2014,Developing,51.7,348.0,67,8.33,23.966,64.0,22.7,101,68.0,3.31,64.0,2.0,479.312,2692466.0,8.5,8.3,0.527,11.4,51.7,348.0,64,8.33,23.966,64.0,87,68.0,3.31,64.0,2.0,479.312,2692466.0,8.5,8.3,0.527,11.4,6.008,0.007,4.0
Angola,2013,Developing,51.1,355.0,69,8.1,35.959,77.0,22.1,105,67.0,4.26,77.0,2.3,484.617,2599834.0,8.6,8.5,0.523,11.4,51.1,355.0,64,8.1,35.959,77.0,87,67.0,4.26,77.0,2.3,484.617,2599834.0,8.6,8.5,0.523,11.4,5.962,0.009,4.08
Angola,2012,Developing,56.0,358.0,72,8.24,256.123,75.0,21.5,110,75.0,3.3,75.0,2.6,4598.25,259615.0,8.8,8.6,0.508,10.3,56.0,358.0,64,8.24,256.123,75.0,87,75.0,3.3,75.0,2.6,4598.25,259615.0,8.8,8.6,0.508,10.3,5.232,0.001,4.115
Angola,2011,Developing,51.0,361.0,75,8.06,239.891,72.0,21.0,115,73.0,3.38,71.0,2.5,4299.129,24218565.0,8.9,8.8,0.495,9.4,51.0,361.0,64,8.06,239.891,72.0,87,73.0,3.38,71.0,2.5,4299.129,17153357.0,8.9,8.8,0.495,9.4,4.653,0.001,4.149
Angola,2010,Developing,49.6,365.0,78,7.8,191.654,77.0,2.4,121,81.0,3.39,77.0,2.5,3529.535,23369131.0,9.1,9.0,0.488,9.0,49.6,365.0,64,7.8,191.654,77.0,87,81.0,3.39,77.0,2.5,3529.535,17153357.0,9.1,9.0,0.488,9.0,4.392,0.001,4.195
Angola,2009,Developing,49.1,369.0,81,7.01,212.923,61.0,19.8,127,63.0,4.37,6.0,2.5,3347.845,22549547.0,9.3,9.2,0.48,8.5,49.1,369.0,64,7.01,212.923,61.0,87,63.0,4.37,45.0,2.5,3347.845,17153357.0,9.3,9.2,0.48,8.5,4.08,0.001,4.241
Angola,2008,Developing,48.7,371.0,84,7.07,249.91,69.0,19.3,133,65.0,3.84,69.0,2.6,3868.579,2175942.0,9.5,9.4,0.468,8.1,48.7,371.0,64,7.07,249.91,69.0,87,65.0,3.84,69.0,2.6,3868.579,2175942.0,9.5,9.4,0.468,8.1,3.791,0.001,4.264
Angola,2007,Developing,48.2,375.0,87,6.35,184.821,73.0,18.8,138,75.0,3.38,73.0,2.6,2878.837,2997687.0,9.6,9.6,0.454,7.7,48.2,375.0,64,6.35,184.821,73.0,87,75.0,3.38,73.0,2.6,2878.837,2997687.0,9.6,9.6,0.454,7.7,3.496,0.001,4.31
Angola,2006,Developing,47.7,381.0,90,5.84,25.087,73.0,18.2,143,36.0,4.54,34.0,2.5,262.415,2262399.0,9.8,9.7,0.439,7.2,47.7,381.0,64,5.84,25.087,73.0,87,45.0,4.54,45.0,2.5,262.415,2262399.0,9.8,9.7,0.439,7.2,3.161,0.017,4.379
Angola,2005,Developing,47.4,382.0,92,5.04,98.191,73.0,17.7,148,39.0,4.1,38.0,2.6,1443.992,19552542.0,1.0,9.9,0.426,6.8,47.4,382.0,64,5.04,98.191,73.0,87,45.0,4.1,45.0,2.6,1443.992,17153357.0,1.0,9.9,0.426,6.8,2.897,0.003,4.391
Angola,2004,Developing,47.1,386.0,94,3.53,8.867,73.0,17.2,152,4.0,4.71,4.0,2.5,141.868,18865716.0,1.2,1.1,0.415,6.4,47.1,386.0,64,3.53,8.867,73.0,87,45.0,4.71,45.0,2.5,141.868,17153357.0,1.2,1.1,0.415,6.4,2.656,0.033,4.437
Angola,2003,Developing,46.8,388.0,95,3.49,35.933,73.0,16.8,155,4.0,4.41,4.0,2.4,779.468,1823369.0,1.4,1.3,0.406,5.9,46.8,388.0,64,3.49,35.933,73.0,87,45.0,4.41,45.0,2.4,779.468,1823369.0,1.4,1.3,0.406,5.9,2.395,0.006,4.46
Angola,2002,Developing,46.5,391.0,96,2.82,24.038,73.0,16.3,157,37.0,3.63,41.0,2.3,711.182,17572649.0,1.5,1.5,0.401,5.5,46.5,391.0,64,2.82,24.038,73.0,87,45.0,3.63,45.0,2.3,711.182,17153357.0,1.5,1.5,0.401,5.5,2.206,0.005,4.494
Angola,2001,Developing,45.7,44.0,97,2.58,30.36,73.0,15.8,159,41.0,5.38,38.0,2.1,526.169,16983266.0,1.7,1.7,0.391,5.1,45.7,44.0,64,2.58,30.36,73.0,87,45.0,5.38,45.0,2.1,526.169,16983266.0,1.7,1.7,0.391,5.1,1.994,0.01,0.506
Angola,2000,Developing,45.3,48.0,97,1.85,15.881,73.0,15.4,160,3.0,2.79,28.0,2.0,555.297,1644924.0,1.9,1.9,0.382,4.6,45.3,48.0,64,1.85,15.881,73.0,87,45.0,2.79,45.0,2.0,555.297,1644924.0,1.9,1.9,0.382,4.6,1.757,0.005,0.552
Argentina,2014,Developing,76.2,118.0,8,7.93,847.372,94.0,62.2,9,92.0,4.79,94.0,0.1,12245.256,42981515.0,1.0,0.9,0.825,17.3,76.2,118.0,8,7.93,847.372,94.0,9,92.0,4.79,94.0,0.1,8787.614,17153357.0,1.0,0.9,0.825,17.3,14.272,0.0,13.111
Argentina,2012,Developing,75.9,12.0,9,8.35,1133.558,91.0,61.0,10,99.0,5.2,91.0,0.1,12969.771,4296739.0,1.0,0.9,0.822,17.2,75.9,12.0,9,8.35,1109.855,91.0,10,99.0,5.2,91.0,0.1,8787.614,4296739.0,1.0,0.9,0.822,17.2,14.138,0.0,1.2
Argentina,2011,Developing,75.7,12.0,9,8.11,1504.329,91.0,6.4,10,93.0,5.89,91.0,0.1,12726.984,41656879.0,1.0,0.9,0.816,17.1,75.7,12.0,9,8.11,1109.855,91.0,10,93.0,5.89,91.0,0.1,8787.614,17153357.0,1.0,0.9,0.816,17.1,13.954,0.0,1.2
Argentina,2010,Developing,75.5,121.0,10,8.15,187.611,94.0,59.8,11,95.0,6.55,94.0,0.1,1276.265,41223889.0,1.0,0.9,0.802,16.8,75.5,121.0,10,8.15,187.611,94.0,11,95.0,6.55,94.0,0.1,1276.265,17153357.0,1.0,0.9,0.802,16.8,13.474,0.005,11.0
Argentina,2009,Developing,75.6,126.0,10,8.33,1398.043,94.0,59.2,11,97.0,7.63,94.0,0.1,8161.37,479947.0,1.0,0.9,0.794,16.5,75.6,126.0,10,8.33,1109.855,94.0,11,97.0,7.63,94.0,0.1,8161.37,479947.0,1.0,0.9,0.794,16.5,13.101,0.001,11.455
Argentina,2008,Developing,75.4,126.0,10,8.41,1413.735,9.0,58.6,11,94.0,6.66,93.0,0.1,8953.359,4382389.0,1.0,0.9,0.792,16.3,75.4,126.0,10,8.41,1109.855,18.0,11,94.0,6.66,93.0,0.1,8787.614,4382389.0,1.0,0.9,0.792,16.3,12.91,0.001,11.455
Argentina,2007,Developing,74.8,129.0,10,8.16,1105.659,85.0,58.0,12,92.0,6.49,91.0,0.1,7193.618,3997224.0,1.1,0.9,0.788,16.3,74.8,129.0,10,8.16,1105.659,85.0,12,92.0,6.49,91.0,0.1,7193.618,3997224.0,1.1,0.9,0.788,16.3,12.844,0.001,10.75
Argentina,2006,Developing,75.2,127.0,11,7.75,961.177,84.0,57.5,12,92.0,6.68,91.0,0.1,5878.761,3955889.0,1.1,0.9,0.782,16.1,75.2,127.0,11,7.75,961.177,84.0,12,92.0,6.68,91.0,0.1,5878.761,3955889.0,1.1,0.9,0.782,16.1,12.59,0.001,10.583
Argentina,2005,Developing,74.9,127.0,11,7.53,96.167,88.0,56.9,12,95.0,6.85,98.0,0.1,576.884,39145488.0,1.1,1.0,0.78,16.3,74.9,127.0,11,7.53,96.167,88.0,12,95.0,6.85,98.0,0.1,576.884,17153357.0,1.1,1.0,0.78,16.3,12.714,0.012,10.583
Argentina,2004,Developing,74.7,13.0,11,7.63,719.366,81.0,56.3,12,91.0,6.84,98.0,0.1,4251.574,38728696.0,1.1,1.0,0.775,16.3,74.7,13.0,11,7.63,719.366,81.0,12,91.0,6.84,98.0,0.1,4251.574,17153357.0,1.1,1.0,0.775,16.3,12.632,0.002,1.083
Argentina,2003,Developing,74.1,137.0,11,7.62,57.585,73.0,55.7,13,95.0,8.22,96.0,0.1,333.438,3839379.0,1.2,1.0,0.77,16.4,74.1,137.0,11,7.62,57.585,73.0,13,95.0,8.22,96.0,0.1,333.438,3839379.0,1.2,1.0,0.77,16.4,12.628,0.025,10.538
Argentina,2002,Developing,74.1,138.0,12,7.81,470.187,66.0,55.1,13,94.0,8.31,93.0,0.1,2579.193,3788937.0,1.2,1.0,0.776,16.3,74.1,138.0,12,7.81,470.187,66.0,13,94.0,8.31,93.0,0.1,2579.193,3788937.0,1.2,1.0,0.776,16.3,12.649,0.003,10.615
Argentina,2001,Developing,74.0,138.0,12,7.76,123.013,66.0,54.6,13,85.0,9.38,83.0,0.1,717.695,3747159.0,1.2,1.1,0.771,15.6,74.0,138.0,12,7.76,123.013,66.0,13,85.0,9.38,83.0,0.1,717.695,3747159.0,1.2,1.1,0.771,15.6,12.028,0.013,10.615
Argentina,2000,Developing,74.1,137.0,12,7.68,1349.025,66.0,54.0,14,88.0,9.21,83.0,0.1,7669.274,3757452.0,1.2,1.1,0.764,15.0,74.1,137.0,12,7.68,1109.855,66.0,14,88.0,9.21,83.0,0.1,7669.274,3757452.0,1.2,1.1,0.764,15.0,11.46,0.001,9.786
Armenia,2014,Developing,74.6,12.0,1,3.91,295.609,93.0,54.1,1,95.0,4.48,93.0,0.1,3994.712,29622.0,2.1,2.1,0.739,12.7,74.6,12.0,1,3.91,295.609,93.0,1,95.0,4.48,93.0,0.1,3994.712,29622.0,2.1,2.1,0.739,12.7,9.385,0.001,12.0
Armenia,2013,Developing,74.4,123.0,1,3.79,279.429,95.0,53.3,1,96.0,4.55,95.0,0.1,3843.591,289359.0,2.1,2.1,0.736,12.7,74.4,123.0,1,3.79,279.429,95.0,1,96.0,4.55,95.0,0.1,3843.591,289359.0,2.1,2.1,0.736,12.7,9.347,0.001,123.0
Armenia,2012,Developing,74.4,121.0,1,3.89,274.153,95.0,52.6,1,96.0,4.48,95.0,0.1,3684.848,2881922.0,2.0,2.1,0.732,12.7,74.4,121.0,1,3.89,274.153,95.0,1,96.0,4.48,95.0,0.1,3684.848,2881922.0,2.0,2.1,0.732,12.7,9.296,0.001,121.0
Armenia,2011,Developing,73.9,128.0,1,4.09,260.996,95.0,51.9,1,96.0,3.71,95.0,0.1,3526.978,2875581.0,2.0,2.1,0.729,12.7,73.9,128.0,1,4.09,260.996,95.0,1,96.0,3.71,95.0,0.1,3526.978,2875581.0,2.0,2.1,0.729,12.7,9.258,0.001,128.0
Armenia,2010,Developing,73.5,132.0,1,4.23,224.321,94.0,51.2,1,96.0,4.56,94.0,0.1,3218.382,2877311.0,2.0,2.1,0.72,12.3,73.5,132.0,1,4.23,224.321,94.0,1,96.0,4.56,94.0,0.1,3218.382,2877311.0,2.0,2.1,0.72,12.3,8.856,0.001,132.0
Armenia,2009,Developing,73.3,137.0,1,3.96,201.186,93.0,5.7,1,94.0,4.55,93.0,0.1,2993.833,2888584.0,2.0,2.1,0.725,11.9,73.3,137.0,1,3.96,201.186,93.0,1,94.0,4.55,93.0,0.1,2993.833,2888584.0,2.0,2.1,0.725,11.9,8.628,0.002,137.0
Armenia,2008,Developing,73.2,14.0,1,3.96,2.889,89.0,5.1,1,91.0,3.8,89.0,0.1,41.27,29822.0,2.0,2.1,0.721,12.3,73.2,14.0,1,3.96,2.889,89.0,1,91.0,3.8,89.0,0.1,41.27,29822.0,2.0,2.1,0.721,12.3,8.868,0.092,14.0
Armenia,2006,Developing,72.9,141.0,1,4.01,244.535,78.0,49.2,1,87.0,4.58,87.0,0.1,2158.299,29585.0,2.0,2.1,0.692,11.2,72.9,141.0,1,4.01,244.535,78.0,1,87.0,4.58,87.0,0.1,2158.299,29585.0,2.0,2.1,0.692,11.2,7.75,0.002,141.0
Armenia,2005,Developing,73.0,137.0,1,4.25,20.218,91.0,48.8,1,92.0,5.25,9.0,0.1,1643.758,2981259.0,2.0,2.1,0.679,10.9,73.0,137.0,1,4.25,20.218,91.0,1,92.0,5.25,45.0,0.1,1643.758,2981259.0,2.0,2.1,0.679,10.9,7.401,0.003,137.0
Armenia,2004,Developing,73.0,132.0,1,3.81,97.741,91.0,48.4,1,93.0,5.5,91.0,0.1,1191.962,3612.0,2.0,2.1,0.668,10.9,73.0,132.0,1,3.81,97.741,91.0,1,93.0,5.5,91.0,0.1,1191.962,3612.0,2.0,2.1,0.668,10.9,7.281,0.005,132.0
Armenia,2003,Developing,72.7,134.0,1,3.03,7.341,93.0,48.1,1,96.0,5.56,94.0,0.1,93.166,31786.0,2.0,2.1,0.657,10.8,72.7,134.0,1,3.03,7.341,93.0,1,96.0,5.56,94.0,0.1,93.166,31786.0,2.0,2.1,0.657,10.8,7.096,0.06,134.0
Armenia,2002,Developing,72.6,134.0,1,2.86,57.178,91.0,47.8,1,96.0,5.4,94.0,0.1,783.262,333897.0,2.1,2.1,0.645,10.8,72.6,134.0,1,2.86,57.178,91.0,1,96.0,5.4,94.0,0.1,783.262,333897.0,2.1,2.1,0.645,10.8,6.966,0.007,134.0
Armenia,2001,Developing,72.6,141.0,1,2.86,53.194,69.0,47.4,1,97.0,5.94,94.0,0.1,694.435,35655.0,2.1,2.1,0.644,11.1,72.6,141.0,1,2.86,53.194,69.0,1,97.0,5.94,94.0,0.1,694.435,35655.0,2.1,2.1,0.644,11.1,7.148,0.009,141.0
Armenia,2000,Developing,72.0,142.0,1,2.9,32.756,55.0,47.1,1,96.0,6.25,93.0,0.1,622.743,369588.0,2.1,2.2,0.639,11.2,72.0,142.0,1,2.9,32.756,55.0,1,96.0,6.25,93.0,0.1,622.743,369588.0,2.1,2.2,0.639,11.2,7.157,0.01,142.0
Australia,2014,Developed,82.7,6.0,1,9.71,10769.363,91.0,66.1,1,92.0,9.42,92.0,0.1,62214.691,2346694.0,0.6,0.6,0.936,20.4,82.7,6.0,1,9.71,1109.855,91.0,1,92.0,9.42,92.0,0.1,8787.614,2346694.0,0.6,0.6,0.936,18.6,17.41,0.0,6.0
Australia,2013,Developed,82.5,61.0,1,9.87,11734.854,91.0,65.5,1,91.0,9.36,91.0,0.1,67792.339,23117353.0,0.6,0.6,0.933,20.3,82.5,61.0,1,9.87,1109.855,91.0,1,91.0,9.36,91.0,0.1,8787.614,17153357.0,0.6,0.6,0.933,18.6,17.354,0.0,61.0
Australia,2012,Developed,82.3,61.0,1,10.03,11714.999,91.0,65.0,1,92.0,9.36,92.0,0.1,67677.635,22728254.0,0.6,0.6,0.93,20.1,82.3,61.0,1,10.03,1109.855,91.0,1,92.0,9.36,92.0,0.1,8787.614,17153357.0,0.6,0.6,0.93,18.6,17.298,0.0,61.0
Australia,2011,Developed,82.0,63.0,1,10.3,10986.265,92.0,64.4,1,92.0,9.2,92.0,0.1,62245.129,223424.0,0.6,0.6,0.927,19.8,82.0,63.0,1,10.3,1109.855,92.0,1,92.0,9.2,92.0,0.1,8787.614,223424.0,0.6,0.6,0.927,18.6,17.242,0.0,63.0
Australia,2009,Developed,81.7,66.0,1,10.62,7172.275,94.0,63.4,1,92.0,9.5,92.0,0.1,42742.999,216917.0,0.7,0.6,0.925,19.1,81.7,66.0,1,10.62,1109.855,94.0,1,92.0,9.5,92.0,0.1,8787.614,216917.0,0.7,0.6,0.925,18.6,17.205,0.0,66.0
Australia,2008,Developed,81.3,66.0,1,10.76,8547.292,94.0,62.9,1,92.0,8.78,92.0,0.1,49664.685,212492.0,0.7,0.6,0.921,19.1,81.3,66.0,1,10.76,1109.855,94.0,1,92.0,8.78,92.0,0.1,8787.614,212492.0,0.7,0.6,0.921,18.6,17.131,0.0,66.0
Australia,2007,Developed,81.3,66.0,1,10.56,872.599,94.0,62.5,2,92.0,8.53,92.0,0.1,4991.983,28276.0,0.7,0.6,0.918,19.0,81.3,66.0,1,10.56,872.599,94.0,2,92.0,8.53,92.0,0.1,4991.983,28276.0,0.7,0.6,0.918,18.6,17.075,0.002,33.0
Australia,2006,Developed,81.2,66.0,1,10.31,6187.062,95.0,62.0,2,92.0,8.49,92.0,0.1,36118.284,26979.0,0.7,0.6,0.915,20.3,81.2,66.0,1,10.31,1109.855,95.0,2,92.0,8.49,92.0,0.1,8787.614,26979.0,0.7,0.6,0.915,18.6,17.019,0.0,33.0
Australia,2005,Developed,81.0,67.0,1,10.3,579.133,95.0,61.5,2,92.0,8.45,92.0,0.1,3416.715,23948.0,0.7,0.6,0.91,20.3,81.0,67.0,1,10.3,579.133,95.0,2,92.0,8.45,92.0,0.1,3416.715,23948.0,0.7,0.6,0.91,18.6,16.926,0.002,33.5
Australia,2004,Developed,86.0,69.0,1,9.84,588.568,95.0,6.9,1,92.0,8.57,92.0,0.1,3472.38,21274.0,0.7,0.6,0.908,20.7,86.0,69.0,1,9.84,588.568,95.0,1,92.0,8.57,92.0,0.1,3472.38,21274.0,0.7,0.6,0.908,18.6,16.889,0.002,69.0
Australia,2003,Developed,83.0,71.0,1,9.97,3829.551,95.0,6.3,1,92.0,8.32,93.0,0.1,23465.386,198954.0,0.7,0.7,0.905,20.6,83.0,71.0,1,9.97,1109.855,95.0,1,92.0,8.32,93.0,0.1,8787.614,198954.0,0.7,0.7,0.905,18.6,16.833,0.0,71.0
Australia,2002,Developed,79.9,73.0,1,9.84,46.387,95.0,59.6,2,92.0,8.39,92.0,0.1,281.818,196514.0,0.7,0.7,0.902,20.1,79.9,73.0,1,9.84,46.387,95.0,2,92.0,8.39,92.0,0.1,281.818,196514.0,0.7,0.7,0.902,18.6,16.777,0.03,36.5
Australia,2001,Developed,79.9,75.0,1,9.53,3064.301,94.0,59.0,2,91.0,8.18,92.0,0.1,19517.842,19413.0,0.7,0.7,0.899,20.5,79.9,75.0,1,9.53,1109.855,94.0,2,91.0,8.18,92.0,0.1,8787.614,19413.0,0.7,0.7,0.899,18.6,16.721,0.0,37.5
Australia,2000,Developed,79.5,78.0,1,10.17,347.187,94.0,58.2,2,9.0,8.8,9.0,0.1,2169.921,19153.0,0.7,0.7,0.897,20.4,79.5,78.0,1,10.17,347.187,94.0,2,45.0,8.8,45.0,0.1,2169.921,19153.0,0.7,0.7,0.897,18.6,16.684,0.004,39.0
Austria,2014,Developed,81.4,66.0,0,12.32,8350.194,98.0,57.1,0,98.0,11.21,98.0,0.1,51322.64,8541575.0,1.8,2.0,0.892,15.9,81.4,66.0,0,12.32,1109.855,98.0,0,98.0,11.21,98.0,0.1,8787.614,8541575.0,1.8,2.0,0.892,15.9,14.183,0.0,
Austria,2013,Developed,81.1,68.0,0,11.82,90.585,95.0,56.6,0,95.0,11.14,95.0,0.1,554.715,8479375.0,1.8,2.0,0.887,15.7,81.1,68.0,0,11.82,90.585,95.0,0,95.0,11.14,95.0,0.1,554.715,8479375.0,1.8,2.0,0.887,15.7,13.926,0.02,
Austria,2011,Developed,88.0,73.0,0,12.04,8272.307,89.0,55.7,0,89.0,1.94,89.0,0.1,51126.741,8391643.0,1.7,2.0,0.88,15.7,88.0,73.0,0,12.04,1109.855,89.0,0,89.0,1.94,89.0,0.1,8787.614,8391643.0,1.7,2.0,0.88,15.7,13.816,0.0,
Austria,2010,Developed,84.0,75.0,0,12.1,7423.229,86.0,55.2,0,86.0,11.17,86.0,0.1,46657.629,836344.0,1.7,1.9,0.872,15.4,84.0,75.0,0,12.1,1109.855,86.0,0,86.0,11.17,86.0,0.1,8787.614,836344.0,1.7,1.9,0.872,15.4,13.429,0.0,
Austria,2009,Developed,82.0,77.0,0,11.3,8053.558,83.0,54.7,0,83.0,11.19,83.0,0.1,47654.187,8343323.0,1.7,1.9,0.87,15.3,82.0,77.0,0,11.3,1109.855,83.0,0,83.0,11.19,83.0,0.1,8787.614,8343323.0,1.7,1.9,0.87,15.3,13.311,0.0,
Austria,2008,Developed,84.0,76.0,0,12.0,8329.732,83.0,54.2,0,83.0,1.6,83.0,0.1,51386.377,8321496.0,1.7,1.9,0.864,15.1,84.0,76.0,0,12.0,1109.855,83.0,0,83.0,1.6,83.0,0.1,8787.614,8321496.0,1.7,1.9,0.864,15.1,13.046,0.0,
Austria,2007,Developed,81.0,8.0,0,12.5,7453.864,85.0,53.7,0,85.0,1.4,85.0,0.1,46586.652,8295487.0,1.7,1.9,0.86,15.2,81.0,8.0,0,12.5,1109.855,85.0,0,85.0,1.4,85.0,0.1,8787.614,8295487.0,1.7,1.9,0.86,15.2,13.072,0.0,
Austria,2006,Developed,79.8,81.0,0,12.4,69.929,83.0,53.2,0,83.0,1.35,83.0,0.1,443.994,8268641.0,1.7,1.9,0.854,15.0,79.8,81.0,0,12.4,69.929,83.0,0,83.0,1.35,83.0,0.1,443.994,8268641.0,1.7,1.9,0.854,15.0,12.81,0.003,
Austria,2005,Developed,79.4,85.0,0,12.4,5992.588,86.0,52.7,0,86.0,1.53,86.0,0.1,38242.425,8227829.0,1.7,1.9,0.848,14.9,79.4,85.0,0,12.4,1109.855,86.0,0,86.0,1.53,86.0,0.1,8787.614,8227829.0,1.7,1.9,0.848,14.9,12.635,0.0,
Austria,2004,Developed,79.3,86.0,0,12.1,5316.877,83.0,52.2,0,83.0,1.56,83.0,0.1,36693.426,8171966.0,1.7,1.9,0.841,14.7,79.3,86.0,0,12.1,1109.855,83.0,0,83.0,1.56,83.0,0.1,8787.614,8171966.0,1.7,1.9,0.841,14.7,12.363,0.0,
Austria,2003,Developed,78.8,88.0,0,12.2,504.431,83.0,51.7,0,84.0,1.48,84.0,0.1,3212.936,8121423.0,1.7,1.9,0.837,14.7,78.8,88.0,0,12.2,504.431,83.0,0,84.0,1.48,84.0,0.1,3212.936,8121423.0,1.7,1.9,0.837,14.7,12.304,0.0,
Austria,2002,Developed,78.7,9.0,0,12.5,3979.058,81.0,51.2,0,82.0,1.27,83.0,0.1,26351.376,881957.0,1.7,1.9,0.847,16.1,78.7,9.0,0,12.5,1109.855,81.0,0,82.0,1.27,83.0,0.1,8787.614,881957.0,1.7,1.9,0.847,16.1,13.637,0.0,
Austria,2001,Developed,78.6,92.0,0,12.4,3582.848,44.0,5.6,0,83.0,1.12,84.0,0.1,24489.736,842293.0,1.7,1.9,0.837,15.5,78.6,92.0,0,12.4,1109.855,44.0,0,83.0,1.12,84.0,0.1,8787.614,842293.0,1.7,1.9,0.837,15.5,12.974,0.0,
Austria,2000,Developed,78.1,96.0,0,13.2,3557.456,33.0,5.1,0,71.0,1.6,81.0,0.1,24517.267,811566.0,1.7,1.9,0.833,15.4,78.1,96.0,0,13.2,1109.855,33.0,0,71.0,1.6,81.0,0.1,8787.614,811566.0,1.7,1.9,0.833,15.4,12.828,0.0,
Azerbaijan,2014,Developing,72.5,119.0,5,0.01,306.182,94.0,51.5,6,97.0,6.4,94.0,0.1,7891.3,953579.0,2.8,2.9,0.752,12.2,72.5,119.0,5,0.01,306.182,94.0,6,97.0,6.4,94.0,0.1,7891.3,953579.0,2.8,2.9,0.752,12.2,9.174,0.001,19.833
Azerbaijan,2013,Developing,72.2,121.0,5,2.14,275.651,93.0,5.6,6,96.0,5.54,93.0,0.1,7875.757,941681.0,2.8,2.8,0.745,11.9,72.2,121.0,5,2.14,275.651,93.0,6,96.0,5.54,93.0,0.1,7875.757,941681.0,2.8,2.8,0.745,11.9,8.866,0.001,20.167
Azerbaijan,2012,Developing,71.9,123.0,5,0.01,285.61,88.0,49.7,6,92.0,5.37,89.0,0.1,7496.336,9295784.0,2.8,2.8,0.742,11.8,71.9,123.0,5,0.01,285.61,88.0,6,92.0,5.37,89.0,0.1,7496.336,9295784.0,2.8,2.8,0.742,11.8,8.756,0.001,20.5
Azerbaijan,2011,Developing,71.6,125.0,5,1.98,263.143,84.0,48.8,6,91.0,5.1,87.0,0.1,7189.691,917382.0,2.8,2.9,0.741,11.7,71.6,125.0,5,1.98,263.143,84.0,6,91.0,5.1,87.0,0.1,7189.691,917382.0,2.8,2.9,0.741,11.7,8.67,0.001,20.833
Azerbaijan,2010,Developing,71.1,13.0,5,1.98,246.569,8.0,48.0,6,85.0,5.33,81.0,0.1,5842.858,954332.0,2.8,2.9,0.737,11.7,71.1,13.0,5,1.98,246.569,18.0,6,85.0,5.33,81.0,0.1,5842.858,954332.0,2.8,2.9,0.737,11.7,8.623,0.001,2.167
Azerbaijan,2009,Developing,78.0,132.0,6,2.1,22.486,74.0,47.3,6,84.0,5.85,81.0,0.1,495.295,8947243.0,2.8,2.9,0.728,11.6,78.0,132.0,6,2.1,22.486,74.0,6,84.0,5.85,81.0,0.1,495.295,8947243.0,2.8,2.9,0.728,11.6,8.445,0.012,22.0
Azerbaijan,2008,Developing,73.0,141.0,6,1.18,206.262,68.0,46.6,6,85.0,4.37,81.0,0.1,5574.638,87634.0,2.8,2.9,0.719,11.6,73.0,141.0,6,1.18,206.262,68.0,6,85.0,4.37,81.0,0.1,5574.638,87634.0,2.8,2.9,0.719,11.6,8.34,0.001,23.5
Azerbaijan,2007,Developing,73.0,14.0,6,1.02,176.011,62.0,45.9,7,81.0,5.1,79.0,0.1,3851.438,85813.0,2.8,2.9,0.708,11.6,73.0,14.0,6,1.02,176.011,62.0,7,81.0,5.1,79.0,0.1,3851.438,85813.0,2.8,2.9,0.708,11.6,8.213,0.001,2.0
Azerbaijan,2006,Developing,69.2,154.0,6,0.85,105.634,52.0,45.3,7,8.0,6.17,78.0,0.1,2473.858,848455.0,2.9,2.9,0.682,10.7,69.2,154.0,6,0.85,105.634,52.0,7,45.0,6.17,78.0,0.1,2473.858,848455.0,2.9,2.9,0.682,10.7,7.297,0.002,22.0
Azerbaijan,2005,Developing,68.4,162.0,6,0.73,81.289,49.0,44.7,7,79.0,7.86,75.0,0.1,1578.424,839185.0,2.9,3.0,0.675,11.2,68.4,162.0,6,0.73,81.289,49.0,7,79.0,7.86,75.0,0.1,1578.424,839185.0,2.9,3.0,0.675,11.2,7.56,0.005,23.143
Azerbaijan,2004,Developing,68.4,154.0,6,0.62,8.597,5.0,44.2,8,78.0,7.92,77.0,0.1,145.216,8365.0,3.0,3.0,0.668,11.0,68.4,154.0,6,0.62,8.597,18.0,8,78.0,7.92,77.0,0.1,145.216,8365.0,3.0,3.0,0.668,11.0,7.348,0.055,19.25
Azerbaijan,2003,Developing,67.8,154.0,7,0.55,42.415,51.0,43.6,8,79.0,6.56,77.0,0.1,883.644,82341.0,3.0,3.0,0.659,10.8,67.8,154.0,7,0.55,42.415,51.0,8,79.0,6.56,77.0,0.1,883.644,82341.0,3.0,3.0,0.659,10.8,7.117,0.007,19.25
Azerbaijan,2002,Developing,67.8,146.0,7,0.55,39.333,5.0,43.1,9,8.0,4.47,76.0,0.1,763.739,817195.0,3.1,3.1,0.651,10.6,67.8,146.0,7,0.55,39.333,18.0,9,45.0,4.47,76.0,0.1,763.739,817195.0,3.1,3.1,0.651,10.6,6.901,0.006,16.222
Azerbaijan,2001,Developing,67.5,151.0,8,0.51,4.104,5.0,42.6,10,77.0,4.48,77.0,0.1,73.684,81112.0,3.1,3.1,0.642,10.4,67.5,151.0,8,0.51,4.104,18.0,10,77.0,4.48,77.0,0.1,73.684,81112.0,3.1,3.1,0.642,10.4,6.677,0.061,15.1
Azerbaijan,2000,Developing,66.6,16.0,9,0.65,35.095,5.0,42.1,11,75.0,4.67,76.0,0.1,655.974,8486.0,3.2,3.1,0.636,10.1,66.6,16.0,9,0.65,35.095,18.0,11,75.0,4.67,76.0,0.1,655.974,8486.0,3.2,3.1,0.636,10.1,6.424,0.007,1.455
Bangladesh,2014,Developing,71.4,132.0,98,0.01,10.446,97.0,17.7,121,97.0,2.82,97.0,0.1,184.565,15945279.0,18.1,18.6,0.57,10.0,71.4,132.0,64,0.01,10.446,97.0,87,97.0,2.82,97.0,0.1,184.565,15945279.0,16.1,16.7,0.57,10.0,5.7,0.015,1.517
Bangladesh,2013,Developing,71.0,135.0,104,0.01,52.83,96.0,17.0,130,96.0,2.88,96.0,0.1,951.889,157571292.0,18.3,18.8,0.565,10.0,71.0,135.0,64,0.01,52.83,96.0,87,96.0,2.88,96.0,0.1,951.889,17153357.0,16.1,16.7,0.565,10.0,5.65,0.003,1.552
Bangladesh,2012,Developing,77.0,137.0,111,0.01,59.259,94.0,16.4,139,94.0,3.8,94.0,0.1,856.343,15572753.0,18.5,19.0,0.557,9.9,77.0,137.0,64,0.01,59.259,94.0,87,94.0,3.8,94.0,0.1,856.343,15572753.0,16.1,16.7,0.557,9.9,5.514,0.004,1.575
Bangladesh,2011,Developing,73.0,14.0,118,0.01,62.35,96.0,15.8,150,96.0,3.16,96.0,0.1,835.789,153911916.0,18.7,19.2,0.545,9.4,73.0,14.0,64,0.01,62.35,96.0,87,96.0,3.16,96.0,0.1,835.789,17153357.0,16.1,16.7,0.545,9.4,5.123,0.004,0.161
Bangladesh,2010,Developing,69.9,142.0,126,0.01,62.659,94.0,15.2,161,94.0,3.6,94.0,0.1,757.672,15214912.0,18.9,19.4,0.535,8.9,69.9,142.0,64,0.01,62.659,94.0,87,94.0,3.6,94.0,0.1,757.672,15214912.0,16.1,16.7,0.535,8.9,4.762,0.005,1.632
Bangladesh,2009,Developing,69.5,144.0,135,0.01,53.264,97.0,14.6,173,97.0,2.91,97.0,0.1,681.125,1545478.0,19.1,19.7,0.523,8.4,69.5,144.0,64,0.01,53.264,97.0,87,97.0,2.91,97.0,0.1,681.125,1545478.0,16.1,16.7,0.523,8.4,4.393,0.004,1.655
Bangladesh,2008,Developing,69.1,147.0,144,0.01,42.489,96.0,14.0,186,96.0,2.85,96.0,0.1,615.778,14885814.0,19.3,19.9,0.52,8.6,69.1,147.0,64,0.01,42.489,96.0,87,96.0,2.85,96.0,0.1,615.778,14885814.0,16.1,16.7,0.52,8.6,4.472,0.005,1.69
Bangladesh,2007,Developing,68.6,151.0,154,0.01,46.365,95.0,13.5,201,96.0,2.8,94.0,0.1,541.651,147139191.0,19.5,2.1,0.513,8.6,68.6,151.0,64,0.01,46.365,95.0,87,96.0,2.8,94.0,0.1,541.651,17153357.0,16.1,2.1,0.513,8.6,4.412,0.005,1.736
Bangladesh,2006,Developing,68.2,152.0,164,0.01,42.33,86.0,13.0,215,95.0,2.8,94.0,0.1,494.515,1453684.0,19.7,2.3,0.506,8.4,68.2,152.0,64,0.01,42.33,86.0,87,95.0,2.8,94.0,0.1,494.515,1453684.0,16.1,2.3,0.506,8.4,4.25,0.006,1.747
Bangladesh,2005,Developing,67.8,155.0,174,0.01,38.055,45.0,12.5,231,94.0,2.68,93.0,0.1,484.155,14343111.0,19.9,2.5,0.499,8.2,67.8,155.0,64,0.01,38.055,45.0,87,94.0,2.68,93.0,0.1,484.155,14343111.0,16.1,2.5,0.499,8.2,4.092,0.006,1.782
Bangladesh,2004,Developing,67.3,158.0,185,0.01,4.115,11.0,12.0,247,88.0,2.62,99.0,0.1,46.758,14137489.0,2.1,2.7,0.491,8.1,67.3,158.0,64,0.01,4.115,18.0,87,88.0,2.62,99.0,0.1,46.758,14137489.0,2.1,2.7,0.491,8.1,3.977,0.056,1.816
Bangladesh,2003,Developing,66.8,161.0,196,0.01,35.485,5.0,11.6,264,9.0,2.51,87.0,0.1,432.739,139191.0,2.3,2.9,0.484,7.9,66.8,161.0,64,0.01,35.485,18.0,87,45.0,2.51,87.0,0.1,432.739,139191.0,2.3,2.9,0.484,7.9,3.824,0.006,1.851
Bangladesh,2002,Developing,66.3,164.0,207,0.01,0.397,5.0,11.2,280,83.0,2.59,83.0,0.1,4.614,1366667.0,2.5,21.1,0.476,7.7,66.3,164.0,64,0.01,0.397,18.0,87,83.0,2.59,83.0,0.1,4.614,1366667.0,2.5,16.7,0.476,7.7,3.665,0.561,1.885
Bangladesh,2001,Developing,65.8,168.0,219,0.01,3.395,5.0,1.8,298,85.0,2.47,85.0,0.1,42.598,1341716.0,2.7,21.3,0.468,7.5,65.8,168.0,64,0.01,3.395,18.0,87,85.0,2.47,85.0,0.1,42.598,1341716.0,2.7,16.7,0.468,7.5,3.51,0.058,1.931
Bangladesh,2000,Developing,65.3,173.0,231,0.01,3.696,5.0,1.4,316,83.0,2.33,82.0,0.1,45.634,131581243.0,2.9,21.5,0.459,7.3,65.3,173.0,64,0.01,3.696,18.0,87,83.0,2.33,82.0,0.1,45.634,17153357.0,2.9,16.7,0.459,7.3,3.351,0.051,1.989
Belarus,2014,Developing,72.0,199.0,0,13.94,1147.111,97.0,61.7,0,97.0,5.69,97.0,0.1,8318.429,9474511.0,1.9,2.0,0.796,15.7,72.0,199.0,0,13.94,1109.855,97.0,0,97.0,5.69,97.0,0.1,8318.429,9474511.0,1.9,2.0,0.796,15.7,12.497,0.001,
Belarus,2013,Developing,71.7,23.0,0,14.66,1109.855,98.0,61.1,1,98.0,6.7,98.0,0.1,7978.825,9465997.0,2.0,2.0,0.796,15.7,71.7,23.0,0,14.09,1109.855,98.0,1,98.0,6.7,98.0,0.1,7978.825,9465997.0,2.0,2.0,0.796,15.7,12.497,0.001,23.0
Belarus,2012,Developing,71.9,194.0,0,16.35,91.71,97.0,6.5,1,98.0,5.1,98.0,0.1,694.244,9464495.0,2.0,2.1,0.793,15.6,71.9,194.0,0,14.09,91.71,97.0,1,98.0,5.1,98.0,0.1,694.244,9464495.0,2.0,2.1,0.793,15.6,12.371,0.007,194.0
Belarus,2011,Developing,72.0,232.0,0,17.31,846.911,98.0,59.9,1,98.0,4.92,98.0,0.1,6519.718,9473172.0,2.0,2.1,0.787,15.5,72.0,232.0,0,14.09,846.911,98.0,1,98.0,4.92,98.0,0.1,6519.718,9473172.0,2.0,2.1,0.787,15.5,12.199,0.001,232.0
Belarus,2009,Developing,70.0,226.0,0,14.09,434.799,98.0,58.7,1,98.0,6.9,96.0,0.1,5176.173,956765.0,2.1,2.2,0.771,15.4,70.0,226.0,0,14.09,434.799,98.0,1,98.0,6.9,96.0,0.1,5176.173,956765.0,2.1,2.2,0.771,15.4,11.873,0.001,226.0
Belarus,2008,Developing,70.0,224.0,1,14.67,501.806,98.0,58.2,1,98.0,5.95,97.0,0.1,6376.183,9527985.0,2.1,2.3,0.755,15.1,70.0,224.0,1,14.09,501.806,98.0,1,98.0,5.95,97.0,0.1,6376.183,9527985.0,2.1,2.3,0.755,15.1,11.4,0.001,224.0
Belarus,2007,Developing,69.8,226.0,1,14.22,464.078,91.0,57.7,1,9.0,6.44,95.0,0.1,4735.485,956953.0,2.2,2.3,0.739,14.9,69.8,226.0,1,14.09,464.078,91.0,1,45.0,6.44,95.0,0.1,4735.485,956953.0,2.2,2.3,0.739,14.9,11.011,0.001,226.0
Belarus,2006,Developing,68.9,243.0,1,12.6,364.426,98.0,57.2,1,97.0,6.34,99.0,0.1,3848.216,964924.0,2.2,2.4,0.723,14.6,68.9,243.0,1,12.6,364.426,98.0,1,97.0,6.34,99.0,0.1,3848.216,964924.0,2.2,2.4,0.723,14.6,10.556,0.002,243.0
Belarus,2005,Developing,68.1,252.0,1,11.01,45.65,99.0,56.7,1,98.0,6.89,99.0,0.1,3126.718,9663915.0,2.3,2.5,0.713,14.4,68.1,252.0,1,11.01,45.65,99.0,1,98.0,6.89,99.0,0.1,3126.718,9663915.0,2.3,2.5,0.713,14.4,10.267,0.002,252.0
Belarus,2004,Developing,68.2,247.0,1,12.05,42.334,99.0,56.2,1,99.0,6.59,99.0,0.1,2378.339,973146.0,2.4,2.5,0.703,14.1,68.2,247.0,1,12.05,42.334,99.0,1,99.0,6.59,99.0,0.1,2378.339,973146.0,2.4,2.5,0.703,14.1,9.912,0.003,247.0
Belarus,2002,Developing,67.2,262.0,1,12.23,145.423,99.0,55.3,1,99.0,6.47,99.0,0.1,1479.383,9865548.0,2.5,2.7,0.687,13.6,67.2,262.0,1,12.23,145.423,99.0,1,99.0,6.47,99.0,0.1,1479.383,9865548.0,2.5,2.7,0.687,13.6,9.343,0.004,262.0
Belarus,2000,Developing,68.0,247.0,1,12.98,24.249,7.0,54.4,1,99.0,6.13,99.0,0.1,1276.288,997961.0,2.7,2.8,0.675,13.1,68.0,247.0,1,12.98,24.249,18.0,1,99.0,6.13,99.0,0.1,1276.288,997961.0,2.7,2.8,0.675,13.1,8.843,0.005,247.0
Belgium,2013,Developed,87.0,77.0,0,11.77,702.359,98.0,63.0,1,99.0,1.57,99.0,0.1,4651.386,11182817.0,1.0,0.9,0.889,16.3,87.0,77.0,0,11.77,702.359,98.0,1,99.0,1.57,99.0,0.1,4651.386,11182817.0,1.0,0.9,0.889,16.3,14.491,0.0,77.0
Belgium,2012,Developed,83.0,78.0,0,10.08,664.474,98.0,62.6,1,99.0,1.54,99.0,0.1,4474.572,11128246.0,0.9,0.9,0.886,16.2,83.0,78.0,0,10.08,664.474,98.0,1,99.0,1.54,99.0,0.1,4474.572,11128246.0,0.9,0.9,0.886,16.2,14.353,0.0,78.0
Belgium,2011,Developed,83.0,8.0,0,10.11,713.53,97.0,62.3,1,98.0,1.42,98.0,0.1,4772.774,1147744.0,0.9,0.9,0.884,16.1,83.0,8.0,0,10.11,713.53,97.0,1,98.0,1.42,98.0,0.1,4772.774,1147744.0,0.9,0.9,0.884,16.1,14.232,0.0,8.0
Belgium,2010,Developed,80.0,81.0,0,10.22,665.736,97.0,61.9,1,98.0,1.17,98.0,0.1,4438.237,1895586.0,0.9,0.9,0.878,15.9,80.0,81.0,0,10.22,665.736,97.0,1,98.0,1.17,98.0,0.1,4438.237,1895586.0,0.9,0.9,0.878,15.9,13.96,0.0,81.0
Belgium,2009,Developed,79.8,85.0,0,10.05,671.938,97.0,61.6,1,98.0,1.39,98.0,0.1,4488.562,1796493.0,0.9,0.9,0.876,15.8,79.8,85.0,0,10.05,671.938,97.0,1,98.0,1.39,98.0,0.1,4488.562,1796493.0,0.9,0.9,0.876,15.8,13.841,0.0,85.0
Belgium,2008,Developed,79.5,87.0,0,10.47,7191.052,98.0,61.3,1,99.0,9.6,99.0,0.1,48424.589,179973.0,0.8,0.8,0.874,15.8,79.5,87.0,0,10.47,1109.855,98.0,1,99.0,9.6,99.0,0.1,8787.614,179973.0,0.8,0.8,0.874,15.8,13.809,0.0,87.0
Belgium,2007,Developed,79.5,86.0,0,10.25,640.356,94.0,6.9,1,99.0,9.25,98.0,0.1,4443.831,16257.0,0.8,0.8,0.871,15.8,79.5,86.0,0,10.25,640.356,94.0,1,99.0,9.25,98.0,0.1,4443.831,16257.0,0.8,0.8,0.871,15.8,13.762,0.002,86.0
Belgium,2006,Developed,79.4,85.0,0,10.98,5579.199,94.0,6.6,1,99.0,9.17,98.0,0.1,38852.361,1547958.0,0.8,0.8,0.865,15.7,79.4,85.0,0,10.98,1109.855,94.0,1,99.0,9.17,98.0,0.1,8787.614,1547958.0,0.8,0.8,0.865,15.7,13.58,0.0,85.0
Belgium,2005,Developed,78.9,89.0,0,12.27,5068.214,77.0,6.2,1,97.0,9.24,97.0,0.1,36967.283,1478617.0,0.8,0.8,0.861,15.7,78.9,89.0,0,12.27,1109.855,77.0,1,97.0,9.24,97.0,0.1,8787.614,1478617.0,0.8,0.8,0.861,15.7,13.518,0.0,89.0
Belgium,2004,Developed,78.8,91.0,1,12.05,5160.508,64.0,59.8,1,96.0,9.32,95.0,0.1,35589.713,1421137.0,0.8,0.8,0.88,18.8,78.8,91.0,1,12.05,1109.855,64.0,1,96.0,9.32,95.0,0.1,8787.614,1421137.0,0.8,0.8,0.88,18.6,16.368,0.0,91.0
Belgium,2003,Developed,78.3,95.0,0,11.28,507.306,64.0,59.4,1,96.0,9.3,95.0,0.1,3743.957,1376133.0,0.8,0.8,0.878,18.6,78.3,95.0,0,11.28,507.306,64.0,1,96.0,9.3,95.0,0.1,3743.957,1376133.0,0.8,0.8,0.878,18.6,16.331,0.002,95.0
Belgium,2002,Developed,78.0,99.0,1,11.29,320.318,6.0,59.0,1,96.0,8.46,95.0,0.1,2552.333,1332785.0,0.8,0.8,0.875,18.8,78.0,99.0,1,11.29,320.318,18.0,1,96.0,8.46,95.0,0.1,2552.333,1332785.0,0.8,0.8,0.875,18.6,16.275,0.003,99.0
Belgium,2001,Developed,78.0,1.0,1,11.01,2943.375,6.0,58.5,1,96.0,8.29,95.0,0.1,23121.566,128657.0,0.8,0.8,0.873,18.2,78.0,1.0,1,11.01,1109.855,18.0,1,96.0,8.29,95.0,0.1,8787.614,128657.0,0.8,0.8,0.873,18.2,15.889,0.0,1.0
Belgium,2000,Developed,77.6,11.0,1,11.21,287.208,6.0,58.1,1,96.0,8.12,95.0,0.1,2327.459,125125.0,0.8,0.8,0.869,18.0,77.6,11.0,1,11.21,287.208,18.0,1,96.0,8.12,95.0,0.1,2327.459,125125.0,0.8,0.8,0.869,18.0,15.642,0.003,11.0
Belize,2014,Developing,70.0,177.0,0,6.58,670.092,95.0,5.1,0,95.0,5.79,95.0,0.2,4852.224,351694.0,3.4,3.4,0.705,12.8,70.0,177.0,0,6.58,670.092,95.0,0,95.0,5.79,95.0,0.2,4852.224,351694.0,3.4,3.4,0.705,12.8,9.024,0.001,
Belize,2013,Developing,69.8,18.0,0,6.56,629.202,95.0,49.3,0,95.0,5.79,95.0,0.2,4688.538,344181.0,3.4,3.4,0.706,12.9,69.8,18.0,0,6.56,629.202,95.0,0,95.0,5.79,95.0,0.2,4688.538,344181.0,3.4,3.4,0.706,12.9,9.107,0.001,
Belize,2012,Developing,69.4,189.0,0,6.66,582.803,98.0,48.5,0,98.0,5.45,98.0,0.1,4673.638,33671.0,3.5,3.4,0.702,12.5,69.4,189.0,0,6.66,582.803,98.0,0,98.0,5.45,98.0,0.1,4673.638,33671.0,3.5,3.4,0.702,12.5,8.775,0.001,
Belize,2011,Developing,69.4,188.0,0,6.64,605.629,95.0,47.8,0,95.0,5.61,95.0,0.5,4516.247,329192.0,3.5,3.4,0.7,12.4,69.4,188.0,0,6.64,605.629,95.0,0,95.0,5.61,95.0,0.5,4516.247,329192.0,3.5,3.4,0.7,12.4,8.68,0.001,
Belize,2010,Developing,69.5,186.0,0,6.76,569.953,96.0,47.0,0,96.0,5.85,96.0,0.2,4344.152,32168.0,3.5,3.4,0.7,12.4,69.5,186.0,0,6.76,569.953,96.0,0,96.0,5.85,96.0,0.2,4344.152,32168.0,3.5,3.4,0.7,12.4,8.68,0.001,
Belize,2009,Developing,69.5,184.0,0,6.85,549.81,97.0,46.3,0,98.0,5.81,97.0,0.3,4258.789,313929.0,3.5,3.4,0.7,12.7,69.5,184.0,0,6.85,549.81,97.0,0,98.0,5.81,97.0,0.3,4258.789,313929.0,3.5,3.4,0.7,12.7,8.89,0.001,
Belize,2008,Developing,69.6,181.0,0,7.22,51.252,94.0,45.7,0,94.0,5.9,94.0,0.1,447.228,36165.0,3.5,3.4,0.699,12.8,69.6,181.0,0,7.22,51.252,94.0,0,94.0,5.9,94.0,0.1,447.228,36165.0,3.5,3.4,0.699,12.8,8.947,0.013,
Belize,2007,Developing,69.6,181.0,0,7.24,69.631,96.0,45.0,0,97.0,4.76,96.0,0.6,4324.876,29847.0,3.5,3.5,0.7,12.8,69.6,181.0,0,7.24,69.631,96.0,0,97.0,4.76,96.0,0.6,4324.876,29847.0,3.5,3.5,0.7,12.8,8.96,0.001,
Belize,2006,Developing,69.4,184.0,0,6.48,387.332,98.0,44.4,0,98.0,4.4,98.0,0.6,4187.378,29747.0,3.6,3.5,0.692,12.3,69.4,184.0,0,6.48,387.332,98.0,0,98.0,4.4,98.0,0.6,4187.378,29747.0,3.6,3.5,0.692,12.3,8.512,0.001,
Belize,2005,Developing,69.0,191.0,0,6.25,365.8,96.0,43.8,0,96.0,4.45,96.0,0.8,3933.332,283277.0,3.6,3.5,0.695,12.8,69.0,191.0,0,6.25,365.8,96.0,0,96.0,4.45,96.0,0.8,3933.332,283277.0,3.6,3.5,0.695,12.8,8.896,0.001,
Belize,2004,Developing,68.7,197.0,0,6.2,325.681,97.0,43.2,0,97.0,4.39,97.0,0.8,3831.538,27689.0,3.6,3.5,0.691,12.5,68.7,197.0,0,6.2,325.681,97.0,0,97.0,4.39,97.0,0.8,3831.538,27689.0,3.6,3.5,0.691,12.5,8.638,0.001,
Belize,2003,Developing,68.4,21.0,0,5.67,312.8,96.0,42.6,0,95.0,4.53,96.0,1.5,3679.995,26913.0,3.6,3.6,0.684,12.2,68.4,21.0,0,5.67,312.8,96.0,0,95.0,4.53,96.0,1.5,3679.995,26913.0,3.6,3.6,0.684,12.2,8.345,0.001,
Belize,2002,Developing,68.5,199.0,0,4.99,262.83,97.0,42.0,0,93.0,4.38,89.0,0.1,3556.562,26226.0,3.7,3.6,0.678,11.9,68.5,199.0,0,4.99,262.83,97.0,0,93.0,4.38,89.0,0.1,3556.562,26226.0,3.7,3.6,0.678,11.9,8.068,0.001,
Belize,2001,Developing,68.2,21.0,0,4.9,251.659,96.0,41.4,0,96.0,4.5,96.0,0.4,3419.276,254984.0,3.7,3.7,0.677,11.8,68.2,21.0,0,4.9,251.659,96.0,0,96.0,4.5,96.0,0.4,3419.276,254984.0,3.7,3.7,0.677,11.8,7.989,0.001,
Belize,2000,Developing,68.3,196.0,0,4.79,219.024,76.0,4.8,0,91.0,3.98,91.0,0.3,3364.424,247315.0,3.8,3.7,0.668,11.7,68.3,196.0,0,4.79,219.024,76.0,0,91.0,3.98,91.0,0.3,3364.424,247315.0,3.8,3.7,0.668,11.7,7.816,0.001,
Benin,2014,Developing,59.7,252.0,25,0.01,90.122,78.0,25.2,39,74.0,4.59,78.0,1.1,943.687,1286712.0,7.1,6.9,0.475,10.7,59.7,252.0,25,0.01,90.122,78.0,39,74.0,4.59,78.0,1.1,943.687,1286712.0,7.1,6.9,0.475,10.7,5.082,0.005,6.462
Benin,2013,Developing,59.5,251.0,25,0.01,87.408,77.0,24.6,39,73.0,4.59,77.0,1.2,915.267,14451.0,7.2,7.1,0.466,10.3,59.5,251.0,25,0.01,87.408,77.0,39,73.0,4.59,77.0,1.2,915.267,14451.0,7.2,7.1,0.466,10.3,4.8,0.005,6.436
Benin,2012,Developing,59.3,251.0,25,0.01,9.804,8.0,24.1,39,8.0,4.86,8.0,1.3,837.955,972916.0,7.4,7.3,0.458,10.0,59.3,251.0,25,0.01,9.804,18.0,39,45.0,4.86,45.0,1.3,837.955,972916.0,7.4,7.3,0.458,10.0,4.58,0.006,6.436
Benin,2011,Developing,59.1,251.0,25,1.4,110.263,75.0,23.5,39,77.0,5.37,75.0,1.4,825.943,94682.0,7.6,7.5,0.454,9.8,59.1,251.0,25,1.4,110.263,75.0,39,77.0,5.37,75.0,1.4,825.943,94682.0,7.6,7.5,0.454,9.8,4.449,0.007,6.436
Benin,2010,Developing,58.7,254.0,25,1.33,94.257,76.0,23.0,39,77.0,4.95,76.0,1.4,757.696,9199259.0,7.8,7.6,0.451,9.5,58.7,254.0,25,1.33,94.257,76.0,39,77.0,4.95,76.0,1.4,757.696,9199259.0,7.8,7.6,0.451,9.5,4.284,0.007,6.513
Benin,2009,Developing,58.4,259.0,25,1.16,71.014,79.0,22.5,39,8.0,4.46,79.0,1.6,793.452,894476.0,7.9,7.8,0.448,9.3,58.4,259.0,25,1.16,71.014,79.0,39,45.0,4.46,79.0,1.6,793.452,894476.0,7.9,7.8,0.448,9.3,4.166,0.006,6.641
Benin,2008,Developing,57.6,278.0,25,1.28,7.615,75.0,22.0,39,77.0,4.2,75.0,1.8,82.151,8696916.0,8.1,8.0,0.444,9.1,57.6,278.0,25,1.28,7.615,75.0,39,77.0,4.2,75.0,1.8,82.151,8696916.0,8.1,8.0,0.444,9.1,4.04,0.051,7.128
Benin,2007,Developing,57.1,283.0,25,1.12,7.493,82.0,21.5,39,82.0,4.55,82.0,2.0,76.535,8454791.0,8.3,8.2,0.438,8.9,57.1,283.0,25,1.12,7.493,82.0,39,82.0,4.55,82.0,2.0,76.535,8454791.0,8.3,8.2,0.438,8.9,3.898,0.059,7.256
Benin,2006,Developing,56.8,284.0,25,1.19,75.914,74.0,21.0,39,76.0,4.75,74.0,2.0,625.839,8216896.0,8.5,8.4,0.434,8.7,56.8,284.0,25,1.19,75.914,74.0,39,76.0,4.75,74.0,2.0,625.839,8216896.0,8.5,8.4,0.434,8.7,3.776,0.008,7.282
Benin,2005,Developing,56.5,285.0,25,1.13,7.107,7.0,2.5,39,73.0,4.73,7.0,2.1,61.8,7982225.0,8.7,8.6,0.43,8.5,56.5,285.0,25,1.13,7.107,18.0,39,73.0,4.73,45.0,2.1,61.8,7982225.0,8.7,8.6,0.43,8.5,3.655,0.077,7.308
Benin,2004,Developing,56.1,285.0,25,1.15,10.736,75.0,2.1,39,74.0,4.56,72.0,2.1,583.494,7754.0,8.9,8.8,0.423,8.1,56.1,285.0,25,1.15,10.736,75.0,39,74.0,4.56,72.0,2.1,583.494,7754.0,8.9,8.8,0.423,8.1,3.426,0.008,7.308
Benin,2003,Developing,55.8,285.0,25,1.35,8.932,73.0,19.7,40,75.0,4.63,73.0,2.1,519.292,752555.0,9.1,9.0,0.416,7.7,55.8,285.0,25,1.35,8.932,73.0,40,75.0,4.63,73.0,2.1,519.292,752555.0,9.1,9.0,0.416,7.7,3.203,0.009,7.125
Benin,2002,Developing,55.6,283.0,25,1.23,40.488,15.0,19.2,40,76.0,4.27,75.0,2.1,418.699,7295394.0,9.3,9.2,0.407,7.3,55.6,283.0,25,1.23,40.488,18.0,40,76.0,4.27,75.0,2.1,418.699,7295394.0,9.3,9.2,0.407,7.3,2.971,0.01,7.075
Benin,2001,Developing,55.5,281.0,25,1.29,45.335,15.0,18.8,40,77.0,4.69,76.0,2.1,378.737,776733.0,9.5,9.4,0.395,6.6,55.5,281.0,25,1.29,45.335,18.0,40,77.0,4.69,76.0,2.1,378.737,776733.0,9.5,9.4,0.395,6.6,2.607,0.012,7.025
Benin,2000,Developing,55.4,279.0,25,1.34,37.382,15.0,18.4,40,78.0,4.34,78.0,2.0,374.192,6865951.0,9.7,9.6,0.389,6.4,55.4,279.0,25,1.34,37.382,18.0,40,78.0,4.34,78.0,2.0,374.192,6865951.0,9.7,9.6,0.389,6.4,2.49,0.012,6.975
Bhutan,2014,Developing,69.4,216.0,0,0.01,209.392,99.0,23.6,1,98.0,3.57,99.0,0.5,2522.797,776448.0,15.7,16.2,0.596,12.5,69.4,216.0,0,0.01,209.392,99.0,1,98.0,3.57,99.0,0.5,2522.797,776448.0,15.7,16.2,0.596,12.5,7.45,0.001,216.0
Bhutan,2012,Developing,68.7,223.0,0,0.01,188.737,97.0,21.9,1,97.0,3.7,97.0,0.6,2422.816,752967.0,16.1,16.7,0.581,12.3,68.7,223.0,0,0.01,188.737,97.0,1,97.0,3.7,97.0,0.6,2422.816,752967.0,16.1,16.7,0.581,12.3,7.146,0.002,223.0
Bhutan,2011,Developing,68.3,225.0,0,0.23,289.852,95.0,21.1,1,95.0,4.73,95.0,0.5,2458.46,7451.0,16.3,17.0,0.572,11.9,68.3,225.0,0,0.23,289.852,95.0,1,95.0,4.73,95.0,0.5,2458.46,7451.0,16.1,16.7,0.572,11.9,6.807,0.002,225.0
Bhutan,2010,Developing,67.9,228.0,1,0.28,244.039,91.0,2.3,1,92.0,5.17,91.0,0.5,2178.921,727641.0,16.6,17.3,0.0,11.4,67.9,228.0,1,0.28,244.039,91.0,1,92.0,5.17,91.0,0.5,2178.921,727641.0,16.1,16.7,0.27,11.4,3.078,0.002,228.0
Bhutan,2009,Developing,67.4,232.0,1,0.17,27.489,93.0,19.5,1,93.0,6.3,93.0,0.4,177.234,714458.0,16.8,17.5,0.0,10.9,67.4,232.0,1,0.17,27.489,93.0,1,93.0,6.3,93.0,0.4,177.234,714458.0,16.1,16.7,0.27,10.9,2.943,0.036,232.0
Bhutan,2008,Developing,67.0,234.0,1,0.21,302.668,96.0,18.8,1,96.0,6.58,96.0,0.4,1795.181,795.0,17.1,17.8,0.0,10.5,67.0,234.0,1,0.21,302.668,96.0,1,96.0,6.58,96.0,0.4,1795.181,795.0,16.1,16.7,0.27,10.5,2.835,0.004,234.0
Bhutan,2007,Developing,66.5,238.0,1,0.16,283.806,95.0,18.0,1,93.0,5.88,95.0,0.3,1741.143,686958.0,17.3,18.1,0.0,10.1,66.5,238.0,1,0.16,283.806,95.0,1,93.0,5.88,95.0,0.3,1741.143,686958.0,16.1,16.7,0.27,10.1,2.727,0.003,238.0
Bhutan,2006,Developing,65.8,245.0,1,0.29,169.202,95.0,17.4,1,96.0,5.27,95.0,0.3,1335.457,672228.0,17.5,18.3,0.0,9.6,65.8,245.0,1,0.29,169.202,95.0,1,96.0,5.27,95.0,0.3,1335.457,672228.0,16.1,16.7,0.27,9.6,2.592,0.004,245.0
Bhutan,2005,Developing,65.0,254.0,1,0.73,145.597,95.0,16.7,1,95.0,5.28,95.0,0.3,1247.614,656639.0,17.8,18.6,0.0,9.2,65.0,254.0,1,0.73,145.597,95.0,1,95.0,5.28,95.0,0.3,1247.614,656639.0,16.1,16.7,0.27,9.2,2.484,0.004,254.0
Bhutan,2004,Developing,64.2,263.0,1,0.96,2.587,89.0,16.1,1,9.0,4.41,89.0,0.3,197.458,64282.0,18.0,18.8,0.0,8.8,64.2,263.0,1,0.96,2.587,89.0,1,45.0,4.41,89.0,0.3,197.458,64282.0,16.1,16.7,0.27,8.8,2.376,0.022,263.0
Bhutan,2003,Developing,63.3,273.0,1,0.52,19.157,95.0,15.5,1,96.0,4.9,95.0,0.2,997.742,623434.0,18.3,19.1,0.0,8.4,63.3,273.0,1,0.52,19.157,95.0,1,96.0,4.9,95.0,0.2,997.742,623434.0,16.1,16.7,0.27,8.4,2.268,0.005,273.0
Bhutan,2002,Developing,62.5,282.0,1,0.29,151.976,83.0,14.9,1,89.0,7.75,86.0,0.1,885.638,66399.0,18.6,19.4,0.0,8.0,62.5,282.0,1,0.29,151.976,83.0,1,89.0,7.75,86.0,0.1,885.638,66399.0,16.1,16.7,0.27,8.0,2.16,0.009,282.0
Bhutan,2001,Developing,61.7,29.0,1,0.14,8.574,89.0,14.4,1,88.0,5.91,88.0,0.1,87.939,5896.0,18.9,19.6,0.0,7.6,61.7,29.0,1,0.14,8.574,89.0,1,88.0,5.91,88.0,0.1,87.939,5896.0,16.1,16.7,0.27,7.6,2.052,0.067,29.0
Bhutan,2000,Developing,62.0,312.0,1,0.17,93.359,98.0,13.9,1,98.0,6.91,92.0,0.1,765.863,573416.0,19.2,19.9,0.0,7.3,62.0,312.0,1,0.17,93.359,98.0,1,98.0,6.91,92.0,0.1,765.863,573416.0,16.1,16.7,0.27,7.3,1.971,0.009,312.0
Bosnia and Herzegovina,2014,Developing,77.2,89.0,0,4.03,732.866,89.0,55.3,0,86.0,9.57,86.0,0.1,5193.949,35662.0,2.4,2.4,0.742,14.2,77.2,89.0,0,4.03,732.866,89.0,0,86.0,9.57,86.0,0.1,5193.949,35662.0,2.4,2.4,0.742,14.2,10.536,0.002,
Bosnia and Herzegovina,2013,Developing,77.0,9.0,0,4.12,75.611,91.0,54.7,0,87.0,9.46,89.0,0.1,535.866,364999.0,2.4,2.4,0.735,14.2,77.0,9.0,0,4.12,75.611,91.0,0,87.0,9.46,89.0,0.1,535.866,364999.0,2.4,2.4,0.735,14.2,10.437,0.018,
Bosnia and Herzegovina,2012,Developing,76.8,92.0,0,4.61,693.823,92.0,54.2,0,87.0,9.94,92.0,0.1,4716.673,36482.0,2.5,2.5,0.728,13.9,76.8,92.0,0,4.61,693.823,92.0,0,87.0,9.94,92.0,0.1,4716.673,36482.0,2.5,2.5,0.728,13.9,10.119,0.002,
Bosnia and Herzegovina,2011,Developing,76.9,92.0,0,4.64,7.959,88.0,53.7,0,89.0,9.71,88.0,0.1,55.157,3688865.0,2.6,2.5,0.711,13.4,76.9,92.0,0,4.64,7.959,88.0,0,89.0,9.71,88.0,0.1,55.157,3688865.0,2.6,2.5,0.711,13.4,9.527,0.176,
Bosnia and Herzegovina,2010,Developing,76.4,94.0,0,4.54,630.388,89.0,53.1,0,9.0,9.58,89.0,0.1,4611.473,372284.0,2.6,2.6,0.717,13.3,76.4,94.0,0,4.54,630.388,89.0,0,45.0,9.58,89.0,0.1,4611.473,372284.0,2.6,2.6,0.717,13.3,9.536,0.002,
Bosnia and Herzegovina,2009,Developing,76.1,97.0,0,4.75,645.021,9.0,52.6,0,9.0,9.64,9.0,0.1,4697.897,3746561.0,2.7,2.7,0.716,13.3,76.1,97.0,0,4.75,645.021,18.0,0,45.0,9.64,45.0,0.1,4697.897,3746561.0,2.7,2.7,0.716,13.3,9.523,0.002,
Bosnia and Herzegovina,2008,Developing,76.0,98.0,0,5.13,66.046,88.0,52.1,0,92.0,8.58,91.0,0.1,575.317,3763599.0,2.8,2.7,0.71,13.1,76.0,98.0,0,5.13,66.046,88.0,0,92.0,8.58,91.0,0.1,575.317,3763599.0,2.8,2.7,0.71,13.1,9.301,0.015,
Bosnia and Herzegovina,2007,Developing,75.4,16.0,0,5.16,8.24,94.0,51.5,0,95.0,8.37,95.0,0.1,418.292,3774.0,2.8,2.8,0.703,12.9,75.4,16.0,0,5.16,8.24,94.0,0,95.0,8.37,95.0,0.1,418.292,3774.0,2.8,2.8,0.703,12.9,9.069,0.02,
Bosnia and Herzegovina,2006,Developing,75.7,1.0,0,4.82,38.254,9.0,51.0,0,91.0,8.28,87.0,0.1,344.322,3779468.0,2.9,2.8,0.697,12.7,75.7,1.0,0,4.82,38.254,18.0,0,91.0,8.28,87.0,0.1,344.322,3779468.0,2.9,2.8,0.697,12.7,8.852,0.024,
Bosnia and Herzegovina,2005,Developing,75.0,12.0,0,4.56,45.714,93.0,5.5,0,95.0,8.5,93.0,0.1,2968.412,378153.0,2.9,2.9,0.0,12.5,75.0,12.0,0,4.56,45.714,93.0,0,95.0,8.5,93.0,0.1,2968.412,378153.0,2.9,2.9,0.27,12.5,3.375,0.003,
Bosnia and Herzegovina,2004,Developing,75.5,99.0,0,4.25,3.48,36.0,49.9,0,87.0,9.4,84.0,0.1,265.643,3781287.0,3.0,3.0,0.0,12.3,75.5,99.0,0,4.25,3.48,36.0,0,87.0,9.4,84.0,0.1,265.643,3781287.0,3.0,3.0,0.27,12.3,3.321,0.035,
Bosnia and Herzegovina,2003,Developing,75.2,12.0,0,4.14,39.865,36.0,49.4,0,87.0,7.94,87.0,0.1,2214.732,3779247.0,3.0,3.0,0.0,12.1,75.2,12.0,0,4.14,39.865,36.0,0,87.0,7.94,87.0,0.1,2214.732,3779247.0,3.0,3.0,0.27,12.1,3.267,0.004,
Bosnia and Herzegovina,2002,Developing,75.4,11.0,0,3.84,151.14,36.0,48.8,0,86.0,7.1,8.0,0.1,1761.538,377587.0,3.1,3.1,0.0,11.9,75.4,11.0,0,3.84,151.14,36.0,0,86.0,7.1,45.0,0.1,1761.538,377587.0,3.1,3.1,0.27,11.9,3.213,0.004,
Bosnia and Herzegovina,2001,Developing,74.9,113.0,0,3.85,143.295,36.0,48.2,0,92.0,7.16,91.0,0.1,1524.412,3771284.0,3.2,3.2,0.0,11.6,74.9,113.0,0,3.85,143.295,36.0,0,92.0,7.16,91.0,0.1,1524.412,3771284.0,3.2,3.2,0.27,11.6,3.132,0.005,
Bosnia and Herzegovina,2000,Developing,74.6,116.0,0,3.64,165.617,36.0,47.6,0,87.0,7.9,85.0,0.1,1461.755,376676.0,3.3,3.2,0.0,0.0,74.6,116.0,0,3.64,165.617,36.0,0,87.0,7.9,85.0,0.1,1461.755,376676.0,3.3,3.2,0.27,4.4,1.188,0.005,
Botswana,2014,Developing,65.1,268.0,2,0.01,662.802,95.0,37.3,2,96.0,5.41,95.0,2.3,7497.762,2168573.0,6.7,6.4,0.697,12.6,65.1,268.0,2,0.01,662.802,95.0,2,96.0,5.41,95.0,2.3,7497.762,2168573.0,6.7,6.4,0.697,12.6,8.782,0.001,134.0
Botswana,2013,Developing,64.2,286.0,2,0.01,1.118,95.0,36.8,2,96.0,5.84,95.0,2.8,77.626,212857.0,7.0,6.7,0.693,12.6,64.2,286.0,2,0.01,1.118,95.0,2,96.0,5.84,95.0,2.8,77.626,212857.0,7.0,6.7,0.693,12.6,8.732,0.075,143.0
Botswana,2012,Developing,63.4,3.0,2,0.01,12.834,95.0,36.2,3,96.0,6.27,95.0,4.4,729.231,289315.0,7.3,7.0,0.687,12.5,63.4,3.0,2,0.01,12.834,95.0,3,96.0,6.27,95.0,3.2,729.231,289315.0,7.3,7.0,0.687,12.5,8.588,0.009,1.0
Botswana,2011,Developing,62.2,325.0,2,5.76,668.956,95.0,35.7,3,96.0,5.25,95.0,5.5,7645.215,251339.0,7.7,7.4,0.678,12.4,62.2,325.0,2,5.76,668.956,95.0,3,96.0,5.25,95.0,3.2,7645.215,251339.0,7.7,7.4,0.678,12.4,8.407,0.001,108.333
Botswana,2010,Developing,61.1,349.0,2,5.99,547.039,95.0,35.2,3,96.0,5.64,95.0,6.2,6346.156,214866.0,8.0,7.8,0.669,12.3,61.1,349.0,2,5.99,547.039,95.0,3,96.0,5.64,95.0,3.2,6346.156,214866.0,8.0,7.8,0.669,12.3,8.229,0.001,116.333
Botswana,2008,Developing,57.5,427.0,2,6.56,476.863,94.0,34.2,3,96.0,5.55,96.0,12.7,5623.38,1946351.0,8.8,8.6,0.646,12.1,57.5,427.0,2,6.56,476.863,94.0,3,96.0,5.55,96.0,3.2,5623.38,1946351.0,8.8,8.6,0.646,12.1,7.817,0.001,142.333
Botswana,2007,Developing,56.9,436.0,2,6.21,512.589,93.0,33.7,3,96.0,4.71,96.0,13.4,5714.479,1914414.0,9.2,9.0,0.63,12.1,56.9,436.0,2,6.21,512.589,93.0,3,96.0,4.71,96.0,3.2,5714.479,1914414.0,9.2,9.0,0.63,12.1,7.623,0.001,145.333
Botswana,2006,Developing,54.8,491.0,2,6.45,76.319,93.0,33.2,3,96.0,4.93,96.0,14.4,5374.555,1884238.0,9.6,9.4,0.61,11.9,54.8,491.0,2,6.45,76.319,93.0,3,96.0,4.93,96.0,3.2,5374.555,1884238.0,9.6,9.4,0.61,11.9,7.259,0.001,163.667
Botswana,2005,Developing,51.7,566.0,2,6.37,629.843,92.0,32.7,3,96.0,5.62,96.0,20.6,5351.254,1855852.0,1.0,9.9,0.593,11.9,51.7,491.0,2,6.37,629.843,92.0,3,96.0,5.62,96.0,3.2,5351.254,1855852.0,1.0,9.9,0.593,11.9,7.057,0.001,163.667
Botswana,2004,Developing,48.1,652.0,2,4.9,469.582,91.0,32.2,4,96.0,5.56,96.0,28.4,4896.584,182933.0,1.5,1.4,0.58,11.8,48.1,491.0,2,4.9,469.582,91.0,4,96.0,5.56,96.0,3.2,4896.584,182933.0,1.5,1.4,0.58,11.8,6.844,0.001,122.75
Botswana,2003,Developing,46.4,693.0,2,5.51,299.367,9.0,31.6,4,96.0,4.65,96.0,31.9,4163.66,184339.0,1.9,1.8,0.567,11.8,46.4,491.0,2,5.51,299.367,18.0,4,96.0,4.65,96.0,3.2,4163.66,184339.0,1.9,1.8,0.567,11.8,6.691,0.001,122.75
Botswana,2002,Developing,46.0,699.0,2,6.41,6.33,88.0,31.1,4,97.0,6.47,97.0,34.6,355.618,1779953.0,11.4,11.3,0.558,11.9,46.0,491.0,2,6.41,6.33,88.0,4,97.0,6.47,97.0,3.2,355.618,1779953.0,11.4,11.3,0.558,11.9,6.64,0.018,122.75
Botswana,2001,Developing,46.7,679.0,2,5.48,306.953,87.0,3.5,4,97.0,5.73,97.0,37.2,3128.978,1754935.0,11.8,11.8,0.56,11.8,46.7,491.0,2,5.48,306.953,87.0,4,97.0,5.73,97.0,3.2,3128.978,1754935.0,11.8,11.8,0.56,11.8,6.608,0.002,122.75
Botswana,2000,Developing,47.8,647.0,2,5.37,250.892,86.0,29.9,4,97.0,4.64,97.0,38.8,3349.688,172834.0,12.3,12.2,0.559,11.7,47.8,491.0,2,5.37,250.892,86.0,4,97.0,4.64,97.0,3.2,3349.688,172834.0,12.3,12.2,0.559,11.7,6.54,0.001,122.75
Brazil,2014,Developing,74.8,144.0,44,7.32,83.165,96.0,55.3,49,96.0,8.32,93.0,0.1,1226.617,24213133.0,2.7,2.7,0.747,15.2,74.8,144.0,44,7.32,83.165,96.0,49,96.0,8.32,93.0,0.1,1226.617,17153357.0,2.7,2.7,0.747,15.2,11.354,0.007,2.939
Brazil,2013,Developing,74.7,146.0,46,7.24,916.271,96.0,54.5,52,96.0,8.48,97.0,0.1,12216.945,2248632.0,2.8,2.7,0.734,14.2,74.7,146.0,46,7.24,916.271,96.0,52,96.0,8.48,97.0,0.1,8787.614,2248632.0,2.8,2.7,0.734,14.2,10.423,0.001,2.808
Brazil,2012,Developing,74.5,148.0,49,7.55,843.195,96.0,53.6,54,96.0,8.26,95.0,0.1,12291.467,256983.0,2.8,2.8,0.73,14.2,74.5,148.0,49,7.55,843.195,96.0,54,96.0,8.26,95.0,0.1,8787.614,256983.0,2.8,2.8,0.73,14.2,10.366,0.001,2.741
Brazil,2011,Developing,74.1,152.0,51,7.58,1085.0,98.0,52.8,57,98.0,8.9,99.0,0.1,13167.473,198686688.0,2.9,2.8,0.724,14.0,74.1,152.0,51,7.58,1085.0,98.0,57,98.0,8.9,99.0,0.1,8787.614,17153357.0,2.9,2.8,0.724,14.0,10.136,0.001,2.667
Brazil,2010,Developing,73.8,154.0,54,7.52,1111.191,96.0,52.0,61,99.0,8.27,99.0,0.1,11224.155,196796269.0,2.9,2.9,0.716,13.8,73.8,154.0,54,7.52,1109.855,96.0,61,99.0,8.27,99.0,0.1,8787.614,17153357.0,2.9,2.9,0.716,13.8,9.881,0.001,2.525
Brazil,2009,Developing,73.6,157.0,57,7.33,564.523,99.0,51.1,64,99.0,8.65,99.0,0.1,8553.385,194895996.0,3.0,2.9,0.714,13.8,73.6,157.0,57,7.33,564.523,99.0,64,99.0,8.65,99.0,0.1,8553.385,17153357.0,3.0,2.9,0.714,13.8,9.853,0.001,2.453
Brazil,2008,Developing,73.4,158.0,61,7.21,526.378,96.0,5.3,68,99.0,8.24,99.0,0.1,8787.614,19297929.0,3.0,3.0,0.704,13.3,73.4,158.0,61,7.21,526.378,96.0,68,99.0,8.24,99.0,0.1,8787.614,17153357.0,3.0,3.0,0.704,13.3,9.363,0.001,2.324
Brazil,2007,Developing,73.3,159.0,65,7.19,394.932,99.0,49.4,73,99.0,8.28,99.0,0.1,7313.558,19126637.0,3.1,3.0,0.7,13.5,73.3,159.0,64,7.19,394.932,99.0,73,99.0,8.28,99.0,0.1,7313.558,17153357.0,3.1,3.0,0.7,13.5,9.45,0.001,2.178
Brazil,2006,Developing,73.0,161.0,70,7.1,30.304,99.0,48.6,79,99.0,8.36,99.0,0.1,586.146,18912412.0,3.1,3.1,0.698,13.8,73.0,161.0,64,7.1,30.304,99.0,79,99.0,8.36,99.0,0.1,586.146,17153357.0,3.1,3.1,0.698,13.8,9.632,0.014,2.038
Brazil,2005,Developing,72.7,163.0,75,6.97,23.764,98.0,47.8,85,99.0,8.27,99.0,0.1,477.183,186917361.0,3.2,3.1,0.694,13.8,72.7,163.0,64,6.97,23.764,98.0,85,99.0,8.27,99.0,0.1,477.183,17153357.0,3.2,3.1,0.694,13.8,9.577,0.017,1.918
Brazil,2004,Developing,72.0,17.0,81,6.85,186.609,96.0,46.9,93,99.0,7.7,99.0,0.1,3623.477,184738458.0,3.2,3.2,0.695,14.0,72.0,17.0,64,6.85,186.609,96.0,87,99.0,7.7,99.0,0.1,3623.477,17153357.0,3.2,3.2,0.695,14.0,9.73,0.002,0.195
Brazil,2003,Developing,71.8,172.0,88,6.95,15.858,97.0,46.1,100,99.0,6.94,99.0,0.1,359.588,182482149.0,3.3,3.3,0.699,14.8,71.8,172.0,64,6.95,15.858,97.0,87,99.0,6.94,99.0,0.1,359.588,17153357.0,3.3,3.3,0.699,14.8,10.345,0.019,1.977
Brazil,2002,Developing,71.4,176.0,95,7.0,140.982,92.0,45.3,109,99.0,7.13,99.0,0.1,2819.65,1815121.0,3.3,3.3,0.692,14.6,71.4,176.0,64,7.0,140.982,92.0,87,99.0,7.13,99.0,0.1,2819.65,1815121.0,3.3,3.3,0.692,14.6,10.103,0.003,2.023
Brazil,2000,Developing,75.0,183.0,111,7.26,179.478,94.0,43.7,127,99.0,7.3,98.0,0.1,3739.119,175287587.0,3.4,3.4,0.677,14.1,75.0,183.0,64,7.26,179.478,94.0,87,99.0,7.3,98.0,0.1,3739.119,17153357.0,3.4,3.4,0.677,14.1,9.546,0.002,2.103
Bulgaria,2014,Developed,74.3,138.0,1,12.03,153.14,95.0,65.1,1,88.0,8.44,88.0,0.1,7853.335,7223938.0,1.9,1.9,0.787,14.8,74.3,138.0,1,12.03,153.14,95.0,1,88.0,8.44,88.0,0.1,7853.335,7223938.0,1.9,1.9,0.787,14.8,11.648,0.001,138.0
Bulgaria,2013,Developed,74.1,14.0,1,12.06,149.66,95.0,64.5,1,95.0,7.93,95.0,0.1,7674.866,7265115.0,1.9,1.9,0.781,14.4,74.1,14.0,1,12.06,149.66,95.0,1,95.0,7.93,95.0,0.1,7674.866,7265115.0,1.9,1.9,0.781,14.4,11.246,0.001,14.0
Bulgaria,2012,Developed,73.9,139.0,1,10.99,851.451,95.0,63.9,1,95.0,7.11,95.0,0.1,7378.255,735888.0,1.9,1.9,0.778,14.3,73.9,139.0,1,10.99,851.451,95.0,1,95.0,7.11,95.0,0.1,7378.255,735888.0,1.9,1.9,0.778,14.3,11.125,0.001,139.0
Bulgaria,2009,Developed,73.2,152.0,1,10.93,661.514,96.0,62.1,1,94.0,6.78,94.0,0.1,6955.988,7444443.0,2.0,2.1,0.768,13.8,73.2,152.0,1,10.93,661.514,96.0,1,94.0,6.78,94.0,0.1,6955.988,7444443.0,2.0,2.1,0.768,13.8,10.598,0.001,152.0
Bulgaria,2008,Developed,72.9,155.0,1,10.98,107.983,96.0,61.5,1,96.0,6.61,95.0,0.1,7296.122,7492561.0,2.1,2.1,0.761,13.8,72.9,155.0,1,10.98,107.983,96.0,1,96.0,6.61,95.0,0.1,7296.122,7492561.0,2.1,2.1,0.761,13.8,10.502,0.001,155.0
Bulgaria,2007,Developed,72.6,157.0,1,10.89,591.51,95.0,6.9,1,95.0,6.41,95.0,0.1,5932.9,7545338.0,2.1,2.2,0.755,13.5,72.6,157.0,1,10.89,591.51,95.0,1,95.0,6.41,95.0,0.1,5932.9,7545338.0,2.1,2.2,0.755,13.5,10.192,0.001,157.0
Bulgaria,2006,Developed,72.2,161.0,1,10.39,508.63,96.0,6.3,1,96.0,6.67,95.0,0.1,4513.136,76122.0,2.2,2.2,0.75,13.5,72.2,161.0,1,10.39,508.63,96.0,1,96.0,6.67,95.0,0.1,4513.136,76122.0,2.2,2.2,0.75,13.5,10.125,0.001,161.0
Bulgaria,2005,Developed,72.1,16.0,1,10.48,456.34,96.0,59.7,1,97.0,7.8,96.0,0.1,3893.69,7658972.0,2.2,2.3,0.745,13.5,72.1,16.0,1,10.48,456.34,96.0,1,97.0,7.8,96.0,0.1,3893.69,7658972.0,2.2,2.3,0.745,13.5,10.058,0.002,16.0
Bulgaria,2004,Developed,72.2,157.0,1,10.96,384.147,94.0,59.1,1,94.0,7.9,95.0,0.1,3381.578,771686.0,2.3,2.3,0.738,13.3,72.2,157.0,1,10.96,384.147,94.0,1,94.0,7.9,95.0,0.1,3381.578,771686.0,2.3,2.3,0.738,13.3,9.815,0.002,157.0
Bulgaria,2003,Developed,72.0,155.0,1,11.19,32.386,96.0,58.6,1,96.0,7.43,96.0,0.1,271.468,7775327.0,2.3,2.4,0.729,12.9,72.0,155.0,1,11.19,32.386,96.0,1,96.0,7.43,96.0,0.1,271.468,7775327.0,2.3,2.4,0.729,12.9,9.404,0.027,155.0
Bulgaria,2002,Developed,71.8,157.0,1,10.2,33.268,88.0,58.1,1,94.0,7.41,93.0,0.1,287.535,7837161.0,2.4,2.4,0.723,12.9,71.8,157.0,1,10.2,33.268,88.0,1,94.0,7.41,93.0,0.1,287.535,7837161.0,2.4,2.4,0.723,12.9,9.327,0.026,157.0
Bulgaria,2001,Developed,71.6,16.0,1,10.72,25.063,93.0,57.5,1,94.0,7.23,94.0,0.1,1764.974,89142.0,2.4,2.5,0.713,12.9,71.6,16.0,1,10.72,25.063,93.0,1,94.0,7.23,94.0,0.1,1764.974,89142.0,2.4,2.5,0.713,12.9,9.198,0.004,16.0
Bulgaria,2000,Developed,71.1,163.0,1,9.69,15.236,94.0,57.0,1,94.0,6.7,93.0,0.1,169.286,817172.0,2.5,2.5,0.709,12.9,71.1,163.0,1,9.69,15.236,94.0,1,94.0,6.7,93.0,0.1,169.286,817172.0,2.5,2.5,0.709,12.9,9.146,0.04,163.0
Burkina Faso,2014,Developing,59.3,268.0,39,0.01,8.386,91.0,18.8,63,91.0,4.96,91.0,0.6,75.146,17585977.0,8.2,7.7,0.398,7.7,59.3,268.0,39,0.01,8.386,91.0,63,91.0,4.96,91.0,0.6,75.146,17153357.0,8.2,7.7,0.398,7.7,3.065,0.066,4.254
Burkina Faso,2013,Developing,59.0,27.0,40,4.64,88.97,88.0,18.2,66,89.0,5.91,88.0,0.7,699.453,1772723.0,8.4,7.9,0.392,7.5,59.0,27.0,40,4.64,88.97,88.0,66,89.0,5.91,88.0,0.7,699.453,1772723.0,8.4,7.9,0.392,7.5,2.94,0.008,0.409
Burkina Faso,2012,Developing,58.6,271.0,41,4.75,78.77,9.0,17.7,68,9.0,5.33,9.0,0.8,673.823,16571216.0,8.6,8.1,0.384,7.2,58.6,271.0,41,4.75,78.77,18.0,68,45.0,5.33,45.0,0.8,673.823,16571216.0,8.6,8.1,0.384,7.2,2.765,0.008,3.985
Burkina Faso,2011,Developing,58.1,275.0,42,4.51,85.556,91.0,17.1,71,9.0,5.17,91.0,0.9,666.843,168194.0,8.8,8.4,0.377,6.7,58.1,275.0,42,4.51,85.556,91.0,71,45.0,5.17,91.0,0.9,666.843,168194.0,8.8,8.4,0.377,6.7,2.526,0.008,3.873
Burkina Faso,2010,Developing,57.5,279.0,43,4.55,90.46,91.0,16.6,74,9.0,7.17,91.0,1.0,575.446,1565217.0,9.0,8.6,0.365,6.3,57.5,279.0,43,4.55,90.46,91.0,74,45.0,7.17,91.0,1.0,575.446,1565217.0,9.0,8.6,0.365,6.3,2.3,0.012,3.77
Burkina Faso,2009,Developing,56.9,283.0,44,4.55,81.143,92.0,16.1,77,91.0,7.41,92.0,1.1,552.746,1514199.0,9.3,8.8,0.356,5.9,56.9,283.0,44,4.55,81.143,92.0,77,91.0,7.41,92.0,1.1,552.746,1514199.0,9.3,8.8,0.356,5.9,2.1,0.013,3.675
Burkina Faso,2008,Developing,56.1,288.0,45,4.5,107.799,93.0,15.6,80,92.0,6.77,93.0,1.5,569.761,14689726.0,9.5,9.1,0.345,5.4,56.1,288.0,45,4.5,107.799,93.0,80,92.0,6.77,93.0,1.5,569.761,14689726.0,9.5,9.1,0.345,5.4,1.863,0.012,3.6
Burkina Faso,2007,Developing,55.3,293.0,46,4.58,73.927,89.0,15.1,83,93.0,6.63,89.0,1.7,475.111,1425221.0,9.8,9.3,0.334,4.9,55.3,293.0,46,4.58,73.927,89.0,83,93.0,6.63,89.0,1.7,475.111,1425221.0,9.8,9.3,0.334,4.9,1.637,0.014,3.53
Burkina Faso,2006,Developing,54.3,32.0,47,4.73,64.24,76.0,14.6,86,94.0,6.58,86.0,2.0,422.633,13829177.0,1.0,9.6,0.325,4.7,54.3,32.0,47,4.73,64.24,76.0,86,94.0,6.58,86.0,2.0,422.633,13829177.0,1.0,9.6,0.325,4.7,1.528,0.016,0.372
Burkina Faso,2005,Developing,53.3,313.0,48,4.88,8.77,76.0,14.2,89,94.0,6.87,82.0,2.3,46.999,1342193.0,1.3,9.8,0.0,4.3,53.3,313.0,48,4.88,8.77,76.0,87,94.0,6.87,82.0,2.3,46.999,1342193.0,1.3,9.8,0.27,4.4,1.188,0.146,3.598
Burkina Faso,2004,Developing,52.4,323.0,49,4.54,56.961,76.0,13.7,91,83.0,6.45,79.0,2.5,371.324,133569.0,1.5,1.1,0.0,3.9,52.4,323.0,49,4.54,56.961,76.0,87,83.0,6.45,79.0,2.5,371.324,133569.0,1.5,1.1,0.27,4.4,1.188,0.017,3.713
Burkina Faso,2002,Developing,51.0,338.0,49,4.53,3.196,76.0,12.9,93,69.0,5.26,69.0,3.2,26.764,122931.0,11.0,1.6,0.0,3.6,51.0,338.0,49,4.53,3.196,76.0,87,69.0,5.26,69.0,3.2,26.764,122931.0,11.0,1.6,0.27,4.4,1.188,0.197,3.885
Burkina Faso,2001,Developing,56.0,344.0,48,4.56,23.102,76.0,12.5,93,62.0,4.85,62.0,3.6,235.491,11944587.0,11.2,1.8,0.0,3.5,56.0,344.0,48,4.56,23.102,76.0,87,62.0,4.85,62.0,3.2,235.491,11944587.0,11.2,1.8,0.27,4.4,1.188,0.021,3.954
Burkina Faso,2000,Developing,51.0,348.0,48,3.71,19.839,76.0,12.2,92,45.0,5.6,45.0,4.0,226.476,1167942.0,11.4,11.1,0.0,3.4,51.0,348.0,48,3.71,19.839,76.0,87,45.0,5.6,45.0,3.2,226.476,1167942.0,11.4,11.1,0.27,4.4,1.188,0.025,4.0
Burundi,2014,Developing,59.1,297.0,22,0.01,41.252,95.0,18.2,32,95.0,7.54,95.0,0.7,312.749,989179.0,7.4,7.3,0.404,10.6,59.1,297.0,22,0.01,41.252,95.0,32,95.0,7.54,95.0,0.7,312.749,989179.0,7.4,7.3,0.404,10.6,4.282,0.024,9.281
Burundi,2013,Developing,58.6,33.0,22,0.01,40.151,96.0,17.6,32,96.0,8.3,96.0,1.0,282.756,96186.0,7.4,7.4,0.398,10.5,58.6,33.0,22,0.01,40.151,96.0,32,96.0,8.3,96.0,1.0,282.756,96186.0,7.4,7.4,0.398,10.5,4.179,0.029,1.031
Burundi,2012,Developing,58.0,312.0,22,0.01,38.732,96.0,17.1,33,96.0,8.21,96.0,1.2,265.286,931971.0,7.5,7.5,0.393,10.3,58.0,312.0,22,0.01,38.732,96.0,33,96.0,8.21,96.0,1.2,265.286,931971.0,7.5,7.5,0.393,10.3,4.048,0.031,9.455
Burundi,2011,Developing,57.4,321.0,22,4.16,3.596,96.0,16.6,33,95.0,8.58,96.0,1.5,26.48,94358.0,7.6,7.6,0.385,9.9,57.4,321.0,22,4.16,3.596,96.0,33,95.0,8.58,96.0,1.5,26.48,94358.0,7.6,7.6,0.385,9.9,3.812,0.324,9.727
Burundi,2010,Developing,56.8,33.0,23,4.16,31.142,96.0,16.1,34,94.0,8.82,96.0,1.9,231.194,876693.0,7.7,7.7,0.361,9.3,56.8,33.0,23,4.16,31.142,96.0,34,94.0,8.82,96.0,1.9,231.194,876693.0,7.7,7.7,0.361,9.3,3.357,0.038,0.971
Burundi,2009,Developing,56.2,338.0,23,4.05,2.03,94.0,15.7,34,96.0,6.96,94.0,2.4,24.945,848931.0,7.8,7.8,0.336,8.6,56.2,338.0,23,4.05,2.03,94.0,34,96.0,6.96,94.0,2.4,24.945,848931.0,7.8,7.8,0.336,8.6,2.89,0.279,9.941
Burundi,2008,Developing,55.3,35.0,23,4.33,15.994,92.0,15.2,35,89.0,7.86,92.0,2.9,196.247,8212264.0,7.9,7.9,0.319,7.9,55.3,35.0,23,4.33,15.994,92.0,35,89.0,7.86,92.0,2.9,196.247,8212264.0,7.9,7.9,0.319,7.9,2.52,0.04,1.0
Burundi,2007,Developing,54.8,355.0,24,4.54,1.727,99.0,14.8,36,93.0,1.3,99.0,3.4,17.8,7939573.0,8.0,8.0,0.309,7.2,54.8,355.0,24,4.54,1.727,99.0,36,93.0,1.3,99.0,3.2,17.8,7939573.0,8.0,8.0,0.309,7.2,2.225,0.073,9.861
Burundi,2006,Developing,54.1,361.0,24,4.5,21.249,92.0,14.5,36,88.0,11.49,92.0,3.8,165.879,7675338.0,8.1,8.2,0.29,5.9,54.1,361.0,24,4.5,21.249,92.0,36,88.0,11.49,92.0,3.2,165.879,7675338.0,8.1,8.2,0.29,5.9,1.711,0.069,10.028
Burundi,2005,Developing,53.4,369.0,24,5.54,1.747,87.0,14.1,37,82.0,9.84,87.0,4.3,15.574,7423289.0,8.2,8.3,0.286,5.6,53.4,369.0,24,5.54,1.747,87.0,37,82.0,9.84,87.0,3.2,15.574,7423289.0,8.2,8.3,0.286,5.6,1.602,0.632,9.973
Burundi,2004,Developing,52.6,378.0,24,5.72,11.227,83.0,13.8,38,76.0,7.1,83.0,4.8,127.43,7182451.0,8.4,8.4,0.279,5.2,52.6,378.0,24,5.72,11.227,83.0,38,76.0,7.1,83.0,3.2,127.43,7182451.0,8.4,8.4,0.279,5.2,1.451,0.056,9.947
Burundi,2003,Developing,51.9,387.0,24,5.84,6.545,83.0,13.5,38,75.0,5.25,82.0,5.1,112.849,6953113.0,8.5,8.5,0.276,4.7,51.9,387.0,24,5.84,6.545,83.0,38,75.0,5.25,82.0,3.2,112.849,6953113.0,8.5,8.5,0.276,4.7,1.297,0.047,10.184
Burundi,2002,Developing,51.5,387.0,24,5.98,9.66,83.0,13.3,39,74.0,5.15,81.0,5.2,122.434,6741569.0,8.7,8.7,0.268,4.4,51.5,387.0,24,5.98,9.66,83.0,39,74.0,5.15,81.0,3.2,122.434,6741569.0,8.7,8.7,0.27,4.4,1.188,0.042,9.923
Burundi,2001,Developing,51.3,385.0,25,6.09,10.619,83.0,13.0,40,72.0,4.96,81.0,5.3,133.743,6555829.0,8.8,8.8,0.268,4.5,51.3,385.0,25,6.09,10.619,83.0,40,72.0,4.96,81.0,3.2,133.743,6555829.0,8.8,8.8,0.27,4.5,1.215,0.037,9.625
Burundi,2000,Developing,58.0,386.0,25,6.61,9.697,83.0,12.8,41,71.0,4.98,8.0,5.2,135.998,6476.0,9.0,8.9,0.268,4.5,58.0,386.0,25,6.61,9.697,83.0,41,71.0,4.98,45.0,3.2,135.998,6476.0,9.0,8.9,0.27,4.5,1.215,0.037,9.415
Cabo Verde,2013,Developing,72.8,12.0,0,0.01,325.63,94.0,29.7,0,93.0,4.29,93.0,0.2,3558.796,5216.0,6.9,6.9,0.643,13.6,72.8,12.0,0,0.01,325.63,94.0,0,93.0,4.29,93.0,0.2,3558.796,5216.0,6.9,6.9,0.643,13.6,8.745,0.001,
Cabo Verde,2012,Developing,72.7,121.0,0,0.01,33.559,94.0,29.0,0,94.0,4.61,94.0,0.3,348.483,513979.0,7.1,7.1,0.636,13.2,72.7,121.0,0,0.01,33.559,94.0,0,94.0,4.61,94.0,0.3,348.483,513979.0,7.1,7.1,0.636,13.2,8.395,0.013,
Cabo Verde,2011,Developing,72.6,122.0,0,5.07,4.409,9.0,28.2,0,9.0,4.6,9.0,0.3,367.429,5867.0,7.3,7.2,0.632,13.1,72.6,122.0,0,5.07,4.409,18.0,0,45.0,4.6,45.0,0.3,367.429,5867.0,7.3,7.2,0.632,13.1,8.279,0.013,
Cabo Verde,2010,Developing,72.5,123.0,0,4.75,286.891,98.0,27.5,0,99.0,4.83,99.0,0.4,3312.826,52384.0,7.4,7.4,0.627,12.7,72.5,123.0,0,4.75,286.891,98.0,0,99.0,4.83,99.0,0.4,3312.826,52384.0,7.4,7.4,0.627,12.7,7.963,0.001,
Cabo Verde,2009,Developing,72.4,124.0,0,4.45,339.978,98.0,26.8,0,99.0,4.24,99.0,0.4,3444.557,496963.0,7.6,7.6,0.621,12.4,72.4,124.0,0,4.45,339.978,98.0,0,99.0,4.24,99.0,0.4,3444.557,496963.0,7.6,7.6,0.621,12.4,7.7,0.001,
Cabo Verde,2008,Developing,72.4,124.0,0,4.16,360.621,98.0,26.2,0,99.0,3.96,99.0,0.4,3638.959,491723.0,7.8,7.8,0.615,12.2,72.4,124.0,0,4.16,360.621,98.0,0,99.0,3.96,99.0,0.4,3638.959,491723.0,7.8,7.8,0.615,12.2,7.503,0.001,
Cabo Verde,2006,Developing,72.1,129.0,0,4.25,26.451,95.0,24.9,0,97.0,5.11,96.0,0.6,234.29,48795.0,8.3,8.3,0.596,11.9,72.1,129.0,0,4.25,26.451,95.0,0,97.0,5.11,96.0,0.6,234.29,48795.0,8.3,8.3,0.596,11.9,7.092,0.022,
Cabo Verde,2005,Developing,71.8,134.0,0,4.26,3.35,93.0,24.3,0,95.0,4.86,95.0,0.8,248.135,474567.0,8.5,8.5,0.582,11.2,71.8,134.0,0,4.26,3.35,93.0,0,95.0,4.86,95.0,0.8,248.135,474567.0,8.5,8.5,0.582,11.2,6.518,0.02,
Cabo Verde,2004,Developing,71.4,14.0,0,4.19,240.14,91.0,23.7,0,94.0,5.6,93.0,0.8,1976.459,467664.0,8.7,8.7,0.574,11.1,71.4,14.0,0,4.19,240.14,91.0,0,94.0,5.6,93.0,0.8,1976.459,467664.0,8.7,8.7,0.574,11.1,6.371,0.003,
Cabo Verde,2003,Developing,71.1,144.0,0,4.16,209.086,66.0,23.2,0,93.0,5.0,92.0,0.9,1768.921,46147.0,8.9,8.9,0.572,11.3,71.1,144.0,0,4.16,209.086,66.0,0,93.0,5.0,92.0,0.9,1768.921,46147.0,8.9,8.9,0.572,11.3,6.464,0.003,
Cabo Verde,2002,Developing,77.0,148.0,0,3.82,155.207,4.0,22.6,0,92.0,5.17,91.0,0.8,1373.516,45216.0,9.2,9.1,0.569,11.3,77.0,148.0,0,3.82,155.207,18.0,0,92.0,5.17,91.0,0.8,1373.516,45216.0,9.2,9.1,0.569,11.3,6.43,0.004,
Cabo Verde,2001,Developing,73.0,152.0,0,3.81,150.743,4.0,22.1,0,91.0,5.19,9.0,0.8,1268.885,443716.0,9.4,9.3,0.562,11.0,73.0,152.0,0,3.81,150.743,18.0,0,91.0,5.19,45.0,0.8,1268.885,443716.0,9.4,9.3,0.562,11.0,6.182,0.004,
Cabo Verde,2000,Developing,69.9,155.0,0,3.49,122.574,4.0,21.5,0,9.0,4.81,9.0,0.8,1239.378,43579.0,9.6,9.5,0.0,11.3,69.9,155.0,0,3.49,122.574,18.0,0,45.0,4.81,45.0,0.8,1239.378,43579.0,9.6,9.5,0.27,11.3,3.051,0.004,
Cambodia,2014,Developing,68.3,179.0,11,0.01,12.18,88.0,18.9,12,87.0,5.68,88.0,0.2,198.687,152779.0,1.9,11.0,0.553,10.9,68.3,179.0,11,0.01,12.18,88.0,12,87.0,5.68,88.0,0.2,198.687,152779.0,1.9,11.0,0.553,10.9,6.028,0.029,14.917
Cambodia,2013,Developing,67.8,183.0,11,0.01,8.758,83.0,18.2,13,66.0,5.93,83.0,0.2,128.42,1522692.0,11.0,11.1,0.546,10.8,67.8,183.0,11,0.01,8.758,83.0,13,66.0,5.93,83.0,0.2,128.42,1522692.0,11.0,11.1,0.546,10.8,5.897,0.046,14.077
Cambodia,2012,Developing,67.4,186.0,12,0.01,6.915,86.0,17.6,14,84.0,6.24,86.0,0.3,95.244,14776866.0,11.0,11.2,0.54,10.7,67.4,186.0,12,0.01,6.915,86.0,14,84.0,6.24,86.0,0.3,95.244,14776866.0,11.0,11.2,0.54,10.7,5.778,0.066,13.286
Cambodia,2011,Developing,67.0,19.0,13,2.12,60.186,88.0,17.0,15,87.0,5.64,88.0,0.3,882.491,14537886.0,11.0,11.2,0.533,10.7,67.0,19.0,13,2.12,60.186,88.0,15,87.0,5.64,88.0,0.3,882.491,14537886.0,11.0,11.2,0.533,10.7,5.703,0.006,1.267
Cambodia,2010,Developing,66.6,192.0,14,2.2,56.884,89.0,16.4,16,88.0,5.95,89.0,0.5,785.693,143874.0,11.0,11.3,0.519,10.6,66.6,192.0,14,2.2,56.884,89.0,16,88.0,5.95,89.0,0.5,785.693,143874.0,11.0,11.3,0.519,10.6,5.501,0.008,12.0
Cambodia,2009,Developing,66.1,195.0,15,2.13,48.354,92.0,15.9,17,95.0,6.36,94.0,0.6,738.233,14928.0,11.1,11.4,0.52,10.5,66.1,195.0,15,2.13,48.354,92.0,17,95.0,6.36,94.0,0.6,738.233,14928.0,11.1,11.4,0.52,10.5,5.46,0.009,11.471
Cambodia,2008,Developing,65.6,199.0,16,2.24,53.1,91.0,15.3,18,91.0,5.55,91.0,0.7,745.788,138859.0,11.2,11.4,0.511,10.5,65.6,199.0,16,2.24,53.1,91.0,18,91.0,5.55,91.0,0.7,745.788,138859.0,11.2,11.4,0.511,10.5,5.366,0.007,11.056
Cambodia,2007,Developing,65.0,24.0,16,2.08,57.735,82.0,14.8,20,82.0,3.75,82.0,0.9,631.676,13676693.0,11.3,11.5,0.495,10.3,65.0,24.0,16,2.08,57.735,82.0,20,82.0,3.75,82.0,0.9,631.676,13676693.0,11.3,11.5,0.495,10.3,5.099,0.006,1.2
Cambodia,2006,Developing,64.1,216.0,17,2.03,51.504,8.0,14.3,21,8.0,4.48,8.0,1.1,539.879,13474489.0,11.4,11.6,0.483,10.1,64.1,216.0,17,2.03,51.504,18.0,21,45.0,4.48,45.0,1.1,539.879,13474489.0,11.4,11.6,0.483,10.1,4.878,0.008,10.286
Cambodia,2005,Developing,62.9,234.0,18,1.99,62.218,8.0,13.9,22,82.0,5.84,82.0,1.4,474.224,132721.0,11.5,11.6,0.47,10.0,62.9,234.0,18,1.99,62.218,18.0,22,82.0,5.84,82.0,1.4,474.224,132721.0,11.5,11.6,0.47,10.0,4.7,0.012,10.636
Cambodia,2004,Developing,61.5,253.0,19,1.38,8.386,8.0,13.5,24,86.0,6.43,85.0,1.7,48.615,1363377.0,11.6,11.7,0.458,9.7,61.5,253.0,19,1.38,8.386,18.0,24,86.0,6.43,85.0,1.7,48.615,1363377.0,11.6,11.7,0.458,9.7,4.443,0.132,10.542
Cambodia,2003,Developing,63.0,268.0,21,1.44,55.595,8.0,13.1,26,69.0,6.74,69.0,1.9,362.421,12853124.0,11.6,11.7,0.445,9.3,63.0,268.0,21,1.44,55.595,18.0,26,69.0,6.74,69.0,1.9,362.421,12853124.0,11.6,11.7,0.445,9.3,4.139,0.019,10.308
Cambodia,2002,Developing,59.3,273.0,23,1.43,30.911,8.0,12.8,29,54.0,5.95,54.0,2.1,339.677,12634729.0,11.6,11.8,0.427,8.2,59.3,273.0,23,1.43,30.911,18.0,29,54.0,5.95,54.0,2.1,339.677,12634729.0,11.6,11.8,0.427,8.2,3.501,0.018,9.414
Cambodia,2001,Developing,58.5,273.0,25,1.71,27.69,8.0,12.4,33,59.0,5.7,6.0,2.2,321.226,1242473.0,11.6,11.8,0.412,7.6,58.5,273.0,25,1.71,27.69,18.0,33,59.0,5.7,45.0,2.2,321.226,1242473.0,11.6,11.8,0.412,7.6,3.131,0.018,8.273
Cambodia,2000,Developing,57.7,274.0,27,1.51,0.328,8.0,12.1,36,62.0,5.87,59.0,2.1,3.686,12152354.0,11.6,11.9,0.401,7.2,57.7,274.0,27,1.51,0.328,18.0,36,62.0,5.87,59.0,2.1,3.686,12152354.0,11.6,11.9,0.401,7.2,2.887,1.593,7.611
Cameroon,2013,Developing,56.4,364.0,48,0.01,63.079,89.0,27.8,73,88.0,4.29,89.0,4.0,1365.344,21655715.0,5.8,5.8,0.501,10.4,56.4,364.0,48,0.01,63.079,89.0,73,88.0,4.29,89.0,3.2,1365.344,17153357.0,5.8,5.8,0.501,10.4,5.21,0.003,4.986
Cameroon,2012,Developing,55.9,369.0,50,0.01,68.558,85.0,27.2,76,85.0,4.34,85.0,4.6,1255.648,2182383.0,5.9,5.9,0.496,10.4,55.9,369.0,50,0.01,68.558,85.0,76,85.0,4.34,85.0,3.2,1255.648,2182383.0,5.9,5.9,0.496,10.4,5.158,0.003,4.855
Cameroon,2011,Developing,55.6,371.0,51,6.19,83.181,82.0,26.6,79,8.0,3.96,82.0,4.9,1295.65,252447.0,6.0,6.0,0.486,10.0,55.6,371.0,51,6.19,83.181,82.0,79,45.0,3.96,82.0,3.2,1295.65,252447.0,6.0,6.0,0.486,10.0,4.86,0.003,4.696
Cameroon,2010,Developing,55.3,37.0,53,6.15,100.899,84.0,26.0,82,83.0,5.28,84.0,5.5,1182.869,1997495.0,6.1,6.2,0.48,9.7,55.3,37.0,53,6.15,100.899,84.0,82,83.0,5.28,84.0,3.2,1182.869,1997495.0,6.1,6.2,0.48,9.7,4.656,0.004,0.451
Cameroon,2009,Developing,54.8,373.0,54,5.89,9.043,8.0,25.4,85,79.0,5.7,8.0,6.3,123.195,19432541.0,6.3,6.3,0.473,9.2,54.8,373.0,54,5.89,9.043,18.0,85,79.0,5.7,45.0,3.2,123.195,17153357.0,6.3,6.3,0.473,9.2,4.352,0.046,4.388
Cameroon,2008,Developing,54.2,382.0,56,5.9,68.707,84.0,24.9,87,82.0,5.18,84.0,6.7,1233.524,18978.0,6.4,6.5,0.466,8.8,54.2,382.0,56,5.9,68.707,84.0,87,82.0,5.18,84.0,3.2,1233.524,18978.0,6.4,6.5,0.466,8.8,4.101,0.004,4.391
Cameroon,2007,Developing,53.6,395.0,57,5.44,7.563,82.0,24.4,89,81.0,4.76,82.0,7.0,111.712,18395389.0,6.6,6.6,0.456,8.0,53.6,395.0,57,5.44,7.563,82.0,87,81.0,4.76,82.0,3.2,111.712,17153357.0,6.6,6.6,0.456,8.0,3.648,0.043,4.54
Cameroon,2006,Developing,53.3,394.0,58,5.22,0.962,81.0,23.8,91,78.0,4.69,81.0,7.2,12.989,17899562.0,6.7,6.8,0.456,8.2,53.3,394.0,58,5.22,0.962,81.0,87,78.0,4.69,81.0,3.2,12.989,17153357.0,6.7,6.8,0.456,8.2,3.739,0.361,4.529
Cameroon,2005,Developing,52.8,4.0,58,5.03,73.033,79.0,23.3,93,79.0,4.75,8.0,7.4,952.187,1742795.0,6.9,7.0,0.456,8.3,52.8,4.0,58,5.03,73.033,79.0,87,79.0,4.75,45.0,3.2,952.187,1742795.0,6.9,7.0,0.456,8.3,3.785,0.005,0.046
Cameroon,2004,Developing,52.1,412.0,59,4.71,7.177,79.0,22.8,94,72.0,4.73,73.0,7.5,93.212,1695981.0,7.0,7.1,0.455,8.2,52.1,412.0,59,4.71,7.177,79.0,87,72.0,4.73,73.0,3.2,93.212,1695981.0,7.0,7.1,0.455,8.2,3.731,0.051,4.736
Cameroon,2003,Developing,51.8,412.0,60,4.64,67.639,79.0,22.3,95,72.0,4.97,73.0,7.7,824.869,16513822.0,7.2,7.3,0.452,8.1,51.8,412.0,60,4.64,67.639,79.0,87,72.0,4.97,73.0,3.2,824.869,16513822.0,7.2,7.3,0.452,8.1,3.661,0.006,4.736
Cameroon,2001,Developing,51.5,41.0,61,4.43,41.736,79.0,21.3,99,61.0,4.7,63.0,7.9,614.673,15671927.0,7.5,7.7,0.437,7.1,51.5,41.0,61,4.43,41.736,79.0,87,61.0,4.7,63.0,3.2,614.673,15671927.0,7.5,7.7,0.437,7.1,3.103,0.008,0.471
Cameroon,2000,Developing,51.4,394.0,62,3.91,4.721,79.0,2.9,100,57.0,4.48,62.0,7.7,68.414,15274234.0,7.7,7.8,0.433,6.9,51.4,394.0,62,3.91,4.721,79.0,87,57.0,4.48,62.0,3.2,68.414,15274234.0,7.7,7.8,0.433,6.9,2.988,0.065,4.529
Canada,2014,Developing,82.0,65.0,2,8.1,102.19,55.0,66.4,2,91.0,1.45,91.0,0.1,544.434,35544564.0,0.5,0.5,0.912,15.9,82.0,65.0,2,8.1,102.19,55.0,2,91.0,1.45,91.0,0.1,544.434,17153357.0,0.5,0.5,0.912,15.9,14.501,0.003,32.5
Canada,2013,Developing,81.8,67.0,2,8.2,9733.228,55.0,65.8,2,91.0,1.67,91.0,0.1,52413.721,35155451.0,0.5,0.5,0.909,15.9,81.8,67.0,2,8.2,1109.855,55.0,2,91.0,1.67,91.0,0.1,8787.614,17153357.0,0.5,0.5,0.909,15.9,14.453,0.0,33.5
Canada,2012,Developing,81.6,68.0,2,8.3,9748.636,7.0,65.3,2,99.0,1.78,95.0,0.1,52496.695,3475545.0,0.5,0.5,0.907,15.9,81.6,68.0,2,8.3,1109.855,18.0,2,99.0,1.78,95.0,0.1,8787.614,3475545.0,0.5,0.5,0.907,15.9,14.421,0.0,34.0
Canada,2011,Developing,81.5,68.0,2,8.2,971.928,7.0,64.7,2,87.0,1.82,87.0,0.1,5282.218,3434278.0,0.5,0.5,0.903,15.9,81.5,68.0,2,8.2,971.928,18.0,2,87.0,1.82,87.0,0.1,5282.218,3434278.0,0.5,0.5,0.903,15.9,14.358,0.0,34.0
Canada,2010,Developing,81.2,7.0,2,8.4,8649.675,56.0,64.1,2,88.0,11.2,89.0,0.1,47447.476,345274.0,0.5,0.4,0.898,15.9,81.2,7.0,2,8.4,1109.855,56.0,2,88.0,11.2,89.0,0.1,8787.614,345274.0,0.5,0.4,0.898,15.9,14.278,0.0,3.5
Canada,2009,Developing,81.0,72.0,2,8.4,864.95,42.0,63.6,2,89.0,11.17,91.0,0.1,4773.454,33628571.0,0.5,0.4,0.898,15.9,81.0,72.0,2,8.4,864.95,42.0,2,89.0,11.17,91.0,0.1,4773.454,17153357.0,0.5,0.4,0.898,15.9,14.278,0.002,36.0
Canada,2008,Developing,87.0,74.0,2,8.3,8433.937,28.0,63.0,2,89.0,1.3,92.0,0.1,46596.336,33245773.0,0.5,0.4,0.897,15.8,87.0,74.0,2,8.3,1109.855,28.0,2,89.0,1.3,92.0,0.1,8787.614,17153357.0,0.5,0.4,0.897,15.8,14.173,0.0,37.0
Canada,2007,Developing,85.0,74.0,2,8.3,7946.744,14.0,62.5,2,9.0,9.83,94.0,0.1,44544.527,32887928.0,0.5,0.4,0.894,15.8,85.0,74.0,2,8.3,1109.855,18.0,2,45.0,9.83,94.0,0.1,8787.614,17153357.0,0.5,0.4,0.894,15.8,14.125,0.0,37.0
Canada,2006,Developing,85.0,75.0,2,8.2,771.182,14.0,61.9,2,95.0,9.75,95.0,0.1,4386.699,325755.0,0.5,0.4,0.891,15.8,85.0,75.0,2,8.2,771.182,18.0,2,95.0,9.75,95.0,0.1,4386.699,325755.0,0.5,0.4,0.891,15.8,14.078,0.002,37.5
Canada,2005,Developing,81.0,76.0,2,8.0,6333.178,14.0,61.3,2,93.0,9.57,93.0,0.1,36189.588,32312.0,0.5,0.4,0.886,15.8,81.0,76.0,2,8.0,1109.855,18.0,2,93.0,9.57,93.0,0.1,8787.614,32312.0,0.5,0.4,0.886,15.8,13.999,0.0,38.0
Canada,2004,Developing,80.0,77.0,2,7.8,5513.33,14.0,6.6,2,91.0,9.56,91.0,0.1,31979.872,31995.0,0.5,0.4,0.881,15.8,80.0,77.0,2,7.8,1109.855,18.0,2,91.0,9.56,91.0,0.1,8787.614,31995.0,0.5,0.4,0.881,15.8,13.92,0.0,38.5
Canada,2003,Developing,79.7,78.0,2,7.7,4687.846,14.0,6.0,2,88.0,9.54,91.0,0.1,28172.149,31676.0,0.5,0.4,0.877,15.8,79.7,78.0,2,7.7,1109.855,18.0,2,88.0,9.54,91.0,0.1,8787.614,31676.0,0.5,0.4,0.877,15.8,13.857,0.0,39.0
Canada,2002,Developing,79.5,79.0,2,7.7,3895.856,14.0,59.3,2,88.0,9.37,88.0,0.1,24167.843,31362.0,0.5,0.4,0.872,15.8,79.5,79.0,2,7.7,1109.855,18.0,2,88.0,9.37,88.0,0.1,8787.614,31362.0,0.5,0.4,0.872,15.8,13.778,0.0,39.5
Canada,2001,Developing,79.4,8.0,2,7.6,3665.09,14.0,58.5,2,88.0,9.1,89.0,0.1,23691.595,31819.0,0.5,0.4,0.867,15.8,79.4,8.0,2,7.6,1109.855,18.0,2,88.0,9.1,89.0,0.1,8787.614,31819.0,0.5,0.4,0.867,15.8,13.699,0.0,4.0
Canada,2000,Developing,79.1,82.0,2,7.6,3787.495,14.0,57.8,2,88.0,8.67,89.0,0.1,24124.169,37697.0,0.5,0.5,0.864,15.9,79.1,82.0,2,7.6,1109.855,18.0,2,88.0,8.67,89.0,0.1,8787.614,37697.0,0.5,0.5,0.864,15.9,13.738,0.0,41.0
Central African Republic,2014,Developing,58.0,437.0,15,0.01,53.44,47.0,22.1,22,47.0,4.2,47.0,4.5,377.132,4515392.0,8.4,8.3,0.345,7.1,58.0,437.0,15,0.01,53.44,47.0,22,47.0,4.2,47.0,3.2,377.132,4515392.0,8.4,8.3,0.345,7.1,2.449,0.011,19.864
Central African Republic,2013,Developing,49.9,451.0,16,0.01,52.378,23.0,21.6,23,23.0,3.82,23.0,5.1,337.485,4499653.0,8.5,8.5,0.37,7.1,49.9,451.0,16,0.01,52.378,23.0,23,45.0,3.82,45.0,3.2,337.485,4499653.0,8.5,8.5,0.37,7.1,2.627,0.011,19.609
Central African Republic,2012,Developing,53.0,439.0,16,0.01,7.345,47.0,21.2,23,47.0,3.62,47.0,5.1,486.411,449416.0,8.7,8.6,0.366,7.1,53.0,439.0,16,0.01,7.345,47.0,23,47.0,3.62,47.0,3.2,486.411,449416.0,8.7,8.6,0.366,7.1,2.599,0.007,19.087
Central African Republic,2011,Developing,49.8,443.0,16,1.66,58.529,47.0,2.7,24,47.0,3.73,47.0,5.8,494.337,4476153.0,8.8,8.8,0.361,6.8,49.8,443.0,16,1.66,58.529,47.0,24,47.0,3.73,47.0,3.2,494.337,4476153.0,8.8,8.8,0.361,6.8,2.455,0.008,18.458
Central African Republic,2010,Developing,49.2,446.0,17,1.67,43.484,45.0,2.2,24,46.0,3.9,45.0,6.6,446.443,4448525.0,9.0,8.9,0.352,6.6,49.2,446.0,17,1.67,43.484,45.0,24,46.0,3.9,45.0,3.2,446.443,4448525.0,9.0,8.9,0.352,6.6,2.323,0.009,18.583
Central African Republic,2009,Developing,48.6,453.0,17,1.56,40.452,42.0,19.8,25,45.0,3.58,42.0,7.3,449.962,44423.0,9.1,9.1,0.345,6.4,48.6,453.0,17,1.56,40.452,42.0,25,45.0,3.58,45.0,3.2,449.962,44423.0,9.1,9.1,0.345,6.4,2.208,0.008,18.12
Central African Republic,2008,Developing,47.6,477.0,17,1.52,67.341,42.0,19.4,25,46.0,4.3,45.0,8.3,456.861,4345386.0,9.3,9.2,0.338,6.3,47.6,477.0,17,1.52,67.341,42.0,25,46.0,4.3,45.0,3.2,456.861,4345386.0,9.3,9.2,0.338,6.3,2.129,0.009,19.08
Central African Republic,2007,Developing,46.8,495.0,17,1.5,60.049,42.0,19.0,26,46.0,4.4,48.0,9.0,397.148,42758.0,9.4,9.4,0.33,6.2,46.8,491.0,17,1.5,60.049,42.0,26,46.0,4.4,48.0,3.2,397.148,42758.0,9.4,9.4,0.33,6.2,2.046,0.011,18.885
Central African Republic,2006,Developing,46.3,56.0,17,1.54,46.901,42.0,18.6,26,47.0,3.99,51.0,10.0,347.674,421758.0,9.6,9.6,0.323,6.0,46.3,56.0,17,1.54,46.901,42.0,26,47.0,3.99,51.0,3.2,347.674,421758.0,9.6,9.6,0.323,6.0,1.938,0.011,2.154
Central African Republic,2005,Developing,45.9,511.0,17,1.5,40.922,42.0,18.2,26,47.0,4.29,54.0,11.2,327.115,412791.0,9.7,9.7,0.319,5.9,45.9,491.0,17,1.5,40.922,42.0,26,47.0,4.29,54.0,3.2,327.115,412791.0,9.7,9.7,0.319,5.9,1.882,0.013,18.885
Central African Republic,2004,Developing,45.7,512.0,17,1.5,41.501,42.0,17.9,26,45.0,4.1,51.0,12.0,313.216,45536.0,9.9,9.9,0.315,5.7,45.7,491.0,17,1.5,41.501,42.0,26,45.0,4.1,51.0,3.2,313.216,45536.0,9.9,9.9,0.315,5.7,1.796,0.013,18.885
Central African Republic,2003,Developing,45.7,51.0,17,1.49,46.116,42.0,17.5,26,44.0,4.31,47.0,12.8,286.258,3981665.0,1.0,1.1,0.316,5.6,45.7,51.0,17,1.49,46.116,42.0,26,45.0,4.31,47.0,3.2,286.258,3981665.0,1.0,1.1,0.316,5.6,1.77,0.015,1.962
Central African Republic,2002,Developing,45.6,58.0,17,1.47,31.594,42.0,17.2,25,42.0,4.16,44.0,13.4,253.768,397612.0,1.2,1.2,0.315,5.4,45.6,58.0,17,1.47,31.594,42.0,25,45.0,4.16,45.0,3.2,253.768,397612.0,1.2,1.2,0.315,5.4,1.701,0.016,2.32
Central African Republic,2001,Developing,45.6,54.0,17,1.52,33.653,42.0,16.8,25,4.0,3.95,4.0,13.9,243.159,383223.0,1.4,1.4,0.314,5.3,45.6,54.0,17,1.52,33.653,42.0,25,45.0,3.95,45.0,3.2,243.159,383223.0,1.4,1.4,0.314,5.3,1.664,0.016,2.16
Central African Republic,2000,Developing,46.0,49.0,16,1.51,30.784,42.0,16.5,25,38.0,4.24,37.0,14.3,243.543,3754986.0,1.5,1.5,0.312,5.2,46.0,49.0,16,1.51,30.784,42.0,25,45.0,4.24,45.0,3.2,243.543,3754986.0,1.5,1.5,0.312,5.2,1.622,0.017,1.96
Chad,2014,Developing,52.6,362.0,46,0.01,11.302,37.0,18.7,78,44.0,3.62,37.0,2.9,125.999,13569438.0,8.7,8.5,0.39,7.3,52.6,362.0,46,0.01,11.302,37.0,78,45.0,3.62,45.0,2.9,125.999,13569438.0,8.7,8.5,0.39,7.3,2.847,0.029,4.641
Chad,2013,Developing,52.2,366.0,46,0.64,76.524,39.0,18.2,78,46.0,3.42,39.0,3.1,986.132,13133589.0,8.8,8.7,0.387,7.3,52.2,366.0,46,0.64,76.524,39.0,78,46.0,3.42,45.0,3.1,986.132,13133589.0,8.8,8.7,0.387,7.3,2.825,0.003,4.692
Chad,2012,Developing,51.8,367.0,46,0.62,57.824,4.0,17.9,79,51.0,3.0,4.0,3.6,973.473,1275135.0,9.0,8.9,0.381,7.3,51.8,367.0,46,0.62,57.824,18.0,79,51.0,3.0,45.0,3.2,973.473,1275135.0,9.0,8.9,0.381,7.3,2.781,0.003,4.646
Chad,2011,Developing,51.6,365.0,46,0.56,67.763,33.0,17.5,79,4.0,3.17,33.0,3.9,989.236,12288651.0,9.2,9.1,0.37,6.7,51.6,365.0,46,0.56,67.763,33.0,79,45.0,3.17,45.0,3.2,989.236,12288651.0,9.2,9.1,0.37,6.7,2.479,0.003,4.62
Chad,2010,Developing,51.2,364.0,46,0.5,43.573,39.0,17.1,80,43.0,2.95,39.0,4.1,896.57,1188722.0,9.4,9.3,0.36,6.7,51.2,364.0,46,0.5,43.573,39.0,80,45.0,2.95,45.0,3.2,896.57,1188722.0,9.4,9.3,0.36,6.7,2.412,0.003,4.55
Chad,2009,Developing,57.0,37.0,46,0.47,4.983,24.0,16.7,80,32.0,3.31,24.0,4.4,84.456,1152786.0,9.6,9.5,0.343,6.3,57.0,37.0,46,0.47,4.983,24.0,80,45.0,3.31,45.0,3.2,84.456,1152786.0,9.6,9.5,0.343,6.3,2.161,0.039,0.462
Chad,2008,Developing,49.6,394.0,46,0.45,49.092,17.0,16.4,80,3.0,2.92,19.0,4.7,929.772,11133861.0,9.8,9.7,0.338,6.0,49.6,394.0,46,0.45,49.092,18.0,80,45.0,2.92,45.0,3.2,929.772,11133861.0,9.8,9.7,0.338,6.0,2.028,0.003,4.925
Chad,2007,Developing,49.4,394.0,46,0.42,5.963,17.0,16.1,80,38.0,3.35,28.0,4.9,81.684,177578.0,1.0,1.0,0.306,5.7,49.4,394.0,46,0.42,5.963,18.0,80,45.0,3.35,45.0,3.2,81.684,177578.0,1.0,1.0,0.306,5.7,1.744,0.041,4.925
Chad,2006,Developing,48.5,414.0,45,0.41,62.672,17.0,15.7,80,49.0,3.32,4.0,5.1,712.185,1421597.0,1.3,1.2,0.303,5.5,48.5,414.0,45,0.41,62.672,18.0,80,49.0,3.32,45.0,3.2,712.185,1421597.0,1.3,1.2,0.303,5.5,1.666,0.005,5.175
Chad,2005,Developing,48.6,46.0,45,0.42,8.936,17.0,15.4,79,37.0,3.91,25.0,5.2,66.242,1679.0,1.5,1.4,0.306,5.6,48.6,46.0,45,0.42,8.936,18.0,79,45.0,3.91,45.0,3.2,66.242,1679.0,1.5,1.4,0.306,5.6,1.714,0.059,0.582
Chad,2004,Developing,48.5,45.0,44,0.34,72.385,17.0,15.1,78,31.0,5.72,21.0,5.2,454.677,97143.0,1.7,1.6,0.301,5.6,48.5,45.0,44,0.34,72.385,18.0,78,45.0,5.72,45.0,3.2,454.677,97143.0,1.7,1.6,0.301,5.6,1.686,0.013,0.577
Chad,2003,Developing,48.4,43.0,44,0.42,3.979,17.0,14.8,77,36.0,5.49,23.0,5.1,292.591,935321.0,1.9,1.8,0.284,5.4,48.4,43.0,44,0.42,3.979,18.0,77,45.0,5.49,45.0,3.2,292.591,935321.0,1.9,1.8,0.284,5.4,1.534,0.019,0.558
Chad,2002,Developing,48.1,43.0,43,0.36,3.04,17.0,14.4,76,31.0,8.33,25.0,5.0,22.855,91689.0,11.1,11.0,0.303,5.1,48.1,43.0,43,0.36,3.04,18.0,76,45.0,8.33,45.0,3.2,22.855,91689.0,11.1,11.0,0.303,5.1,1.545,0.364,0.566
Chad,2001,Developing,48.0,4.0,42,0.3,26.874,17.0,14.1,75,26.0,6.9,26.0,4.8,197.316,866312.0,11.3,11.2,0.3,4.9,48.0,4.0,42,0.3,26.874,18.0,75,45.0,6.9,45.0,3.2,197.316,866312.0,11.3,11.2,0.3,4.9,1.47,0.035,0.053
Chad,2000,Developing,47.6,44.0,41,0.25,21.527,17.0,13.9,74,3.0,6.28,36.0,4.6,166.232,8342559.0,11.5,11.4,0.0,4.7,47.6,44.0,41,0.25,21.527,18.0,74,45.0,6.28,45.0,3.2,166.232,8342559.0,11.5,11.4,0.27,4.7,1.269,0.038,0.595
Chile,2014,Developing,83.0,83.0,2,7.16,2353.0,95.0,63.1,2,95.0,7.79,95.0,0.1,14817.378,17613798.0,0.8,0.8,0.841,16.2,83.0,83.0,2,7.16,1109.855,95.0,2,95.0,7.79,95.0,0.1,8787.614,17153357.0,0.8,0.8,0.841,16.2,13.624,0.001,41.5
Chile,2013,Developing,81.0,84.0,2,7.2,2442.222,9.0,62.5,2,9.0,7.53,91.0,0.1,15941.397,17462982.0,0.8,0.8,0.831,15.6,81.0,84.0,2,7.2,1109.855,18.0,2,45.0,7.53,91.0,0.1,8787.614,17153357.0,0.8,0.8,0.831,15.6,12.964,0.0,42.0
Chile,2012,Developing,79.9,84.0,2,6.76,2260.778,9.0,61.8,2,9.0,7.24,9.0,0.1,15431.929,1739746.0,0.8,0.8,0.826,15.5,79.9,84.0,2,6.76,1109.855,18.0,2,45.0,7.24,45.0,0.1,8787.614,1739746.0,0.8,0.8,0.826,15.5,12.803,0.0,42.0
Chile,2011,Developing,79.8,86.0,2,7.26,211.614,94.0,61.2,2,93.0,7.0,94.0,0.1,1475.692,17153357.0,0.8,0.8,0.82,15.4,79.8,86.0,2,7.26,211.614,94.0,2,93.0,7.0,94.0,0.1,1475.692,17153357.0,0.8,0.8,0.82,15.4,12.628,0.005,43.0
Chile,2010,Developing,79.1,89.0,2,7.93,177.493,92.0,6.6,2,92.0,6.97,92.0,0.1,1286.178,16993354.0,0.8,0.9,0.815,15.2,79.1,89.0,2,7.93,177.493,92.0,2,92.0,6.97,92.0,0.1,1286.178,16993354.0,0.8,0.9,0.815,15.2,12.388,0.005,44.5
Chile,2009,Developing,79.3,91.0,2,7.67,181.526,94.0,59.9,2,94.0,7.39,94.0,0.1,1243.328,16829442.0,0.8,0.9,0.816,15.3,79.3,91.0,2,7.67,181.526,94.0,2,94.0,7.39,94.0,0.1,1243.328,16829442.0,0.8,0.9,0.816,15.3,12.485,0.006,45.5
Chile,2008,Developing,79.6,88.0,2,7.31,241.553,95.0,59.3,2,95.0,6.87,95.0,0.1,1781.367,16661942.0,0.9,0.9,0.804,15.2,79.6,88.0,2,7.31,241.553,95.0,2,95.0,6.87,95.0,0.1,1781.367,16661942.0,0.9,0.9,0.804,15.2,12.221,0.004,44.0
Chile,2007,Developing,78.9,9.0,2,7.39,209.488,92.0,58.7,2,95.0,6.35,96.0,0.1,1526.877,16491687.0,0.9,0.9,0.797,14.8,78.9,9.0,2,7.39,209.488,92.0,2,95.0,6.35,96.0,0.1,1526.877,16491687.0,0.9,0.9,0.797,14.8,11.796,0.004,4.5
Chile,2006,Developing,78.9,91.0,2,7.33,1275.69,95.0,58.1,2,94.0,6.18,94.0,0.1,9484.681,16319792.0,0.9,0.9,0.796,14.9,78.9,91.0,2,7.33,1109.855,95.0,2,94.0,6.18,94.0,0.1,8787.614,16319792.0,0.9,0.9,0.796,14.9,11.86,0.001,45.5
Chile,2005,Developing,78.4,93.0,2,7.57,954.964,95.0,57.4,2,92.0,6.69,91.0,0.1,7615.347,1614764.0,0.9,1.0,0.79,14.6,78.4,93.0,2,7.57,954.964,95.0,2,92.0,6.69,91.0,0.1,7615.347,1614764.0,0.9,1.0,0.79,14.6,11.534,0.001,46.5
Chile,2004,Developing,78.0,97.0,2,6.32,78.786,95.0,56.8,2,94.0,6.93,93.0,0.1,621.828,15973778.0,0.9,1.0,0.781,14.3,78.0,97.0,2,6.32,78.786,95.0,2,94.0,6.93,93.0,0.1,621.828,15973778.0,0.9,1.0,0.781,14.3,11.168,0.011,48.5
Chile,2003,Developing,77.9,1.0,2,6.37,584.099,95.0,56.1,2,96.0,7.34,96.0,0.1,4787.7,15799542.0,1.0,1.0,0.775,14.0,77.9,1.0,2,6.37,584.099,95.0,2,96.0,7.34,96.0,0.1,4787.7,15799542.0,1.0,1.0,0.775,14.0,10.85,0.002,0.5
Chile,2002,Developing,77.8,11.0,2,6.06,675.781,95.0,55.4,3,97.0,6.48,97.0,0.1,4463.546,15623635.0,1.0,1.0,0.768,13.9,77.8,11.0,2,6.06,675.781,95.0,3,97.0,6.48,97.0,0.1,4463.546,15623635.0,1.0,1.0,0.768,13.9,10.675,0.001,3.667
Chile,2001,Developing,77.3,16.0,2,6.1,687.512,95.0,54.7,3,96.0,6.51,97.0,0.1,4595.666,15444969.0,1.0,1.0,0.761,13.7,77.3,16.0,2,6.1,687.512,95.0,3,96.0,6.51,97.0,0.1,4595.666,15444969.0,1.0,1.0,0.761,13.7,10.426,0.001,5.333
Chile,2000,Developing,77.3,13.0,2,6.24,74.148,95.0,54.0,3,91.0,6.4,91.0,0.1,511.368,15262754.0,1.1,1.1,0.755,13.5,77.3,13.0,2,6.24,74.148,95.0,3,91.0,6.4,91.0,0.1,511.368,15262754.0,1.1,1.1,0.755,13.5,10.192,0.013,4.333
China,2014,Developing,75.8,86.0,171,5.78,109.874,99.0,31.9,198,99.0,5.55,99.0,0.1,7683.524,136427.0,3.7,3.0,0.723,13.1,75.8,86.0,64,5.78,109.874,99.0,87,99.0,5.55,99.0,0.1,7683.524,136427.0,3.7,3.0,0.723,13.1,9.471,0.001,0.989
China,2013,Developing,75.6,88.0,185,5.79,9.956,99.0,3.9,216,99.0,5.39,99.0,0.1,777.776,135738.0,3.8,3.2,0.713,12.7,75.6,88.0,64,5.79,9.956,99.0,87,99.0,5.39,99.0,0.1,777.776,135738.0,3.8,3.2,0.713,12.7,9.055,0.007,1.011
China,2012,Developing,75.4,89.0,201,5.74,94.434,99.0,3.0,233,99.0,5.26,99.0,0.1,6337.883,135695.0,3.9,3.3,0.703,12.4,75.4,89.0,64,5.74,94.434,99.0,87,99.0,5.26,99.0,0.1,6337.883,135695.0,3.9,3.3,0.703,12.4,8.717,0.001,1.023
China,2011,Developing,75.2,91.0,215,5.63,91.267,99.0,29.0,251,99.0,5.3,99.0,0.1,5633.796,134413.0,4.1,3.5,0.7,12.8,75.2,91.0,64,5.63,91.267,99.0,87,99.0,5.3,99.0,0.1,5633.796,134413.0,4.1,3.5,0.7,12.8,8.96,0.001,1.046
China,2010,Developing,75.0,92.0,231,5.75,5.661,99.0,28.1,268,99.0,4.89,99.0,0.1,456.512,133775.0,4.2,3.6,0.691,12.5,75.0,92.0,64,5.75,5.661,99.0,87,99.0,4.89,99.0,0.1,456.512,133775.0,4.2,3.6,0.691,12.5,8.638,0.011,1.057
China,2009,Developing,74.9,93.0,248,4.88,50.283,99.0,27.3,288,99.0,5.8,99.0,0.1,3838.434,133126.0,4.4,3.8,0.682,12.2,74.9,93.0,64,4.88,50.283,99.0,87,99.0,5.8,99.0,0.1,3838.434,133126.0,4.4,3.8,0.682,12.2,8.32,0.002,1.069
China,2008,Developing,74.5,97.0,266,4.27,39.225,95.0,26.5,308,99.0,4.59,97.0,0.1,3471.248,1324655.0,4.5,4.0,0.672,11.9,74.5,97.0,64,4.27,39.225,95.0,87,99.0,4.59,97.0,0.1,3471.248,1324655.0,4.5,4.0,0.672,11.9,7.997,0.001,1.115
China,2007,Developing,74.4,96.0,285,3.88,312.662,92.0,25.7,332,94.0,4.32,93.0,0.1,2695.366,1317885.0,4.7,4.1,0.659,11.4,74.4,96.0,64,3.88,312.662,92.0,87,94.0,4.32,93.0,0.1,2695.366,1317885.0,4.7,4.1,0.659,11.4,7.513,0.002,1.103
China,2006,Developing,74.2,98.0,307,3.28,29.743,91.0,24.9,360,94.0,4.52,93.0,0.1,299.23,13112.0,4.8,4.3,0.646,11.0,74.2,98.0,64,3.28,29.743,91.0,87,94.0,4.52,93.0,0.1,299.23,13112.0,4.8,4.3,0.646,11.0,7.106,0.015,1.126
China,2005,Developing,73.9,99.0,332,2.92,171.66,84.0,24.1,392,87.0,4.66,87.0,0.1,1753.418,13372.0,5.0,4.4,0.634,10.6,73.9,99.0,64,2.92,171.66,84.0,87,87.0,4.66,87.0,0.1,1753.418,13372.0,5.0,4.4,0.634,10.6,6.72,0.003,1.138
China,2004,Developing,73.5,11.0,360,3.04,1.587,79.0,23.4,427,87.0,4.72,87.0,0.1,158.668,129675.0,5.1,4.6,0.622,10.2,73.5,11.0,64,3.04,1.587,79.0,87,87.0,4.72,87.0,0.1,158.668,129675.0,5.1,4.6,0.622,10.2,6.344,0.03,0.126
China,2002,Developing,72.7,16.0,422,2.91,106.359,7.0,21.9,511,86.0,4.79,86.0,0.1,1148.586,1284.0,5.5,4.9,0.6,9.7,72.7,16.0,64,2.91,106.359,18.0,87,86.0,4.79,86.0,0.1,1148.586,1284.0,5.5,4.9,0.6,9.7,5.82,0.004,0.184
China,2001,Developing,72.2,11.0,457,2.84,14.231,65.0,21.2,558,86.0,4.56,86.0,0.1,153.182,127185.0,5.7,5.0,0.592,9.6,72.2,11.0,64,2.84,14.231,65.0,87,86.0,4.56,86.0,0.1,153.182,127185.0,5.7,5.0,0.592,9.6,5.683,0.03,0.126
China,2000,Developing,71.7,115.0,490,3.06,17.461,6.0,2.5,608,86.0,4.6,85.0,0.1,959.372,1262645.0,5.9,5.1,0.583,9.5,71.7,115.0,64,3.06,17.461,18.0,87,86.0,4.6,85.0,0.1,959.372,1262645.0,5.9,5.1,0.583,9.5,5.538,0.005,1.322
Colombia,2013,Developing,74.4,145.0,11,4.41,15.163,91.0,56.4,13,91.0,6.84,91.0,0.1,83.586,47342981.0,2.1,1.9,0.712,13.3,74.4,145.0,11,4.41,15.163,91.0,13,91.0,6.84,91.0,0.1,83.586,17153357.0,2.1,1.9,0.712,13.3,9.47,0.082,11.154
Colombia,2012,Developing,74.3,143.0,11,4.44,1487.897,92.0,55.7,13,91.0,6.93,91.0,0.1,7884.984,46881475.0,2.1,1.9,0.707,13.2,74.3,143.0,11,4.44,1109.855,92.0,13,91.0,6.93,91.0,0.1,7884.984,17153357.0,2.1,1.9,0.707,13.2,9.332,0.001,11.0
Colombia,2011,Developing,74.2,144.0,12,4.37,184.307,85.0,55.0,14,85.0,6.64,85.0,0.1,7227.74,4646646.0,2.2,2.0,0.7,13.0,74.2,144.0,12,4.37,184.307,85.0,14,85.0,6.64,85.0,0.1,7227.74,4646646.0,2.2,2.0,0.7,13.0,9.1,0.001,10.286
Colombia,2010,Developing,73.6,15.0,12,4.28,113.244,88.0,54.2,15,88.0,6.76,88.0,0.1,625.655,4591897.0,2.2,2.0,0.695,12.8,73.6,15.0,12,4.28,113.244,88.0,15,88.0,6.76,88.0,0.1,625.655,4591897.0,2.2,2.0,0.695,12.8,8.896,0.011,1.0
Colombia,2009,Developing,73.6,15.0,13,4.34,941.646,92.0,53.5,15,92.0,7.1,92.0,0.1,5148.422,45416181.0,2.2,2.0,0.691,12.4,73.6,15.0,13,4.34,941.646,92.0,15,92.0,7.1,92.0,0.1,5148.422,17153357.0,2.2,2.0,0.691,12.4,8.568,0.001,1.0
Colombia,2008,Developing,73.5,146.0,14,4.45,978.07,92.0,52.8,16,92.0,6.62,92.0,0.1,5433.724,4491544.0,2.3,2.0,0.683,12.2,73.5,146.0,14,4.45,978.07,92.0,16,92.0,6.62,92.0,0.1,5433.724,4491544.0,2.3,2.0,0.683,12.2,8.333,0.001,9.125
Colombia,2007,Developing,73.5,144.0,14,4.66,780.595,93.0,52.0,17,93.0,6.25,93.0,0.1,4674.22,44374572.0,2.3,2.1,0.675,11.9,73.5,144.0,14,4.66,780.595,93.0,17,93.0,6.25,93.0,0.1,4674.22,17153357.0,2.3,2.1,0.675,11.9,8.033,0.001,8.471
Colombia,2006,Developing,73.1,147.0,15,4.53,62.437,93.0,51.3,17,94.0,6.11,93.0,0.1,379.788,43835722.0,2.3,2.1,0.669,11.5,73.1,147.0,15,4.53,62.437,93.0,17,94.0,6.11,93.0,0.1,379.788,17153357.0,2.3,2.1,0.669,11.5,7.694,0.016,8.647
Colombia,2005,Developing,73.1,144.0,15,4.38,531.981,93.0,5.5,18,93.0,5.82,93.0,0.1,3386.256,43285634.0,2.4,2.1,0.658,11.1,73.1,144.0,15,4.38,531.981,93.0,18,93.0,5.82,93.0,0.1,3386.256,17153357.0,2.4,2.1,0.658,11.1,7.304,0.002,8.0
Colombia,2004,Developing,72.8,148.0,16,4.26,42.18,89.0,49.8,19,89.0,5.37,89.0,0.1,274.249,42724163.0,2.4,2.2,0.658,11.3,72.8,148.0,16,4.26,42.18,89.0,19,89.0,5.37,89.0,0.1,274.249,17153357.0,2.4,2.2,0.658,11.3,7.435,0.02,7.789
Colombia,2003,Developing,72.4,15.0,16,4.25,417.804,92.0,49.0,19,92.0,5.92,92.0,0.1,2246.257,42152151.0,2.5,2.2,0.659,11.6,72.4,15.0,16,4.25,417.804,92.0,19,92.0,5.92,92.0,0.1,2246.257,17153357.0,2.5,2.2,0.659,11.6,7.644,0.003,0.789
Colombia,2002,Developing,71.8,163.0,17,4.45,393.877,78.0,48.2,20,83.0,5.67,81.0,0.1,2355.726,41572491.0,2.5,2.3,0.656,11.5,71.8,163.0,17,4.45,393.877,78.0,20,83.0,5.67,81.0,0.1,2355.726,17153357.0,2.5,2.3,0.656,11.5,7.544,0.002,8.15
Colombia,2001,Developing,71.5,165.0,17,4.43,404.421,8.0,47.5,21,83.0,5.96,8.0,0.1,2395.857,498899.0,2.5,2.3,0.653,11.4,71.5,165.0,17,4.43,404.421,18.0,21,83.0,5.96,45.0,0.1,2395.857,498899.0,2.5,2.3,0.653,11.4,7.444,0.002,7.857
Comoros,2014,Developing,63.2,23.0,1,0.01,73.866,88.0,23.7,2,87.0,6.75,87.0,0.8,852.954,759385.0,6.8,6.6,0.497,11.1,63.2,23.0,1,0.01,73.866,88.0,2,87.0,6.75,87.0,0.8,852.954,759385.0,6.8,6.6,0.497,11.1,5.517,0.008,11.5
Comoros,2012,Developing,62.5,237.0,2,0.01,78.39,89.0,22.6,2,85.0,7.11,86.0,0.8,788.633,723868.0,6.9,6.7,0.484,10.8,62.5,237.0,2,0.01,78.39,89.0,2,85.0,7.11,86.0,0.8,788.633,723868.0,6.9,6.7,0.484,10.8,5.227,0.009,118.5
Comoros,2011,Developing,62.2,241.0,2,0.12,59.66,83.0,22.1,2,85.0,6.1,83.0,0.2,829.759,76569.0,7.0,6.8,0.479,10.6,62.2,241.0,2,0.12,59.66,83.0,2,85.0,6.1,83.0,0.2,829.759,76569.0,7.0,6.8,0.479,10.6,5.077,0.007,120.5
Comoros,2010,Developing,61.8,246.0,2,0.15,47.304,74.0,21.6,2,82.0,5.82,74.0,0.1,769.174,689692.0,7.1,6.9,0.476,10.5,61.8,246.0,2,0.15,47.304,74.0,2,82.0,5.82,74.0,0.1,769.174,689692.0,7.1,6.9,0.476,10.5,4.998,0.008,123.0
Comoros,2009,Developing,61.3,251.0,2,0.17,56.99,83.0,21.1,2,84.0,3.82,83.0,0.1,778.545,673252.0,7.2,7.0,0.465,10.3,61.3,251.0,2,0.17,56.99,83.0,2,84.0,3.82,83.0,0.1,778.545,673252.0,7.2,7.0,0.465,10.3,4.79,0.005,125.5
Comoros,2008,Developing,61.0,255.0,2,0.12,93.368,81.0,2.6,2,81.0,5.13,81.0,0.1,795.975,657229.0,7.2,7.1,0.461,10.2,61.0,255.0,2,0.12,93.368,81.0,2,81.0,5.13,81.0,0.1,795.975,657229.0,7.2,7.1,0.461,10.2,4.702,0.006,127.5
Comoros,2007,Developing,66.0,259.0,2,0.16,9.088,75.0,2.1,2,75.0,4.93,75.0,0.1,72.759,64162.0,7.3,7.2,0.459,10.0,66.0,259.0,2,0.16,9.088,75.0,2,75.0,4.93,75.0,0.1,72.759,64162.0,7.3,7.2,0.459,10.0,4.59,0.068,129.5
Comoros,2006,Developing,63.0,262.0,2,0.25,77.028,69.0,19.6,2,69.0,4.57,69.0,0.1,648.387,626425.0,7.4,7.3,0.451,9.9,63.0,262.0,2,0.25,77.028,69.0,2,69.0,4.57,69.0,0.1,648.387,626425.0,7.4,7.3,0.451,9.9,4.465,0.007,131.0
Comoros,2005,Developing,60.0,266.0,2,0.24,69.968,68.0,19.2,2,67.0,4.32,68.0,0.1,621.934,611627.0,7.5,7.4,0.434,9.7,60.0,266.0,2,0.24,69.968,68.0,2,67.0,4.32,68.0,0.1,621.934,611627.0,7.5,7.4,0.434,9.7,4.21,0.007,133.0
Comoros,2003,Developing,59.6,271.0,2,0.26,45.09,28.0,18.4,2,8.0,3.65,8.0,0.1,544.567,583211.0,7.6,7.6,0.0,9.2,59.6,271.0,2,0.26,45.09,28.0,2,45.0,3.65,45.0,0.1,544.567,583211.0,7.6,7.6,0.27,9.2,2.484,0.007,135.5
Comoros,2002,Developing,59.5,271.0,2,0.08,29.419,28.0,18.0,2,98.0,3.39,89.0,0.1,433.269,569479.0,7.7,7.7,0.0,8.8,59.5,271.0,2,0.08,29.419,28.0,2,98.0,3.39,89.0,0.1,433.269,569479.0,7.7,7.7,0.27,8.8,2.376,0.008,135.5
Comoros,2001,Developing,59.5,272.0,1,0.08,19.717,28.0,17.6,2,7.0,2.86,7.0,0.1,395.932,555888.0,7.8,7.8,0.0,8.5,59.5,272.0,1,0.08,19.717,28.0,2,45.0,2.86,45.0,0.1,395.932,555888.0,7.8,7.8,0.27,8.5,2.295,0.007,136.0
Comoros,2000,Developing,59.5,272.0,1,0.09,35.029,28.0,17.3,2,7.0,3.56,7.0,0.1,375.853,542357.0,7.9,7.9,0.0,8.2,59.5,272.0,1,0.09,35.029,28.0,2,45.0,3.56,45.0,0.1,375.853,542357.0,7.9,7.9,0.27,8.2,2.214,0.009,136.0
Costa Rica,2014,Developing,79.5,96.0,1,3.45,384.513,91.0,59.5,1,91.0,9.31,91.0,0.1,1647.442,4757575.0,1.7,1.7,0.768,13.9,79.5,96.0,1,3.45,384.513,91.0,1,91.0,9.31,91.0,0.1,1647.442,4757575.0,1.7,1.7,0.768,13.9,10.675,0.006,96.0
Costa Rica,2013,Developing,79.4,96.0,1,3.42,386.138,94.0,58.5,1,95.0,9.47,95.0,0.1,1569.666,47641.0,1.7,1.7,0.762,13.7,79.4,96.0,1,3.42,386.138,94.0,1,95.0,9.47,95.0,0.1,1569.666,47641.0,1.7,1.7,0.762,13.7,10.439,0.006,96.0
Costa Rica,2012,Developing,79.2,97.0,1,3.34,2568.237,91.0,57.5,1,9.0,9.56,91.0,0.1,9985.37,4654122.0,1.8,1.7,0.758,13.6,79.2,97.0,1,3.34,1109.855,91.0,1,45.0,9.56,91.0,0.1,8787.614,4654122.0,1.8,1.7,0.758,13.6,10.309,0.001,97.0
Costa Rica,2011,Developing,79.0,98.0,1,3.41,2429.855,84.0,56.5,1,82.0,9.73,85.0,0.1,9186.596,46474.0,1.8,1.7,0.752,13.4,79.0,98.0,1,3.41,1109.855,84.0,1,82.0,9.73,85.0,0.1,8787.614,46474.0,1.8,1.7,0.752,13.4,10.077,0.001,98.0
Costa Rica,2010,Developing,78.1,16.0,1,3.58,2377.01,89.0,55.5,1,93.0,9.66,88.0,0.1,8199.415,454528.0,1.8,1.8,0.749,13.3,78.1,16.0,1,3.58,1109.855,89.0,1,93.0,9.66,88.0,0.1,8199.415,454528.0,1.8,1.8,0.749,13.3,9.962,0.001,16.0
Costa Rica,2009,Developing,79.2,96.0,1,4.07,24.887,87.0,54.4,1,8.0,9.69,86.0,0.1,689.396,4488263.0,1.9,1.8,0.747,13.1,79.2,96.0,1,4.07,24.887,87.0,1,45.0,9.69,86.0,0.1,689.396,4488263.0,1.9,1.8,0.747,13.1,9.786,0.014,96.0
Costa Rica,2008,Developing,78.9,99.0,1,4.22,1859.096,89.0,53.4,1,89.0,9.1,9.0,0.1,6911.136,442958.0,1.9,1.8,0.74,12.9,78.9,99.0,1,4.22,1109.855,89.0,1,89.0,9.1,45.0,0.1,6911.136,442958.0,1.9,1.8,0.74,12.9,9.546,0.001,99.0
Costa Rica,2007,Developing,78.9,93.0,1,4.2,150.889,89.0,52.4,1,89.0,8.37,89.0,0.1,612.623,4369469.0,1.9,1.9,0.734,12.8,78.9,93.0,1,4.2,150.889,89.0,1,89.0,8.37,89.0,0.1,612.623,4369469.0,1.9,1.9,0.734,12.8,9.395,0.014,93.0
Costa Rica,2006,Developing,78.0,16.0,1,4.15,1185.412,88.0,51.4,1,89.0,7.82,89.0,0.1,5245.187,438794.0,2.0,1.9,0.727,12.6,78.0,16.0,1,4.15,1109.855,88.0,1,89.0,7.82,89.0,0.1,5245.187,438794.0,2.0,1.9,0.727,12.6,9.16,0.001,16.0
Costa Rica,2005,Developing,78.6,97.0,1,4.1,1002.833,9.0,5.3,1,91.0,7.74,91.0,0.1,4697.111,4247841.0,2.0,2.0,0.723,12.4,78.6,97.0,1,4.1,1002.833,18.0,1,91.0,7.74,91.0,0.1,4697.111,4247841.0,2.0,2.0,0.723,12.4,8.965,0.002,97.0
Costa Rica,2004,Developing,77.7,12.0,1,4.09,1043.108,89.0,49.3,1,9.0,7.8,9.0,0.1,4425.575,418738.0,2.1,2.0,0.719,12.2,77.7,12.0,1,4.09,1043.108,89.0,1,45.0,7.8,45.0,0.1,4425.575,418738.0,2.1,2.0,0.719,12.2,8.772,0.002,12.0
Costa Rica,2003,Developing,78.0,1.0,1,4.04,1070.269,86.0,48.3,1,88.0,8.45,88.0,0.1,4167.714,4125971.0,2.2,2.1,0.715,12.1,78.0,1.0,1,4.04,1070.269,86.0,1,88.0,8.45,88.0,0.1,4167.714,4125971.0,2.2,2.1,0.715,12.1,8.651,0.002,1.0
Costa Rica,2002,Developing,78.3,99.0,1,4.17,112.949,94.0,47.3,1,94.0,8.23,94.0,0.1,462.15,46324.0,2.2,2.2,0.712,11.9,78.3,99.0,1,4.17,112.949,94.0,1,94.0,8.23,94.0,0.1,462.15,46324.0,2.2,2.2,0.712,11.9,8.473,0.018,99.0
Costa Rica,2001,Developing,77.5,1.0,1,4.29,868.371,8.0,46.4,1,92.0,7.25,91.0,0.1,3981.528,3996798.0,2.3,2.2,0.708,11.7,77.5,1.0,1,4.29,868.371,18.0,1,92.0,7.25,91.0,0.1,3981.528,3996798.0,2.3,2.2,0.708,11.7,8.284,0.002,1.0
Costa Rica,2000,Developing,77.6,98.0,1,4.34,94.178,89.0,45.4,1,8.0,7.12,88.0,0.1,388.364,3925443.0,2.4,2.3,0.702,11.6,77.6,98.0,1,4.34,94.178,89.0,1,45.0,7.12,88.0,0.1,388.364,3925443.0,2.4,2.3,0.702,11.6,8.143,0.018,98.0
Croatia,2014,Developed,77.8,97.0,0,12.14,1884.099,95.0,63.1,0,95.0,7.8,95.0,0.1,13467.468,4238389.0,1.5,1.5,0.82,15.1,77.8,97.0,0,12.14,1109.855,95.0,0,95.0,7.8,95.0,0.1,8787.614,4238389.0,1.5,1.5,0.82,15.1,12.382,0.001,
Croatia,2013,Developed,77.7,97.0,0,12.39,1899.107,96.0,62.5,0,96.0,7.83,96.0,0.1,13574.749,4255689.0,1.5,1.5,0.817,14.9,77.7,97.0,0,12.39,1109.855,96.0,0,96.0,7.83,96.0,0.1,8787.614,4255689.0,1.5,1.5,0.817,14.9,12.173,0.001,
Croatia,2011,Developed,77.0,14.0,0,12.19,1913.357,97.0,61.3,0,96.0,7.8,96.0,0.1,14539.184,428622.0,1.6,1.5,0.808,14.5,77.0,14.0,0,12.19,1109.855,97.0,0,96.0,7.8,96.0,0.1,8787.614,428622.0,1.6,1.5,0.808,14.5,11.716,0.001,
Croatia,2010,Developed,76.6,16.0,0,12.1,206.887,97.0,6.6,0,97.0,8.25,97.0,0.1,1355.746,4417781.0,1.6,1.6,0.803,14.2,76.6,16.0,0,12.1,206.887,97.0,0,97.0,8.25,97.0,0.1,1355.746,4417781.0,1.6,1.6,0.803,14.2,11.403,0.006,
Croatia,2009,Developed,76.3,19.0,0,12.21,2160.38,97.0,6.0,0,96.0,8.18,96.0,0.1,14157.144,442978.0,1.7,1.6,0.803,14.2,76.3,19.0,0,12.21,1109.855,97.0,0,96.0,8.18,96.0,0.1,8787.614,442978.0,1.7,1.6,0.803,14.2,11.403,0.001,
Croatia,2008,Developed,76.0,116.0,0,12.06,2425.404,97.0,59.4,0,96.0,7.7,96.0,0.1,15893.866,443458.0,1.7,1.7,0.8,14.3,76.0,116.0,0,12.06,1109.855,97.0,0,96.0,7.7,96.0,0.1,8787.614,443458.0,1.7,1.7,0.8,14.3,11.44,0.0,
Croatia,2007,Developed,75.8,114.0,0,12.56,2019.813,95.0,58.7,0,96.0,7.44,96.0,0.1,13546.699,4436.0,1.8,1.7,0.793,14.3,75.8,114.0,0,12.56,1109.855,95.0,0,96.0,7.44,96.0,0.1,8787.614,4436.0,1.8,1.7,0.793,14.3,11.34,0.001,
Croatia,2006,Developed,75.9,113.0,0,11.83,1555.652,95.0,58.1,0,96.0,6.95,96.0,0.1,11363.418,444.0,1.8,1.8,0.783,13.9,75.9,113.0,0,11.83,1109.855,95.0,0,96.0,6.95,96.0,0.1,8787.614,444.0,1.8,1.8,0.783,13.9,10.884,0.001,
Croatia,2005,Developed,75.2,116.0,0,11.59,167.232,95.0,57.5,0,96.0,6.89,96.0,0.1,1224.246,4442.0,1.8,1.8,0.777,13.6,75.2,116.0,0,11.59,167.232,95.0,0,96.0,6.89,96.0,0.1,1224.246,4442.0,1.8,1.8,0.777,13.6,10.567,0.006,
Croatia,2004,Developed,75.4,114.0,0,13.11,1116.397,95.0,56.9,0,96.0,6.56,96.0,0.1,9365.742,4439.0,1.9,1.9,0.771,13.3,75.4,114.0,0,13.11,1109.855,95.0,0,96.0,6.56,96.0,0.1,8787.614,4439.0,1.9,1.9,0.771,13.3,10.254,0.001,
Croatia,2003,Developed,74.7,122.0,0,13.78,93.677,95.0,56.3,0,95.0,6.35,94.0,0.1,785.881,444.0,1.9,1.9,0.765,12.9,74.7,122.0,0,13.78,93.677,95.0,0,95.0,6.35,94.0,0.1,785.881,444.0,1.9,1.9,0.765,12.9,9.869,0.008,
Croatia,2002,Developed,74.8,124.0,0,13.39,11.636,95.0,55.8,0,95.0,6.19,95.0,0.1,653.716,444.0,2.0,2.0,0.759,12.6,74.8,124.0,0,13.39,11.636,95.0,0,95.0,6.19,95.0,0.1,653.716,444.0,2.0,2.0,0.759,12.6,9.563,0.009,
Croatia,2001,Developed,74.9,126.0,0,13.15,650.957,95.0,55.2,0,94.0,7.16,94.0,0.1,5245.421,444.0,2.0,2.0,0.749,12.3,74.9,126.0,0,13.15,650.957,95.0,0,94.0,7.16,94.0,0.1,5245.421,444.0,2.0,2.0,0.749,12.3,9.213,0.001,
Croatia,2000,Developed,74.7,127.0,0,12.73,649.391,95.0,54.7,0,94.0,7.66,93.0,0.1,4919.629,4426.0,2.1,2.1,0.739,12.2,74.7,127.0,0,12.73,649.391,95.0,0,94.0,7.66,93.0,0.1,4919.629,4426.0,2.1,2.1,0.739,12.2,9.016,0.002,
Cyprus,2013,Developed,81.0,54.0,0,9.04,212.086,96.0,59.2,0,99.0,7.46,99.0,0.1,2797.967,1143896.0,0.9,1.0,0.85,13.8,81.0,54.0,0,9.04,212.086,96.0,0,99.0,7.46,99.0,0.1,2797.967,1143896.0,0.9,1.0,0.85,13.8,11.73,0.003,
Cyprus,2011,Developed,79.7,57.0,0,10.69,2443.325,96.0,58.3,0,99.0,7.54,99.0,0.1,32233.839,1124835.0,0.9,1.0,0.847,13.8,79.7,57.0,0,10.69,1109.855,96.0,0,99.0,7.54,99.0,0.1,8787.614,1124835.0,0.9,1.0,0.847,13.8,11.689,0.0,
Cyprus,2010,Developed,79.5,59.0,0,11.32,283.33,96.0,57.8,0,99.0,7.23,99.0,0.1,3818.464,111267.0,0.9,1.0,0.853,14.6,79.5,59.0,0,11.32,283.33,96.0,0,99.0,7.23,99.0,0.1,3818.464,111267.0,0.9,1.0,0.853,14.6,12.454,0.002,
Cyprus,2009,Developed,79.3,6.0,0,10.8,230.252,96.0,57.3,0,99.0,7.4,99.0,0.1,3215.816,19876.0,0.9,1.0,0.849,14.1,79.3,6.0,0,10.8,230.252,96.0,0,99.0,7.4,99.0,0.1,3215.816,19876.0,0.9,1.0,0.849,14.1,11.971,0.002,
Cyprus,2007,Developed,78.9,63.0,0,11.56,1958.526,93.0,56.3,0,97.0,6.5,97.0,0.1,31386.633,163712.0,0.9,1.0,0.836,13.5,78.9,63.0,0,11.56,1109.855,93.0,0,97.0,6.5,97.0,0.1,8787.614,163712.0,0.9,1.0,0.836,13.5,11.286,0.0,
Cyprus,2006,Developed,78.8,64.0,0,11.47,1700.842,93.0,55.8,0,97.0,6.28,97.0,0.1,27169.993,14559.0,0.9,1.0,0.829,13.4,78.8,64.0,0,11.47,1109.855,93.0,0,97.0,6.28,97.0,0.1,8787.614,14559.0,0.9,1.0,0.829,13.4,11.109,0.0,
Cyprus,2005,Developed,78.7,65.0,0,11.41,1562.521,88.0,55.3,0,98.0,6.37,98.0,0.1,25324.487,127658.0,0.9,1.0,0.826,13.5,78.7,65.0,0,11.41,1109.855,88.0,0,98.0,6.37,98.0,0.1,8787.614,127658.0,0.9,1.0,0.826,13.5,11.151,0.0,
Cyprus,2004,Developed,78.6,65.0,0,13.03,1586.724,88.0,54.8,0,98.0,6.42,98.0,0.1,23932.491,1141.0,0.9,1.0,0.823,13.4,78.6,65.0,0,13.03,1109.855,88.0,0,98.0,6.42,98.0,0.1,8787.614,1141.0,0.9,1.0,0.823,13.4,11.028,0.0,
Cyprus,2003,Developed,78.5,66.0,0,10.62,158.709,88.0,54.3,0,98.0,6.83,98.0,0.1,2293.479,993563.0,0.9,1.0,0.815,13.0,78.5,66.0,0,10.62,158.709,88.0,0,98.0,6.83,98.0,0.1,2293.479,993563.0,0.9,1.0,0.815,13.0,10.595,0.003,
Cyprus,2002,Developed,78.4,68.0,0,11.68,1128.051,88.0,53.8,0,98.0,6.12,98.0,0.1,16372.292,976966.0,0.9,1.0,0.805,12.5,78.4,68.0,0,11.68,1109.855,88.0,0,98.0,6.12,98.0,0.1,8787.614,976966.0,0.9,1.0,0.805,12.5,10.062,0.0,
Cyprus,2001,Developed,78.2,69.0,0,10.16,100.809,89.0,53.3,0,97.0,5.78,97.0,0.1,1562.924,96282.0,0.9,1.0,0.8,12.4,78.2,69.0,0,10.16,100.809,89.0,0,97.0,5.78,97.0,0.1,1562.924,96282.0,0.9,1.0,0.8,12.4,9.92,0.004,
Djibouti,2014,Developing,63.0,252.0,1,0.38,24.733,78.0,34.4,1,78.0,1.57,78.0,2.1,174.915,912164.0,5.6,5.4,0.467,6.3,63.0,252.0,1,0.38,24.733,78.0,1,78.0,1.57,78.0,2.1,174.915,912164.0,5.6,5.4,0.467,6.3,2.942,0.009,252.0
Djibouti,2013,Developing,62.7,256.0,1,0.53,229.441,82.0,33.8,2,82.0,9.14,82.0,2.1,1622.638,896688.0,5.6,5.4,0.464,6.3,62.7,256.0,1,0.53,229.441,82.0,2,82.0,9.14,82.0,2.1,1622.638,896688.0,5.6,5.4,0.464,6.3,2.923,0.006,128.0
Djibouti,2012,Developing,62.2,263.0,1,0.52,217.213,81.0,33.2,2,81.0,8.95,81.0,1.9,1536.157,881185.0,5.6,5.5,0.46,6.3,62.2,263.0,1,0.52,217.213,81.0,2,81.0,8.95,81.0,1.9,1536.157,881185.0,5.6,5.5,0.46,6.3,2.898,0.006,131.5
Djibouti,2010,Developing,61.3,273.0,1,0.44,187.496,88.0,32.2,2,88.0,8.84,88.0,3.1,1325.997,851146.0,5.6,5.6,0.441,5.5,61.3,273.0,1,0.44,187.496,88.0,2,88.0,8.84,88.0,3.1,1325.997,851146.0,5.6,5.6,0.441,5.5,2.426,0.007,136.5
Djibouti,2009,Developing,69.0,279.0,1,0.49,177.267,89.0,31.7,2,89.0,8.37,89.0,3.2,1253.657,83684.0,5.7,5.6,0.436,5.3,69.0,279.0,1,0.49,177.267,89.0,2,89.0,8.37,89.0,3.2,1253.657,83684.0,5.7,5.6,0.436,5.3,2.311,0.007,139.5
Djibouti,2008,Developing,62.0,289.0,1,0.49,171.769,88.0,31.3,2,89.0,8.5,89.0,3.3,1214.771,822934.0,5.7,5.6,0.427,5.0,62.0,289.0,1,0.49,171.769,88.0,2,89.0,8.5,89.0,3.2,1214.771,822934.0,5.7,5.6,0.427,5.0,2.135,0.007,144.5
Djibouti,2007,Developing,59.8,296.0,1,0.45,20.869,25.0,3.9,2,88.0,7.72,88.0,3.5,147.587,8942.0,5.8,5.7,0.416,4.5,59.8,296.0,1,0.45,20.869,25.0,2,88.0,7.72,88.0,3.2,147.587,8942.0,5.8,5.7,0.416,4.5,1.872,0.052,148.0
Djibouti,2006,Developing,59.1,39.0,2,1.02,121.481,25.0,3.6,2,72.0,7.5,72.0,3.7,965.669,79628.0,5.8,5.7,0.405,4.3,59.1,39.0,2,1.02,121.481,25.0,2,72.0,7.5,72.0,3.2,965.669,79628.0,5.8,5.7,0.405,4.4,1.782,0.008,19.5
Djibouti,2005,Developing,58.6,318.0,2,1.23,12.703,25.0,3.2,2,71.0,7.21,71.0,3.9,94.73,783254.0,5.9,5.8,0.396,4.0,58.6,318.0,2,1.23,12.703,25.0,2,71.0,7.21,71.0,3.2,94.73,783254.0,5.9,5.8,0.396,4.4,1.742,0.076,159.0
Djibouti,2004,Developing,58.1,326.0,2,1.18,106.035,25.0,29.8,2,64.0,6.76,64.0,4.0,864.185,77752.0,6.0,5.9,0.388,3.7,58.1,326.0,2,1.18,106.035,25.0,2,64.0,6.76,64.0,3.2,864.185,77752.0,6.0,5.9,0.388,4.4,1.707,0.008,163.0
Djibouti,2003,Developing,58.0,325.0,2,1.02,94.133,25.0,29.4,2,68.0,6.22,68.0,4.2,819.974,758615.0,6.1,5.9,0.378,3.5,58.0,325.0,2,1.02,94.133,25.0,2,68.0,6.22,68.0,3.2,819.974,758615.0,6.1,5.9,0.378,4.4,1.663,0.008,162.5
Djibouti,2002,Developing,57.9,322.0,2,1.03,13.467,25.0,29.0,2,62.0,5.45,62.0,4.3,792.154,746221.0,6.2,6.0,0.372,3.3,57.9,322.0,2,1.03,13.467,25.0,2,62.0,5.45,62.0,3.2,792.154,746221.0,6.2,6.0,0.372,4.4,1.637,0.007,161.0
Djibouti,2001,Developing,57.7,323.0,2,0.95,92.498,25.0,28.6,2,49.0,5.37,53.0,4.3,781.232,732711.0,6.3,6.1,0.363,2.9,57.7,323.0,2,0.95,92.498,25.0,2,49.0,5.37,53.0,3.2,781.232,732711.0,6.3,6.1,0.363,4.4,1.597,0.007,161.5
Djibouti,2000,Developing,57.4,325.0,2,1.34,91.951,25.0,28.2,2,46.0,5.75,46.0,4.1,768.177,717584.0,6.4,6.1,0.361,2.9,57.4,325.0,2,1.34,91.951,25.0,2,46.0,5.75,46.0,3.2,768.177,717584.0,6.4,6.1,0.361,4.4,1.588,0.007,162.5
Dominican Republic,2014,Developing,73.6,154.0,6,5.92,1088.245,89.0,57.9,7,9.0,4.38,91.0,0.3,6268.692,145844.0,3.3,3.2,0.712,13.2,73.6,154.0,6,5.92,1088.245,89.0,7,45.0,4.38,91.0,0.3,6268.692,145844.0,3.3,3.2,0.712,13.2,9.398,0.001,22.0
Dominican Republic,2013,Developing,73.4,157.0,6,5.93,97.522,8.0,56.8,7,82.0,4.12,83.0,0.3,627.555,1281296.0,3.3,3.2,0.709,13.2,73.4,157.0,6,5.93,97.522,18.0,7,82.0,4.12,83.0,0.3,627.555,1281296.0,3.3,3.2,0.709,13.2,9.359,0.007,22.429
Dominican Republic,2012,Developing,72.1,174.0,6,5.93,857.131,74.0,55.8,7,85.0,4.26,85.0,0.4,5968.877,115495.0,3.3,3.2,0.706,13.1,72.1,174.0,6,5.93,857.131,74.0,7,85.0,4.26,85.0,0.4,5968.877,115495.0,3.3,3.2,0.706,13.1,9.249,0.001,24.857
Dominican Republic,2011,Developing,73.1,16.0,6,5.91,843.788,8.0,54.7,7,84.0,4.22,84.0,0.7,5759.643,12795.0,3.3,3.2,0.703,13.0,73.1,16.0,6,5.91,843.788,18.0,7,84.0,4.22,84.0,0.7,5759.643,12795.0,3.3,3.2,0.703,13.0,9.139,0.001,2.286
Dominican Republic,2010,Developing,72.7,166.0,6,6.02,664.559,83.0,53.6,8,85.0,4.6,88.0,0.9,5451.67,9897985.0,3.3,3.3,0.697,12.9,72.7,166.0,6,6.02,664.559,83.0,8,85.0,4.6,88.0,0.9,5451.67,9897985.0,3.3,3.3,0.697,12.9,8.991,0.001,20.75
Dominican Republic,2009,Developing,73.6,157.0,6,6.05,587.883,8.0,52.6,8,85.0,4.41,82.0,1.2,4952.678,9767758.0,3.4,3.3,0.695,12.9,73.6,157.0,6,6.05,587.883,18.0,8,85.0,4.41,82.0,1.2,4952.678,9767758.0,3.4,3.3,0.695,12.9,8.966,0.001,19.625
Dominican Republic,2007,Developing,72.9,164.0,6,6.05,74.822,81.0,5.4,8,86.0,4.34,85.0,1.6,4647.314,954353.0,3.4,3.4,0.685,12.7,72.9,164.0,6,6.05,74.822,81.0,8,86.0,4.34,85.0,1.6,4647.314,954353.0,3.4,3.4,0.685,12.7,8.7,0.001,20.5
Dominican Republic,2006,Developing,72.3,178.0,7,6.2,352.955,84.0,49.3,8,88.0,4.34,89.0,1.8,3836.469,9371338.0,3.5,3.4,0.677,12.6,72.3,178.0,7,6.2,352.955,84.0,8,88.0,4.34,89.0,1.8,3836.469,9371338.0,3.5,3.4,0.677,12.6,8.53,0.001,22.25
Dominican Republic,2004,Developing,69.3,214.0,7,5.16,182.616,82.0,47.2,8,66.0,4.28,79.0,2.1,2421.966,912998.0,3.6,3.5,0.666,12.5,69.3,214.0,7,5.16,182.616,82.0,8,66.0,4.28,79.0,2.1,2421.966,912998.0,3.6,3.5,0.666,12.5,8.325,0.002,26.75
Dominican Republic,2003,Developing,73.0,22.0,7,6.32,293.02,79.0,46.1,8,65.0,5.53,79.0,2.3,2372.629,896776.0,3.6,3.5,0.665,12.4,73.0,22.0,7,6.32,293.02,79.0,8,65.0,5.53,79.0,2.3,2372.629,896776.0,3.6,3.5,0.665,12.4,8.246,0.002,2.75
Dominican Republic,2002,Developing,71.4,189.0,7,6.43,4.674,63.0,45.1,8,74.0,5.79,82.0,2.4,38.466,8832285.0,3.7,3.6,0.66,12.3,71.4,189.0,7,6.43,4.674,63.0,8,74.0,5.79,82.0,2.4,38.466,8832285.0,3.7,3.6,0.66,12.3,8.118,0.151,23.625
Dominican Republic,2001,Developing,71.2,188.0,7,6.13,340.024,66.0,44.1,9,71.0,5.59,72.0,2.5,2862.155,8697126.0,3.8,3.6,0.656,12.3,71.2,188.0,7,6.13,340.024,66.0,9,71.0,5.59,72.0,2.5,2862.155,8697126.0,3.8,3.6,0.656,12.3,8.069,0.002,20.889
Dominican Republic,2000,Developing,72.0,176.0,7,6.58,44.792,68.0,43.1,9,71.0,5.9,78.0,2.5,282.424,8562622.0,3.8,3.7,0.651,12.2,72.0,176.0,7,6.58,44.792,68.0,9,71.0,5.9,78.0,2.5,282.424,8562622.0,3.8,3.7,0.651,12.2,7.942,0.021,19.556
Ecuador,2014,Developing,76.0,121.0,6,3.82,79.116,83.0,53.5,7,84.0,9.16,83.0,0.1,6432.217,1593112.0,1.2,1.1,0.737,14.0,76.0,121.0,6,3.82,79.116,83.0,7,84.0,9.16,83.0,0.1,6432.217,1593112.0,1.2,1.1,0.737,14.0,10.318,0.001,17.286
Ecuador,2013,Developing,76.0,121.0,6,3.77,59.129,87.0,52.8,8,87.0,7.29,87.0,0.1,674.983,15661547.0,1.3,1.1,0.725,13.4,76.0,121.0,6,3.77,59.129,87.0,8,87.0,7.29,87.0,0.1,674.983,15661547.0,1.3,1.1,0.725,13.4,9.715,0.011,15.125
Ecuador,2012,Developing,75.5,127.0,7,3.92,41.881,88.0,52.1,8,85.0,6.48,87.0,0.1,572.143,15419666.0,1.3,1.2,0.717,13.3,75.5,127.0,7,3.92,41.881,88.0,8,85.0,6.48,87.0,0.1,572.143,15419666.0,1.3,1.2,0.717,13.3,9.536,0.011,15.875
Ecuador,2011,Developing,75.3,131.0,7,3.99,344.741,88.0,51.4,8,85.0,5.92,88.0,0.1,5223.352,15177355.0,1.3,1.2,0.71,13.2,75.3,131.0,7,3.99,344.741,88.0,8,85.0,5.92,88.0,0.1,5223.352,15177355.0,1.3,1.2,0.71,13.2,9.372,0.001,16.375
Ecuador,2010,Developing,75.0,134.0,7,3.95,367.929,9.0,5.7,8,88.0,5.9,91.0,0.1,4657.324,1493469.0,1.3,1.2,0.703,13.1,75.0,134.0,7,3.95,367.929,18.0,8,88.0,5.9,91.0,0.1,4657.324,1493469.0,1.3,1.2,0.703,13.1,9.209,0.001,16.75
Ecuador,2009,Developing,75.1,137.0,7,3.87,282.144,91.0,5.0,8,91.0,5.58,94.0,0.1,4255.566,14691275.0,1.3,1.2,0.702,13.1,75.1,137.0,7,3.87,282.144,91.0,8,91.0,5.58,94.0,0.1,4255.566,14691275.0,1.3,1.2,0.702,13.1,9.196,0.001,17.125
Ecuador,2007,Developing,74.7,14.0,7,3.63,19.605,94.0,48.6,9,95.0,5.94,96.0,0.2,359.719,1425453.0,1.4,1.3,0.696,12.9,74.7,14.0,7,3.63,19.605,94.0,9,95.0,5.94,96.0,0.2,359.719,1425453.0,1.4,1.3,0.696,12.9,8.978,0.017,1.556
Ecuador,2006,Developing,74.4,144.0,8,3.52,19.14,96.0,47.9,9,92.0,5.86,96.0,0.3,335.787,1396748.0,1.4,1.3,0.693,12.8,74.4,144.0,8,3.52,19.14,96.0,9,92.0,5.86,96.0,0.3,335.787,1396748.0,1.4,1.3,0.693,12.8,8.87,0.017,16.0
Ecuador,2005,Developing,74.2,151.0,8,3.54,18.093,92.0,47.2,9,89.0,5.87,92.0,0.3,321.943,13735233.0,1.4,1.3,0.688,12.8,74.2,151.0,8,3.54,18.093,92.0,9,89.0,5.87,92.0,0.3,321.943,13735233.0,1.4,1.3,0.688,12.8,8.806,0.018,16.778
Ecuador,2004,Developing,74.4,148.0,8,3.65,16.379,88.0,46.5,9,9.0,6.22,88.0,0.3,278.558,1359647.0,1.5,1.3,0.682,12.7,74.4,148.0,8,3.65,16.379,88.0,9,45.0,6.22,88.0,0.3,278.558,1359647.0,1.5,1.3,0.682,12.7,8.661,0.022,16.444
Ecuador,2003,Developing,74.4,151.0,8,3.69,18.262,82.0,45.8,10,97.0,6.46,87.0,0.3,244.469,1328961.0,1.5,1.4,0.679,12.6,74.4,151.0,8,3.69,18.262,82.0,10,97.0,6.46,87.0,0.3,244.469,1328961.0,1.5,1.4,0.679,12.6,8.555,0.026,15.1
Ecuador,2002,Developing,73.6,157.0,8,3.88,187.384,75.0,45.1,10,88.0,4.62,88.0,0.3,2183.967,13726.0,1.5,1.4,0.675,12.5,73.6,157.0,8,3.88,187.384,75.0,10,88.0,4.62,88.0,0.3,2183.967,13726.0,1.5,1.4,0.675,12.5,8.438,0.002,15.7
Ecuador,2001,Developing,73.4,158.0,9,4.13,14.589,69.0,44.3,10,9.0,3.86,89.0,0.3,193.742,12852755.0,1.6,1.5,0.67,12.4,73.4,158.0,9,4.13,14.589,69.0,10,45.0,3.86,89.0,0.3,193.742,12852755.0,1.6,1.5,0.67,12.4,8.308,0.02,15.8
Ecuador,2000,Developing,72.8,163.0,9,3.99,84.175,36.0,43.6,11,83.0,3.38,87.0,0.3,1451.298,12628596.0,1.6,1.5,0.668,12.4,72.8,163.0,9,3.99,84.175,36.0,11,83.0,3.38,87.0,0.3,1451.298,12628596.0,1.6,1.5,0.668,12.4,8.283,0.002,14.818
El Salvador,2014,Developing,73.3,181.0,2,2.52,665.726,93.0,55.4,2,93.0,6.77,94.0,0.2,3988.772,6281189.0,1.6,1.6,0.676,13.2,73.3,181.0,2,2.52,665.726,93.0,2,93.0,6.77,94.0,0.2,3988.772,6281189.0,1.6,1.6,0.676,13.2,8.923,0.002,90.5
El Salvador,2013,Developing,73.0,184.0,2,2.42,653.693,92.0,54.7,2,92.0,6.95,92.0,0.2,3895.664,625777.0,1.6,1.6,0.675,13.2,73.0,184.0,2,2.42,653.693,92.0,2,92.0,6.95,92.0,0.2,3895.664,625777.0,1.6,1.6,0.675,13.2,8.91,0.002,92.0
El Salvador,2012,Developing,73.0,181.0,2,2.48,591.776,92.0,54.1,2,93.0,6.7,92.0,0.3,3827.786,6221246.0,1.6,1.6,0.67,13.2,73.0,181.0,2,2.48,591.776,92.0,2,93.0,6.7,92.0,0.3,3827.786,6221246.0,1.6,1.6,0.67,13.2,8.844,0.002,90.5
El Salvador,2011,Developing,72.0,197.0,2,2.37,549.278,89.0,53.4,2,9.0,6.81,89.0,0.3,3736.587,619256.0,1.7,1.6,0.666,13.0,72.0,197.0,2,2.37,549.278,89.0,2,45.0,6.81,89.0,0.3,3736.587,619256.0,1.7,1.6,0.666,13.0,8.658,0.002,98.5
El Salvador,2010,Developing,72.0,191.0,2,2.36,469.39,89.0,52.8,2,89.0,6.91,89.0,0.3,3474.392,6164626.0,1.7,1.6,0.662,12.9,72.0,191.0,2,2.36,469.39,89.0,2,89.0,6.91,89.0,0.3,3474.392,6164626.0,1.7,1.6,0.662,12.9,8.54,0.002,95.5
El Salvador,2009,Developing,71.4,23.0,2,2.55,416.434,91.0,52.1,2,91.0,6.83,91.0,0.3,3366.482,6137276.0,1.7,1.6,0.662,12.8,71.4,23.0,2,2.55,416.434,91.0,2,91.0,6.83,91.0,0.3,3366.482,6137276.0,1.7,1.6,0.662,12.8,8.474,0.002,11.5
El Salvador,2008,Developing,71.7,194.0,2,2.68,53.959,98.0,51.4,3,98.0,6.21,98.0,0.3,357.348,61131.0,1.8,1.7,0.659,13.4,71.7,194.0,2,2.68,53.959,98.0,3,98.0,6.21,98.0,0.3,357.348,61131.0,1.8,1.7,0.659,13.4,8.831,0.017,64.667
El Salvador,2007,Developing,71.2,23.0,2,2.83,52.302,99.0,5.8,3,99.0,6.32,99.0,0.3,334.838,683475.0,1.8,1.7,0.657,12.9,71.2,23.0,2,2.83,52.302,99.0,3,99.0,6.32,99.0,0.3,334.838,683475.0,1.8,1.7,0.657,12.9,8.475,0.019,7.667
El Salvador,2006,Developing,75.0,211.0,3,2.77,57.746,96.0,5.1,3,96.0,6.68,96.0,0.2,362.952,656478.0,1.8,1.7,0.651,12.9,75.0,211.0,3,2.77,57.746,96.0,3,96.0,6.68,96.0,0.2,362.952,656478.0,1.8,1.7,0.651,12.9,8.398,0.018,70.333
El Salvador,2005,Developing,71.0,213.0,3,2.77,440.603,89.0,49.4,3,89.0,7.19,89.0,0.2,2835.281,628961.0,1.9,1.8,0.644,12.7,71.0,213.0,3,2.77,440.603,89.0,3,89.0,7.19,89.0,0.2,2835.281,628961.0,1.9,1.8,0.644,12.7,8.179,0.003,71.0
El Salvador,2004,Developing,70.0,215.0,3,2.9,398.606,9.0,48.6,3,9.0,7.3,9.0,0.3,2632.799,6775.0,1.9,1.8,0.636,12.4,70.0,215.0,3,2.9,398.606,18.0,3,45.0,7.3,45.0,0.3,2632.799,6775.0,1.9,1.8,0.636,12.4,7.886,0.003,71.667
El Salvador,2003,Developing,69.9,29.0,3,3.1,400.134,94.0,47.8,4,93.0,7.61,94.0,0.3,2519.737,5971535.0,2.0,1.9,0.628,12.0,69.9,29.0,3,3.1,400.134,94.0,4,93.0,7.61,94.0,0.3,2519.737,5971535.0,2.0,1.9,0.628,12.0,7.536,0.003,7.25
El Salvador,2002,Developing,73.0,24.0,3,2.97,29.685,81.0,47.0,4,81.0,7.9,81.0,0.4,248.412,59433.0,2.0,1.9,0.621,11.8,73.0,24.0,3,2.97,29.685,81.0,4,81.0,7.9,81.0,0.4,248.412,59433.0,2.0,1.9,0.621,11.8,7.328,0.032,6.0
El Salvador,2001,Developing,68.9,219.0,4,2.88,332.106,75.0,46.2,4,94.0,8.2,92.0,0.4,2338.772,595962.0,2.1,2.0,0.615,11.6,68.9,219.0,4,2.88,332.106,75.0,4,94.0,8.2,92.0,0.4,2338.772,595962.0,2.1,2.0,0.615,11.6,7.134,0.004,54.75
El Salvador,2000,Developing,69.0,218.0,4,2.79,353.669,99.0,45.3,5,98.0,8.17,99.0,0.4,2238.412,5867626.0,2.1,2.0,0.607,11.3,69.0,218.0,4,2.79,353.669,99.0,5,98.0,8.17,99.0,0.4,2238.412,5867626.0,2.1,2.0,0.607,11.3,6.859,0.004,43.6
Equatorial Guinea,2014,Developing,57.9,32.0,3,0.01,13.405,2.0,24.0,4,24.0,3.8,2.0,4.4,192.597,1129424.0,8.5,8.4,0.582,9.2,57.9,32.0,3,0.01,13.405,18.0,4,45.0,3.8,45.0,3.2,192.597,1129424.0,8.5,8.4,0.582,9.2,5.354,0.02,8.0
Equatorial Guinea,2012,Developing,56.7,337.0,3,11.89,1500.413,2.0,23.0,4,3.0,4.0,24.0,8.2,21557.653,138593.0,8.7,8.7,0.583,9.2,56.7,337.0,3,11.89,1109.855,18.0,4,45.0,4.0,45.0,3.2,8787.614,138593.0,8.7,8.7,0.583,9.2,5.364,0.0,84.25
Equatorial Guinea,2011,Developing,56.2,344.0,3,10.99,1493.051,2.0,22.6,4,39.0,3.29,41.0,7.7,21451.886,99429.0,8.9,8.8,0.58,9.2,56.2,344.0,3,10.99,1109.855,18.0,4,45.0,3.29,45.0,3.2,8787.614,99429.0,8.9,8.8,0.58,9.2,5.336,0.0,86.0
Equatorial Guinea,2010,Developing,56.1,339.0,3,9.93,1192.697,2.0,22.1,4,59.0,3.84,44.0,7.2,17136.446,95114.0,9.0,9.0,0.589,9.2,56.1,339.0,3,9.93,1109.855,18.0,4,59.0,3.84,45.0,3.2,8787.614,95114.0,9.0,9.0,0.589,9.2,5.419,0.0,84.75
Equatorial Guinea,2009,Developing,55.7,34.0,3,7.97,115.069,2.0,21.7,4,57.0,5.32,43.0,7.3,1653.294,99111.0,9.2,9.2,0.59,9.1,55.7,34.0,3,7.97,115.069,18.0,4,57.0,5.32,45.0,3.2,1653.294,99111.0,9.2,9.2,0.59,9.1,5.369,0.003,8.5
Equatorial Guinea,2008,Developing,55.4,338.0,3,8.34,1705.679,2.0,21.3,4,55.0,2.31,42.0,6.3,22742.382,868418.0,9.3,9.3,0.592,9.1,55.4,338.0,3,8.34,1109.855,18.0,4,55.0,2.31,45.0,3.2,8787.614,868418.0,9.3,9.3,0.592,9.1,5.387,0.0,84.5
Equatorial Guinea,2007,Developing,55.0,339.0,3,6.86,1024.52,2.0,2.9,4,54.0,2.25,41.0,5.9,15761.839,829327.0,9.5,9.5,0.587,9.0,55.0,339.0,3,6.86,1024.52,18.0,4,54.0,2.25,45.0,3.2,8787.614,829327.0,9.5,9.5,0.587,9.0,5.283,0.0,84.75
Equatorial Guinea,2006,Developing,54.8,337.0,3,7.28,827.598,2.0,2.5,4,52.0,2.13,4.0,5.3,12732.276,792217.0,9.7,9.6,0.569,9.0,54.8,337.0,3,7.28,827.598,18.0,4,52.0,2.13,45.0,3.2,8787.614,792217.0,9.7,9.6,0.569,9.0,5.121,0.0,84.25
Equatorial Guinea,2005,Developing,54.4,337.0,3,7.19,12.066,2.0,2.2,4,5.0,1.63,39.0,4.9,185.633,757317.0,9.8,9.8,0.563,8.7,54.4,337.0,3,7.19,12.066,18.0,4,45.0,1.63,45.0,3.2,185.633,757317.0,9.8,9.8,0.563,8.7,4.898,0.009,84.25
Equatorial Guinea,2004,Developing,54.1,336.0,3,6.28,44.548,2.0,19.8,4,48.0,2.4,38.0,4.4,685.349,724817.0,1.0,1.0,0.553,8.5,54.1,336.0,3,6.28,44.548,18.0,4,48.0,2.4,45.0,3.2,685.349,724817.0,1.0,1.0,0.553,8.5,4.701,0.004,84.0
Equatorial Guinea,2003,Developing,53.8,334.0,3,7.13,309.783,2.0,19.5,4,46.0,2.23,37.0,3.6,3577.176,694611.0,1.2,1.1,0.554,8.4,53.8,334.0,3,7.13,309.783,18.0,4,46.0,2.23,45.0,3.2,3577.176,694611.0,1.2,1.1,0.554,8.4,4.654,0.001,83.5
Equatorial Guinea,2001,Developing,53.1,334.0,3,5.07,197.784,2.0,18.7,4,43.0,1.78,35.0,2.3,2283.879,639762.0,1.6,1.4,0.527,8.0,53.1,334.0,3,5.07,197.784,18.0,4,45.0,1.78,45.0,2.3,2283.879,639762.0,1.6,1.4,0.527,8.0,4.216,0.001,83.5
Equatorial Guinea,2000,Developing,52.7,336.0,3,4.46,14.955,2.0,18.3,4,41.0,2.73,34.0,1.9,172.685,614323.0,1.7,1.6,0.0,0.0,52.7,336.0,3,4.46,14.955,18.0,4,45.0,2.73,45.0,1.9,172.685,614323.0,1.7,1.6,0.27,4.4,1.188,0.016,84.0
Eritrea,2011,Developing,62.9,286.0,6,0.62,20.98,96.0,16.5,8,96.0,3.6,96.0,0.7,582.776,447469.0,8.8,8.7,0.405,5.0,62.9,286.0,6,0.62,20.98,96.0,8,96.0,3.6,96.0,0.7,582.776,447469.0,8.8,8.7,0.405,5.0,2.025,0.006,35.75
Eritrea,2009,Developing,61.4,311.0,6,0.63,1.575,92.0,15.5,9,92.0,3.3,92.0,1.0,43.754,431334.0,9.0,8.9,0.402,5.2,61.4,311.0,6,0.63,1.575,92.0,9,92.0,3.3,92.0,1.0,43.754,431334.0,9.0,8.9,0.402,5.2,2.09,0.075,34.556
Eritrea,2008,Developing,67.0,322.0,6,0.49,11.766,94.0,15.1,9,94.0,3.69,94.0,1.1,326.826,4232636.0,9.1,9.1,0.406,5.2,67.0,322.0,6,0.49,11.766,94.0,9,94.0,3.69,94.0,1.1,326.826,4232636.0,9.1,9.1,0.406,5.2,2.111,0.011,35.778
Eritrea,2005,Developing,59.4,34.0,7,1.07,5.065,96.0,13.9,9,96.0,2.97,96.0,1.6,276.759,39697.0,9.4,9.5,0.0,5.4,59.4,34.0,7,1.07,5.065,96.0,9,96.0,2.97,96.0,1.6,276.759,39697.0,9.4,9.5,0.27,5.4,1.458,0.011,3.778
Eritrea,2004,Developing,59.1,342.0,7,0.64,10.261,84.0,13.6,10,98.0,3.14,98.0,1.8,287.422,3858623.0,9.6,9.6,0.0,5.0,59.1,342.0,7,0.64,10.261,84.0,10,98.0,3.14,98.0,1.8,287.422,3858623.0,9.6,9.6,0.27,5.0,1.35,0.011,34.2
Eritrea,2003,Developing,58.8,343.0,7,0.56,6.914,91.0,13.3,10,95.0,3.5,93.0,1.9,232.795,3738265.0,9.7,9.7,0.0,4.7,58.8,343.0,7,0.56,6.914,91.0,10,95.0,3.5,93.0,1.9,232.795,3738265.0,9.7,9.7,0.27,4.7,1.269,0.015,34.3
Eritrea,2002,Developing,58.5,343.0,7,0.83,0.703,86.0,13.1,10,92.0,4.2,9.0,1.9,21.769,3614639.0,9.9,9.9,0.0,4.4,58.5,343.0,7,0.83,0.703,86.0,10,92.0,4.2,45.0,1.9,21.769,3614639.0,9.9,9.9,0.27,4.4,1.188,0.193,34.3
Eritrea,2001,Developing,58.1,345.0,7,0.61,5.594,86.0,12.8,10,89.0,3.95,86.0,2.0,215.139,3497124.0,1.0,1.0,0.0,4.3,58.1,345.0,7,0.61,5.594,86.0,10,89.0,3.95,86.0,2.0,215.139,3497124.0,1.0,1.0,0.27,4.4,1.188,0.018,34.5
Eritrea,2000,Developing,45.3,593.0,7,0.83,0.736,86.0,12.6,10,82.0,4.43,81.0,1.9,28.197,339281.0,1.2,1.1,0.0,3.9,45.3,491.0,7,0.83,0.736,86.0,10,82.0,4.43,81.0,1.9,28.197,339281.0,1.2,1.1,0.27,4.4,1.188,0.157,49.1
Estonia,2014,Developing,77.3,122.0,0,0.01,2700.073,93.0,59.4,0,93.0,6.38,93.0,0.1,19941.455,1314545.0,1.9,1.9,0.86,16.5,77.3,122.0,0,0.01,1109.855,93.0,0,93.0,6.38,93.0,0.1,8787.614,1314545.0,1.9,1.9,0.86,16.5,14.19,0.0,
Estonia,2013,Developing,76.9,127.0,0,0.01,261.291,93.0,59.0,0,94.0,6.48,94.0,0.1,1929.775,1317997.0,1.9,1.9,0.856,16.5,76.9,127.0,0,0.01,261.291,93.0,0,94.0,6.48,94.0,0.1,1929.775,1317997.0,1.9,1.9,0.856,16.5,14.124,0.003,
Estonia,2012,Developing,76.3,135.0,0,0.01,2263.104,94.0,58.5,0,94.0,6.36,94.0,0.1,17421.892,1322696.0,1.9,1.9,0.85,16.5,76.3,135.0,0,0.01,1109.855,94.0,0,94.0,6.36,94.0,0.1,8787.614,1322696.0,1.9,1.9,0.85,16.5,14.025,0.0,
Estonia,2011,Developing,76.1,138.0,0,0.01,2146.946,94.0,58.0,0,93.0,5.83,93.0,0.1,17454.843,1327439.0,1.9,2.0,0.838,16.4,76.1,138.0,0,0.01,1109.855,94.0,0,93.0,5.83,93.0,0.1,8787.614,1327439.0,1.9,2.0,0.838,16.4,13.743,0.0,
Estonia,2010,Developing,75.6,137.0,0,14.97,1802.018,94.0,57.6,0,94.0,6.25,94.0,0.1,14638.648,1331475.0,1.9,2.0,0.833,16.2,75.6,137.0,0,14.09,1109.855,94.0,0,94.0,6.25,94.0,0.1,8787.614,1331475.0,1.9,2.0,0.833,16.2,13.495,0.0,
Estonia,2009,Developing,74.9,156.0,0,15.04,1717.089,95.0,57.1,0,95.0,6.93,95.0,0.1,14726.318,1334515.0,2.0,2.0,0.836,16.1,74.9,156.0,0,14.09,1109.855,95.0,0,95.0,6.93,95.0,0.1,8787.614,1334515.0,2.0,2.0,0.836,16.1,13.46,0.0,
Estonia,2008,Developing,74.2,167.0,0,16.99,225.072,94.0,56.7,0,95.0,6.6,95.0,0.1,1894.548,13379.0,2.0,2.1,0.835,16.1,74.2,167.0,0,14.09,225.072,94.0,0,95.0,6.6,95.0,0.1,1894.548,13379.0,2.0,2.1,0.835,16.1,13.444,0.003,
Estonia,2007,Developing,73.0,189.0,0,17.87,1904.125,95.0,56.3,0,95.0,5.16,95.0,0.1,16586.452,13468.0,2.0,2.1,0.829,16.1,73.0,189.0,0,14.09,1109.855,95.0,0,95.0,5.16,95.0,0.1,8787.614,13468.0,2.0,2.1,0.829,16.1,13.347,0.0,
Estonia,2006,Developing,73.0,188.0,0,16.58,244.351,95.0,55.9,0,95.0,5.1,95.0,0.1,12595.416,134681.0,2.1,2.2,0.822,16.1,73.0,188.0,0,14.09,244.351,95.0,0,95.0,5.1,95.0,0.1,8787.614,134681.0,2.1,2.2,0.822,16.1,13.234,0.0,
Estonia,2005,Developing,72.8,189.0,0,15.52,153.505,95.0,55.5,0,96.0,5.2,96.0,0.1,1338.313,1354775.0,2.1,2.2,0.812,15.9,72.8,189.0,0,14.09,153.505,95.0,0,96.0,5.2,96.0,0.1,1338.313,1354775.0,2.1,2.2,0.812,15.9,12.911,0.004,
Estonia,2004,Developing,72.3,195.0,0,15.07,101.12,9.0,55.2,0,95.0,5.13,94.0,0.1,885.465,136255.0,2.2,2.3,0.805,15.7,72.3,195.0,0,14.09,101.12,18.0,0,95.0,5.13,94.0,0.1,885.465,136255.0,2.2,2.3,0.805,15.7,12.638,0.006,
Estonia,2003,Developing,71.9,199.0,0,11.64,132.723,9.0,54.9,0,95.0,4.92,94.0,0.1,7174.237,13772.0,2.2,2.3,0.798,15.6,71.9,199.0,0,11.64,132.723,18.0,0,95.0,4.92,94.0,0.1,7174.237,13772.0,2.2,2.3,0.798,15.6,12.449,0.001,
Estonia,2002,Developing,71.2,211.0,0,11.48,7.806,9.0,54.6,0,94.0,4.84,94.0,0.1,538.348,137935.0,2.3,2.4,0.791,15.4,71.2,211.0,0,11.48,7.806,18.0,0,94.0,4.84,94.0,0.1,538.348,137935.0,2.3,2.4,0.791,15.4,12.181,0.009,
Estonia,2001,Developing,78.0,225.0,0,0.01,88.629,9.0,54.3,0,94.0,4.85,94.0,0.1,4498.957,1388115.0,2.4,2.5,0.781,15.0,78.0,225.0,0,0.01,88.629,18.0,0,94.0,4.85,94.0,0.1,4498.957,1388115.0,2.4,2.5,0.781,15.0,11.715,0.001,
Estonia,2000,Developing,78.0,218.0,0,0.01,5.348,9.0,54.0,0,93.0,5.28,93.0,0.1,47.328,1396985.0,2.5,2.5,0.764,14.4,78.0,218.0,0,0.01,5.348,18.0,0,93.0,5.28,93.0,0.1,47.328,1396985.0,2.5,2.5,0.764,14.4,11.002,0.112,
Ethiopia,2014,Developing,64.2,234.0,140,0.01,89.958,77.0,17.2,202,75.0,4.88,77.0,0.6,571.162,97366774.0,1.5,1.3,0.435,8.4,64.2,234.0,64,0.01,89.958,77.0,87,75.0,4.88,77.0,0.6,571.162,17153357.0,1.5,1.3,0.435,8.4,3.654,0.009,2.69
Ethiopia,2013,Developing,63.7,237.0,145,1.86,8.313,72.0,16.8,211,7.0,5.19,72.0,0.9,52.154,94887724.0,1.6,1.4,0.427,8.4,63.7,237.0,64,1.86,8.313,72.0,87,45.0,5.19,72.0,0.9,52.154,17153357.0,1.6,1.4,0.427,8.4,3.587,0.1,2.724
Ethiopia,2012,Developing,63.3,241.0,150,1.84,86.826,69.0,16.4,221,7.0,5.77,69.0,1.2,468.567,92444183.0,1.7,1.5,0.422,8.4,63.3,241.0,64,1.84,86.826,69.0,87,45.0,5.77,69.0,1.2,468.567,17153357.0,1.7,1.5,0.422,8.4,3.545,0.012,2.77
Ethiopia,2011,Developing,62.6,249.0,156,1.32,67.776,65.0,16.0,231,7.0,6.55,65.0,1.4,354.846,946756.0,1.9,1.6,0.411,8.2,62.6,249.0,64,1.32,67.776,65.0,87,45.0,6.55,65.0,1.4,354.846,946756.0,1.9,1.6,0.411,8.2,3.37,0.018,2.862
Ethiopia,2010,Developing,61.8,261.0,162,1.34,67.734,62.0,15.6,243,69.0,6.86,61.0,1.7,341.4,877267.0,11.0,1.7,0.401,8.1,61.8,261.0,64,1.34,67.734,62.0,87,69.0,6.86,61.0,1.7,341.4,877267.0,11.0,1.7,0.401,8.1,3.248,0.02,3.0
Ethiopia,2009,Developing,68.0,274.0,169,1.17,53.774,56.0,15.3,256,65.0,4.41,58.0,2.0,379.757,85416253.0,11.1,1.8,0.393,8.1,68.0,274.0,64,1.17,53.774,56.0,87,65.0,4.41,58.0,2.0,379.757,17153357.0,11.1,1.8,0.393,8.1,3.183,0.012,3.149
Ethiopia,2008,Developing,59.8,289.0,177,1.13,38.558,52.0,14.9,270,63.0,4.28,54.0,2.4,325.383,83184892.0,11.2,1.9,0.378,7.6,59.8,289.0,64,1.13,38.558,52.0,87,63.0,4.28,54.0,2.4,325.383,17153357.0,11.2,1.9,0.378,7.6,2.873,0.013,3.322
Ethiopia,2007,Developing,58.5,39.0,186,1.06,30.465,47.0,14.5,286,61.0,4.69,5.0,2.8,243.327,8149.0,11.3,11.0,0.362,7.1,58.5,39.0,64,1.06,30.465,47.0,87,61.0,4.69,45.0,2.8,243.327,8149.0,11.3,11.0,0.362,7.1,2.57,0.019,0.448
Ethiopia,2006,Developing,57.2,328.0,196,1.22,22.19,47.0,14.2,304,59.0,4.47,46.0,3.3,193.795,7885689.0,11.4,11.1,0.346,6.6,57.2,328.0,64,1.22,22.19,47.0,87,59.0,4.47,46.0,3.2,193.795,7885689.0,11.4,11.1,0.346,6.6,2.284,0.023,3.77
Ethiopia,2005,Developing,56.0,343.0,206,0.99,18.038,47.0,13.8,323,56.0,4.2,44.0,3.7,161.627,7672783.0,11.5,11.2,0.325,5.8,56.0,343.0,64,0.99,18.038,47.0,87,56.0,4.2,45.0,3.2,161.627,7672783.0,11.5,11.2,0.325,5.8,1.885,0.026,3.943
Ethiopia,2004,Developing,55.0,354.0,217,0.86,1.507,47.0,13.5,342,54.0,4.23,4.0,4.1,135.762,7462445.0,11.5,11.3,0.31,5.4,55.0,354.0,64,0.86,1.507,47.0,87,54.0,4.23,45.0,3.2,135.762,7462445.0,11.5,11.3,0.31,5.4,1.674,0.031,4.069
Ethiopia,2003,Developing,54.0,363.0,228,0.79,10.972,47.0,13.2,360,55.0,4.64,37.0,4.4,118.873,72545144.0,11.6,11.5,0.306,5.2,54.0,363.0,64,0.79,10.972,47.0,87,55.0,4.64,45.0,3.2,118.873,17153357.0,11.6,11.5,0.306,5.2,1.591,0.039,4.172
Ethiopia,2002,Developing,53.2,369.0,237,0.8,10.825,47.0,12.9,377,55.0,4.73,35.0,4.6,111.363,7497192.0,11.7,11.6,0.298,4.9,53.2,369.0,64,0.8,10.825,47.0,87,55.0,4.73,45.0,3.2,111.363,7497192.0,11.7,11.6,0.298,4.9,1.46,0.042,4.241
Ethiopia,2001,Developing,52.5,372.0,246,0.85,1.186,47.0,12.6,392,55.0,4.26,32.0,4.9,12.179,68492257.0,11.8,11.7,0.283,4.3,52.5,372.0,64,0.85,1.186,47.0,87,55.0,4.26,45.0,3.2,12.179,17153357.0,11.8,11.7,0.283,4.4,1.245,0.35,4.276
Ethiopia,2000,Developing,51.2,391.0,253,0.88,11.595,47.0,12.3,404,55.0,4.36,3.0,5.0,123.876,66537331.0,11.9,11.8,0.0,3.9,51.2,391.0,64,0.88,11.595,47.0,87,55.0,4.36,45.0,3.2,123.876,17153357.0,11.9,11.8,0.27,4.4,1.188,0.035,4.494
Fiji,2014,Developing,69.7,19.0,0,0.01,50.539,99.0,61.9,0,99.0,4.49,99.0,0.1,546.373,88586.0,4.0,3.7,0.727,15.2,69.7,19.0,0,0.01,50.539,99.0,0,99.0,4.49,99.0,0.1,546.373,88586.0,4.0,3.7,0.727,15.2,11.05,0.008,
Fiji,2013,Developing,69.6,192.0,0,0.01,460.649,99.0,61.1,0,99.0,4.26,99.0,0.1,4763.69,879715.0,4.0,3.7,0.719,15.0,69.6,192.0,0,0.01,460.649,99.0,0,99.0,4.26,99.0,0.1,4763.69,879715.0,4.0,3.7,0.719,15.0,10.785,0.001,
Fiji,2012,Developing,69.4,195.0,0,0.01,431.485,99.0,6.2,0,99.0,4.16,99.0,0.1,4546.739,873596.0,4.0,3.7,0.714,14.9,69.4,195.0,0,0.01,431.485,99.0,0,99.0,4.16,99.0,0.1,4546.739,873596.0,4.0,3.7,0.714,14.9,10.639,0.001,
Fiji,2010,Developing,69.1,2.0,0,2.25,62.083,99.0,58.7,0,99.0,4.23,99.0,0.1,3651.967,85995.0,4.0,3.7,0.706,14.6,69.1,2.0,0,2.25,62.083,99.0,0,99.0,4.23,99.0,0.1,3651.967,85995.0,4.0,3.7,0.706,14.6,10.308,0.001,
Fiji,2009,Developing,68.9,23.0,0,2.31,60.651,99.0,58.0,0,99.0,4.26,99.0,0.1,3369.482,851967.0,4.0,3.7,0.704,14.5,68.9,23.0,0,2.31,60.651,99.0,0,99.0,4.26,99.0,0.1,3369.482,851967.0,4.0,3.7,0.704,14.5,10.208,0.001,
Fiji,2008,Developing,68.7,26.0,0,1.95,81.047,99.0,57.3,0,99.0,3.68,99.0,0.1,4177.658,84334.0,4.0,3.7,0.7,14.3,68.7,26.0,0,1.95,81.047,99.0,0,99.0,3.68,99.0,0.1,4177.658,84334.0,4.0,3.7,0.7,14.3,10.01,0.001,
Fiji,2007,Developing,68.6,29.0,0,2.09,5.89,99.0,56.6,0,99.0,3.74,99.0,0.1,478.823,834812.0,4.1,3.8,0.698,14.2,68.6,29.0,0,2.09,5.89,99.0,0,99.0,3.74,99.0,0.1,478.823,834812.0,4.1,3.8,0.698,14.2,9.912,0.008,
Fiji,2006,Developing,68.5,211.0,0,2.06,52.124,99.0,55.9,0,98.0,3.84,98.0,0.1,3749.94,827411.0,4.1,3.8,0.695,14.0,68.5,211.0,0,2.06,52.124,99.0,0,98.0,3.84,98.0,0.1,3749.94,827411.0,4.1,3.8,0.695,14.0,9.73,0.001,
Fiji,2005,Developing,68.3,214.0,0,2.02,64.392,99.0,55.1,0,97.0,3.61,96.0,0.1,3658.638,821817.0,4.1,3.8,0.699,13.9,68.3,214.0,0,2.02,64.392,99.0,0,97.0,3.61,96.0,0.1,3658.638,821817.0,4.1,3.8,0.699,13.9,9.716,0.001,
Fiji,2004,Developing,68.1,218.0,0,1.63,43.995,99.0,54.2,0,96.0,3.61,95.0,0.1,3332.919,818354.0,4.2,3.9,0.691,13.4,68.1,218.0,0,1.63,43.995,99.0,0,96.0,3.61,95.0,0.1,3332.919,818354.0,4.2,3.9,0.691,13.4,9.259,0.001,
Fiji,2003,Developing,68.0,22.0,0,1.76,253.82,99.0,53.2,0,95.0,3.35,94.0,0.1,2835.974,816628.0,4.2,3.9,0.689,13.3,68.0,22.0,0,1.76,253.82,99.0,0,95.0,3.35,94.0,0.1,2835.974,816628.0,4.2,3.9,0.689,13.3,9.164,0.001,
Fiji,2002,Developing,67.9,22.0,0,1.85,206.072,99.0,52.2,0,94.0,3.48,93.0,0.1,2259.558,815691.0,4.2,3.9,0.687,13.3,67.9,22.0,0,1.85,206.072,99.0,0,94.0,3.48,93.0,0.1,2259.558,815691.0,4.2,3.9,0.687,13.3,9.137,0.002,
Fiji,2001,Developing,67.8,221.0,0,1.93,20.712,98.0,51.2,0,92.0,3.28,91.0,0.1,238.892,814218.0,4.3,4.0,0.683,13.2,67.8,221.0,0,1.93,20.712,98.0,0,92.0,3.28,91.0,0.1,238.892,814218.0,4.3,4.0,0.683,13.2,9.016,0.014,
Fiji,2000,Developing,67.7,221.0,0,2.05,31.258,98.0,5.2,0,91.0,3.87,9.0,0.1,276.134,811223.0,4.3,4.0,0.681,13.1,67.7,221.0,0,2.05,31.258,98.0,0,91.0,3.87,45.0,0.1,276.134,811223.0,4.3,4.0,0.681,13.1,8.921,0.014,
France,2014,Developing,82.2,79.0,3,11.5,6739.678,83.0,62.0,3,98.0,11.54,98.0,0.1,42955.243,66331957.0,0.6,0.6,0.89,16.2,82.2,79.0,3,11.5,1109.855,83.0,3,98.0,11.54,98.0,0.1,8787.614,17153357.0,0.6,0.6,0.89,16.2,14.418,0.0,26.333
France,2013,Developing,82.0,81.0,3,11.1,6646.954,74.0,61.6,3,99.0,11.56,99.0,0.1,42554.122,6599857.0,0.6,0.6,0.887,16.2,82.0,81.0,3,11.1,1109.855,74.0,3,99.0,11.56,99.0,0.1,8787.614,6599857.0,0.6,0.6,0.887,16.2,14.369,0.0,27.0
France,2011,Developing,81.7,83.0,3,11.8,683.919,74.0,6.6,3,99.0,11.33,99.0,0.1,4381.288,65342776.0,0.6,0.6,0.882,16.1,81.7,83.0,3,11.8,683.919,74.0,3,99.0,11.33,99.0,0.1,4381.288,17153357.0,0.6,0.6,0.882,16.1,14.2,0.003,27.667
France,2010,Developing,81.3,86.0,3,11.7,72.8,65.0,6.1,3,99.0,11.2,99.0,0.1,473.343,6527512.0,0.6,0.6,0.879,16.0,81.3,86.0,3,11.7,72.8,65.0,3,99.0,11.2,99.0,0.1,473.343,6527512.0,0.6,0.6,0.879,16.0,14.064,0.024,28.667
France,2009,Developing,81.1,88.0,3,11.8,6415.357,51.0,59.6,3,98.0,11.28,98.0,0.1,41631.131,647744.0,0.6,0.6,0.879,16.0,81.1,88.0,3,11.8,1109.855,51.0,3,98.0,11.28,98.0,0.1,8787.614,647744.0,0.6,0.6,0.879,16.0,14.064,0.0,29.333
France,2008,Developing,89.0,88.0,3,11.9,7002.786,47.0,59.1,3,98.0,1.57,98.0,0.1,45413.657,6437499.0,0.6,0.6,0.877,16.1,89.0,88.0,3,11.9,1109.855,47.0,3,98.0,1.57,98.0,0.1,8787.614,6437499.0,0.6,0.6,0.877,16.1,14.12,0.0,29.333
France,2005,Developing,81.0,93.0,3,12.2,5451.701,35.0,57.5,4,98.0,1.6,98.0,0.1,34879.726,63179356.0,0.6,0.6,0.86,15.5,81.0,93.0,3,12.2,1109.855,35.0,4,98.0,1.6,98.0,0.1,8787.614,17153357.0,0.6,0.6,0.86,15.5,13.33,0.0,23.25
France,2004,Developing,82.0,94.0,3,13.18,5291.235,35.0,57.0,4,99.0,1.53,98.0,0.1,33874.743,6274897.0,0.6,0.6,0.857,15.5,82.0,94.0,3,13.18,1109.855,35.0,4,99.0,1.53,98.0,0.1,8787.614,6274897.0,0.6,0.6,0.857,15.5,13.284,0.0,23.5
France,2003,Developing,79.3,99.0,3,13.49,4572.442,28.0,56.4,4,96.0,1.43,97.0,0.1,29691.182,62244884.0,0.6,0.6,0.852,15.4,79.3,99.0,3,13.49,1109.855,28.0,4,96.0,1.43,97.0,0.1,8787.614,17153357.0,0.6,0.6,0.852,15.4,13.121,0.0,24.75
France,2002,Developing,79.2,11.0,3,13.78,3779.655,29.0,55.8,4,97.0,1.22,97.0,0.1,24275.243,6185267.0,0.7,0.6,0.851,15.5,79.2,11.0,3,13.78,1109.855,29.0,4,97.0,1.22,97.0,0.1,8787.614,6185267.0,0.7,0.6,0.851,15.5,13.19,0.0,2.75
France,2001,Developing,79.0,13.0,3,13.89,3451.185,28.0,55.2,4,98.0,9.89,97.0,0.1,22527.318,61357431.0,0.7,0.6,0.849,15.6,79.0,13.0,3,13.89,1109.855,28.0,4,98.0,9.89,97.0,0.1,8787.614,17153357.0,0.7,0.6,0.849,15.6,13.244,0.0,3.25
France,2000,Developing,78.8,13.0,3,13.63,3410.284,26.0,54.6,4,98.0,9.77,97.0,0.1,22465.642,6912498.0,0.7,0.6,0.844,15.7,78.8,13.0,3,13.63,1109.855,26.0,4,98.0,9.77,97.0,0.1,8787.614,6912498.0,0.7,0.6,0.844,15.7,13.251,0.0,3.25
Gabon,2014,Developing,65.5,237.0,2,0.01,715.282,7.0,35.8,3,68.0,3.44,7.0,2.8,9692.164,1875713.0,6.1,6.0,0.687,12.6,65.5,237.0,2,0.01,715.282,18.0,3,68.0,3.44,45.0,2.8,8787.614,1875713.0,6.1,6.0,0.687,12.6,8.656,0.0,79.0
Gabon,2013,Developing,64.6,255.0,2,8.86,154.876,79.0,35.2,3,77.0,3.98,79.0,3.7,9679.743,1817271.0,6.2,6.1,0.678,12.5,64.6,255.0,2,8.86,154.876,79.0,3,77.0,3.98,79.0,3.2,8787.614,1817271.0,6.2,6.1,0.678,12.5,8.475,0.0,85.0
Gabon,2012,Developing,63.5,276.0,2,8.3,805.393,82.0,34.6,3,8.0,3.13,82.0,4.9,9774.181,1756817.0,6.3,6.2,0.669,12.5,63.5,276.0,2,8.3,805.393,82.0,3,45.0,3.13,82.0,3.2,8787.614,1756817.0,6.3,6.2,0.669,12.5,8.362,0.0,92.0
Gabon,2011,Developing,62.8,289.0,2,8.9,133.522,75.0,34.1,3,75.0,3.12,75.0,6.0,1716.226,169711.0,6.4,6.3,0.664,12.5,62.8,289.0,2,8.9,133.522,75.0,3,75.0,3.12,75.0,3.2,1716.226,169711.0,6.4,6.3,0.664,12.5,8.3,0.002,96.333
Gabon,2010,Developing,62.3,294.0,2,8.85,145.318,67.0,33.5,3,68.0,3.41,67.0,7.0,8754.113,16421.0,6.5,6.4,0.66,12.5,62.3,294.0,2,8.85,145.318,67.0,3,68.0,3.41,67.0,3.2,8754.113,16421.0,6.5,6.4,0.66,12.5,8.25,0.0,98.0
Gabon,2009,Developing,61.7,31.0,2,8.64,52.311,79.0,33.0,3,74.0,3.43,76.0,8.0,763.662,1586754.0,6.7,6.5,0.652,12.4,61.7,31.0,2,8.64,52.311,79.0,3,74.0,3.43,76.0,3.2,763.662,1586754.0,6.7,6.5,0.652,12.4,8.085,0.004,10.333
Gabon,2008,Developing,61.6,298.0,2,8.75,11.054,82.0,32.4,3,81.0,2.54,82.0,8.9,194.275,1536411.0,6.8,6.6,0.651,12.4,61.6,298.0,2,8.75,11.054,82.0,3,81.0,2.54,82.0,3.2,194.275,1536411.0,6.8,6.6,0.651,12.4,8.072,0.013,99.333
Gabon,2007,Developing,61.6,291.0,2,9.02,545.439,75.0,31.9,3,78.0,2.86,81.0,10.0,8352.817,1489193.0,6.9,6.8,0.645,12.4,61.6,291.0,2,9.02,545.439,75.0,3,78.0,2.86,81.0,3.2,8352.817,1489193.0,6.9,6.8,0.645,12.4,7.998,0.0,97.0
Gabon,2006,Developing,61.4,288.0,2,8.01,40.537,52.0,31.4,3,44.0,2.88,45.0,10.7,727.777,1444844.0,7.1,6.9,0.646,12.4,61.4,288.0,2,8.01,40.537,52.0,3,45.0,2.88,45.0,3.2,727.777,1444844.0,7.1,6.9,0.646,12.4,8.01,0.004,96.0
Gabon,2005,Developing,65.0,37.0,2,7.72,353.244,28.0,3.8,3,44.0,2.76,45.0,10.9,6741.294,143126.0,7.2,7.1,0.64,12.4,65.0,37.0,2,7.72,353.244,28.0,3,45.0,2.76,45.0,3.2,6741.294,143126.0,7.2,7.1,0.64,12.4,7.936,0.0,12.333
Gabon,2004,Developing,59.7,322.0,2,8.13,443.475,28.0,3.3,3,44.0,3.26,45.0,11.1,5685.578,136425.0,7.4,7.2,0.64,12.3,59.7,322.0,2,8.13,443.475,28.0,3,45.0,3.26,45.0,3.2,5685.578,136425.0,7.4,7.2,0.64,12.3,7.872,0.001,107.333
Gabon,2003,Developing,59.7,32.0,2,6.47,352.232,28.0,29.8,3,44.0,3.48,45.0,11.0,4892.116,1328146.0,7.5,7.4,0.638,12.3,59.7,32.0,2,6.47,352.232,28.0,3,45.0,3.48,45.0,3.2,4892.116,1328146.0,7.5,7.4,0.638,12.3,7.847,0.001,10.667
Gabon,2002,Developing,59.7,315.0,2,8.34,22.69,28.0,29.2,3,44.0,3.22,45.0,10.7,412.553,129449.0,7.7,7.5,0.636,12.3,59.7,315.0,2,8.34,22.69,28.0,3,45.0,3.22,45.0,3.2,412.553,129449.0,7.7,7.5,0.636,12.3,7.823,0.008,105.0
Gabon,2001,Developing,59.8,37.0,2,9.29,183.698,28.0,28.7,3,44.0,3.23,45.0,10.1,3976.149,1262259.0,7.8,7.7,0.633,12.3,59.8,37.0,2,9.29,183.698,28.0,3,45.0,3.23,45.0,3.2,3976.149,1262259.0,7.8,7.7,0.633,12.3,7.786,0.001,12.333
Gabon,2000,Developing,61.0,296.0,2,8.87,218.173,28.0,28.1,3,44.0,2.89,45.0,9.5,4116.467,1231122.0,8.0,7.8,0.637,12.2,61.0,296.0,2,8.87,218.173,28.0,3,45.0,2.89,45.0,3.2,4116.467,1231122.0,8.0,7.8,0.637,12.2,7.771,0.001,98.667
Georgia,2014,Developing,74.5,125.0,1,6.13,221.483,91.0,55.3,1,91.0,7.42,91.0,0.1,4429.658,3727.0,2.7,2.8,0.759,13.5,74.5,125.0,1,6.13,221.483,91.0,1,91.0,7.42,91.0,0.1,4429.658,3727.0,2.7,2.8,0.759,13.5,10.246,0.002,125.0
Georgia,2013,Developing,74.5,128.0,1,5.91,180.379,96.0,54.4,1,94.0,7.25,93.0,0.1,4274.377,3776.0,2.7,2.8,0.755,13.5,74.5,128.0,1,5.91,180.379,96.0,1,94.0,7.25,93.0,0.1,4274.377,3776.0,2.7,2.8,0.755,13.5,10.192,0.002,128.0
Georgia,2012,Developing,74.2,13.0,1,7.71,158.258,92.0,53.6,1,93.0,8.57,92.0,0.1,4142.869,3825.0,2.6,2.8,0.749,13.4,74.2,13.0,1,7.71,158.258,92.0,1,93.0,8.57,92.0,0.1,4142.869,3825.0,2.6,2.8,0.749,13.4,10.037,0.002,13.0
Georgia,2011,Developing,73.9,127.0,1,8.14,198.949,89.0,52.8,1,88.0,9.38,94.0,0.1,3725.632,3875.0,2.6,2.8,0.742,13.3,73.9,127.0,1,8.14,198.949,89.0,1,88.0,9.38,94.0,0.1,3725.632,3875.0,2.6,2.8,0.742,13.3,9.869,0.003,127.0
Georgia,2010,Developing,73.8,132.0,1,7.24,194.173,95.0,52.0,1,88.0,1.5,92.0,0.1,2964.477,3926.0,2.6,2.8,0.738,13.3,73.8,132.0,1,7.24,194.173,95.0,1,88.0,1.5,92.0,0.1,2964.477,3926.0,2.6,2.8,0.738,13.3,9.815,0.001,132.0
Georgia,2009,Developing,73.2,133.0,1,6.66,18.531,54.0,51.3,1,93.0,1.19,88.0,0.1,276.589,3978.0,2.6,2.8,0.734,12.8,73.2,133.0,1,6.66,18.531,54.0,1,93.0,1.19,88.0,0.1,276.589,3978.0,2.6,2.8,0.734,12.8,9.395,0.004,133.0
Georgia,2008,Developing,73.9,128.0,1,7.17,151.763,89.0,5.5,1,9.0,8.99,92.0,0.1,3174.949,43.0,2.6,2.8,0.735,13.1,73.9,128.0,1,7.17,151.763,89.0,1,45.0,8.99,92.0,0.1,3174.949,43.0,2.6,2.8,0.735,13.1,9.628,0.003,128.0
Georgia,2007,Developing,74.4,12.0,1,8.65,106.165,94.0,49.9,1,88.0,8.17,98.0,0.1,2492.129,482.0,2.7,2.9,0.722,12.5,74.4,12.0,1,8.65,106.165,94.0,1,88.0,8.17,98.0,0.1,2492.129,482.0,2.7,2.9,0.722,12.5,9.025,0.003,12.0
Georgia,2006,Developing,73.9,126.0,1,6.18,110.114,84.0,49.2,1,89.0,8.39,88.0,0.1,1872.684,4136.0,2.7,2.9,0.714,12.6,73.9,126.0,1,6.18,110.114,84.0,1,89.0,8.39,88.0,0.1,1872.684,4136.0,2.7,2.9,0.714,12.6,8.996,0.004,126.0
Georgia,2004,Developing,72.3,134.0,1,3.74,7.133,64.0,48.1,1,66.0,8.53,78.0,0.1,127.367,4245.0,2.8,3.0,0.694,12.0,72.3,134.0,1,3.74,7.133,64.0,1,66.0,8.53,78.0,0.1,127.367,4245.0,2.8,3.0,0.694,12.0,8.328,0.067,134.0
Georgia,2003,Developing,72.7,132.0,1,3.36,70.542,48.0,47.5,2,74.0,8.49,75.0,0.1,928.182,431.0,2.9,3.0,0.684,11.8,72.7,132.0,1,3.36,70.542,48.0,2,74.0,8.49,75.0,0.1,928.182,431.0,2.9,3.0,0.684,11.8,8.071,0.009,66.0
Georgia,2002,Developing,71.7,142.0,2,2.72,60.558,51.0,47.0,2,89.0,8.72,84.0,0.1,779.385,4357.0,2.9,3.0,0.677,11.8,71.7,142.0,2,2.72,60.558,51.0,2,89.0,8.72,84.0,0.1,779.385,4357.0,2.9,3.0,0.677,11.8,7.989,0.011,71.0
Georgia,2001,Developing,73.0,121.0,2,2.76,57.103,61.0,46.5,2,83.0,7.82,87.0,0.1,733.974,43864.0,3.0,3.1,0.673,11.7,73.0,121.0,2,2.76,57.103,61.0,2,83.0,7.82,87.0,0.1,733.974,43864.0,3.0,3.1,0.673,11.7,7.874,0.011,60.5
Georgia,2000,Developing,71.8,129.0,2,3.28,47.817,55.0,46.0,2,81.0,6.94,8.0,0.1,691.998,44183.0,3.1,3.1,0.0,11.4,71.8,129.0,2,3.28,47.817,55.0,2,81.0,6.94,45.0,0.1,691.998,44183.0,3.1,3.1,0.27,11.4,3.078,0.01,64.5
Germany,2014,Developed,89.0,69.0,2,11.03,941.756,88.0,61.9,3,94.0,11.3,95.0,0.1,4792.653,89825.0,1.1,1.1,0.92,17.0,89.0,69.0,2,11.03,941.756,88.0,3,94.0,11.3,95.0,0.1,4792.653,89825.0,1.1,1.1,0.92,17.0,15.64,0.002,23.0
Germany,2013,Developed,86.0,71.0,2,10.94,895.878,88.0,61.4,3,94.0,11.16,95.0,0.1,4653.911,864565.0,1.1,1.1,0.919,16.9,86.0,71.0,2,10.94,895.878,88.0,3,94.0,11.16,95.0,0.1,4653.911,864565.0,1.1,1.1,0.919,16.9,15.531,0.002,23.667
Germany,2012,Developed,86.0,71.0,2,11.18,839.913,88.0,6.9,3,94.0,1.99,95.0,0.1,4465.249,8425823.0,1.1,1.1,0.916,16.9,86.0,71.0,2,11.18,839.913,88.0,3,94.0,1.99,95.0,0.1,4465.249,8425823.0,1.1,1.1,0.916,16.9,15.48,0.0,23.667
Germany,2011,Developed,85.0,74.0,2,11.2,869.791,88.0,6.4,3,94.0,1.93,95.0,0.1,4681.328,8274983.0,1.1,1.1,0.912,16.8,85.0,74.0,2,11.2,869.791,88.0,3,94.0,1.93,95.0,0.1,4681.328,8274983.0,1.1,1.1,0.912,16.8,15.322,0.0,24.667
Germany,2010,Developed,81.0,76.0,2,11.2,7584.079,88.0,59.9,3,94.0,11.25,95.0,0.1,41785.557,8177693.0,1.1,1.1,0.907,16.7,81.0,76.0,2,11.2,1109.855,88.0,3,94.0,11.25,95.0,0.1,8787.614,8177693.0,1.1,1.1,0.907,16.7,15.147,0.0,25.333
Germany,2009,Developed,80.0,79.0,2,11.22,7641.271,88.0,59.5,3,95.0,11.4,96.0,0.1,41732.772,819237.0,1.1,1.1,0.906,16.7,80.0,79.0,2,11.22,1109.855,88.0,3,95.0,11.4,96.0,0.1,8787.614,819237.0,1.1,1.1,0.906,16.7,15.13,0.0,26.333
Germany,2008,Developed,79.9,8.0,2,11.36,8285.265,87.0,59.0,3,95.0,1.39,96.0,0.1,45699.198,821197.0,1.1,1.1,0.903,16.6,79.9,8.0,2,11.36,1109.855,87.0,3,95.0,1.39,96.0,0.1,8787.614,821197.0,1.1,1.1,0.903,16.6,14.99,0.0,2.667
Germany,2007,Developed,79.8,82.0,3,11.5,7777.556,86.0,58.5,3,95.0,1.18,96.0,0.1,41814.819,82266372.0,1.1,1.1,0.898,16.6,79.8,82.0,3,11.5,1109.855,86.0,3,95.0,1.18,96.0,0.1,8787.614,17153357.0,1.1,1.1,0.898,16.6,14.907,0.0,27.333
Germany,2006,Developed,79.6,84.0,3,11.76,6407.536,87.0,58.0,3,94.0,1.34,96.0,0.1,36447.872,82376451.0,1.1,1.1,0.892,16.5,79.6,84.0,3,11.76,1109.855,87.0,3,94.0,1.34,96.0,0.1,8787.614,17153357.0,1.1,1.1,0.892,16.5,14.718,0.0,28.0
Germany,2005,Developed,79.2,85.0,3,11.67,6012.926,9.0,57.6,3,95.0,1.52,96.0,0.1,34696.629,82469422.0,1.1,1.1,0.884,16.4,79.2,85.0,3,11.67,1109.855,18.0,3,95.0,1.52,96.0,0.1,8787.614,17153357.0,1.1,1.1,0.884,16.4,14.498,0.0,28.333
Germany,2004,Developed,79.1,86.0,3,11.83,5842.375,88.0,57.1,3,96.0,1.37,96.0,0.1,34165.934,8251626.0,1.1,1.1,0.877,16.4,79.1,86.0,3,11.83,1109.855,88.0,3,96.0,1.37,96.0,0.1,8787.614,8251626.0,1.1,1.1,0.877,16.4,14.383,0.0,28.667
Germany,2002,Developed,78.4,91.0,3,12.25,437.106,87.0,56.1,4,97.0,1.4,93.0,0.1,2525.164,82488495.0,1.2,1.1,0.867,16.3,78.4,91.0,3,12.25,437.106,87.0,4,97.0,1.4,93.0,0.1,2525.164,17153357.0,1.2,1.1,0.867,16.3,14.132,0.001,22.75
Germany,2001,Developed,78.3,92.0,3,12.46,4057.637,86.0,55.6,4,96.0,1.15,93.0,0.1,23687.317,82349925.0,1.2,1.1,0.86,16.2,78.3,92.0,3,12.46,1109.855,86.0,4,96.0,1.15,93.0,0.1,8787.614,17153357.0,1.2,1.1,0.86,16.2,13.932,0.0,23.0
Germany,2000,Developed,78.0,95.0,3,12.91,4238.54,84.0,55.1,4,94.0,1.1,9.0,0.1,23718.747,8221158.0,1.2,1.2,0.855,16.2,78.0,95.0,3,12.91,1109.855,84.0,4,94.0,1.1,45.0,0.1,8787.614,8221158.0,1.2,1.2,0.855,16.2,13.851,0.0,23.75
Ghana,2014,Developing,62.1,253.0,37,0.01,97.678,98.0,28.0,54,93.0,3.56,98.0,0.8,1432.228,26962563.0,6.4,6.3,0.576,11.7,62.1,253.0,37,0.01,97.678,98.0,54,93.0,3.56,98.0,0.8,1432.228,17153357.0,6.4,6.3,0.576,11.7,6.739,0.002,4.685
Ghana,2013,Developing,61.9,254.0,38,0.01,28.669,9.0,27.3,55,91.0,4.63,9.0,0.9,1814.492,26346251.0,6.6,6.4,0.57,11.5,61.9,254.0,38,0.01,28.669,18.0,55,91.0,4.63,45.0,0.9,1814.492,17153357.0,6.6,6.4,0.57,11.5,6.555,0.003,4.618
Ghana,2012,Developing,61.6,257.0,39,0.01,151.899,92.0,26.7,56,91.0,4.79,92.0,0.9,1629.822,2573349.0,6.7,6.6,0.563,11.2,61.6,257.0,39,0.01,151.899,92.0,56,91.0,4.79,92.0,0.9,1629.822,2573349.0,6.7,6.6,0.563,11.2,6.306,0.003,4.589
Ghana,2011,Developing,61.2,263.0,40,1.64,225.222,91.0,26.1,58,91.0,4.81,91.0,1.3,1574.979,25121796.0,6.9,6.8,0.554,10.9,61.2,263.0,40,1.64,225.222,91.0,58,91.0,4.81,91.0,1.3,1574.979,17153357.0,6.9,6.8,0.554,10.9,6.039,0.003,4.534
Ghana,2010,Developing,69.0,267.0,40,1.69,195.982,94.0,25.5,59,94.0,5.33,94.0,1.9,1312.676,2451214.0,7.1,7.0,0.547,10.5,69.0,267.0,40,1.69,195.982,94.0,59,94.0,5.33,94.0,1.9,1312.676,2451214.0,7.1,7.0,0.547,10.5,5.744,0.004,4.525
Ghana,2009,Developing,66.0,271.0,41,1.76,30.723,94.0,24.9,60,94.0,5.17,94.0,2.1,186.765,2393831.0,7.3,7.2,0.542,10.4,66.0,271.0,41,1.76,30.723,94.0,60,94.0,5.17,94.0,2.1,186.765,2393831.0,7.3,7.2,0.542,10.4,5.637,0.028,4.517
Ghana,2008,Developing,63.0,275.0,41,1.78,161.011,93.0,24.2,61,92.0,4.85,93.0,2.2,1224.416,2329864.0,7.5,7.4,0.53,9.8,63.0,275.0,41,1.78,161.011,93.0,61,92.0,4.85,93.0,2.2,1224.416,2329864.0,7.5,7.4,0.53,9.8,5.194,0.004,4.508
Ghana,2007,Developing,59.9,28.0,41,1.25,3.181,94.0,23.6,61,94.0,5.3,94.0,2.6,19.687,227212.0,7.7,7.6,0.519,9.1,59.9,28.0,41,1.25,3.181,94.0,61,94.0,5.3,94.0,2.6,19.687,227212.0,7.7,7.6,0.519,9.1,4.723,0.269,0.459
Ghana,2006,Developing,59.4,288.0,41,1.7,129.026,84.0,23.0,62,84.0,4.64,84.0,2.9,922.935,22113425.0,7.9,7.9,0.51,8.7,59.4,288.0,41,1.7,129.026,84.0,62,84.0,4.64,84.0,2.9,922.935,17153357.0,7.9,7.9,0.51,8.7,4.437,0.005,4.645
Ghana,2005,Developing,58.9,296.0,41,1.5,78.711,84.0,22.4,62,85.0,4.51,84.0,3.1,498.172,215429.0,8.1,8.1,0.499,8.1,58.9,296.0,41,1.5,78.711,84.0,62,85.0,4.51,84.0,3.1,498.172,215429.0,8.1,8.1,0.499,8.1,4.042,0.009,4.774
Ghana,2004,Developing,58.3,34.0,41,1.46,53.238,8.0,21.8,62,81.0,3.96,8.0,3.2,423.194,2986536.0,8.4,8.3,0.491,7.7,58.3,34.0,41,1.46,53.238,18.0,62,81.0,3.96,45.0,3.2,423.194,2986536.0,8.4,8.3,0.491,7.7,3.781,0.009,0.548
Ghana,2003,Developing,57.9,38.0,41,1.53,31.094,8.0,21.2,63,8.0,3.12,8.0,3.4,373.282,2446782.0,8.6,8.5,0.489,7.9,57.9,38.0,41,1.53,31.094,18.0,63,45.0,3.12,45.0,3.2,373.282,2446782.0,8.6,8.5,0.489,7.9,3.863,0.008,0.603
Ghana,2002,Developing,57.6,31.0,42,1.6,3.336,8.0,2.7,63,8.0,3.7,78.0,3.5,39.484,19924522.0,8.8,8.8,0.484,7.6,57.6,31.0,42,1.6,3.336,18.0,63,45.0,3.7,78.0,3.2,39.484,17153357.0,8.8,8.8,0.484,7.6,3.678,0.094,0.492
Ghana,2001,Developing,57.4,39.0,42,1.49,25.56,8.0,2.1,64,81.0,3.56,79.0,3.5,273.66,1942165.0,9.0,9.0,0.485,8.0,57.4,39.0,42,1.49,25.56,18.0,64,81.0,3.56,79.0,3.2,273.66,1942165.0,9.0,9.0,0.485,8.0,3.88,0.013,0.609
Greece,2014,Developing,88.0,73.0,0,7.53,2163.043,96.0,66.0,0,99.0,8.8,99.0,0.1,21673.782,1892413.0,0.8,0.7,0.862,17.2,88.0,73.0,0,7.53,1109.855,96.0,0,99.0,8.8,99.0,0.1,8787.614,1892413.0,0.8,0.7,0.862,17.2,14.826,0.0,
Greece,2013,Developing,86.0,74.0,0,7.46,2183.107,98.0,65.4,0,99.0,9.26,99.0,0.1,21874.82,1965211.0,0.8,0.7,0.86,17.1,86.0,74.0,0,7.46,1109.855,98.0,0,99.0,9.26,99.0,0.1,8787.614,1965211.0,0.8,0.7,0.86,17.1,14.706,0.0,
Greece,2012,Developing,84.0,76.0,0,8.2,2528.993,98.0,64.9,0,99.0,9.24,99.0,0.1,22242.682,114511.0,0.8,0.7,0.858,16.8,84.0,76.0,0,8.2,1109.855,98.0,0,99.0,9.24,99.0,0.1,8787.614,114511.0,0.8,0.7,0.858,16.8,14.414,0.0,
Greece,2011,Developing,85.0,76.0,0,8.02,3192.887,95.0,64.3,0,99.0,9.77,99.0,0.1,25916.294,1114899.0,0.8,0.7,0.86,16.7,85.0,76.0,0,8.02,1109.855,95.0,0,99.0,9.77,99.0,0.1,8787.614,1114899.0,0.8,0.7,0.86,16.7,14.362,0.0,
Greece,2010,Developing,83.0,76.0,0,9.0,3189.754,95.0,63.7,0,99.0,9.18,99.0,0.1,26917.759,11121341.0,0.8,0.7,0.859,16.4,83.0,76.0,0,9.0,1109.855,95.0,0,99.0,9.18,99.0,0.1,8787.614,11121341.0,0.8,0.7,0.859,16.4,14.088,0.0,
Greece,2009,Developing,80.0,78.0,0,9.08,372.685,95.0,63.1,0,99.0,9.76,99.0,0.1,2971.973,111717.0,0.8,0.7,0.857,16.2,80.0,78.0,0,9.08,372.685,95.0,0,99.0,9.76,99.0,0.1,2971.973,111717.0,0.8,0.7,0.857,16.2,13.883,0.003,
Greece,2007,Developing,79.4,8.0,0,9.67,3632.243,95.0,61.8,0,99.0,9.41,99.0,0.1,28827.326,1148473.0,0.8,0.7,0.855,16.4,79.4,8.0,0,9.67,1109.855,95.0,0,99.0,9.41,99.0,0.1,8787.614,1148473.0,0.8,0.7,0.855,16.4,14.022,0.0,
Greece,2006,Developing,79.7,77.0,0,9.42,318.581,94.0,61.2,1,98.0,9.34,98.0,0.1,2481.158,112362.0,0.8,0.7,0.85,16.3,79.7,77.0,0,9.42,318.581,94.0,1,98.0,9.34,98.0,0.1,2481.158,112362.0,0.8,0.7,0.85,16.3,13.855,0.004,77.0
Greece,2005,Developing,79.3,81.0,0,9.95,2785.139,93.0,6.5,1,96.0,9.36,96.0,0.1,22551.736,1987314.0,0.8,0.7,0.839,15.6,79.3,81.0,0,9.95,1109.855,93.0,1,96.0,9.36,96.0,0.1,8787.614,1987314.0,0.8,0.7,0.839,15.6,13.088,0.0,81.0
Greece,2004,Developing,79.2,81.0,0,9.56,287.612,92.0,59.9,1,95.0,8.3,95.0,0.1,21955.149,1955141.0,0.8,0.8,0.83,15.3,79.2,81.0,0,9.56,287.612,92.0,1,95.0,8.3,95.0,0.1,8787.614,1955141.0,0.8,0.8,0.83,15.3,12.699,0.0,81.0
Greece,2003,Developing,79.1,81.0,0,9.46,2124.922,92.0,59.2,1,93.0,8.61,94.0,0.1,18477.578,19287.0,0.8,0.8,0.823,15.2,79.1,81.0,0,9.46,1109.855,92.0,1,93.0,8.61,94.0,0.1,8787.614,19287.0,0.8,0.8,0.823,15.2,12.51,0.0,81.0
Greece,2002,Developing,79.0,81.0,1,8.09,160.89,91.0,58.6,1,92.0,8.72,92.0,0.1,1411.313,19222.0,0.8,0.8,0.811,14.6,79.0,81.0,1,8.09,160.89,91.0,1,92.0,8.72,92.0,0.1,1411.313,19222.0,0.8,0.8,0.811,14.6,11.841,0.006,81.0
Greece,2001,Developing,78.7,83.0,1,8.62,1403.022,9.0,58.0,1,9.0,8.47,91.0,0.1,12538.179,1862132.0,0.9,0.8,0.801,14.2,78.7,83.0,1,8.62,1109.855,18.0,1,45.0,8.47,91.0,0.1,8787.614,1862132.0,0.9,0.8,0.801,14.2,11.374,0.001,83.0
Greece,2000,Developing,78.2,84.0,1,8.48,122.182,89.0,57.4,1,89.0,7.6,89.0,0.1,1242.954,18588.0,0.9,0.8,0.794,13.9,78.2,84.0,1,8.48,122.182,89.0,1,89.0,7.6,89.0,0.1,1242.954,18588.0,0.9,0.8,0.794,13.9,11.037,0.006,84.0
Guatemala,2014,Developing,71.7,187.0,10,1.88,657.528,73.0,49.9,13,65.0,6.2,73.0,0.4,3687.764,15923559.0,1.2,1.2,0.614,10.7,71.7,187.0,10,1.88,657.528,73.0,13,65.0,6.2,73.0,0.4,3687.764,15923559.0,1.2,1.2,0.614,10.7,6.57,0.002,14.385
Guatemala,2013,Developing,71.4,189.0,11,1.93,582.147,85.0,49.3,13,84.0,6.3,85.0,0.4,3452.829,15596214.0,1.2,1.2,0.611,10.7,71.4,189.0,11,1.93,582.147,85.0,13,84.0,6.3,85.0,0.4,3452.829,15596214.0,1.2,1.2,0.611,10.7,6.538,0.002,14.538
Guatemala,2012,Developing,71.3,189.0,11,2.02,484.719,96.0,48.6,13,94.0,6.33,96.0,0.4,3299.651,1527156.0,1.2,1.2,0.616,10.6,71.3,189.0,11,2.02,484.719,96.0,13,94.0,6.33,96.0,0.4,3299.651,1527156.0,1.2,1.2,0.616,10.6,6.53,0.002,14.538
Guatemala,2011,Developing,71.1,193.0,11,2.16,457.775,88.0,47.9,14,88.0,6.28,88.0,0.4,3187.845,14948919.0,1.2,1.2,0.609,10.5,71.1,193.0,11,2.16,457.775,88.0,14,88.0,6.28,88.0,0.4,3187.845,14948919.0,1.2,1.2,0.609,10.5,6.394,0.002,13.786
Guatemala,2010,Developing,77.0,196.0,12,2.14,443.325,94.0,47.2,14,94.0,6.64,94.0,0.4,2825.525,1463417.0,1.3,1.3,0.602,10.5,77.0,196.0,12,2.14,443.325,94.0,14,94.0,6.64,94.0,0.4,2825.525,1463417.0,1.3,1.3,0.602,10.5,6.321,0.002,14.0
Guatemala,2009,Developing,76.0,198.0,12,2.14,445.442,92.0,46.5,15,92.0,6.79,92.0,0.4,2635.753,1431628.0,1.3,1.3,0.596,10.4,76.0,198.0,12,2.14,445.442,92.0,15,92.0,6.79,92.0,0.4,2635.753,1431628.0,1.3,1.3,0.596,10.4,6.198,0.003,13.2
Guatemala,2008,Developing,79.0,19.0,13,2.21,472.223,95.0,45.9,15,96.0,6.65,95.0,0.4,2794.222,146366.0,1.3,1.3,0.589,10.4,79.0,19.0,13,2.21,472.223,95.0,15,96.0,6.65,95.0,0.4,2794.222,146366.0,1.3,1.3,0.589,10.4,6.126,0.002,1.267
Guatemala,2007,Developing,75.0,192.0,13,2.4,380.963,85.0,45.2,16,85.0,6.86,85.0,0.4,2489.956,137286.0,1.3,1.3,0.578,10.1,75.0,192.0,13,2.4,380.963,85.0,16,85.0,6.86,85.0,0.4,2489.956,137286.0,1.3,1.3,0.578,10.1,5.838,0.003,12.0
Guatemala,2006,Developing,69.7,24.0,14,2.38,352.024,89.0,44.5,17,9.0,7.7,89.0,0.4,2256.567,133978.0,1.4,1.4,0.57,9.8,69.7,24.0,14,2.38,352.024,89.0,17,45.0,7.7,89.0,0.4,2256.567,133978.0,1.4,1.4,0.57,9.8,5.586,0.003,1.412
Guatemala,2005,Developing,69.2,28.0,14,2.35,41.508,87.0,43.8,18,87.0,6.79,87.0,0.4,277.834,139628.0,1.4,1.4,0.567,9.6,69.2,28.0,14,2.35,41.508,87.0,18,87.0,6.79,87.0,0.4,277.834,139628.0,1.4,1.4,0.567,9.6,5.443,0.024,1.556
Guatemala,2004,Developing,69.6,21.0,15,2.4,288.402,87.0,43.1,18,88.0,6.77,87.0,0.4,1872.738,12796925.0,1.4,1.4,0.564,9.3,69.6,21.0,15,2.4,288.402,87.0,18,88.0,6.77,87.0,0.4,1872.738,12796925.0,1.4,1.4,0.564,9.3,5.245,0.004,1.167
Guatemala,2003,Developing,69.4,24.0,15,2.45,249.326,87.0,42.4,19,84.0,6.88,84.0,0.4,1753.349,125478.0,1.4,1.4,0.56,9.0,69.4,24.0,15,2.45,249.326,87.0,19,84.0,6.88,84.0,0.4,1753.349,125478.0,1.4,1.4,0.56,9.0,5.04,0.004,1.263
Guatemala,2002,Developing,69.3,21.0,16,2.41,25.25,87.0,41.7,20,82.0,6.71,82.0,0.3,171.771,1228848.0,1.5,1.5,0.553,8.8,69.3,21.0,16,2.41,25.25,87.0,20,82.0,6.71,82.0,0.3,171.771,1228848.0,1.5,1.5,0.553,8.8,4.866,0.039,1.05
Guatemala,2001,Developing,68.4,211.0,16,2.53,225.062,87.0,41.1,20,78.0,6.76,77.0,0.3,1568.376,11924946.0,1.5,1.5,0.546,8.5,68.4,211.0,16,2.53,225.062,87.0,20,78.0,6.76,77.0,0.3,1568.376,11924946.0,1.5,1.5,0.546,8.5,4.641,0.004,10.55
Guinea,2014,Developing,58.1,299.0,27,0.01,50.58,51.0,22.7,41,42.0,5.64,51.0,0.5,561.997,118559.0,7.5,7.4,0.412,8.6,58.1,299.0,27,0.01,50.58,51.0,41,45.0,5.64,51.0,0.5,561.997,118559.0,7.5,7.4,0.412,8.6,3.543,0.01,7.293
Guinea,2013,Developing,58.8,284.0,27,0.01,5.141,63.0,22.2,41,63.0,5.49,63.0,1.0,54.169,11536615.0,7.7,7.6,0.406,8.5,58.8,284.0,27,0.01,5.141,63.0,41,63.0,5.49,63.0,1.0,54.169,11536615.0,7.7,7.6,0.406,8.5,3.451,0.101,6.927
Guinea,2012,Developing,58.4,288.0,28,0.01,4.345,62.0,21.7,42,63.0,5.39,62.0,1.9,52.349,11281469.0,7.8,7.8,0.396,8.5,58.4,288.0,28,0.01,4.345,62.0,42,63.0,5.39,62.0,1.9,52.349,11281469.0,7.8,7.8,0.396,8.5,3.366,0.103,6.857
Guinea,2011,Developing,58.1,29.0,28,0.22,42.255,63.0,21.2,43,63.0,4.73,63.0,2.0,459.291,113517.0,8.0,8.0,0.385,8.4,58.1,29.0,28,0.22,42.255,63.0,43,63.0,4.73,63.0,2.0,459.291,113517.0,8.0,8.0,0.385,8.4,3.234,0.01,0.674
Guinea,2010,Developing,57.8,291.0,29,0.2,29.747,64.0,2.8,44,62.0,4.55,64.0,2.2,438.751,179417.0,8.2,8.2,0.38,8.3,57.8,291.0,29,0.2,29.747,64.0,44,62.0,4.55,64.0,2.2,438.751,179417.0,8.2,8.2,0.38,8.3,3.154,0.01,6.614
Guinea,2009,Developing,57.3,297.0,29,0.18,24.848,57.0,2.3,46,6.0,3.85,57.0,2.3,436.69,1556524.0,8.4,8.4,0.376,8.1,57.3,297.0,29,0.18,24.848,57.0,46,45.0,3.85,57.0,2.3,436.69,1556524.0,8.4,8.4,0.376,8.1,3.046,0.009,6.457
Guinea,2008,Developing,56.8,33.0,30,0.21,19.685,57.0,19.8,47,59.0,3.21,6.0,2.3,437.447,1323142.0,8.6,8.6,0.371,7.9,56.8,33.0,30,0.21,19.685,57.0,47,59.0,3.21,45.0,2.3,437.447,1323142.0,8.6,8.6,0.371,7.9,2.931,0.007,0.702
Guinea,2007,Developing,56.4,36.0,31,0.19,1.4,57.0,19.4,48,46.0,3.8,63.0,2.4,49.457,196727.0,8.9,8.8,0.364,7.6,56.4,36.0,31,0.19,1.4,57.0,48,46.0,3.8,63.0,2.4,49.457,196727.0,8.9,8.8,0.364,7.6,2.766,0.077,0.75
Guinea,2006,Developing,55.6,317.0,31,0.16,10.384,57.0,19.0,49,53.0,3.2,57.0,2.6,296.684,9881428.0,9.1,9.1,0.356,7.1,55.6,317.0,31,0.16,10.384,57.0,49,53.0,3.2,57.0,2.6,296.684,9881428.0,9.1,9.1,0.356,7.1,2.528,0.011,6.469
Guinea,2005,Developing,54.7,327.0,32,0.21,1.1,57.0,18.5,51,59.0,2.82,59.0,2.7,33.424,9679745.0,9.3,9.3,0.346,6.6,54.7,327.0,32,0.21,1.1,57.0,51,59.0,2.82,59.0,2.7,33.424,9679745.0,9.3,9.3,0.346,6.6,2.284,0.084,6.412
Guinea,2004,Developing,54.0,334.0,33,0.34,18.93,57.0,18.1,53,65.0,3.14,6.0,2.8,386.329,949229.0,9.5,9.5,0.325,5.1,54.0,334.0,33,0.34,18.93,57.0,53,65.0,3.14,45.0,2.8,386.329,949229.0,9.5,9.5,0.325,5.1,1.658,0.008,6.302
Guinea,2003,Developing,53.3,338.0,34,0.18,2.395,57.0,17.7,55,61.0,3.45,57.0,2.9,37.193,939848.0,9.7,9.7,0.338,5.9,53.3,338.0,34,0.18,2.395,57.0,55,61.0,3.45,57.0,2.9,37.193,939848.0,9.7,9.7,0.338,5.9,1.994,0.093,6.145
Guinea,2002,Developing,52.9,337.0,35,0.21,21.338,57.0,17.3,56,56.0,3.76,53.0,3.0,322.811,9137345.0,9.9,9.9,0.329,5.5,52.9,337.0,35,0.21,21.338,57.0,56,56.0,3.76,53.0,3.0,322.811,9137345.0,9.9,9.9,0.329,5.5,1.81,0.012,6.018
Guinea,2001,Developing,52.5,336.0,36,0.17,19.898,57.0,16.9,58,52.0,3.65,5.0,3.0,315.84,8971139.0,1.1,1.1,0.322,5.1,52.5,336.0,36,0.17,19.898,57.0,58,52.0,3.65,45.0,3.0,315.84,8971139.0,1.1,1.1,0.322,5.1,1.642,0.012,5.793
Guinea,2000,Developing,52.5,328.0,37,0.17,2.216,57.0,16.6,60,47.0,3.46,46.0,3.0,34.517,888546.0,1.3,1.3,0.316,4.8,52.5,328.0,37,0.17,2.216,57.0,60,47.0,3.46,46.0,3.0,34.517,888546.0,1.3,1.3,0.316,4.8,1.517,0.1,5.467
Guinea-Bissau,2014,Developing,58.4,282.0,4,0.01,50.061,87.0,25.6,6,87.0,5.59,87.0,3.4,642.626,1725744.0,7.3,7.1,0.419,9.2,58.4,282.0,4,0.01,50.061,87.0,6,87.0,5.59,87.0,3.2,642.626,1725744.0,7.3,7.1,0.419,9.2,3.855,0.009,47.0
Guinea-Bissau,2013,Developing,58.1,279.0,4,0.01,8.201,87.0,25.0,6,87.0,6.14,87.0,4.5,61.566,1681495.0,7.5,7.3,0.415,9.1,58.1,279.0,4,0.01,8.201,87.0,6,87.0,6.14,87.0,3.2,61.566,1681495.0,7.5,7.3,0.415,9.1,3.776,0.1,46.5
Guinea-Bissau,2012,Developing,57.6,285.0,4,0.01,0.949,87.0,24.3,6,87.0,5.96,87.0,5.3,67.752,1638139.0,7.7,7.5,0.416,9.1,57.6,285.0,4,0.01,0.949,87.0,6,87.0,5.96,87.0,3.2,67.752,1638139.0,7.7,7.5,0.416,9.1,3.786,0.088,47.5
Guinea-Bissau,2011,Developing,57.1,289.0,4,3.57,40.454,86.0,23.7,7,85.0,5.46,86.0,5.7,692.7,1596154.0,7.8,7.7,0.41,9.0,57.1,289.0,4,3.57,40.454,86.0,7,85.0,5.46,86.0,3.2,692.7,1596154.0,7.8,7.7,0.41,9.0,3.69,0.008,41.286
Guinea-Bissau,2010,Developing,56.7,287.0,4,3.21,53.308,83.0,23.1,7,82.0,6.7,83.0,5.9,543.957,155588.0,8.0,7.9,0.405,8.9,56.7,287.0,4,3.21,53.308,83.0,7,82.0,6.7,83.0,3.2,543.957,155588.0,8.0,7.9,0.405,8.9,3.605,0.012,41.0
Guinea-Bissau,2009,Developing,56.3,288.0,4,2.55,47.13,8.0,22.5,7,78.0,6.81,8.0,6.0,544.223,1517448.0,8.3,8.1,0.401,8.9,56.3,288.0,4,2.55,47.13,18.0,7,78.0,6.81,45.0,3.2,544.223,1517448.0,8.3,8.1,0.401,8.9,3.569,0.013,41.143
Guinea-Bissau,2008,Developing,55.6,297.0,5,2.64,28.302,8.0,21.9,7,77.0,6.5,77.0,6.0,583.545,148841.0,8.5,8.4,0.398,8.8,55.6,297.0,5,2.64,28.302,18.0,7,77.0,6.5,77.0,3.2,583.545,148841.0,8.5,8.4,0.398,8.8,3.502,0.011,42.429
Guinea-Bissau,2007,Developing,55.0,32.0,5,2.98,31.069,8.0,21.3,7,76.0,6.1,74.0,5.7,481.695,1445958.0,8.7,8.6,0.394,8.8,55.0,32.0,5,2.98,31.069,18.0,7,76.0,6.1,74.0,3.2,481.695,1445958.0,8.7,8.6,0.394,8.8,3.467,0.013,4.571
Guinea-Bissau,2006,Developing,54.4,36.0,5,3.22,21.534,8.0,2.7,8,74.0,5.87,71.0,5.6,418.945,1412669.0,8.9,8.8,0.388,8.3,54.4,36.0,5,3.22,21.534,18.0,8,74.0,5.87,71.0,3.2,418.945,1412669.0,8.9,8.8,0.388,8.3,3.22,0.014,4.5
Guinea-Bissau,2005,Developing,53.9,37.0,5,3.1,22.098,8.0,2.1,8,73.0,5.72,68.0,5.4,424.953,138838.0,9.2,9.0,0.0,8.0,53.9,37.0,5,3.1,22.098,18.0,8,73.0,5.72,68.0,3.2,424.953,138838.0,9.2,9.0,0.27,8.0,2.16,0.013,4.625
Guinea-Bissau,2004,Developing,53.5,38.0,5,2.58,13.53,8.0,19.6,8,69.0,5.41,64.0,5.0,393.314,135345.0,9.4,9.3,0.0,7.7,53.5,38.0,5,2.58,13.53,18.0,8,69.0,5.41,64.0,3.2,393.314,135345.0,9.4,9.3,0.27,7.7,2.079,0.014,4.75
Guinea-Bissau,2003,Developing,53.0,38.0,5,2.16,2.527,8.0,19.0,8,65.0,5.62,6.0,4.6,36.572,132122.0,9.6,9.5,0.0,7.4,53.0,38.0,5,2.16,2.527,18.0,8,65.0,5.62,45.0,3.2,36.572,132122.0,9.6,9.5,0.27,7.4,1.998,0.154,4.75
Guinea-Bissau,2002,Developing,52.8,35.0,5,2.47,24.658,8.0,18.5,8,61.0,5.84,57.0,4.1,321.481,1293523.0,9.8,9.7,0.0,7.1,52.8,35.0,5,2.47,24.658,18.0,8,61.0,5.84,57.0,3.2,321.481,1293523.0,9.8,9.7,0.27,7.1,1.917,0.018,4.375
Guinea-Bissau,2001,Developing,52.5,32.0,5,2.55,0.869,8.0,17.9,9,56.0,5.4,53.0,3.6,39.487,1267512.0,1.0,1.0,0.0,6.7,52.5,32.0,5,2.55,0.869,18.0,9,56.0,5.4,53.0,3.2,39.487,1267512.0,1.0,1.0,0.27,6.7,1.809,0.137,3.556
Guinea-Bissau,2000,Developing,52.1,3.0,5,2.84,6.699,8.0,17.4,9,52.0,4.94,49.0,3.1,297.752,1243229.0,1.2,1.2,0.0,6.4,52.1,3.0,5,2.84,6.699,18.0,9,52.0,4.94,49.0,3.1,297.752,1243229.0,1.2,1.2,0.27,6.4,1.728,0.017,0.333
Guyana,2014,Developing,66.0,217.0,0,7.64,4.141,98.0,45.9,1,97.0,5.25,98.0,0.3,43.823,763393.0,5.5,5.3,0.636,10.3,66.0,217.0,0,7.64,4.141,98.0,1,97.0,5.25,98.0,0.3,43.823,763393.0,5.5,5.3,0.636,10.3,6.551,0.12,217.0
Guyana,2013,Developing,65.9,218.0,0,7.56,345.904,98.0,45.0,1,98.0,5.1,98.0,0.3,3944.178,75881.0,5.5,5.3,0.633,10.3,65.9,218.0,0,7.56,345.904,98.0,1,98.0,5.1,98.0,0.3,3944.178,75881.0,5.5,5.3,0.633,10.3,6.52,0.001,218.0
Guyana,2012,Developing,65.8,22.0,0,7.57,497.472,97.0,44.1,1,97.0,6.57,97.0,0.3,3785.936,75391.0,5.6,5.3,0.63,10.6,65.8,22.0,0,7.57,497.472,97.0,1,97.0,6.57,97.0,0.3,3785.936,75391.0,5.6,5.3,0.63,10.6,6.678,0.002,22.0
Guyana,2011,Developing,65.6,229.0,0,7.56,536.233,93.0,43.2,1,93.0,6.8,93.0,0.4,3439.598,7491.0,5.6,5.3,0.624,10.3,65.6,229.0,0,7.56,536.233,93.0,1,93.0,6.8,93.0,0.4,3439.598,7491.0,5.6,5.3,0.624,10.3,6.427,0.002,229.0
Guyana,2010,Developing,65.9,221.0,0,7.52,48.029,95.0,42.4,1,95.0,6.6,95.0,0.4,326.281,746556.0,5.6,5.3,0.618,10.2,65.9,221.0,0,7.52,48.029,95.0,1,95.0,6.6,95.0,0.4,326.281,746556.0,5.6,5.3,0.618,10.2,6.304,0.02,221.0
Guyana,2009,Developing,66.1,218.0,0,7.49,466.669,98.0,41.6,1,97.0,7.32,98.0,0.3,2716.353,745693.0,5.6,5.4,0.618,10.5,66.1,218.0,0,7.49,466.669,98.0,1,97.0,7.32,98.0,0.3,2716.353,745693.0,5.6,5.4,0.618,10.5,6.489,0.003,218.0
Guyana,2008,Developing,66.3,218.0,1,7.32,493.328,93.0,4.9,1,93.0,7.46,93.0,0.8,2576.125,746314.0,5.6,5.4,0.618,10.7,66.3,218.0,1,7.32,493.328,93.0,1,93.0,7.46,93.0,0.8,2576.125,746314.0,5.6,5.4,0.618,10.7,6.613,0.003,218.0
Guyana,2007,Developing,65.7,232.0,1,7.2,362.87,94.0,4.3,1,94.0,6.45,94.0,1.9,2327.583,747869.0,5.7,5.5,0.62,11.2,65.7,232.0,1,7.2,362.87,94.0,1,94.0,6.45,94.0,1.9,2327.583,747869.0,5.7,5.5,0.62,11.2,6.944,0.003,232.0
Guyana,2006,Developing,65.2,24.0,1,7.04,170.633,93.0,39.6,1,92.0,4.67,93.0,1.1,1945.64,74961.0,5.7,5.5,0.622,11.7,65.2,24.0,1,7.04,170.633,93.0,1,92.0,4.67,93.0,1.1,1945.64,74961.0,5.7,5.5,0.622,11.7,7.277,0.002,24.0
Guyana,2005,Developing,65.0,238.0,1,7.35,17.464,93.0,39.0,1,93.0,5.83,93.0,1.8,198.455,75946.0,5.7,5.5,0.619,11.4,65.0,238.0,1,7.35,17.464,93.0,1,93.0,5.83,93.0,1.8,198.455,75946.0,5.7,5.5,0.619,11.4,7.057,0.029,238.0
Guyana,2004,Developing,65.1,237.0,1,7.84,1.776,91.0,38.4,1,91.0,5.73,91.0,1.9,145.589,751652.0,5.8,5.6,0.613,11.2,65.1,237.0,1,7.84,1.776,91.0,1,91.0,5.73,91.0,1.9,145.589,751652.0,5.8,5.6,0.613,11.2,6.866,0.039,237.0
Guyana,2003,Developing,65.3,237.0,1,7.93,16.479,9.0,37.8,1,91.0,5.97,9.0,2.1,986.796,751857.0,5.8,5.6,0.611,11.1,65.3,237.0,1,7.93,16.479,18.0,1,91.0,5.97,45.0,2.1,986.796,751857.0,5.8,5.6,0.611,11.1,6.782,0.006,237.0
Guyana,2001,Developing,65.4,247.0,1,6.71,15.55,85.0,36.4,1,9.0,5.82,85.0,1.7,925.583,752263.0,5.9,5.7,0.606,10.9,65.4,247.0,1,6.71,15.55,85.0,1,45.0,5.82,85.0,1.7,925.583,752263.0,5.9,5.7,0.606,10.9,6.605,0.006,247.0
Guyana,2000,Developing,65.4,246.0,1,6.63,16.755,85.0,35.7,1,79.0,5.85,88.0,1.1,946.599,75331.0,5.9,5.8,0.602,10.9,65.4,246.0,1,6.63,16.755,85.0,1,79.0,5.85,88.0,1.1,946.599,75331.0,5.9,5.8,0.602,10.9,6.562,0.006,246.0
Haiti,2014,Developing,63.1,245.0,14,0.01,5.103,48.0,48.8,19,55.0,7.56,48.0,0.5,83.115,1572466.0,3.9,3.9,0.487,9.1,63.1,245.0,14,0.01,5.103,48.0,19,55.0,7.56,48.0,0.5,83.115,1572466.0,3.9,3.9,0.487,9.1,4.432,0.091,12.895
Haiti,2013,Developing,62.7,253.0,14,5.68,4.99,68.0,47.7,19,67.0,8.1,68.0,0.5,81.266,1431776.0,3.9,3.9,0.483,9.1,62.7,253.0,14,5.68,4.99,68.0,19,67.0,8.1,68.0,0.5,81.266,1431776.0,3.9,3.9,0.483,9.1,4.395,0.1,13.316
Haiti,2012,Developing,62.3,259.0,15,5.68,26.379,68.0,46.5,20,67.0,9.88,67.0,0.8,766.844,128921.0,3.9,3.9,0.477,8.9,62.3,259.0,15,5.68,26.379,68.0,20,67.0,9.88,67.0,0.8,766.844,128921.0,3.9,3.9,0.477,8.9,4.245,0.013,12.95
Haiti,2011,Developing,62.3,259.0,15,5.68,4.106,68.0,45.3,20,67.0,1.41,68.0,1.5,74.936,114554.0,4.0,4.0,0.47,8.7,62.3,259.0,15,5.68,4.106,68.0,20,67.0,1.41,68.0,1.5,74.936,114554.0,4.0,4.0,0.47,8.7,4.089,0.019,12.95
Haiti,2010,Developing,36.3,682.0,23,5.76,36.293,68.0,44.2,58,66.0,8.9,66.0,1.9,662.28,9999617.0,4.0,4.0,0.47,8.6,45.3,491.0,23,5.76,36.293,68.0,58,66.0,8.9,66.0,1.9,662.28,9999617.0,4.0,4.0,0.47,8.6,4.042,0.013,8.466
Haiti,2009,Developing,62.5,251.0,16,5.85,41.301,68.0,43.0,21,65.0,6.68,65.0,2.0,668.298,985287.0,4.1,4.1,0.466,8.5,62.5,251.0,16,5.85,41.301,68.0,21,65.0,6.68,65.0,2.0,668.298,985287.0,4.1,4.1,0.466,8.5,3.961,0.01,11.952
Haiti,2008,Developing,62.1,259.0,16,5.95,63.832,68.0,41.8,22,64.0,5.92,63.0,2.4,674.756,97529.0,4.2,4.2,0.462,8.4,62.1,259.0,16,5.95,63.832,68.0,22,64.0,5.92,63.0,2.4,674.756,97529.0,4.2,4.2,0.462,8.4,3.881,0.009,11.773
Haiti,2007,Developing,61.8,266.0,17,6.08,56.779,68.0,4.7,23,62.0,5.56,63.0,2.7,615.82,9556889.0,4.2,4.2,0.458,8.4,61.8,266.0,17,6.08,56.779,68.0,23,62.0,5.56,63.0,2.7,615.82,9556889.0,4.2,4.2,0.458,8.4,3.847,0.009,11.565
Haiti,2006,Developing,61.1,28.0,17,6.18,6.996,68.0,39.6,23,61.0,5.7,6.0,3.3,55.476,949457.0,4.3,4.3,0.455,8.3,61.1,28.0,17,6.18,6.996,68.0,23,61.0,5.7,45.0,3.2,55.476,949457.0,4.3,4.3,0.455,8.3,3.777,0.103,1.217
Haiti,2005,Developing,65.0,29.0,17,5.57,38.109,68.0,38.5,24,6.0,4.41,6.0,3.9,465.312,926344.0,4.4,4.4,0.452,8.2,65.0,29.0,17,5.57,38.109,68.0,24,45.0,4.41,45.0,3.2,465.312,926344.0,4.4,4.4,0.452,8.2,3.706,0.009,1.208
Haiti,2004,Developing,58.7,32.0,18,6.1,64.399,68.0,37.5,24,58.0,5.61,55.0,4.3,387.943,9119178.0,4.5,4.5,0.45,8.1,58.7,32.0,18,6.1,64.399,68.0,24,58.0,5.61,55.0,3.2,387.943,9119178.0,4.5,4.5,0.45,8.1,3.645,0.014,1.333
Haiti,2003,Developing,59.7,3.0,18,6.64,44.257,68.0,36.5,25,56.0,5.32,53.0,4.6,329.783,8976552.0,4.5,4.6,0.447,8.1,59.7,3.0,18,6.64,44.257,68.0,25,56.0,5.32,53.0,3.2,329.783,8976552.0,4.5,4.6,0.447,8.1,3.621,0.016,0.12
Haiti,2002,Developing,59.3,33.0,19,6.1,50.286,68.0,35.6,26,54.0,5.47,48.0,4.8,393.163,8834733.0,4.6,4.7,0.444,8.0,59.3,33.0,19,6.1,50.286,68.0,26,54.0,5.47,48.0,3.2,393.163,8834733.0,4.6,4.7,0.444,8.0,3.552,0.014,1.269
Haiti,2001,Developing,58.9,35.0,19,6.22,60.778,68.0,34.8,27,52.0,5.63,45.0,5.0,413.738,8692567.0,4.7,4.7,0.443,7.9,58.9,35.0,19,6.22,60.778,68.0,27,52.0,5.63,45.0,3.2,413.738,8692567.0,4.7,4.7,0.443,7.9,3.5,0.014,1.296
Honduras,2014,Developing,74.5,149.0,3,2.87,345.378,97.0,5.2,4,97.0,8.72,97.0,0.3,2242.712,889216.0,2.1,2.1,0.618,11.4,74.5,149.0,3,2.87,345.378,97.0,4,97.0,8.72,97.0,0.3,2242.712,889216.0,2.1,2.1,0.618,11.4,7.045,0.004,37.25
Honduras,2013,Developing,74.3,15.0,4,3.11,311.755,97.0,49.3,4,97.0,9.15,97.0,0.4,2136.774,8657785.0,2.2,2.1,0.614,11.6,74.3,15.0,4,3.11,311.755,97.0,4,97.0,9.15,97.0,0.4,2136.774,8657785.0,2.2,2.1,0.614,11.6,7.122,0.004,3.75
Honduras,2012,Developing,74.1,151.0,4,3.11,363.572,97.0,48.4,4,97.0,9.78,97.0,0.4,2178.383,855646.0,2.2,2.1,0.614,11.6,74.1,151.0,4,3.11,363.572,97.0,4,97.0,9.78,97.0,0.4,2178.383,855646.0,2.2,2.1,0.614,11.6,7.122,0.004,37.75
Honduras,2010,Developing,73.6,156.0,4,3.1,302.106,97.0,46.8,5,97.0,8.45,97.0,0.4,1932.858,8194778.0,2.3,2.2,0.606,11.5,73.6,156.0,4,3.1,302.106,97.0,5,97.0,8.45,97.0,0.4,1932.858,8194778.0,2.3,2.2,0.606,11.5,6.969,0.004,31.2
Honduras,2009,Developing,73.4,157.0,4,3.08,286.121,97.0,45.9,5,97.0,8.84,97.0,0.5,1815.489,83521.0,2.3,2.2,0.603,11.3,73.4,157.0,4,3.08,286.121,97.0,5,97.0,8.84,97.0,0.5,1815.489,83521.0,2.3,2.2,0.603,11.3,6.814,0.005,31.4
Honduras,2008,Developing,73.2,159.0,4,3.14,231.911,92.0,45.1,5,93.0,8.4,93.0,0.6,1751.596,7872658.0,2.3,2.3,0.597,11.1,73.2,159.0,4,3.14,231.911,92.0,5,93.0,8.4,93.0,0.6,1751.596,7872658.0,2.3,2.3,0.597,11.1,6.627,0.005,31.8
Honduras,2007,Developing,73.0,16.0,5,3.16,222.482,93.0,44.3,6,94.0,7.89,94.0,0.7,1592.572,777972.0,2.4,2.3,0.59,10.9,73.0,16.0,5,3.16,222.482,93.0,6,94.0,7.89,94.0,0.7,1592.572,777972.0,2.4,2.3,0.59,10.9,6.431,0.005,2.667
Honduras,2006,Developing,72.8,161.0,5,3.23,192.93,94.0,43.5,6,94.0,7.63,95.0,0.8,1437.629,754146.0,2.4,2.4,0.583,10.8,72.8,161.0,5,3.23,192.93,94.0,6,94.0,7.63,95.0,0.8,1437.629,754146.0,2.4,2.4,0.583,10.8,6.296,0.005,26.833
Honduras,2005,Developing,72.5,163.0,5,3.23,203.713,97.0,42.8,6,98.0,7.81,98.0,0.9,1311.742,737343.0,2.5,2.4,0.577,10.6,72.5,163.0,5,3.23,203.713,97.0,6,98.0,7.81,98.0,0.9,1311.742,737343.0,2.5,2.4,0.577,10.6,6.116,0.006,27.167
Honduras,2004,Developing,72.2,165.0,5,3.02,188.25,93.0,42.0,7,94.0,7.89,94.0,1.2,1217.658,724153.0,2.6,2.5,0.571,10.4,72.2,165.0,5,3.02,188.25,93.0,7,94.0,7.89,94.0,1.2,1217.658,724153.0,2.6,2.5,0.571,10.4,5.938,0.006,23.571
Honduras,2002,Developing,71.6,169.0,6,3.09,154.864,94.0,4.4,7,95.0,7.28,95.0,1.5,1132.872,6863157.0,2.7,2.6,0.561,10.1,71.6,169.0,6,3.09,154.864,94.0,7,95.0,7.28,95.0,1.5,1132.872,6863157.0,2.7,2.6,0.561,10.1,5.666,0.006,24.143
Honduras,2001,Developing,71.3,171.0,6,2.74,15.362,95.0,39.6,8,99.0,6.88,96.0,1.6,113.455,669361.0,2.7,2.7,0.557,9.9,71.3,171.0,6,2.74,15.362,95.0,8,99.0,6.88,96.0,1.6,113.455,669361.0,2.7,2.7,0.557,9.9,5.514,0.061,21.375
Honduras,2000,Developing,71.0,174.0,6,2.61,28.808,93.0,38.8,8,88.0,6.63,94.0,1.7,188.783,6524283.0,2.8,2.7,0.551,9.8,71.0,174.0,6,2.61,28.808,93.0,8,88.0,6.63,94.0,1.7,188.783,6524283.0,2.8,2.7,0.551,9.8,5.4,0.035,21.75
India,2014,Developing,68.0,184.0,957,3.07,86.522,79.0,18.1,1200,84.0,4.69,85.0,0.2,1573.119,1293859294.0,26.8,27.4,0.607,11.6,68.0,184.0,64,3.07,86.522,79.0,87,84.0,4.69,85.0,0.2,1573.119,17153357.0,16.1,16.7,0.607,11.6,7.041,0.003,2.115
India,2013,Developing,67.6,187.0,1000,3.11,67.672,7.0,17.5,1300,82.0,4.53,83.0,0.2,1452.195,127856227.0,26.8,27.5,0.599,11.5,67.6,187.0,64,3.11,67.672,18.0,87,82.0,4.53,83.0,0.2,1452.195,17153357.0,16.1,16.7,0.599,11.5,6.888,0.003,2.149
India,2012,Developing,67.3,19.0,1100,3.1,64.97,73.0,17.0,1400,79.0,4.39,82.0,0.2,1446.985,126365852.0,26.9,27.6,0.59,11.3,67.3,19.0,64,3.1,64.97,73.0,87,79.0,4.39,82.0,0.2,1446.985,17153357.0,16.1,16.7,0.59,11.3,6.667,0.003,0.218
India,2011,Developing,66.8,193.0,1100,3.0,64.606,44.0,16.4,1500,79.0,4.33,82.0,0.2,1461.672,124723629.0,26.9,27.7,0.58,10.8,66.8,193.0,64,3.0,64.606,44.0,87,79.0,4.33,82.0,0.2,1461.672,17153357.0,16.1,16.7,0.58,10.8,6.264,0.003,2.218
India,2010,Developing,66.4,196.0,1200,2.77,57.734,38.0,15.9,1600,76.0,4.28,79.0,0.2,1345.772,12398691.0,27.0,27.8,0.569,10.4,66.4,196.0,64,2.77,57.734,38.0,87,76.0,4.28,79.0,0.2,1345.772,12398691.0,16.1,16.7,0.569,10.4,5.918,0.003,2.253
India,2009,Developing,66.0,2.0,1300,2.5,0.844,37.0,15.4,1700,73.0,4.38,74.0,0.2,19.318,121427132.0,27.0,27.8,0.563,10.5,66.0,2.0,64,2.5,0.844,37.0,87,73.0,4.38,74.0,0.2,19.318,17153357.0,16.1,16.7,0.563,10.5,5.911,0.227,0.023
India,2008,Developing,65.5,23.0,1300,1.93,43.03,29.0,14.9,1800,69.0,4.34,7.0,0.3,991.485,119714696.0,27.0,27.9,0.556,10.2,65.5,23.0,64,1.93,43.03,29.0,87,69.0,4.34,45.0,0.3,991.485,17153357.0,16.1,16.7,0.556,10.2,5.671,0.004,0.264
India,2006,Developing,64.8,28.0,1500,1.37,34.859,6.0,13.9,2000,66.0,4.25,65.0,0.3,792.26,1161977719.0,27.1,28.0,0.536,9.7,64.8,28.0,64,1.37,34.859,18.0,87,66.0,4.25,65.0,0.3,792.26,17153357.0,16.1,16.7,0.536,9.7,5.199,0.005,0.322
India,2005,Developing,64.4,211.0,1500,1.27,3.51,8.0,13.5,2000,65.0,4.28,65.0,0.3,77.819,1144118674.0,27.2,28.1,0.526,9.4,64.4,211.0,64,1.27,3.51,18.0,87,65.0,4.28,65.0,0.3,77.819,17153357.0,16.1,16.7,0.526,9.4,4.944,0.055,2.425
India,2004,Developing,64.0,214.0,1600,1.2,27.338,6.0,13.0,2100,58.0,4.22,63.0,0.3,621.318,1126135777.0,27.2,28.2,0.518,9.2,64.0,214.0,64,1.2,27.338,18.0,87,58.0,4.22,63.0,0.3,621.318,17153357.0,16.1,16.7,0.518,9.2,4.766,0.007,2.46
India,2003,Developing,63.7,216.0,1700,1.19,19.481,6.0,12.6,2200,57.0,4.3,61.0,0.3,541.135,11827848.0,27.3,28.3,0.505,8.6,63.7,216.0,64,1.19,19.481,18.0,87,57.0,4.3,61.0,0.3,541.135,11827848.0,16.1,16.7,0.505,8.6,4.343,0.008,2.483
India,2002,Developing,63.3,219.0,1700,1.1,17.812,6.0,12.2,2300,58.0,4.4,59.0,0.3,466.284,18987112.0,27.4,28.4,0.499,8.4,63.3,219.0,64,1.1,17.812,18.0,87,58.0,4.4,59.0,0.3,466.284,17153357.0,16.1,16.7,0.499,8.4,4.192,0.009,2.517
India,2001,Developing,62.9,222.0,1800,1.0,19.003,6.0,11.8,2400,58.0,4.5,59.0,0.3,447.139,171477855.0,27.5,28.5,0.494,8.3,62.9,222.0,64,1.0,19.003,18.0,87,58.0,4.5,59.0,0.3,447.139,17153357.0,16.1,16.7,0.494,8.3,4.1,0.01,2.552
India,2000,Developing,62.5,224.0,1800,0.93,19.266,6.0,11.4,2500,57.0,4.26,58.0,0.3,438.865,1535912.0,27.7,28.6,0.489,8.3,62.5,224.0,64,0.93,19.266,18.0,87,57.0,4.26,58.0,0.3,438.865,1535912.0,16.1,16.7,0.489,8.3,4.059,0.01,2.575
Indonesia,2014,Developing,68.9,179.0,119,0.09,200.068,78.0,26.5,142,8.0,2.85,78.0,0.3,3491.596,255131116.0,1.4,1.2,0.682,12.9,68.9,179.0,64,0.09,200.068,78.0,87,45.0,2.85,78.0,0.3,3491.596,17153357.0,1.4,1.2,0.682,12.9,8.798,0.001,2.057
Indonesia,2013,Developing,68.7,181.0,124,0.09,22.848,85.0,25.6,148,86.0,2.93,85.0,0.3,362.664,25232263.0,1.5,1.3,0.677,12.9,68.7,181.0,64,0.09,22.848,85.0,87,86.0,2.93,85.0,0.3,362.664,17153357.0,1.5,1.3,0.677,12.9,8.733,0.008,2.08
Indonesia,2012,Developing,68.5,183.0,129,0.08,254.469,83.0,24.7,154,84.0,2.9,83.0,0.3,3687.954,248883232.0,1.5,1.4,0.669,12.6,68.5,183.0,64,0.08,254.469,83.0,87,84.0,2.9,83.0,0.3,3687.954,17153357.0,1.5,1.4,0.669,12.6,8.429,0.001,2.103
Indonesia,2011,Developing,68.3,185.0,134,0.08,211.878,81.0,23.8,161,81.0,2.71,81.0,0.3,3634.277,24577511.0,1.6,1.5,0.662,12.3,68.3,185.0,64,0.08,211.878,81.0,87,81.0,2.71,81.0,0.3,3634.277,17153357.0,1.6,1.5,0.662,12.3,8.143,0.001,2.126
Indonesia,2010,Developing,68.1,187.0,138,0.08,190.545,83.0,22.9,167,82.0,2.74,81.0,0.3,3113.486,242524123.0,1.6,1.5,0.656,12.1,68.1,187.0,64,0.08,190.545,83.0,87,82.0,2.74,81.0,0.3,3113.486,17153357.0,1.6,1.5,0.656,12.1,7.938,0.001,2.149
Indonesia,2009,Developing,67.9,189.0,143,0.08,125.798,82.0,22.1,174,85.0,2.83,78.0,0.3,2254.446,23934478.0,1.7,1.6,0.645,11.7,67.9,189.0,64,0.08,125.798,82.0,87,85.0,2.83,78.0,0.3,2254.446,17153357.0,1.7,1.6,0.645,11.7,7.546,0.001,2.172
Indonesia,2008,Developing,67.7,189.0,149,0.07,10.263,82.0,21.3,181,83.0,2.81,77.0,0.2,216.528,236159276.0,1.7,1.7,0.641,11.7,67.7,189.0,64,0.07,10.263,82.0,87,83.0,2.81,77.0,0.2,216.528,17153357.0,1.7,1.7,0.641,11.7,7.5,0.013,2.172
Indonesia,2007,Developing,67.5,19.0,154,0.06,102.633,76.0,2.5,188,77.0,3.1,73.0,0.2,1855.939,232989141.0,1.8,1.7,0.638,11.0,67.5,19.0,64,0.06,102.633,76.0,87,77.0,3.1,73.0,0.2,1855.939,17153357.0,1.8,1.7,0.638,11.0,7.018,0.002,0.218
Indonesia,2006,Developing,67.3,191.0,159,0.06,72.016,66.0,19.7,194,78.0,2.91,72.0,0.1,1586.254,22983822.0,1.8,1.8,0.632,10.9,67.3,191.0,64,0.06,72.016,66.0,87,78.0,2.91,72.0,0.1,1586.254,17153357.0,1.8,1.8,0.632,10.9,6.889,0.002,2.195
Indonesia,2005,Developing,67.2,19.0,163,0.06,5.382,65.0,19.0,201,79.0,2.79,72.0,0.1,126.929,22671273.0,1.9,1.9,0.629,11.1,67.2,19.0,64,0.06,5.382,65.0,87,79.0,2.79,72.0,0.1,126.929,17153357.0,1.9,1.9,0.629,11.1,6.982,0.022,0.218
Indonesia,2004,Developing,65.3,213.0,174,0.06,55.361,64.0,18.2,237,79.0,2.37,71.0,0.1,1148.57,223614649.0,1.9,1.9,0.624,11.0,65.3,213.0,64,0.06,55.361,64.0,87,79.0,2.37,71.0,0.1,1148.57,17153357.0,1.9,1.9,0.624,11.0,6.864,0.002,2.448
Indonesia,2003,Developing,66.9,189.0,173,0.05,8.46,64.0,17.5,215,8.0,2.53,71.0,0.1,164.594,22545214.0,1.9,11.0,0.613,10.8,66.9,189.0,64,0.05,8.46,64.0,87,45.0,2.53,71.0,0.1,164.594,17153357.0,1.9,11.0,0.613,10.8,6.62,0.015,2.172
Indonesia,2002,Developing,66.7,189.0,177,0.05,43.179,63.0,16.7,222,8.0,2.27,7.0,0.1,899.556,2175859.0,11.0,11.1,0.608,10.6,66.7,189.0,64,0.05,43.179,63.0,87,45.0,2.27,45.0,0.1,899.556,2175859.0,11.0,11.1,0.608,10.6,6.445,0.003,2.172
Indonesia,2001,Developing,66.5,188.0,182,0.06,33.958,62.0,16.0,229,77.0,2.23,76.0,0.1,747.982,2145652.0,11.0,11.1,0.604,10.6,66.5,188.0,64,0.06,33.958,62.0,87,77.0,2.23,76.0,0.1,747.982,2145652.0,11.0,11.1,0.604,10.6,6.402,0.003,2.161
Indonesia,2000,Developing,66.3,188.0,187,0.06,3.433,65.0,15.4,237,72.0,1.98,75.0,0.1,78.927,21154429.0,11.0,11.2,0.597,10.7,66.3,188.0,64,0.06,3.433,65.0,87,72.0,1.98,75.0,0.1,78.927,17153357.0,11.0,11.2,0.597,10.7,6.388,0.025,2.161
Iraq,2014,Developing,67.9,199.0,32,0.01,43.524,62.0,58.5,39,67.0,5.54,64.0,0.1,673.747,3568.0,5.3,5.1,0.658,10.1,67.9,199.0,32,0.01,43.524,62.0,39,67.0,5.54,64.0,0.1,673.747,3568.0,5.3,5.1,0.658,10.1,6.646,0.008,5.103
Iraq,2013,Developing,69.5,17.0,32,0.01,447.37,66.0,57.8,39,7.0,5.92,68.0,0.1,6925.224,33883145.0,5.3,5.1,0.659,10.3,69.5,17.0,32,0.01,447.37,66.0,39,45.0,5.92,68.0,0.1,6925.224,17153357.0,5.3,5.1,0.659,10.3,6.788,0.001,0.436
Iraq,2012,Developing,76.0,147.0,32,0.01,429.663,61.0,57.2,39,7.0,5.26,69.0,0.1,6651.122,32776571.0,5.3,5.1,0.656,10.5,76.0,147.0,32,0.01,429.663,61.0,39,45.0,5.26,69.0,0.1,6651.122,17153357.0,5.3,5.1,0.656,10.5,6.888,0.001,3.769
Iraq,2011,Developing,77.0,144.0,32,0.17,285.12,77.0,56.5,39,8.0,3.32,79.0,0.1,5854.614,3172753.0,5.3,5.1,0.649,10.4,77.0,144.0,32,0.17,285.12,77.0,39,45.0,3.32,79.0,0.1,5854.614,3172753.0,5.3,5.1,0.649,10.4,6.75,0.001,3.692
Iraq,2010,Developing,76.0,145.0,32,0.19,21.823,72.0,55.8,39,74.0,3.82,74.0,0.1,452.749,376271.0,5.3,5.1,0.646,10.4,76.0,145.0,32,0.19,21.823,72.0,39,74.0,3.82,74.0,0.1,452.749,376271.0,5.3,5.1,0.646,10.4,6.718,0.008,3.718
Iraq,2009,Developing,74.0,148.0,32,0.2,185.637,75.0,55.2,39,78.0,4.65,78.0,0.1,3735.145,29894652.0,5.4,5.1,0.643,10.3,74.0,148.0,32,0.2,185.637,75.0,39,78.0,4.65,78.0,0.1,3735.145,17153357.0,5.4,5.1,0.643,10.3,6.623,0.001,3.795
Iraq,2008,Developing,69.3,167.0,32,0.17,192.156,66.0,54.5,38,71.0,3.93,69.0,0.1,4521.325,29111417.0,5.4,5.1,0.638,10.3,69.3,167.0,32,0.17,192.156,66.0,38,71.0,3.93,69.0,0.1,4521.325,17153357.0,5.4,5.1,0.638,10.3,6.571,0.001,4.395
Iraq,2007,Developing,65.9,227.0,31,0.14,146.761,56.0,53.8,38,74.0,3.69,57.0,0.1,3129.225,2839433.0,5.4,5.1,0.636,10.2,65.9,227.0,31,0.14,146.761,56.0,38,74.0,3.69,57.0,0.1,3129.225,2839433.0,5.4,5.1,0.636,10.2,6.487,0.001,5.974
Iraq,2006,Developing,64.7,249.0,31,0.03,75.258,59.0,53.2,38,63.0,3.0,59.0,0.1,2351.812,27697912.0,5.4,5.1,0.631,10.2,64.7,249.0,31,0.03,75.258,59.0,38,63.0,3.0,59.0,0.1,2351.812,17153357.0,5.4,5.1,0.631,10.2,6.436,0.001,6.553
Iraq,2005,Developing,66.8,29.0,31,0.18,59.188,65.0,52.5,37,69.0,4.13,65.0,0.1,1849.639,278426.0,5.4,5.2,0.628,10.1,66.8,29.0,31,0.18,59.188,65.0,37,69.0,4.13,65.0,0.1,1849.639,278426.0,5.4,5.2,0.628,10.1,6.343,0.002,0.784
Iraq,2004,Developing,67.2,21.0,30,0.32,44.121,62.0,51.9,37,69.0,5.61,74.0,0.1,1391.817,2631669.0,5.4,5.2,0.603,9.8,67.2,21.0,30,0.32,44.121,62.0,37,69.0,5.61,74.0,0.1,1391.817,2631669.0,5.4,5.2,0.603,9.8,5.909,0.004,0.568
Iraq,2003,Developing,66.5,213.0,30,0.07,0.0,63.0,51.3,37,73.0,4.36,75.0,0.1,1391.817,25627626.0,5.5,5.2,0.616,9.4,66.5,213.0,30,0.07,0.0,63.0,37,73.0,4.36,75.0,0.1,1391.817,17153357.0,5.5,5.2,0.616,9.4,5.79,0.003,5.757
Iraq,2002,Developing,74.0,14.0,30,0.15,0.0,65.0,5.6,37,76.0,4.36,77.0,0.1,1391.817,24939299.0,5.5,5.3,0.614,9.1,74.0,14.0,30,0.15,0.0,65.0,37,76.0,4.36,77.0,0.1,1391.817,17153357.0,5.5,5.3,0.614,9.1,5.587,0.003,0.378
Iraq,2001,Developing,72.0,142.0,30,0.17,0.0,66.0,5.1,37,8.0,4.36,78.0,0.1,1391.817,24251649.0,5.6,5.3,0.607,8.7,72.0,142.0,30,0.17,0.0,66.0,37,45.0,4.36,78.0,0.1,1391.817,17153357.0,5.6,5.3,0.607,8.7,5.281,0.003,3.838
Ireland,2014,Developed,81.2,66.0,0,10.75,746.367,95.0,62.1,0,96.0,7.78,96.0,0.1,5553.326,4617225.0,0.3,0.2,0.91,18.6,81.2,66.0,0,10.75,746.367,95.0,0,96.0,7.78,96.0,0.1,5553.326,4617225.0,0.3,0.2,0.91,18.6,16.926,0.001,
Ireland,2013,Developed,81.0,67.0,0,10.49,703.553,95.0,61.3,0,96.0,8.1,96.0,0.1,5234.767,4598294.0,0.3,0.2,0.902,18.6,81.0,67.0,0,10.49,703.553,95.0,0,96.0,8.1,96.0,0.1,5234.767,4598294.0,0.3,0.2,0.902,18.6,16.777,0.002,
Ireland,2011,Developed,84.0,7.0,0,11.72,6386.954,95.0,59.7,0,95.0,8.15,95.0,0.1,52567.526,4576794.0,0.3,0.2,0.909,18.5,84.0,7.0,0,11.72,1109.855,95.0,0,95.0,8.15,95.0,0.1,8787.614,4576794.0,0.3,0.2,0.909,18.5,16.816,0.0,
Ireland,2010,Developed,86.0,68.0,0,11.88,4509.235,46.0,58.9,0,94.0,8.76,94.0,0.1,48538.588,456155.0,0.3,0.2,0.907,18.2,86.0,68.0,0,11.88,1109.855,46.0,0,94.0,8.76,94.0,0.1,8787.614,456155.0,0.3,0.2,0.907,18.2,16.507,0.0,
Ireland,2009,Developed,79.7,77.0,0,11.41,7620.823,46.0,58.2,0,94.0,9.53,94.0,0.1,51983.789,4535375.0,0.3,0.2,0.909,17.9,79.7,77.0,0,11.41,1109.855,46.0,0,94.0,9.53,94.0,0.1,8787.614,4535375.0,0.3,0.2,0.909,17.9,16.271,0.0,
Ireland,2008,Developed,79.8,75.0,0,12.66,9528.231,46.0,57.4,0,93.0,8.64,93.0,0.1,61235.415,4489544.0,0.3,0.2,0.908,17.9,79.8,75.0,0,12.66,1109.855,46.0,0,93.0,8.64,93.0,0.1,8787.614,4489544.0,0.3,0.2,0.908,17.9,16.253,0.0,
Ireland,2006,Developed,79.0,78.0,0,13.44,9126.931,46.0,55.8,0,91.0,7.22,91.0,0.1,54326.971,4273591.0,0.3,0.2,0.896,17.6,79.0,78.0,0,13.44,1109.855,46.0,0,91.0,7.22,91.0,0.1,8787.614,4273591.0,0.3,0.2,0.896,17.6,15.77,0.0,
Ireland,2005,Developed,78.7,78.0,0,13.31,973.681,46.0,55.1,0,9.0,7.27,9.0,0.1,5886.828,4159914.0,0.3,0.2,0.889,17.5,78.7,78.0,0,13.31,973.681,46.0,0,45.0,7.27,45.0,0.1,5886.828,4159914.0,0.3,0.2,0.889,17.5,15.558,0.001,
Ireland,2004,Developed,78.3,82.0,0,13.32,8040.22,46.0,54.4,0,89.0,7.34,89.0,0.1,47631.638,47262.0,0.3,0.2,0.88,17.1,78.3,82.0,0,13.32,1109.855,46.0,0,89.0,7.34,89.0,0.1,8787.614,47262.0,0.3,0.2,0.88,17.1,15.048,0.0,
Ireland,2003,Developed,78.0,82.0,0,13.24,675.213,46.0,53.6,0,86.0,7.5,86.0,0.1,4117.155,3996521.0,0.3,0.2,0.87,16.8,78.0,82.0,0,13.24,675.213,46.0,0,86.0,7.5,86.0,0.1,4117.155,3996521.0,0.3,0.2,0.87,16.8,14.616,0.002,
Ireland,2002,Developed,77.4,88.0,0,14.17,5092.384,46.0,52.9,0,83.0,6.85,83.0,0.1,32539.194,3931947.0,0.3,0.3,0.862,16.5,77.4,88.0,0,14.09,1109.855,46.0,0,83.0,6.85,83.0,0.1,8787.614,3931947.0,0.3,0.3,0.862,16.5,14.223,0.0,
Ireland,2001,Developed,77.0,89.0,0,14.27,4264.579,46.0,52.2,0,84.0,6.6,84.0,0.1,28223.555,3866243.0,0.3,0.3,0.857,16.4,77.0,89.0,0,14.09,1109.855,46.0,0,84.0,6.6,84.0,0.1,8787.614,3866243.0,0.3,0.3,0.857,16.4,14.055,0.0,
Ireland,2000,Developed,76.4,94.0,0,14.07,3794.581,46.0,51.5,0,86.0,6.3,86.0,0.1,26241.919,385174.0,0.3,0.3,0.848,16.2,76.4,94.0,0,14.07,1109.855,46.0,0,86.0,6.3,86.0,0.1,8787.614,385174.0,0.3,0.3,0.848,16.2,13.738,0.0,
Israel,2014,Developing,82.2,6.0,1,2.62,4348.335,97.0,64.6,1,95.0,7.81,95.0,0.1,37582.846,82157.0,1.2,1.1,0.895,16.0,82.2,6.0,1,2.62,1109.855,97.0,1,95.0,7.81,95.0,0.1,8787.614,82157.0,1.2,1.1,0.895,16.0,14.32,0.0,6.0
Israel,2013,Developing,82.1,61.0,1,2.69,4279.896,97.0,64.2,1,96.0,7.89,96.0,0.1,36393.669,8595.0,1.2,1.1,0.891,15.9,82.1,61.0,1,2.69,1109.855,97.0,1,96.0,7.89,96.0,0.1,8787.614,8595.0,1.2,1.1,0.891,15.9,14.167,0.0,61.0
Israel,2012,Developing,81.8,6.0,1,2.78,3830.185,97.0,63.8,1,94.0,7.73,94.0,0.1,32569.597,7915.0,1.2,1.1,0.889,15.9,81.8,6.0,1,2.78,1109.855,97.0,1,94.0,7.73,94.0,0.1,8787.614,7915.0,1.2,1.1,0.889,15.9,14.135,0.0,6.0
Israel,2011,Developing,81.8,61.0,1,2.67,3793.162,98.0,63.4,1,94.0,7.39,94.0,0.1,33657.157,77658.0,1.2,1.1,0.883,15.8,81.8,61.0,1,2.67,1109.855,98.0,1,94.0,7.39,94.0,0.1,8787.614,77658.0,1.2,1.1,0.883,15.8,13.951,0.0,61.0
Israel,2010,Developing,81.7,61.0,1,2.63,409.411,97.0,63.0,1,95.0,7.36,95.0,0.1,3661.994,76236.0,1.2,1.1,0.878,15.7,81.7,61.0,1,2.63,409.411,97.0,1,95.0,7.36,95.0,0.1,3661.994,76236.0,1.2,1.1,0.878,15.7,13.785,0.002,61.0
Israel,2009,Developing,81.5,63.0,1,2.55,508.665,98.0,62.6,1,96.0,7.46,96.0,0.1,27795.877,74856.0,1.2,1.1,0.876,15.6,81.5,63.0,1,2.55,508.665,98.0,1,96.0,7.46,96.0,0.1,8787.614,74856.0,1.2,1.1,0.876,15.6,13.666,0.0,63.0
Israel,2008,Developing,81.0,65.0,1,2.47,471.553,99.0,62.1,1,94.0,7.33,94.0,0.1,29657.442,7388.0,1.1,1.1,0.877,15.8,81.0,65.0,1,2.47,471.553,99.0,1,94.0,7.33,94.0,0.1,8787.614,7388.0,1.1,1.1,0.877,15.8,13.857,0.0,65.0
Israel,2007,Developing,84.0,68.0,1,2.33,4.345,99.0,61.6,1,95.0,7.37,95.0,0.1,258.637,7181.0,1.1,1.1,0.872,15.7,84.0,68.0,1,2.33,4.345,99.0,1,95.0,7.37,95.0,0.1,258.637,7181.0,1.1,1.1,0.872,15.7,13.69,0.028,68.0
Israel,2006,Developing,84.0,68.0,1,2.23,33.586,96.0,61.1,1,94.0,7.38,95.0,0.1,2195.177,7537.0,1.1,1.1,0.87,15.7,84.0,68.0,1,2.23,33.586,96.0,1,94.0,7.38,95.0,0.1,2195.177,7537.0,1.1,1.1,0.87,15.7,13.659,0.003,68.0
Israel,2005,Developing,80.0,71.0,1,2.41,250.934,96.0,6.6,1,95.0,7.44,93.0,0.1,2611.179,6931.0,1.1,1.1,0.866,15.8,80.0,71.0,1,2.41,250.934,96.0,1,95.0,7.44,93.0,0.1,2611.179,6931.0,1.1,1.1,0.866,15.8,13.683,0.003,71.0
Israel,2004,Developing,81.0,69.0,1,2.23,1895.343,99.0,6.1,1,95.0,7.35,95.0,0.1,19888.172,689.0,1.1,1.1,0.863,15.9,81.0,69.0,1,2.23,1109.855,99.0,1,95.0,7.35,95.0,0.1,8787.614,689.0,1.1,1.1,0.863,15.9,13.722,0.0,69.0
Israel,2003,Developing,79.7,71.0,1,2.32,1731.756,98.0,59.6,1,93.0,7.44,93.0,0.1,18946.999,66897.0,1.1,1.1,0.863,16.0,79.7,71.0,1,2.32,1109.855,98.0,1,93.0,7.44,93.0,0.1,8787.614,66897.0,1.1,1.1,0.863,16.0,13.808,0.0,71.0
Israel,2002,Developing,79.3,74.0,1,2.47,1701.196,98.0,59.2,1,91.0,7.49,9.0,0.1,18431.157,657.0,1.1,1.1,0.855,15.3,79.3,74.0,1,2.47,1109.855,98.0,1,91.0,7.49,45.0,0.1,8787.614,657.0,1.1,1.1,0.855,15.3,13.082,0.0,74.0
Israel,2001,Developing,79.3,74.0,1,2.53,22.273,96.0,58.7,1,93.0,7.61,92.0,0.1,236.196,6439.0,1.1,1.1,0.85,15.1,79.3,74.0,1,2.53,22.273,96.0,1,93.0,7.61,92.0,0.1,236.196,6439.0,1.1,1.1,0.85,15.1,12.835,0.032,74.0
Israel,2000,Developing,78.9,76.0,1,2.53,199.934,98.0,58.3,1,93.0,7.13,93.0,0.1,2152.143,6289.0,1.1,1.1,0.845,15.2,78.9,76.0,1,2.53,199.934,98.0,1,93.0,7.13,93.0,0.1,2152.143,6289.0,1.1,1.1,0.845,15.2,12.844,0.003,76.0
Italy,2014,Developed,82.5,57.0,2,7.56,4831.645,95.0,63.1,2,95.0,9.25,95.0,0.1,35396.665,678914.0,0.6,0.6,0.877,16.3,82.5,57.0,2,7.56,1109.855,95.0,2,95.0,9.25,95.0,0.1,8787.614,678914.0,0.6,0.6,0.877,16.3,14.295,0.0,28.5
Italy,2012,Developed,82.0,6.0,2,7.49,4793.905,96.0,62.1,2,96.0,9.28,97.0,0.1,34814.124,59539717.0,0.5,0.6,0.877,16.6,82.0,6.0,2,7.49,1109.855,96.0,2,96.0,9.28,97.0,0.1,8787.614,17153357.0,0.5,0.6,0.877,16.6,14.558,0.0,3.0
Italy,2011,Developed,82.0,6.0,2,6.98,5439.692,96.0,61.5,2,96.0,9.27,96.0,0.1,38334.685,59379449.0,0.5,0.5,0.872,16.4,82.0,6.0,2,6.98,1109.855,96.0,2,96.0,9.27,96.0,0.1,8787.614,17153357.0,0.5,0.5,0.872,16.4,14.301,0.0,3.0
Italy,2010,Developed,81.8,6.0,2,6.95,5219.669,96.0,61.0,2,96.0,9.42,96.0,0.1,35849.374,59277417.0,0.5,0.5,0.869,16.4,81.8,6.0,2,6.95,1109.855,96.0,2,96.0,9.42,96.0,0.1,8787.614,17153357.0,0.5,0.5,0.869,16.4,14.252,0.0,3.0
Italy,2009,Developed,81.6,61.0,2,7.25,5243.317,96.0,6.5,2,96.0,9.41,96.0,0.1,36976.845,5995365.0,0.5,0.5,0.868,16.3,81.6,61.0,2,7.25,1109.855,96.0,2,96.0,9.41,96.0,0.1,8787.614,5995365.0,0.5,0.5,0.868,16.3,14.148,0.0,30.5
Italy,2008,Developed,81.5,61.0,2,7.96,66.378,96.0,59.9,2,96.0,8.89,96.0,0.1,464.185,58826731.0,0.5,0.5,0.866,16.3,81.5,61.0,2,7.96,66.378,96.0,2,96.0,8.89,96.0,0.1,464.185,17153357.0,0.5,0.5,0.866,16.3,14.116,0.019,30.5
Italy,2007,Developed,81.3,63.0,2,8.37,5228.822,97.0,59.4,2,97.0,8.48,97.0,0.1,37698.786,5843831.0,0.5,0.5,0.862,16.1,81.3,63.0,2,8.37,1109.855,97.0,2,97.0,8.48,97.0,0.1,8787.614,5843831.0,0.5,0.5,0.862,16.1,13.878,0.0,31.5
Italy,2006,Developed,81.2,65.0,2,8.44,473.192,96.0,58.8,2,97.0,8.82,96.0,0.1,3341.748,58143979.0,0.5,0.5,0.856,16.0,81.2,65.0,2,8.44,473.192,96.0,2,97.0,8.82,96.0,0.1,3341.748,17153357.0,0.5,0.5,0.856,16.0,13.696,0.003,32.5
Italy,2005,Developed,88.0,66.0,2,8.65,4506.256,96.0,58.2,2,97.0,8.71,95.0,0.1,31959.262,57969484.0,0.5,0.5,0.851,15.8,88.0,66.0,2,8.65,1109.855,96.0,2,97.0,8.71,95.0,0.1,8787.614,17153357.0,0.5,0.5,0.851,15.8,13.446,0.0,33.0
Italy,2004,Developed,89.0,66.0,2,8.98,4270.915,96.0,57.6,3,97.0,8.49,94.0,0.1,31174.561,57685327.0,0.5,0.5,0.846,15.6,89.0,66.0,2,8.98,1109.855,96.0,3,97.0,8.49,94.0,0.1,8787.614,17153357.0,0.5,0.5,0.846,15.6,13.198,0.0,22.0
Italy,2003,Developed,79.9,72.0,2,9.3,3519.259,95.0,57.0,3,97.0,8.17,96.0,0.1,27387.226,5731323.0,0.5,0.5,0.841,15.4,79.9,72.0,2,9.3,1109.855,95.0,3,97.0,8.17,96.0,0.1,8787.614,5731323.0,0.5,0.5,0.841,15.4,12.951,0.0,24.0
Italy,2002,Developed,80.0,72.0,2,9.25,2883.335,95.0,56.4,3,96.0,8.23,93.0,0.1,22196.574,57597.0,0.5,0.5,0.836,15.2,80.0,72.0,2,9.25,1109.855,95.0,3,96.0,8.23,93.0,0.1,8787.614,57597.0,0.5,0.5,0.836,15.2,12.707,0.0,24.0
Italy,2001,Developed,79.8,75.0,2,9.69,3.122,95.0,55.7,3,96.0,8.11,93.0,0.1,24.819,569741.0,0.5,0.5,0.828,14.9,79.8,75.0,2,9.69,3.122,95.0,3,96.0,8.11,93.0,0.1,24.819,569741.0,0.5,0.5,0.828,14.9,12.337,0.327,25.0
Italy,2000,Developed,79.4,77.0,3,9.78,31.506,94.0,55.0,3,97.0,7.91,87.0,0.1,251.243,5694218.0,0.5,0.5,0.823,14.8,79.4,77.0,3,9.78,31.506,94.0,3,97.0,7.91,87.0,0.1,251.243,5694218.0,0.5,0.5,0.823,14.8,12.18,0.031,25.667
Jamaica,2013,Developing,75.6,136.0,1,3.79,5.457,93.0,52.7,1,86.0,5.91,93.0,0.6,56.145,285187.0,1.8,1.7,0.727,12.8,75.6,136.0,1,3.79,5.457,93.0,1,86.0,5.91,93.0,0.6,56.145,285187.0,1.8,1.7,0.727,12.8,9.306,0.105,136.0
Jamaica,2012,Developing,75.3,138.0,1,3.65,37.171,96.0,52.0,1,96.0,5.66,96.0,0.5,521.334,284992.0,1.8,1.7,0.725,12.8,75.3,138.0,1,3.65,37.171,96.0,1,96.0,5.66,96.0,0.5,521.334,284992.0,1.8,1.7,0.725,12.8,9.28,0.011,138.0
Jamaica,2011,Developing,75.2,139.0,1,3.58,33.175,92.0,51.2,1,93.0,5.21,92.0,0.6,513.549,2829493.0,1.8,1.7,0.722,12.8,75.2,139.0,1,3.58,33.175,92.0,1,93.0,5.21,92.0,0.6,513.549,2829493.0,1.8,1.7,0.722,12.8,9.242,0.01,139.0
Jamaica,2010,Developing,75.0,138.0,1,3.55,396.627,94.0,5.5,1,94.0,5.3,94.0,0.5,4682.728,281721.0,1.8,1.7,0.721,12.7,75.0,138.0,1,3.55,396.627,94.0,1,94.0,5.3,94.0,0.5,4682.728,281721.0,1.8,1.7,0.721,12.7,9.157,0.001,138.0
Jamaica,2009,Developing,74.7,142.0,1,3.33,235.707,9.0,49.7,1,9.0,5.16,9.0,0.6,4293.383,28482.0,1.9,1.7,0.721,12.7,74.7,142.0,1,3.33,235.707,18.0,1,45.0,5.16,45.0,0.6,4293.383,28482.0,1.9,1.7,0.721,12.7,9.157,0.001,142.0
Jamaica,2008,Developing,74.5,145.0,1,3.51,31.766,92.0,48.9,1,91.0,5.4,91.0,0.4,492.492,279122.0,1.9,1.7,0.718,12.6,74.5,145.0,1,3.51,31.766,92.0,1,91.0,5.4,91.0,0.4,492.492,279122.0,1.9,1.7,0.718,12.6,9.047,0.011,145.0
Jamaica,2007,Developing,74.2,148.0,1,3.64,25.623,92.0,48.1,1,94.0,4.87,92.0,0.9,462.518,2775467.0,1.9,1.7,0.714,12.5,74.2,148.0,1,3.64,25.623,92.0,1,94.0,4.87,92.0,0.9,462.518,2775467.0,1.9,1.7,0.714,12.5,8.925,0.011,148.0
Jamaica,2005,Developing,73.5,161.0,1,3.59,16.975,99.0,46.3,1,99.0,4.7,99.0,1.9,482.248,2744673.0,1.9,1.7,0.706,12.4,73.5,161.0,1,3.59,16.975,99.0,1,99.0,4.7,99.0,1.9,482.248,2744673.0,1.9,1.7,0.706,12.4,8.754,0.01,161.0
Jamaica,2004,Developing,73.3,165.0,1,3.67,192.323,98.0,45.4,1,97.0,4.8,98.0,2.3,3719.974,2728777.0,1.9,1.8,0.689,11.1,73.3,165.0,1,3.67,192.323,98.0,1,97.0,4.8,98.0,2.3,3719.974,2728777.0,1.9,1.8,0.689,11.1,7.648,0.001,165.0
Jamaica,2003,Developing,73.1,166.0,1,3.48,155.588,36.0,44.5,1,99.0,4.56,96.0,2.3,3465.222,2712511.0,1.9,1.8,0.694,11.9,73.1,166.0,1,3.48,155.588,36.0,1,99.0,4.56,96.0,2.3,3465.222,2712511.0,1.9,1.8,0.694,11.9,8.259,0.001,166.0
Jamaica,2002,Developing,73.0,167.0,1,3.76,211.114,36.0,43.5,1,99.0,4.86,99.0,2.3,3596.496,2695446.0,2.0,1.8,0.69,11.7,73.0,167.0,1,3.76,211.114,36.0,1,99.0,4.86,99.0,2.3,3596.496,2695446.0,2.0,1.8,0.69,11.7,8.073,0.001,167.0
Jamaica,2001,Developing,72.7,171.0,1,3.89,160.238,36.0,42.5,1,99.0,5.34,99.0,2.2,3394.878,267711.0,2.0,1.8,0.68,10.9,72.7,171.0,1,3.89,160.238,36.0,1,99.0,5.34,99.0,2.2,3394.878,267711.0,2.0,1.8,0.68,10.9,7.412,0.002,171.0
Jamaica,2000,Developing,72.6,171.0,1,3.46,24.828,36.0,41.6,1,95.0,5.81,93.0,2.2,336.874,2656864.0,2.0,1.9,0.682,11.4,72.6,171.0,1,3.46,24.828,36.0,1,95.0,5.81,93.0,2.2,336.874,2656864.0,2.0,1.9,0.682,11.4,7.775,0.017,171.0
Jordan,2014,Developing,74.0,113.0,4,0.41,63.878,98.0,64.8,4,98.0,7.45,98.0,0.1,466.948,88936.0,3.9,3.9,0.737,13.1,74.0,113.0,4,0.41,63.878,98.0,4,98.0,7.45,98.0,0.1,466.948,88936.0,3.9,3.9,0.737,13.1,9.655,0.016,28.25
Jordan,2013,Developing,73.9,114.0,4,0.4,546.624,98.0,64.0,4,98.0,7.23,98.0,0.1,3992.867,8413464.0,3.9,3.9,0.737,13.1,73.9,114.0,4,0.4,546.624,98.0,4,98.0,7.23,98.0,0.1,3992.867,8413464.0,3.9,3.9,0.737,13.1,9.655,0.002,28.5
Jordan,2012,Developing,73.7,115.0,4,0.41,67.702,98.0,63.2,4,98.0,8.0,98.0,0.1,387.753,7992573.0,3.9,3.9,0.735,12.9,73.7,115.0,4,0.41,67.702,98.0,4,98.0,8.0,98.0,0.1,387.753,7992573.0,3.9,3.9,0.735,12.9,9.482,0.021,28.75
Jordan,2011,Developing,73.6,116.0,4,0.43,68.866,98.0,62.4,4,98.0,8.39,98.0,0.1,387.324,7574943.0,3.8,3.9,0.737,13.1,73.6,116.0,4,0.43,68.866,98.0,4,98.0,8.39,98.0,0.1,387.324,7574943.0,3.8,3.9,0.737,13.1,9.655,0.022,29.0
Jordan,2010,Developing,73.4,117.0,4,0.51,715.971,98.0,61.7,4,98.0,8.42,98.0,0.1,3679.193,718239.0,3.8,3.8,0.739,13.2,73.4,117.0,4,0.51,715.971,98.0,4,98.0,8.42,98.0,0.1,3679.193,718239.0,3.8,3.8,0.739,13.2,9.755,0.002,29.25
Jordan,2009,Developing,73.3,118.0,4,0.59,668.745,98.0,6.9,4,98.0,9.54,98.0,0.1,3492.14,6821116.0,3.8,3.8,0.742,13.6,73.3,118.0,4,0.59,668.745,98.0,4,98.0,9.54,98.0,0.1,3492.14,6821116.0,3.8,3.8,0.742,13.6,10.091,0.003,29.5
Jordan,2008,Developing,73.1,119.0,4,0.61,535.279,97.0,6.1,4,98.0,8.78,97.0,0.1,3385.697,6489822.0,3.8,3.8,0.739,13.6,73.1,119.0,4,0.61,535.279,97.0,4,98.0,8.78,97.0,0.1,3385.697,6489822.0,3.8,3.8,0.739,13.6,10.05,0.003,29.75
Jordan,2007,Developing,73.0,12.0,4,0.6,373.263,98.0,59.3,4,98.0,8.35,98.0,0.1,2762.864,6193191.0,3.8,3.8,0.736,13.6,73.0,12.0,4,0.6,373.263,98.0,4,98.0,8.35,98.0,0.1,2762.864,6193191.0,3.8,3.8,0.736,13.6,10.01,0.003,3.0
Jordan,2006,Developing,72.8,121.0,4,0.59,313.363,98.0,58.6,4,98.0,8.8,98.0,0.1,2537.349,5934232.0,3.9,3.8,0.733,13.7,72.8,121.0,4,0.59,313.363,98.0,4,98.0,8.8,98.0,0.1,2537.349,5934232.0,3.9,3.8,0.733,13.7,10.042,0.003,30.25
Jordan,2005,Developing,72.4,127.0,4,0.55,27.443,95.0,57.8,4,95.0,8.88,95.0,0.1,223.838,5714111.0,3.9,3.8,0.73,13.8,72.4,127.0,4,0.55,27.443,95.0,4,95.0,8.88,95.0,0.1,223.838,5714111.0,3.9,3.8,0.73,13.8,10.074,0.04,31.75
Jordan,2004,Developing,72.5,125.0,4,0.54,32.525,95.0,57.0,4,95.0,9.5,95.0,0.1,261.457,5535595.0,3.9,3.8,0.723,13.5,72.5,125.0,4,0.54,32.525,95.0,4,95.0,9.5,95.0,0.1,261.457,5535595.0,3.9,3.8,0.723,13.5,9.76,0.036,31.25
Jordan,2003,Developing,72.3,127.0,4,0.54,228.784,97.0,56.3,4,97.0,9.15,97.0,0.1,1889.214,5396774.0,3.9,3.9,0.717,13.2,72.3,127.0,4,0.54,228.784,97.0,4,97.0,9.15,97.0,0.1,1889.214,5396774.0,3.9,3.9,0.717,13.2,9.464,0.005,31.75
Jordan,2002,Developing,72.1,129.0,4,0.54,259.157,95.0,55.5,4,95.0,9.68,95.0,0.1,1812.288,5287488.0,3.9,3.9,0.712,13.0,72.1,129.0,4,0.54,259.157,95.0,4,95.0,9.68,95.0,0.1,1812.288,5287488.0,3.9,3.9,0.712,13.0,9.256,0.005,32.25
Jordan,2001,Developing,71.9,131.0,4,0.55,248.697,97.0,54.8,4,97.0,9.9,99.0,0.1,1728.266,5193482.0,4.0,3.9,0.706,12.7,71.9,131.0,4,0.55,248.697,97.0,4,97.0,9.9,99.0,0.1,1728.266,5193482.0,4.0,3.9,0.706,12.7,8.966,0.006,32.75
Jordan,2000,Developing,71.7,133.0,4,0.49,227.297,93.0,54.0,4,94.0,9.65,91.0,0.1,1657.889,51313.0,4.0,4.0,0.7,12.6,71.7,133.0,4,0.49,227.297,93.0,4,94.0,9.65,91.0,0.1,1657.889,51313.0,4.0,4.0,0.7,12.6,8.82,0.006,33.25
Kazakhstan,2014,Developing,69.9,22.0,5,6.29,24.445,95.0,52.3,5,95.0,4.36,95.0,0.1,1286.565,17289224.0,2.4,2.5,0.789,15.0,69.9,22.0,5,6.29,24.445,95.0,5,95.0,4.36,95.0,0.1,1286.565,17153357.0,2.4,2.5,0.789,15.0,11.835,0.003,4.4
Kazakhstan,2013,Developing,69.5,28.0,5,6.48,26.407,99.0,51.4,6,98.0,4.3,98.0,0.1,1389.856,1735275.0,2.4,2.5,0.782,15.0,69.5,28.0,5,6.48,26.407,99.0,6,98.0,4.3,98.0,0.1,1389.856,1735275.0,2.4,2.5,0.782,15.0,11.73,0.003,4.667
Kazakhstan,2012,Developing,69.1,214.0,6,6.82,235.357,95.0,5.6,7,98.0,4.32,99.0,0.1,12387.19,16791425.0,2.4,2.5,0.774,14.7,69.1,214.0,6,6.82,235.357,95.0,7,98.0,4.32,99.0,0.1,8787.614,16791425.0,2.4,2.5,0.774,14.7,11.378,0.0,30.571
Kazakhstan,2011,Developing,68.5,224.0,7,6.63,179.17,99.0,49.9,7,99.0,4.6,99.0,0.1,11634.424,165566.0,2.3,2.5,0.766,14.4,68.5,224.0,7,6.63,179.17,99.0,7,99.0,4.6,99.0,0.1,8787.614,165566.0,2.3,2.5,0.766,14.4,11.03,0.0,32.0
Kazakhstan,2010,Developing,67.8,236.0,7,6.83,11.152,99.0,49.2,8,98.0,4.42,99.0,0.1,97.65,16321581.0,2.3,2.5,0.763,14.5,67.8,236.0,7,6.83,11.152,99.0,8,98.0,4.42,99.0,0.1,97.65,16321581.0,2.3,2.5,0.763,14.5,11.064,0.045,29.5
Kazakhstan,2009,Developing,67.8,235.0,7,6.64,808.243,99.0,48.5,8,99.0,4.13,98.0,0.1,7165.278,169271.0,2.3,2.5,0.758,14.6,67.8,235.0,7,6.64,808.243,99.0,8,99.0,4.13,98.0,0.1,7165.278,169271.0,2.3,2.5,0.758,14.6,11.067,0.001,29.375
Kazakhstan,2008,Developing,66.6,258.0,8,7.6,708.329,99.0,47.9,9,99.0,3.65,99.0,0.1,8513.565,15674.0,2.4,2.5,0.758,14.6,66.6,258.0,8,7.6,708.329,99.0,9,99.0,3.65,99.0,0.1,8513.565,15674.0,2.4,2.5,0.758,14.6,11.067,0.0,28.667
Kazakhstan,2007,Developing,65.3,288.0,8,7.44,499.73,94.0,47.3,9,94.0,3.19,93.0,0.1,6771.415,15484192.0,2.4,2.5,0.754,14.7,65.3,288.0,8,7.44,499.73,94.0,9,94.0,3.19,93.0,0.1,6771.415,15484192.0,2.4,2.5,0.754,14.7,11.084,0.0,32.0
Kazakhstan,2006,Developing,65.0,295.0,8,7.08,76.199,99.0,46.8,9,99.0,3.73,99.0,0.1,5291.576,153884.0,2.4,2.5,0.747,14.3,65.0,295.0,8,7.08,76.199,99.0,9,99.0,3.73,99.0,0.1,5291.576,153884.0,2.4,2.5,0.747,14.3,10.682,0.001,32.778
Kazakhstan,2005,Developing,64.6,294.0,8,6.94,351.86,94.0,46.3,9,99.0,4.7,98.0,0.1,3771.279,1514729.0,2.4,2.5,0.737,13.9,64.6,294.0,8,6.94,351.86,94.0,9,99.0,4.7,98.0,0.1,3771.279,1514729.0,2.4,2.5,0.737,13.9,10.244,0.001,32.667
Kazakhstan,2004,Developing,64.7,287.0,8,6.55,33.917,99.0,45.8,9,99.0,3.95,82.0,0.1,2874.288,1512985.0,2.5,2.6,0.725,13.5,64.7,287.0,8,6.55,33.917,99.0,9,99.0,3.95,82.0,0.1,2874.288,1512985.0,2.5,2.6,0.725,13.5,9.788,0.001,31.889
Kazakhstan,2003,Developing,64.4,282.0,8,6.58,23.434,99.0,45.3,9,99.0,3.7,99.0,0.1,268.124,149918.0,2.5,2.6,0.714,13.1,64.4,282.0,8,6.58,23.434,99.0,9,99.0,3.7,99.0,0.1,268.124,149918.0,2.5,2.6,0.714,13.1,9.353,0.014,31.333
Kazakhstan,2002,Developing,64.7,276.0,8,5.99,145.102,95.0,44.8,9,95.0,3.61,95.0,0.1,1658.311,14858948.0,2.6,2.6,0.7,12.7,64.7,276.0,8,5.99,145.102,95.0,9,95.0,3.61,95.0,0.1,1658.311,14858948.0,2.6,2.6,0.7,12.7,8.89,0.002,30.667
Kazakhstan,2001,Developing,64.4,284.0,8,5.75,12.609,95.0,44.4,10,95.0,3.47,95.0,0.1,149.927,14858335.0,2.6,2.7,0.685,12.3,64.4,284.0,8,5.75,12.609,95.0,10,95.0,3.47,95.0,0.1,149.927,14858335.0,2.6,2.7,0.685,12.3,8.426,0.023,28.4
Kazakhstan,2000,Developing,63.9,292.0,9,6.0,112.541,99.0,43.9,10,96.0,4.16,97.0,0.1,1229.958,14883626.0,2.7,2.7,0.676,12.1,63.9,292.0,9,6.0,112.541,99.0,10,96.0,4.16,97.0,0.1,1229.958,14883626.0,2.7,2.7,0.676,12.1,8.18,0.003,29.2
Kenya,2014,Developing,62.9,255.0,56,0.01,170.963,92.0,21.3,79,93.0,5.72,92.0,2.9,1335.646,462425.0,7.8,7.7,0.546,11.1,62.9,255.0,56,0.01,170.963,92.0,79,93.0,5.72,92.0,2.9,1335.646,462425.0,7.8,7.7,0.546,11.1,6.061,0.004,3.228
Kenya,2013,Developing,62.6,258.0,58,1.84,165.93,93.0,2.7,81,94.0,5.57,87.0,3.0,1229.115,44826849.0,7.9,7.7,0.541,11.1,62.6,258.0,58,1.84,165.93,93.0,81,94.0,5.57,87.0,3.0,1229.115,17153357.0,7.9,7.7,0.541,11.1,6.005,0.005,3.185
Kenya,2012,Developing,62.1,263.0,59,1.81,154.227,94.0,2.1,84,94.0,5.49,94.0,3.0,1155.258,43646629.0,8.0,7.8,0.536,11.1,62.1,263.0,59,1.81,154.227,94.0,84,94.0,5.49,94.0,3.0,1155.258,17153357.0,8.0,7.8,0.536,11.1,5.95,0.005,3.131
Kenya,2011,Developing,61.2,278.0,60,1.8,109.705,96.0,19.5,86,97.0,5.23,96.0,3.4,987.445,42486839.0,8.1,7.9,0.53,11.1,61.2,278.0,60,1.8,109.705,96.0,86,97.0,5.23,96.0,3.2,987.445,17153357.0,8.1,7.9,0.53,11.1,5.883,0.005,3.233
Kenya,2010,Developing,63.0,294.0,61,1.73,56.59,9.0,18.9,89,9.0,3.97,9.0,4.3,967.348,4135152.0,8.2,8.0,0.523,11.1,63.0,294.0,61,1.73,56.59,18.0,87,45.0,3.97,45.0,3.2,967.348,4135152.0,8.2,8.0,0.523,11.1,5.805,0.004,3.379
Kenya,2009,Developing,59.1,317.0,62,1.86,7.147,88.0,18.4,91,89.0,4.17,88.0,5.0,92.816,423724.0,8.2,8.1,0.514,10.7,59.1,317.0,62,1.86,7.147,88.0,87,89.0,4.17,88.0,3.2,92.816,423724.0,8.2,8.1,0.514,10.7,5.5,0.045,3.644
Kenya,2008,Developing,57.9,339.0,64,1.71,60.515,88.0,17.9,95,88.0,3.9,88.0,6.4,916.899,39148416.0,8.3,8.2,0.506,10.4,57.9,339.0,64,1.71,60.515,88.0,87,88.0,3.9,88.0,3.2,916.899,17153357.0,8.3,8.2,0.506,10.4,5.262,0.004,3.897
Kenya,2007,Developing,56.8,356.0,66,1.97,59.834,81.0,17.3,100,76.0,4.8,81.0,9.1,839.181,388599.0,8.4,8.3,0.494,10.1,56.8,356.0,64,1.97,59.834,81.0,87,76.0,4.8,81.0,3.2,839.181,388599.0,8.4,8.3,0.494,10.1,4.989,0.006,4.092
Kenya,2006,Developing,55.3,388.0,68,1.76,52.604,8.0,16.9,104,77.0,4.24,8.0,10.3,697.664,37525.0,8.5,8.4,0.483,9.7,55.3,388.0,64,1.76,52.604,18.0,87,77.0,4.24,45.0,3.2,697.664,37525.0,8.5,8.4,0.483,9.7,4.685,0.006,4.46
Kenya,2005,Developing,54.1,412.0,70,1.82,39.557,76.0,16.4,108,7.0,4.36,76.0,11.6,519.8,3648288.0,8.6,8.5,0.474,9.6,54.1,412.0,64,1.82,39.557,76.0,87,45.0,4.36,76.0,3.2,519.8,3648288.0,8.6,8.5,0.474,9.6,4.55,0.008,4.736
Kenya,2004,Developing,53.0,432.0,72,1.43,36.298,73.0,15.9,112,73.0,4.29,73.0,13.2,458.884,3574931.0,8.7,8.6,0.461,8.9,53.0,432.0,64,1.43,36.298,73.0,87,73.0,4.29,73.0,3.2,458.884,3574931.0,8.7,8.6,0.461,8.9,4.103,0.009,4.966
Kenya,2003,Developing,52.4,437.0,74,1.49,35.852,73.0,15.5,115,75.0,4.45,73.0,14.5,436.688,3413852.0,8.8,8.8,0.45,8.2,52.4,437.0,64,1.49,35.852,73.0,87,75.0,4.45,73.0,3.2,436.688,3413852.0,8.8,8.8,0.45,8.2,3.69,0.01,5.023
Kenya,2002,Developing,52.1,437.0,76,1.66,32.737,84.0,15.1,118,83.0,4.54,84.0,15.7,395.849,332149.0,8.9,8.9,0.451,8.5,52.1,437.0,64,1.66,32.737,84.0,87,83.0,4.54,84.0,3.2,395.849,332149.0,8.9,8.9,0.451,8.5,3.834,0.011,5.023
Kenya,2001,Developing,51.9,434.0,77,1.63,3.848,84.0,14.7,120,77.0,4.62,8.0,16.9,41.776,32321482.0,9.0,9.0,0.447,8.4,51.9,434.0,64,1.63,3.848,84.0,87,77.0,4.62,45.0,3.2,41.776,17153357.0,9.0,9.0,0.447,8.4,3.755,0.111,4.989
Kenya,2000,Developing,51.9,428.0,77,1.51,0.682,84.0,14.4,121,8.0,4.68,82.0,18.1,43.98,3145483.0,9.2,9.1,0.448,8.4,51.9,428.0,64,1.51,0.682,84.0,87,45.0,4.68,82.0,3.2,43.98,3145483.0,9.2,9.1,0.448,8.4,3.763,0.106,4.92
Kiribati,2013,Developing,65.8,22.0,0,0.01,137.259,95.0,76.7,0,91.0,1.15,95.0,0.1,1724.362,18535.0,0.1,0.1,0.589,11.9,65.8,22.0,0,0.01,137.259,95.0,0,91.0,1.15,95.0,0.1,1724.362,18535.0,0.1,0.1,0.589,11.9,7.009,0.001,
Kiribati,2012,Developing,65.7,24.0,0,0.01,147.455,94.0,76.2,0,92.0,1.37,94.0,0.1,1763.815,16613.0,0.1,0.1,0.581,11.9,65.7,24.0,0,0.01,147.455,94.0,0,92.0,1.37,94.0,0.1,1763.815,16613.0,0.1,0.1,0.581,11.9,6.914,0.001,
Kiribati,2011,Developing,65.5,26.0,0,0.53,30.467,95.0,75.7,0,95.0,1.42,99.0,0.1,1692.613,14656.0,0.1,0.1,0.585,11.9,65.5,26.0,0,0.53,30.467,95.0,0,95.0,1.42,99.0,0.1,1692.613,14656.0,0.1,0.1,0.585,11.9,6.962,0.001,
Kiribati,2010,Developing,65.3,27.0,0,0.48,18.217,91.0,75.2,0,95.0,1.52,91.0,0.1,1493.165,12652.0,0.1,0.1,0.584,11.9,65.3,27.0,0,0.48,18.217,91.0,0,95.0,1.52,91.0,0.1,1493.165,12652.0,0.1,0.1,0.584,11.9,6.95,0.001,
Kiribati,2009,Developing,65.2,28.0,0,0.54,162.29,86.0,74.6,0,84.0,12.24,86.0,0.1,1297.285,1568.0,0.1,0.1,0.576,11.9,65.2,28.0,0,0.54,162.29,86.0,0,84.0,11.79,86.0,0.1,1297.285,1568.0,0.1,0.1,0.576,11.9,6.854,0.009,
Kiribati,2008,Developing,65.1,21.0,0,0.46,167.62,83.0,74.1,0,74.0,12.23,82.0,0.1,1413.323,9844.0,0.2,0.1,0.572,11.6,65.1,21.0,0,0.46,167.62,83.0,0,74.0,11.79,82.0,0.1,1413.323,9844.0,0.2,0.1,0.572,11.6,6.635,0.008,
Kiribati,2007,Developing,65.0,211.0,0,0.68,188.711,96.0,73.4,0,93.0,13.66,94.0,0.1,1357.632,96311.0,0.2,0.1,0.574,11.8,65.0,211.0,0,0.68,188.711,96.0,0,93.0,11.79,94.0,0.1,1357.632,96311.0,0.2,0.1,0.574,11.8,6.773,0.009,
Kiribati,2006,Developing,65.0,212.0,0,0.76,18.195,88.0,72.8,0,86.0,1.93,86.0,0.1,1151.556,9426.0,0.2,0.1,0.576,12.1,65.0,212.0,0,0.76,18.195,88.0,0,86.0,1.93,86.0,0.1,1151.556,9426.0,0.2,0.1,0.576,12.1,6.97,0.002,
Kiribati,2005,Developing,64.9,213.0,0,0.6,111.739,5.0,72.1,0,74.0,1.6,79.0,0.1,1214.557,92325.0,0.2,0.2,0.0,12.2,64.9,213.0,0,0.6,111.739,18.0,0,74.0,1.6,79.0,0.1,1214.557,92325.0,0.2,0.2,0.27,12.2,3.294,0.001,
Kiribati,2004,Developing,64.8,214.0,0,0.48,10.624,67.0,71.4,0,61.0,1.39,62.0,0.1,113.629,9542.0,0.2,0.2,0.0,12.4,64.8,214.0,0,0.48,10.624,67.0,0,61.0,1.39,62.0,0.1,113.629,9542.0,0.2,0.2,0.27,12.4,3.348,0.012,
Kiribati,2002,Developing,64.6,217.0,0,0.49,70.756,79.0,69.7,0,96.0,9.1,77.0,0.1,826.586,87343.0,0.2,0.2,0.0,11.7,64.6,217.0,0,0.49,70.756,79.0,0,96.0,9.1,77.0,0.1,826.586,87343.0,0.2,0.2,0.27,11.7,3.159,0.011,
Kiribati,2001,Developing,64.3,219.0,0,0.6,59.972,85.0,68.8,0,88.0,9.0,85.0,0.1,734.949,85858.0,0.2,0.2,0.0,10.4,64.3,219.0,0,0.6,59.972,85.0,0,88.0,9.0,85.0,0.1,734.949,85858.0,0.2,0.2,0.27,10.4,2.808,0.012,
Latvia,2014,Developed,74.4,156.0,0,0.01,1542.636,92.0,6.7,0,92.0,5.88,92.0,0.1,15725.137,1993782.0,2.2,2.2,0.822,16.0,74.4,156.0,0,0.01,1109.855,92.0,0,92.0,5.88,92.0,0.1,8787.614,1993782.0,2.2,2.2,0.822,16.0,13.152,0.0,
Latvia,2012,Developed,73.8,163.0,0,10.21,1356.022,9.0,59.8,0,91.0,5.91,91.0,0.1,13822.856,234319.0,2.2,2.2,0.812,15.5,73.8,163.0,0,10.21,1109.855,18.0,0,91.0,5.91,91.0,0.1,8787.614,234319.0,2.2,2.2,0.812,15.5,12.586,0.0,
Latvia,2011,Developed,73.6,169.0,0,10.14,24.708,89.0,59.4,0,92.0,6.1,92.0,0.1,1372.689,25979.0,2.2,2.3,0.81,15.8,73.6,169.0,0,10.14,24.708,89.0,0,92.0,6.1,92.0,0.1,1372.689,25979.0,2.2,2.3,0.81,15.8,12.798,0.004,
Latvia,2010,Developed,72.8,18.0,0,9.8,1109.97,91.0,58.9,0,92.0,6.55,92.0,0.1,11326.219,297555.0,2.2,2.3,0.815,16.0,72.8,18.0,0,9.8,1109.855,91.0,0,92.0,6.55,92.0,0.1,8787.614,297555.0,2.2,2.3,0.815,16.0,13.04,0.001,
Latvia,2009,Developed,72.6,184.0,0,9.85,1137.624,92.0,58.5,0,94.0,6.84,94.0,0.1,12219.374,2141669.0,2.3,2.3,0.821,16.4,72.6,184.0,0,9.85,1109.855,92.0,0,94.0,6.84,94.0,0.1,8787.614,2141669.0,2.3,2.3,0.821,16.4,13.464,0.001,
Latvia,2008,Developed,71.9,199.0,0,11.84,253.402,93.0,58.1,0,94.0,6.63,94.0,0.1,16348.531,2177322.0,2.3,2.4,0.819,16.3,71.9,199.0,0,11.84,253.402,93.0,0,94.0,6.63,94.0,0.1,8787.614,2177322.0,2.3,2.4,0.819,16.3,13.35,0.0,
Latvia,2007,Developed,78.0,221.0,0,12.12,170.988,91.0,57.7,0,94.0,7.1,94.0,0.1,1444.159,22325.0,2.4,2.4,0.814,16.2,78.0,221.0,0,12.12,170.988,91.0,0,94.0,7.1,94.0,0.1,1444.159,22325.0,2.4,2.4,0.814,16.2,13.187,0.005,
Latvia,2005,Developed,76.0,216.0,0,9.92,86.926,99.0,57.0,0,99.0,6.37,99.0,0.1,7558.743,2238799.0,2.5,2.5,0.791,15.9,76.0,216.0,0,9.92,86.926,99.0,0,99.0,6.37,99.0,0.1,7558.743,2238799.0,2.5,2.5,0.791,15.9,12.577,0.001,
Latvia,2004,Developed,71.0,26.0,0,8.81,80.033,98.0,56.6,0,99.0,6.51,99.0,0.1,6351.812,2263122.0,2.5,2.6,0.776,15.5,71.0,26.0,0,8.81,80.033,98.0,0,99.0,6.51,99.0,0.1,6351.812,2263122.0,2.5,2.6,0.776,15.5,12.028,0.001,
Latvia,2003,Developed,78.0,29.0,0,8.24,478.064,98.0,56.3,0,98.0,6.15,98.0,0.1,5134.957,2287955.0,2.6,2.6,0.761,15.2,78.0,29.0,0,8.24,478.064,98.0,0,98.0,6.15,98.0,0.1,5134.957,2287955.0,2.6,2.6,0.761,15.2,11.567,0.001,
Latvia,2002,Developed,73.0,219.0,0,7.44,376.457,98.0,56.0,0,98.0,6.29,97.0,0.1,4132.349,231173.0,2.7,2.7,0.746,14.8,73.0,219.0,0,7.44,376.457,98.0,0,98.0,6.29,97.0,0.1,4132.349,231173.0,2.7,2.7,0.746,14.8,11.041,0.002,
Latvia,2001,Developed,69.9,228.0,0,6.68,332.275,96.0,55.7,0,97.0,6.17,97.0,0.1,3572.851,233717.0,2.8,2.8,0.728,14.2,69.9,228.0,0,6.68,332.275,96.0,0,97.0,6.17,97.0,0.1,3572.851,233717.0,2.8,2.8,0.728,14.2,10.338,0.002,
Latvia,2000,Developed,71.0,218.0,0,7.13,291.017,95.0,55.4,0,96.0,6.0,96.0,0.1,3352.731,236755.0,2.8,2.8,0.716,13.7,71.0,218.0,0,7.13,291.017,95.0,0,96.0,6.0,96.0,0.1,3352.731,236755.0,2.8,2.8,0.716,13.7,9.809,0.002,
Lebanon,2014,Developing,74.8,99.0,1,1.32,140.377,81.0,65.4,1,75.0,6.39,81.0,0.1,8161.461,563279.0,4.8,4.9,0.763,13.3,74.8,99.0,1,1.32,140.377,81.0,1,75.0,6.39,81.0,0.1,8161.461,563279.0,4.8,4.9,0.763,13.3,10.148,0.001,99.0
Lebanon,2013,Developing,74.9,97.0,1,1.29,14.556,81.0,64.9,1,75.0,6.63,81.0,0.1,846.285,527612.0,4.8,4.8,0.766,13.3,74.9,97.0,1,1.29,14.556,81.0,1,75.0,6.63,81.0,0.1,846.285,527612.0,4.8,4.8,0.766,13.3,10.188,0.008,97.0
Lebanon,2012,Developing,75.0,93.0,1,1.53,151.153,81.0,64.4,1,75.0,6.99,81.0,0.1,8787.947,491644.0,4.8,4.8,0.763,13.3,75.0,93.0,1,1.53,151.153,81.0,1,75.0,6.99,81.0,0.1,8787.614,491644.0,4.8,4.8,0.763,13.3,10.148,0.001,93.0
Lebanon,2011,Developing,75.0,93.0,1,1.57,835.063,81.0,64.0,1,75.0,7.12,81.0,0.1,8734.965,4588368.0,4.7,4.7,0.758,13.2,75.0,93.0,1,1.57,835.063,81.0,1,75.0,7.12,81.0,0.1,8734.965,4588368.0,4.7,4.7,0.758,13.2,10.006,0.001,93.0
Lebanon,2010,Developing,74.9,94.0,1,1.58,805.396,81.0,63.5,1,75.0,7.19,81.0,0.1,8763.826,4337141.0,4.7,4.7,0.752,13.3,74.9,94.0,1,1.58,805.396,81.0,1,75.0,7.19,81.0,0.1,8763.826,4337141.0,4.7,4.7,0.752,13.3,10.002,0.001,94.0
Lebanon,2008,Developing,74.5,98.0,1,1.67,69.139,81.0,62.5,1,75.0,8.7,81.0,0.1,712.776,411147.0,4.7,4.7,0.74,13.1,74.5,98.0,1,1.67,69.139,81.0,1,75.0,8.7,81.0,0.1,712.776,411147.0,4.7,4.7,0.74,13.1,9.694,0.012,98.0
Lebanon,2007,Developing,74.4,98.0,1,1.72,8.907,8.0,61.9,1,75.0,8.9,8.0,0.1,614.271,486466.0,4.7,4.6,0.731,12.9,74.4,98.0,1,1.72,8.907,18.0,1,75.0,8.9,45.0,0.1,614.271,486466.0,4.7,4.6,0.731,12.9,9.43,0.014,98.0
Lebanon,2006,Developing,74.1,1.0,1,1.82,534.58,78.0,61.4,1,75.0,8.83,78.0,0.1,5372.659,45735.0,4.7,4.6,0.733,13.2,74.1,1.0,1,1.82,534.58,78.0,1,75.0,8.83,78.0,0.1,5372.659,45735.0,4.7,4.6,0.733,13.2,9.676,0.002,1.0
Lebanon,2005,Developing,73.9,11.0,1,1.94,630.054,77.0,6.8,1,74.0,8.42,77.0,0.1,5339.441,3986852.0,4.7,4.6,0.0,13.7,73.9,11.0,1,1.94,630.054,77.0,1,74.0,8.42,77.0,0.1,5339.441,3986852.0,4.7,4.6,0.27,13.7,3.699,0.002,11.0
Lebanon,2004,Developing,73.7,13.0,1,2.1,618.361,75.0,6.2,1,74.0,8.91,75.0,0.1,5424.224,3863267.0,4.7,4.6,0.0,14.2,73.7,13.0,1,2.1,618.361,75.0,1,74.0,8.91,75.0,0.1,5424.224,3863267.0,4.7,4.6,0.27,14.2,3.834,0.002,13.0
Lebanon,2003,Developing,73.5,15.0,1,2.19,527.918,74.0,59.7,1,74.0,9.3,74.0,0.1,5425.67,371464.0,4.8,4.7,0.0,14.8,73.5,15.0,1,2.19,527.918,74.0,1,74.0,9.3,74.0,0.1,5425.67,371464.0,4.8,4.7,0.27,14.8,3.996,0.002,15.0
Lebanon,2002,Developing,73.2,17.0,1,1.98,70.132,77.0,59.1,1,77.0,1.5,77.0,0.1,5436.595,3522837.0,4.8,4.7,0.0,15.2,73.2,17.0,1,1.98,70.132,77.0,1,77.0,1.5,77.0,0.1,5436.595,3522837.0,4.8,4.7,0.27,15.2,4.104,0.0,17.0
Lebanon,2001,Developing,73.0,11.0,1,2.19,510.604,8.0,58.6,1,8.0,1.9,8.0,0.1,5253.123,3359859.0,4.9,4.7,0.0,15.0,73.0,11.0,1,2.19,510.604,18.0,1,45.0,1.9,45.0,0.1,5253.123,3359859.0,4.9,4.7,0.27,15.0,4.05,0.0,11.0
Lebanon,2000,Developing,72.7,112.0,1,2.26,404.388,83.0,57.9,1,83.0,1.86,83.0,0.1,5334.933,3235366.0,4.9,4.8,0.0,14.9,72.7,112.0,1,2.26,404.388,83.0,1,83.0,1.86,83.0,0.1,5334.933,3235366.0,4.9,4.8,0.27,14.9,4.023,0.0,112.0
Lesotho,2014,Developing,52.1,522.0,4,0.01,162.128,93.0,32.0,6,9.0,1.62,93.0,9.4,1174.839,2145785.0,5.8,5.6,0.491,10.8,52.1,491.0,4,0.01,162.128,93.0,6,45.0,1.62,93.0,3.2,1174.839,2145785.0,5.8,5.6,0.491,10.8,5.303,0.001,81.833
Lesotho,2013,Developing,52.1,518.0,4,0.01,153.344,93.0,31.4,6,9.0,11.7,93.0,9.6,1196.134,2117361.0,6.1,5.9,0.484,11.1,52.1,491.0,4,0.01,153.344,93.0,6,45.0,11.7,93.0,3.2,1196.134,2117361.0,6.1,5.9,0.484,11.1,5.372,0.01,81.833
Lesotho,2012,Developing,52.2,513.0,4,0.01,168.135,95.0,3.8,6,93.0,11.14,95.0,9.0,1281.516,289928.0,6.4,6.2,0.479,11.0,52.2,491.0,4,0.01,168.135,95.0,6,93.0,11.14,95.0,3.2,1281.516,289928.0,6.4,6.2,0.479,11.0,5.269,0.009,81.833
Lesotho,2011,Developing,52.3,52.0,4,2.39,195.825,96.0,3.2,6,95.0,11.79,96.0,10.5,1352.384,264166.0,6.8,6.6,0.469,11.0,52.3,52.0,4,2.39,195.825,96.0,6,95.0,11.79,96.0,3.2,1352.384,264166.0,6.8,6.6,0.469,11.0,5.159,0.009,8.667
Lesotho,2010,Developing,51.1,527.0,4,2.71,154.871,93.0,29.7,6,92.0,1.87,93.0,13.4,1173.262,24551.0,7.2,7.0,0.464,10.9,51.1,491.0,4,2.71,154.871,93.0,6,92.0,1.87,93.0,3.2,1173.262,24551.0,7.2,7.0,0.464,10.9,5.058,0.002,81.833
Lesotho,2009,Developing,49.4,566.0,4,2.75,104.314,91.0,29.2,6,89.0,9.8,91.0,18.2,923.137,21929.0,7.6,7.4,0.453,10.8,49.4,491.0,4,2.75,104.314,91.0,6,89.0,9.8,91.0,3.2,923.137,21929.0,7.6,7.4,0.453,10.8,4.892,0.011,81.833
Lesotho,2008,Developing,47.8,592.0,5,2.75,91.854,88.0,28.8,6,86.0,8.85,88.0,27.3,934.429,199993.0,8.0,7.8,0.447,10.7,47.8,491.0,5,2.75,91.854,88.0,6,86.0,8.85,88.0,3.2,934.429,199993.0,8.0,7.8,0.447,10.7,4.783,0.009,81.833
Lesotho,2007,Developing,46.2,633.0,4,2.69,9.184,9.0,28.3,6,87.0,8.47,88.0,30.0,918.433,1982287.0,8.4,8.3,0.44,10.6,46.2,491.0,4,2.69,9.184,18.0,6,87.0,8.47,88.0,3.2,918.433,1982287.0,8.4,8.3,0.44,10.6,4.664,0.009,81.833
Lesotho,2006,Developing,45.3,654.0,5,2.61,71.156,91.0,27.9,6,88.0,7.12,89.0,34.1,915.776,1965662.0,8.8,8.7,0.437,10.7,45.3,491.0,5,2.61,71.156,91.0,6,88.0,7.12,89.0,3.2,915.776,1965662.0,8.8,8.7,0.437,10.7,4.676,0.008,81.833
Lesotho,2003,Developing,45.5,648.0,5,1.99,5.301,17.0,26.4,7,9.0,7.13,9.0,33.8,63.636,191897.0,1.2,1.1,0.44,10.5,45.5,491.0,5,1.99,5.301,18.0,7,45.0,7.13,45.0,3.2,63.636,191897.0,1.2,1.1,0.44,10.5,4.62,0.112,70.143
Lesotho,2002,Developing,46.4,622.0,5,2.95,3.535,17.0,25.9,7,84.0,6.91,84.0,32.5,47.894,192312.0,1.6,1.6,0.446,10.4,46.4,491.0,5,2.95,3.535,18.0,7,84.0,6.91,84.0,3.2,47.894,192312.0,1.6,1.6,0.446,10.4,4.638,0.144,70.143
Lesotho,2000,Developing,49.3,543.0,5,3.1,29.866,17.0,24.9,7,82.0,6.92,83.0,29.8,474.82,1868699.0,11.5,11.6,0.445,9.6,49.3,491.0,5,3.1,29.866,18.0,7,82.0,6.92,83.0,3.2,474.82,1868699.0,11.5,11.6,0.445,9.6,4.272,0.015,70.143
Liberia,2014,Developing,58.1,329.0,8,0.01,54.374,5.0,26.7,11,49.0,1.4,5.0,0.9,458.465,439737.0,6.7,6.5,0.426,9.9,58.1,329.0,8,0.01,54.374,18.0,11,49.0,1.4,45.0,0.9,458.465,439737.0,6.7,6.5,0.426,9.9,4.217,0.003,29.909
Liberia,2013,Developing,61.1,258.0,9,0.01,45.049,76.0,26.1,11,75.0,9.25,76.0,1.1,454.122,4286291.0,6.8,6.7,0.419,9.8,61.1,258.0,9,0.01,45.049,76.0,11,75.0,9.25,76.0,1.1,454.122,4286291.0,6.8,6.7,0.419,9.8,4.106,0.02,23.455
Liberia,2012,Developing,67.0,261.0,9,0.01,48.099,8.0,25.6,12,8.0,1.19,8.0,1.2,415.362,4181563.0,7.0,6.9,0.416,9.6,67.0,261.0,9,0.01,48.099,18.0,12,45.0,1.19,45.0,1.2,415.362,4181563.0,7.0,6.9,0.416,9.6,3.994,0.003,21.75
Liberia,2011,Developing,62.0,266.0,9,3.72,60.447,77.0,25.0,12,77.0,11.23,77.0,1.5,379.69,47167.0,7.2,7.0,0.406,9.5,62.0,266.0,9,3.72,60.447,77.0,12,77.0,11.23,77.0,1.5,379.69,47167.0,7.2,7.0,0.406,9.5,3.857,0.03,22.167
Liberia,2010,Developing,59.7,272.0,9,3.64,41.911,47.0,24.5,13,71.0,11.87,7.0,1.8,327.426,3948125.0,7.4,7.2,0.403,9.6,59.7,272.0,9,3.64,41.911,47.0,13,71.0,11.79,45.0,1.8,327.426,3948125.0,7.4,7.2,0.403,9.6,3.869,0.036,20.923
Liberia,2009,Developing,59.2,277.0,10,3.75,5.592,64.0,24.0,13,84.0,14.39,81.0,2.1,33.667,3811528.0,7.6,7.4,0.4,9.7,59.2,277.0,10,3.75,5.592,64.0,13,84.0,11.79,81.0,2.1,33.667,3811528.0,7.6,7.4,0.4,9.7,3.88,0.35,21.308
Liberia,2008,Developing,58.6,281.0,10,3.88,40.033,64.0,23.4,14,79.0,11.83,75.0,2.4,232.617,3662993.0,7.7,7.6,0.394,9.8,58.6,281.0,10,3.88,40.033,64.0,14,79.0,11.79,75.0,2.4,232.617,3662993.0,7.7,7.6,0.394,9.8,3.861,0.051,20.071
Liberia,2007,Developing,57.9,286.0,10,4.03,3.687,64.0,22.9,14,67.0,1.24,65.0,2.8,21.373,3512932.0,7.9,7.8,0.383,9.9,57.9,286.0,10,4.03,3.687,64.0,14,67.0,1.24,65.0,2.8,21.373,3512932.0,7.9,7.8,0.383,9.9,3.792,0.058,20.429
Liberia,2006,Developing,56.7,32.0,11,4.05,15.799,64.0,22.4,15,66.0,1.9,6.0,3.0,178.928,3375838.0,8.1,8.1,0.377,10.0,56.7,32.0,11,4.05,15.799,64.0,15,66.0,1.9,45.0,3.0,178.928,3375838.0,8.1,8.1,0.377,10.0,3.77,0.011,2.133
Liberia,2005,Developing,55.3,316.0,12,4.19,22.396,64.0,22.0,16,66.0,8.4,6.0,3.1,168.648,326123.0,8.3,8.3,0.372,10.1,55.3,316.0,12,4.19,22.396,64.0,16,66.0,8.4,45.0,3.1,168.648,326123.0,8.3,8.3,0.372,10.1,3.757,0.05,19.75
Liberia,2004,Developing,54.0,329.0,12,4.24,17.859,64.0,21.5,17,47.0,8.77,31.0,3.2,149.445,3176414.0,8.5,8.5,0.335,10.2,54.0,329.0,12,4.24,17.859,64.0,17,47.0,8.77,45.0,3.2,149.445,3176414.0,8.5,8.5,0.335,10.2,3.417,0.059,19.353
Liberia,2003,Developing,50.0,42.0,13,4.21,9.758,64.0,21.1,18,49.0,3.44,35.0,3.2,133.495,3116233.0,8.7,8.7,0.373,10.3,50.0,42.0,13,4.21,9.758,64.0,18,49.0,3.44,45.0,3.2,133.495,3116233.0,8.7,8.7,0.373,10.3,3.842,0.026,2.333
Liberia,2002,Developing,56.0,371.0,13,4.27,10.424,64.0,2.7,19,51.0,5.43,39.0,3.1,177.285,362863.0,8.8,8.9,0.376,10.4,56.0,371.0,13,4.27,10.424,64.0,19,51.0,5.43,45.0,3.1,177.285,362863.0,8.8,8.9,0.376,10.4,3.91,0.031,19.526
Liberia,2001,Developing,51.5,333.0,14,4.4,16.721,64.0,2.4,20,54.0,6.41,42.0,3.1,174.182,2991132.0,9.0,9.0,0.386,10.5,51.5,333.0,14,4.4,16.721,64.0,20,54.0,6.41,45.0,3.1,174.182,2991132.0,9.0,9.0,0.386,10.5,4.053,0.037,16.65
Liberia,2000,Developing,51.9,39.0,14,4.46,12.197,64.0,2.2,20,56.0,5.91,46.0,3.1,183.415,2884522.0,9.2,9.2,0.338,8.7,51.9,39.0,14,4.46,12.197,64.0,20,56.0,5.91,46.0,3.1,183.415,2884522.0,9.2,9.2,0.338,8.7,2.941,0.032,1.95
Lithuania,2014,Developed,73.4,169.0,0,15.19,2211.744,94.0,61.9,0,93.0,6.55,93.0,0.1,16554.971,2932367.0,2.6,2.7,0.841,16.5,73.4,169.0,0,14.09,1109.855,94.0,0,93.0,6.55,93.0,0.1,8787.614,2932367.0,2.6,2.7,0.841,16.5,13.876,0.0,
Lithuania,2013,Developed,73.0,178.0,0,15.04,1968.817,93.0,61.4,0,93.0,6.59,93.0,0.1,15712.824,2957689.0,2.7,2.7,0.834,16.4,73.0,178.0,0,14.09,1109.855,93.0,0,93.0,6.59,93.0,0.1,8787.614,2957689.0,2.7,2.7,0.834,16.4,13.678,0.0,
Lithuania,2012,Developed,73.0,176.0,0,15.14,1807.071,93.0,6.9,0,93.0,6.67,93.0,0.1,14341.836,2987773.0,2.7,2.7,0.83,16.5,73.0,176.0,0,14.09,1109.855,93.0,0,93.0,6.67,93.0,0.1,8787.614,2987773.0,2.7,2.7,0.83,16.5,13.695,0.0,
Lithuania,2011,Developed,72.8,18.0,0,12.66,1758.823,95.0,6.5,0,92.0,6.86,92.0,0.1,14357.737,328115.0,2.7,2.8,0.826,16.7,72.8,18.0,0,12.66,1109.855,95.0,0,92.0,6.86,92.0,0.1,8787.614,328115.0,2.7,2.8,0.826,16.7,13.794,0.0,
Lithuania,2009,Developed,72.2,192.0,0,12.4,1446.529,95.0,59.7,0,98.0,7.53,98.0,0.1,11837.391,3162916.0,2.8,2.9,0.825,16.6,72.2,192.0,0,12.4,1109.855,95.0,0,98.0,7.53,98.0,0.1,8787.614,3162916.0,2.8,2.9,0.825,16.6,13.695,0.001,
Lithuania,2008,Developed,71.1,224.0,0,13.3,1888.15,96.0,59.3,0,96.0,6.61,96.0,0.1,14961.568,3198231.0,2.9,2.9,0.82,16.5,71.1,224.0,0,13.3,1109.855,96.0,0,96.0,6.61,96.0,0.1,8787.614,3198231.0,2.9,2.9,0.82,16.5,13.53,0.0,
Lithuania,2007,Developed,72.0,24.0,0,13.4,1581.512,96.0,59.0,0,95.0,6.22,95.0,0.1,12297.915,3231294.0,2.9,3.0,0.812,16.4,72.0,24.0,0,13.4,1109.855,96.0,0,95.0,6.22,95.0,0.1,8787.614,3231294.0,2.9,3.0,0.812,16.4,13.317,0.001,
Lithuania,2005,Developed,78.0,222.0,0,12.3,913.7,95.0,58.4,0,93.0,5.83,94.0,0.1,7863.163,3322528.0,3.0,3.1,0.798,16.2,78.0,222.0,0,12.3,913.7,95.0,0,93.0,5.83,94.0,0.1,7863.163,3322528.0,3.0,3.1,0.798,16.2,12.928,0.001,
Lithuania,2004,Developed,71.6,24.0,0,12.1,76.362,94.0,58.1,0,9.0,5.67,94.0,0.1,676.967,337775.0,3.1,3.1,0.792,16.3,71.6,24.0,0,12.1,76.362,94.0,0,45.0,5.67,94.0,0.1,676.967,337775.0,3.1,3.1,0.792,16.3,12.91,0.008,
Lithuania,2003,Developed,71.6,22.0,0,11.29,80.997,95.0,57.8,0,91.0,6.46,94.0,0.1,555.536,3415213.0,3.2,3.2,0.78,15.8,71.6,22.0,0,11.29,80.997,95.0,0,91.0,6.46,94.0,0.1,555.536,3415213.0,3.2,3.2,0.78,15.8,12.324,0.012,
Lithuania,2002,Developed,71.4,22.0,0,11.0,561.917,94.0,57.5,0,97.0,6.4,95.0,0.1,4146.988,344367.0,3.3,3.3,0.77,15.3,71.4,22.0,0,11.0,561.917,94.0,0,97.0,6.4,95.0,0.1,4146.988,344367.0,3.3,3.3,0.77,15.3,11.781,0.002,
Lithuania,2001,Developed,71.2,21.0,0,10.2,42.872,95.0,57.2,0,97.0,6.26,95.0,0.1,353.147,347818.0,3.3,3.3,0.757,14.7,71.2,21.0,0,10.2,42.872,95.0,0,97.0,6.26,95.0,0.1,353.147,347818.0,3.3,3.3,0.757,14.7,11.128,0.018,
Lithuania,2000,Developed,71.6,2.0,0,9.87,373.261,98.0,56.9,0,92.0,6.46,94.0,0.1,3297.355,3499536.0,3.4,3.4,0.745,14.0,71.6,2.0,0,9.87,373.261,98.0,0,92.0,6.46,94.0,0.1,3297.355,3499536.0,3.4,3.4,0.745,14.0,10.43,0.002,
Luxembourg,2014,Developed,81.7,65.0,0,11.12,16255.162,94.0,6.9,0,99.0,6.94,99.0,0.1,119172.742,556319.0,1.0,0.9,0.892,13.9,81.7,65.0,0,11.12,1109.855,94.0,0,99.0,6.94,99.0,0.1,8787.614,556319.0,1.0,0.9,0.892,13.9,12.399,0.0,
Luxembourg,2013,Developed,81.4,68.0,0,11.02,15515.752,94.0,6.5,0,99.0,7.1,99.0,0.1,113751.85,54336.0,0.9,0.9,0.892,13.9,81.4,68.0,0,11.02,1109.855,94.0,0,99.0,7.1,99.0,0.1,8787.614,54336.0,0.9,0.9,0.892,13.9,12.399,0.0,
Luxembourg,2011,Developed,88.0,72.0,0,11.5,17028.528,95.0,59.6,0,96.0,7.34,99.0,0.1,115761.577,518347.0,0.9,0.9,0.894,13.9,88.0,72.0,0,11.5,1109.855,95.0,0,96.0,7.34,99.0,0.1,8787.614,518347.0,0.9,0.9,0.894,13.9,12.427,0.0,
Luxembourg,2010,Developed,86.0,73.0,0,11.36,2267.252,94.0,59.2,0,96.0,7.68,99.0,0.1,14965.361,56953.0,0.9,0.9,0.884,13.7,86.0,73.0,0,11.36,1109.855,94.0,0,96.0,7.68,99.0,0.1,8787.614,56953.0,0.9,0.9,0.884,13.7,12.111,0.001,
Luxembourg,2009,Developed,83.0,76.0,0,11.42,2052.393,95.0,58.8,0,96.0,8.11,99.0,0.1,13198.669,497783.0,0.9,0.9,0.888,13.5,83.0,76.0,0,11.42,1109.855,95.0,0,96.0,8.11,99.0,0.1,8787.614,497783.0,0.9,0.9,0.888,13.5,11.988,0.001,
Luxembourg,2008,Developed,80.0,8.0,0,11.53,18961.349,94.0,58.4,0,96.0,7.34,99.0,0.1,114293.843,48865.0,0.9,0.9,0.887,13.5,80.0,8.0,0,11.53,1109.855,94.0,0,96.0,7.34,99.0,0.1,8787.614,48865.0,0.9,0.9,0.887,13.5,11.974,0.0,
Luxembourg,2006,Developed,79.4,85.0,0,11.98,15345.491,95.0,57.5,0,99.0,7.75,99.0,0.1,89739.712,472637.0,0.9,0.9,0.88,13.5,79.4,85.0,0,11.98,1109.855,95.0,0,99.0,7.75,99.0,0.1,8787.614,472637.0,0.9,0.9,0.88,13.5,11.88,0.0,
Luxembourg,2005,Developed,78.8,9.0,0,11.84,1346.247,95.0,57.0,0,99.0,7.95,99.0,0.1,8289.696,465158.0,1.0,0.9,0.874,13.5,78.8,9.0,0,11.84,1109.855,95.0,0,99.0,7.95,99.0,0.1,8289.696,465158.0,1.0,0.9,0.874,13.5,11.799,0.001,
Luxembourg,2004,Developed,78.7,92.0,0,12.42,12372.052,94.0,56.4,0,99.0,8.2,99.0,0.1,75716.352,45895.0,1.0,0.9,0.867,13.5,78.7,92.0,0,12.42,1109.855,94.0,0,99.0,8.2,99.0,0.1,8787.614,45895.0,1.0,0.9,0.867,13.5,11.704,0.0,
Luxembourg,2003,Developed,78.6,92.0,0,12.61,10111.389,95.0,55.8,0,99.0,7.67,98.0,0.1,65445.885,45163.0,1.0,0.9,0.865,13.6,78.6,92.0,0,12.61,1109.855,95.0,0,99.0,7.67,98.0,0.1,8787.614,45163.0,1.0,0.9,0.865,13.6,11.764,0.0,
Luxembourg,2002,Developed,78.3,95.0,0,12.91,910.506,95.0,55.2,0,99.0,8.27,99.0,0.1,5293.641,446175.0,1.0,0.9,0.86,13.5,78.3,95.0,0,12.91,910.506,95.0,0,99.0,8.27,99.0,0.1,5293.641,446175.0,1.0,0.9,0.86,13.5,11.61,0.002,
Luxembourg,2000,Developed,77.8,98.0,0,13.14,8246.13,77.0,54.0,0,99.0,7.48,99.0,0.1,48735.995,4363.0,1.0,1.0,0.848,13.5,77.8,98.0,0,13.14,1109.855,77.0,0,99.0,7.48,99.0,0.1,8787.614,4363.0,1.0,1.0,0.848,13.5,11.448,0.0,
Madagascar,2014,Developing,65.1,225.0,29,0.01,5.339,73.0,2.0,39,73.0,3.4,73.0,0.3,452.463,2358981.0,7.2,7.1,0.509,10.3,65.1,225.0,29,0.01,5.339,73.0,39,73.0,3.4,73.0,0.3,452.463,2358981.0,7.2,7.1,0.509,10.3,5.243,0.008,5.769
Madagascar,2013,Developing,64.7,23.0,29,0.87,79.509,74.0,19.5,40,73.0,4.15,74.0,0.4,461.724,22961146.0,7.3,7.2,0.508,10.3,64.7,23.0,29,0.87,79.509,74.0,40,73.0,4.15,74.0,0.4,461.724,17153357.0,7.3,7.2,0.508,10.3,5.232,0.009,0.575
Madagascar,2012,Developing,64.3,235.0,30,0.87,59.979,7.0,19.0,42,71.0,3.46,7.0,0.4,443.961,22346573.0,7.4,7.3,0.506,10.2,64.3,235.0,30,0.87,59.979,18.0,42,71.0,3.46,45.0,0.4,443.961,17153357.0,7.4,7.3,0.506,10.2,5.161,0.008,5.595
Madagascar,2011,Developing,63.8,241.0,31,0.97,78.8,73.0,18.5,43,73.0,4.24,73.0,0.4,454.963,21743949.0,7.5,7.4,0.504,10.2,63.8,241.0,31,0.97,78.8,73.0,43,73.0,4.24,73.0,0.4,454.963,17153357.0,7.5,7.4,0.504,10.2,5.141,0.009,5.605
Madagascar,2010,Developing,63.3,248.0,32,1.03,76.604,7.0,18.0,45,7.0,4.86,7.0,0.5,412.739,2115164.0,7.6,7.5,0.503,10.2,63.3,248.0,32,1.03,76.604,18.0,45,45.0,4.86,45.0,0.5,412.739,2115164.0,7.6,7.5,0.503,10.2,5.131,0.012,5.511
Madagascar,2008,Developing,62.3,259.0,34,0.68,6.449,77.0,17.1,49,77.0,4.5,77.0,0.5,47.733,19996469.0,7.8,7.7,0.491,9.4,62.3,259.0,34,0.68,6.449,77.0,49,77.0,4.5,77.0,0.5,47.733,17153357.0,7.8,7.7,0.491,9.4,4.615,0.094,5.286
Madagascar,2007,Developing,61.9,261.0,35,0.71,55.43,84.0,16.7,51,83.0,4.98,84.0,0.6,377.848,19433523.0,7.9,7.8,0.483,9.1,61.9,261.0,35,0.71,55.43,84.0,51,83.0,4.98,84.0,0.6,377.848,17153357.0,7.9,7.8,0.483,9.1,4.395,0.013,5.118
Madagascar,2006,Developing,61.4,263.0,36,0.68,38.419,82.0,16.3,54,83.0,5.11,85.0,0.6,292.157,1888268.0,8.0,7.9,0.478,9.0,61.4,263.0,36,0.68,38.419,82.0,54,83.0,5.11,85.0,0.6,292.157,1888268.0,8.0,7.9,0.478,9.0,4.302,0.017,4.87
Madagascar,2005,Developing,69.0,265.0,37,0.72,33.748,81.0,15.8,56,8.0,5.3,85.0,0.6,274.82,18336724.0,8.1,8.0,0.473,8.9,69.0,265.0,37,0.72,33.748,81.0,56,45.0,5.3,85.0,0.6,274.82,17153357.0,8.1,8.0,0.473,8.9,4.21,0.019,4.732
Madagascar,2004,Developing,64.0,267.0,38,0.81,23.728,71.0,15.4,58,74.0,4.89,78.0,0.6,245.124,1782997.0,8.2,8.1,0.466,8.7,64.0,267.0,38,0.81,23.728,71.0,58,74.0,4.89,78.0,0.6,245.124,1782997.0,8.2,8.1,0.466,8.7,4.054,0.02,4.603
Madagascar,2003,Developing,59.9,268.0,40,0.93,37.129,61.0,15.0,60,65.0,4.81,66.0,0.7,316.8,17279141.0,8.3,8.3,0.457,8.5,59.9,268.0,40,0.93,37.129,61.0,60,65.0,4.81,66.0,0.7,316.8,17153357.0,8.3,8.3,0.457,8.5,3.884,0.015,4.467
Madagascar,2002,Developing,59.3,271.0,41,0.9,47.526,51.0,14.7,63,61.0,5.29,62.0,0.7,262.286,16765117.0,8.5,8.4,0.462,8.3,59.3,271.0,41,0.9,47.526,51.0,63,61.0,5.29,62.0,0.7,262.286,16765117.0,8.5,8.4,0.462,8.3,3.835,0.02,4.302
Madagascar,2001,Developing,58.7,276.0,42,1.05,42.563,51.0,14.3,65,6.0,5.17,6.0,0.7,278.556,1626932.0,8.6,8.5,0.456,8.2,58.7,276.0,42,1.05,42.563,51.0,65,45.0,5.17,45.0,0.7,278.556,1626932.0,8.6,8.5,0.456,8.2,3.739,0.019,4.246
Madagascar,2000,Developing,57.9,283.0,44,1.16,35.661,51.0,13.9,68,58.0,5.8,57.0,0.6,245.94,1576686.0,8.7,8.6,0.0,8.0,57.9,283.0,44,1.16,35.661,51.0,68,58.0,5.8,57.0,0.6,245.94,1576686.0,8.7,8.6,0.27,8.0,2.16,0.024,4.162
Malawi,2014,Developing,57.6,377.0,27,0.01,59.487,91.0,19.2,40,87.0,11.38,91.0,5.1,354.725,1768838.0,6.5,6.3,0.466,10.7,57.6,377.0,27,0.01,59.487,91.0,40,87.0,11.38,91.0,3.2,354.725,1768838.0,6.5,6.3,0.466,10.7,4.986,0.032,9.425
Malawi,2013,Developing,56.7,394.0,29,0.01,55.831,89.0,18.8,42,89.0,1.96,89.0,6.3,332.922,16577147.0,6.5,6.4,0.459,10.7,56.7,394.0,29,0.01,55.831,89.0,42,89.0,1.96,89.0,3.2,332.922,16577147.0,6.5,6.4,0.459,10.7,4.911,0.006,9.381
Malawi,2012,Developing,55.3,42.0,31,0.01,82.769,96.0,18.4,46,95.0,12.6,96.0,8.3,374.519,169735.0,6.6,6.5,0.454,10.7,55.3,42.0,31,0.01,82.769,96.0,46,95.0,11.79,96.0,3.2,374.519,169735.0,6.6,6.5,0.454,10.7,4.858,0.031,0.913
Malawi,2011,Developing,54.1,441.0,32,1.23,13.776,97.0,18.0,50,97.0,11.67,97.0,11.2,512.125,15627618.0,6.7,6.6,0.444,10.6,54.1,441.0,32,1.23,13.776,97.0,50,97.0,11.67,97.0,3.2,512.125,15627618.0,6.7,6.6,0.444,10.6,4.706,0.023,8.82
Malawi,2010,Developing,52.9,462.0,35,1.08,9.728,93.0,17.6,54,86.0,1.5,93.0,13.7,458.868,1516795.0,6.8,6.7,0.43,10.2,52.9,462.0,35,1.08,9.728,93.0,54,86.0,1.5,93.0,3.2,458.868,1516795.0,6.8,6.7,0.43,10.2,4.386,0.003,8.556
Malawi,2009,Developing,51.5,491.0,36,1.16,7.915,93.0,17.3,56,93.0,1.18,93.0,14.9,42.738,1471462.0,6.9,6.8,0.415,9.9,51.5,491.0,36,1.16,7.915,93.0,56,93.0,1.18,93.0,3.2,42.738,1471462.0,6.9,6.8,0.415,9.9,4.108,0.028,8.768
Malawi,2008,Developing,50.0,525.0,36,1.27,74.345,91.0,16.9,58,92.0,1.7,91.0,16.9,372.843,14271234.0,7.0,6.9,0.4,9.6,50.0,491.0,36,1.27,74.345,91.0,58,92.0,1.7,91.0,3.2,372.843,14271234.0,7.0,6.9,0.4,9.6,3.84,0.005,8.466
Malawi,2007,Developing,48.5,559.0,37,1.18,4.27,87.0,16.6,59,88.0,9.31,87.0,19.3,32.223,1384969.0,7.1,7.0,0.387,9.7,48.5,491.0,37,1.18,4.27,87.0,59,88.0,9.31,87.0,3.2,32.223,1384969.0,7.1,7.0,0.387,9.7,3.754,0.289,8.322
Malawi,2006,Developing,47.1,587.0,38,1.18,6.847,99.0,16.2,61,99.0,8.99,99.0,21.1,297.697,13429262.0,7.3,7.1,0.377,9.6,47.1,491.0,38,1.18,6.847,99.0,61,99.0,8.99,99.0,3.2,297.697,13429262.0,7.3,7.1,0.377,9.6,3.619,0.03,8.049
Malawi,2003,Developing,44.6,613.0,43,1.08,4.375,84.0,15.2,70,85.0,6.35,84.0,24.2,26.153,12336687.0,7.6,7.5,0.362,10.3,45.3,491.0,43,1.08,4.375,84.0,70,85.0,6.35,84.0,3.2,26.153,12336687.0,7.6,7.5,0.362,10.3,3.729,0.243,7.014
Malawi,2002,Developing,44.0,67.0,46,1.1,3.885,64.0,14.8,75,79.0,4.82,64.0,24.7,29.98,1213711.0,7.7,7.6,0.388,10.4,45.3,67.0,46,1.1,3.885,64.0,75,79.0,4.82,64.0,3.2,29.98,1213711.0,7.7,7.6,0.388,10.4,4.035,0.161,0.893
Malawi,2001,Developing,43.5,599.0,48,1.15,12.798,64.0,14.4,80,86.0,5.7,9.0,25.1,146.762,11695863.0,7.9,7.7,0.387,10.1,45.3,491.0,48,1.15,12.798,64.0,80,86.0,5.7,45.0,3.2,146.762,11695863.0,7.9,7.7,0.387,10.1,3.909,0.039,6.138
Malawi,2000,Developing,43.1,588.0,51,1.18,13.763,64.0,14.1,84,73.0,6.7,75.0,25.5,153.259,11376172.0,8.0,7.9,0.391,10.7,45.3,491.0,51,1.18,13.763,64.0,84,73.0,6.7,75.0,3.2,153.259,11376172.0,8.0,7.9,0.391,10.7,4.184,0.044,5.845
Malaysia,2014,Developing,74.8,126.0,4,0.52,721.366,96.0,39.5,4,97.0,4.17,97.0,0.1,11183.962,322817.0,7.6,7.4,0.783,13.0,74.8,126.0,4,0.52,721.366,96.0,4,97.0,4.17,97.0,0.1,8787.614,322817.0,7.6,7.4,0.783,13.0,10.179,0.0,31.5
Malaysia,2013,Developing,74.6,128.0,3,0.53,110.678,96.0,38.5,4,97.0,4.2,97.0,0.1,1882.278,2976724.0,7.8,7.6,0.779,12.9,74.6,128.0,3,0.53,110.678,96.0,4,97.0,4.2,97.0,0.1,1882.278,2976724.0,7.8,7.6,0.779,12.9,10.049,0.002,32.0
Malaysia,2012,Developing,74.5,129.0,3,0.53,101.609,97.0,37.4,4,97.0,4.1,97.0,0.1,1779.496,2917456.0,7.9,7.7,0.776,12.9,74.5,129.0,3,0.53,101.609,97.0,4,97.0,4.1,97.0,0.1,1779.496,2917456.0,7.9,7.7,0.776,12.9,10.01,0.002,32.25
Malaysia,2011,Developing,74.3,13.0,3,0.51,9.23,96.0,36.3,4,96.0,3.89,96.0,0.1,145.126,28635128.0,8.0,7.8,0.774,13.0,74.3,13.0,3,0.51,9.23,96.0,4,96.0,3.89,96.0,0.1,145.126,17153357.0,8.0,7.8,0.774,13.0,10.062,0.027,3.25
Malaysia,2010,Developing,74.1,131.0,3,0.49,65.567,96.0,35.3,4,96.0,3.99,96.0,0.1,971.357,28112289.0,8.2,8.0,0.764,12.8,74.1,131.0,3,0.49,65.567,96.0,4,96.0,3.99,96.0,0.1,971.357,17153357.0,8.2,8.0,0.764,12.8,9.779,0.004,32.75
Malaysia,2009,Developing,74.0,131.0,3,0.47,431.545,96.0,34.4,4,97.0,3.97,97.0,0.1,7326.744,2765383.0,8.3,8.2,0.756,12.6,74.0,131.0,3,0.47,431.545,96.0,4,97.0,3.97,97.0,0.1,7326.744,2765383.0,8.3,8.2,0.756,12.6,9.526,0.001,32.75
Malaysia,2008,Developing,73.8,132.0,3,0.47,438.452,97.0,33.4,4,97.0,3.47,97.0,0.1,8513.63,2711169.0,8.5,8.3,0.747,12.5,73.8,132.0,3,0.47,438.452,97.0,4,97.0,3.47,97.0,0.1,8513.63,2711169.0,8.5,8.3,0.747,12.5,9.338,0.0,33.0
Malaysia,2007,Developing,73.7,133.0,3,0.43,409.981,96.0,32.5,4,97.0,3.61,97.0,0.1,7269.171,26625845.0,8.7,8.5,0.736,12.3,73.7,133.0,3,0.43,409.981,96.0,4,97.0,3.61,97.0,0.1,7269.171,17153357.0,8.7,8.5,0.736,12.3,9.053,0.0,33.25
Malaysia,2006,Developing,73.6,134.0,3,0.42,365.911,95.0,31.6,4,95.0,3.65,95.0,0.1,6222.983,26143566.0,8.8,8.6,0.732,12.7,73.6,134.0,3,0.42,365.911,95.0,4,95.0,3.65,95.0,0.1,6222.983,17153357.0,8.8,8.6,0.732,12.7,9.296,0.001,33.5
Malaysia,2005,Developing,73.4,135.0,3,0.46,297.591,96.0,3.7,4,96.0,3.29,96.0,0.1,5593.823,25659393.0,9.0,8.8,0.734,12.9,73.4,135.0,3,0.46,297.591,96.0,4,96.0,3.29,96.0,0.1,5593.823,17153357.0,9.0,8.8,0.734,12.9,9.469,0.001,33.75
Malaysia,2004,Developing,73.2,137.0,3,0.49,315.664,94.0,29.8,4,95.0,3.74,95.0,0.1,4955.478,2517419.0,9.2,8.9,0.731,12.7,73.2,137.0,3,0.49,315.664,94.0,4,95.0,3.74,95.0,0.1,4955.478,2517419.0,9.2,8.9,0.731,12.7,9.284,0.001,34.25
Malaysia,2003,Developing,73.1,138.0,3,0.48,264.25,95.0,28.8,4,96.0,3.95,96.0,0.1,4463.676,2468873.0,9.3,9.1,0.724,12.1,73.1,138.0,3,0.48,264.25,95.0,4,96.0,3.95,96.0,0.1,4463.676,2468873.0,9.3,9.1,0.724,12.1,8.76,0.001,34.5
Malaysia,2002,Developing,72.9,14.0,4,0.49,216.703,95.0,27.9,4,94.0,3.4,94.0,0.1,4167.364,24198811.0,9.5,9.3,0.723,12.0,72.9,14.0,4,0.49,216.703,95.0,4,94.0,3.4,94.0,0.1,4167.364,17153357.0,9.5,9.3,0.723,12.0,8.676,0.001,3.5
Malaysia,2001,Developing,72.7,144.0,4,0.53,210.242,95.0,27.0,5,95.0,3.4,96.0,0.1,3915.115,2369897.0,9.7,9.4,0.725,11.9,72.7,144.0,4,0.53,210.242,95.0,5,95.0,3.4,96.0,0.1,3915.115,2369897.0,9.7,9.4,0.725,11.9,8.628,0.001,28.8
Malaysia,2000,Developing,72.4,149.0,4,0.54,23.372,97.0,26.0,5,98.0,3.4,98.0,0.1,445.175,2318568.0,9.8,9.6,0.715,11.6,72.4,149.0,4,0.54,23.372,97.0,5,98.0,3.4,98.0,0.1,445.175,2318568.0,9.8,9.6,0.715,11.6,8.294,0.008,29.8
Maldives,2014,Developing,78.2,62.0,0,0.01,2051.749,99.0,26.2,0,99.0,13.73,99.0,0.1,7716.242,41.0,13.6,13.7,0.693,12.7,78.2,62.0,0,0.01,1109.855,99.0,0,99.0,11.79,99.0,0.1,7716.242,41.0,13.6,13.7,0.693,12.7,8.801,0.002,
Maldives,2013,Developing,77.9,64.0,0,0.01,1626.591,99.0,25.1,0,99.0,11.16,99.0,0.1,7112.336,393.0,13.7,13.8,0.683,12.4,77.9,64.0,0,0.01,1109.855,99.0,0,99.0,11.16,99.0,0.1,7112.336,393.0,13.7,13.8,0.683,12.4,8.469,0.002,
Maldives,2012,Developing,77.6,65.0,0,0.01,1259.94,99.0,24.1,0,99.0,9.16,99.0,0.1,6541.746,385.0,13.8,13.9,0.675,12.1,77.6,65.0,0,0.01,1109.855,99.0,0,99.0,9.16,99.0,0.1,6541.746,385.0,13.8,13.9,0.675,12.1,8.168,0.001,
Maldives,2011,Developing,77.3,67.0,0,1.92,1079.894,96.0,23.1,0,96.0,8.11,96.0,0.1,6497.554,377.0,13.9,14.0,0.663,11.8,77.3,67.0,0,1.92,1079.894,96.0,0,96.0,8.11,96.0,0.1,6497.554,377.0,13.9,14.0,0.663,11.8,7.823,0.001,
Maldives,2010,Developing,76.7,73.0,0,1.83,91.14,97.0,22.1,0,97.0,7.93,96.0,0.1,633.795,367.0,14.0,14.1,0.653,11.6,76.7,73.0,0,1.83,91.14,97.0,0,97.0,7.93,96.0,0.1,633.795,367.0,14.0,14.1,0.653,11.6,7.575,0.013,
Maldives,2009,Developing,76.3,75.0,0,1.59,100.503,98.0,21.2,0,98.0,9.22,98.0,0.1,597.166,36.0,14.1,14.2,0.651,11.8,76.3,75.0,0,1.59,100.503,98.0,0,98.0,9.22,98.0,0.1,597.166,36.0,14.1,14.2,0.651,11.8,7.682,0.015,
Maldives,2008,Developing,75.9,81.0,0,1.76,1077.712,98.0,2.3,0,98.0,9.3,98.0,0.1,5828.621,362.0,14.2,14.3,0.641,11.8,75.9,81.0,0,1.76,1077.712,98.0,0,98.0,9.3,98.0,0.1,5828.621,362.0,14.2,14.3,0.641,11.8,7.564,0.002,
Maldives,2007,Developing,75.4,82.0,0,1.78,6.491,98.0,19.5,0,98.0,6.64,98.0,0.1,52.862,349.0,14.3,14.4,0.632,11.9,75.4,82.0,0,1.78,6.491,98.0,0,98.0,6.64,98.0,0.1,52.862,349.0,14.3,14.4,0.632,11.9,7.521,0.126,
Maldives,2006,Developing,75.0,88.0,0,1.62,659.85,98.0,18.7,0,98.0,7.37,98.0,0.1,4428.523,333.0,14.3,14.5,0.622,12.0,75.0,88.0,0,1.62,659.85,98.0,0,98.0,7.37,98.0,0.1,4428.523,333.0,14.3,14.5,0.622,12.0,7.464,0.002,
Maldives,2005,Developing,74.3,93.0,0,1.47,620.952,98.0,18.0,0,98.0,9.52,98.0,0.1,3488.494,321.0,14.4,14.5,0.625,12.1,74.3,93.0,0,1.47,620.952,98.0,0,98.0,9.52,98.0,0.1,3488.494,321.0,14.4,14.5,0.625,12.1,7.562,0.003,
Maldives,2004,Developing,73.4,16.0,0,1.6,611.909,97.0,17.3,0,96.0,5.89,96.0,0.1,3853.333,312.0,14.5,14.6,0.617,12.2,73.4,16.0,0,1.6,611.909,97.0,0,96.0,5.89,96.0,0.1,3853.333,312.0,14.5,14.6,0.617,12.2,7.527,0.002,
Maldives,2003,Developing,72.7,112.0,0,1.75,491.498,98.0,16.7,0,98.0,5.9,98.0,0.1,3432.248,34.0,14.6,14.7,0.601,11.8,72.7,112.0,0,1.75,491.498,98.0,0,98.0,5.9,98.0,0.1,3432.248,34.0,14.6,14.7,0.601,11.8,7.092,0.002,
Maldives,2002,Developing,71.8,124.0,0,1.95,4.299,98.0,16.2,0,98.0,5.78,98.0,0.1,32.372,297.0,14.6,14.7,0.597,12.0,71.8,124.0,0,1.95,4.299,98.0,0,98.0,5.78,98.0,0.1,32.372,297.0,14.6,14.7,0.597,12.0,7.164,0.179,
Maldives,2001,Developing,78.0,129.0,0,1.98,41.307,98.0,15.6,0,97.0,5.84,98.0,0.1,298.676,292.0,14.7,14.8,0.587,11.8,78.0,129.0,0,1.98,41.307,98.0,0,97.0,5.84,98.0,0.1,298.676,292.0,14.7,14.8,0.587,11.8,6.927,0.02,
Maldives,2000,Developing,69.6,139.0,0,1.83,300.162,96.0,15.2,0,98.0,8.0,98.0,0.1,2182.997,286.0,14.8,14.8,0.577,11.3,69.6,139.0,0,1.83,300.162,96.0,0,98.0,8.0,98.0,0.1,2182.997,286.0,14.8,14.8,0.577,11.3,6.52,0.004,
Mali,2014,Developing,57.8,272.0,52,0.01,46.562,73.0,23.2,85,74.0,6.86,73.0,1.6,825.573,16962846.0,7.9,7.7,0.43,8.2,57.8,272.0,52,0.01,46.562,73.0,85,74.0,6.86,73.0,1.6,825.573,16962846.0,7.9,7.7,0.43,8.2,3.526,0.008,3.2
Mali,2013,Developing,57.3,275.0,53,0.01,36.861,69.0,22.5,86,7.0,6.58,69.0,1.6,777.659,16477818.0,8.1,7.9,0.421,8.0,57.3,275.0,53,0.01,36.861,69.0,86,45.0,6.58,69.0,1.6,777.659,16477818.0,8.1,7.9,0.421,8.0,3.368,0.008,3.198
Mali,2012,Developing,57.2,27.0,53,0.01,96.547,66.0,21.9,88,72.0,6.47,66.0,1.5,777.348,16667.0,8.3,8.1,0.411,7.7,57.2,27.0,53,0.01,96.547,66.0,87,72.0,6.47,66.0,1.5,777.348,16667.0,8.3,8.1,0.411,7.7,3.165,0.008,0.31
Mali,2010,Developing,56.5,273.0,54,0.6,9.586,72.0,2.7,91,77.0,6.35,73.0,1.5,78.378,157585.0,8.8,8.5,0.396,7.3,56.5,273.0,54,0.6,9.586,72.0,87,77.0,6.35,73.0,1.5,78.378,157585.0,8.8,8.5,0.396,7.3,2.891,0.081,3.138
Mali,2009,Developing,56.0,276.0,55,0.59,84.634,71.0,2.2,93,77.0,6.85,73.0,1.6,697.153,1466597.0,9.0,8.8,0.385,7.1,56.0,276.0,55,0.59,84.634,71.0,87,77.0,6.85,73.0,1.6,697.153,1466597.0,9.0,8.8,0.385,7.1,2.734,0.01,3.172
Mali,2008,Developing,55.5,278.0,55,0.57,102.141,74.0,19.6,94,74.0,6.74,74.0,1.6,689.678,14138216.0,9.2,9.0,0.36,5.8,55.5,278.0,55,0.57,102.141,74.0,87,74.0,6.74,74.0,1.6,689.678,14138216.0,9.2,9.0,0.36,5.8,2.088,0.01,3.195
Mali,2007,Developing,55.0,282.0,56,0.55,81.841,74.0,19.0,96,76.0,6.97,74.0,1.7,595.637,1367566.0,9.4,9.3,0.363,6.4,55.0,282.0,56,0.55,81.841,74.0,87,76.0,6.97,74.0,1.7,595.637,1367566.0,9.4,9.3,0.363,6.4,2.323,0.012,3.241
Mali,2005,Developing,53.6,29.0,57,0.55,60.212,83.0,18.0,101,78.0,6.34,77.0,1.9,487.943,12798763.0,9.9,9.7,0.338,5.8,53.6,29.0,57,0.55,60.212,83.0,87,78.0,6.34,77.0,1.9,487.943,12798763.0,9.9,9.7,0.338,5.8,1.96,0.013,0.333
Mali,2004,Developing,52.8,296.0,58,0.49,57.116,73.0,17.5,103,7.0,6.28,69.0,2.0,439.357,1239196.0,1.1,1.0,0.333,5.5,52.8,296.0,58,0.49,57.116,73.0,87,45.0,6.28,69.0,2.0,439.357,1239196.0,1.1,1.0,0.333,5.5,1.832,0.014,3.402
Mali,2003,Developing,52.0,299.0,59,0.54,6.66,79.0,17.0,106,67.0,6.25,63.0,2.2,391.791,125128.0,1.3,1.2,0.318,5.2,52.0,299.0,59,0.54,6.66,79.0,87,67.0,6.25,63.0,2.2,391.791,125128.0,1.3,1.2,0.318,5.2,1.654,0.016,3.437
Mali,2002,Developing,51.2,31.0,60,0.53,3.676,79.0,16.5,108,65.0,6.32,61.0,2.3,334.224,11638929.0,1.5,1.5,0.308,4.9,51.2,31.0,60,0.53,3.676,79.0,87,65.0,6.32,61.0,2.3,334.224,11638929.0,1.5,1.5,0.308,4.9,1.509,0.019,0.356
Mali,2001,Developing,55.0,34.0,60,0.51,4.396,79.0,16.1,110,56.0,6.39,49.0,2.4,36.847,11293258.0,1.8,1.7,0.297,4.6,55.0,34.0,60,0.51,4.396,79.0,87,56.0,6.39,49.0,2.4,36.847,11293258.0,1.8,1.7,0.297,4.6,1.366,0.173,0.391
Mali,2000,Developing,49.8,37.0,60,0.47,23.945,79.0,15.6,111,53.0,6.29,43.0,2.5,269.348,196769.0,11.0,1.9,0.291,4.4,49.8,37.0,60,0.47,23.945,79.0,87,53.0,6.29,45.0,2.5,269.348,196769.0,11.0,1.9,0.291,4.4,1.28,0.023,0.425
Malta,2013,Developed,81.1,57.0,0,8.58,374.295,94.0,68.8,0,99.0,9.89,99.0,0.1,2393.189,423374.0,0.8,0.7,0.828,14.2,81.1,57.0,0,8.58,374.295,94.0,0,99.0,9.89,99.0,0.1,2393.189,423374.0,0.8,0.7,0.828,14.2,11.758,0.004,
Malta,2012,Developed,81.0,58.0,0,7.67,343.123,93.0,68.4,0,99.0,9.95,99.0,0.1,2193.884,419455.0,0.8,0.7,0.821,14.1,81.0,58.0,0,7.67,343.123,93.0,0,99.0,9.95,99.0,0.1,2193.884,419455.0,0.8,0.7,0.821,14.1,11.576,0.005,
Malta,2011,Developed,87.0,59.0,0,6.91,3601.287,82.0,68.0,0,96.0,9.6,96.0,0.1,22821.847,416268.0,0.8,0.7,0.826,14.8,87.0,59.0,0,6.91,1109.855,82.0,0,96.0,9.6,96.0,0.1,8787.614,416268.0,0.8,0.7,0.826,14.8,12.225,0.0,
Malta,2010,Developed,83.0,62.0,0,7.91,278.069,75.0,67.6,0,76.0,8.3,76.0,0.1,2187.795,41458.0,0.8,0.7,0.819,14.6,83.0,62.0,0,7.91,278.069,75.0,0,76.0,8.3,76.0,0.1,2187.795,41458.0,0.8,0.7,0.819,14.6,11.957,0.004,
Malta,2009,Developed,82.0,63.0,0,7.38,335.518,86.0,67.1,0,73.0,8.33,73.0,0.1,2675.583,412477.0,0.8,0.7,0.815,14.4,82.0,63.0,0,7.38,335.518,86.0,0,73.0,8.33,73.0,0.1,2675.583,412477.0,0.8,0.7,0.815,14.4,11.736,0.003,
Malta,2008,Developed,80.0,64.0,0,7.14,2655.574,86.0,66.6,0,72.0,8.15,72.0,0.1,21928.767,49379.0,0.7,0.7,0.813,14.6,80.0,64.0,0,7.14,1109.855,86.0,0,72.0,8.15,72.0,0.1,8787.614,49379.0,0.7,0.7,0.813,14.6,11.87,0.0,
Malta,2007,Developed,79.6,65.0,0,7.45,2578.888,82.0,66.1,0,76.0,8.36,74.0,0.1,19375.57,46724.0,0.7,0.7,0.808,14.4,79.6,65.0,0,7.45,1109.855,82.0,0,76.0,8.36,74.0,0.1,8787.614,46724.0,0.7,0.7,0.808,14.4,11.635,0.0,
Malta,2006,Developed,79.3,66.0,0,8.84,2380.7,86.0,65.6,0,83.0,8.93,85.0,0.1,16671.567,4538.0,0.7,0.7,0.809,14.8,79.3,66.0,0,8.84,1109.855,86.0,0,83.0,8.93,85.0,0.1,8787.614,4538.0,0.7,0.7,0.809,14.8,11.973,0.001,
Malta,2005,Developed,79.0,67.0,0,6.41,2247.036,85.0,65.0,0,94.0,8.83,92.0,0.1,15835.347,43834.0,0.7,0.7,0.805,14.8,79.0,67.0,0,6.41,1109.855,85.0,0,94.0,8.83,92.0,0.1,8787.614,43834.0,0.7,0.7,0.805,14.8,11.914,0.001,
Malta,2004,Developed,78.7,69.0,0,6.53,203.316,85.0,64.5,0,89.0,8.46,89.0,0.1,1519.55,41268.0,0.7,0.7,0.797,14.2,78.7,69.0,0,6.53,203.316,85.0,0,89.0,8.46,89.0,0.1,1519.55,41268.0,0.7,0.7,0.797,14.2,11.317,0.006,
Malta,2003,Developed,78.5,71.0,0,6.7,1678.393,89.0,63.9,0,94.0,8.6,94.0,0.1,13689.99,398582.0,0.7,0.7,0.79,13.8,78.5,71.0,0,6.7,1109.855,89.0,0,94.0,8.6,94.0,0.1,8787.614,398582.0,0.7,0.7,0.79,13.8,10.902,0.001,
Malta,2001,Developed,77.8,79.0,0,5.62,130.015,89.0,62.8,0,95.0,7.11,95.0,0.1,1121.786,39328.0,0.7,0.7,0.783,13.7,77.8,79.0,0,5.62,130.015,89.0,0,95.0,7.11,95.0,0.1,1121.786,39328.0,0.7,0.7,0.783,13.7,10.727,0.006,
Malta,2000,Developed,77.5,8.0,0,5.59,134.355,89.0,62.3,0,94.0,6.83,94.0,0.1,1139.565,3987.0,0.8,0.7,0.779,13.8,77.5,8.0,0,5.59,134.355,89.0,0,94.0,6.83,94.0,0.1,1139.565,3987.0,0.8,0.7,0.779,13.8,10.75,0.006,
Mauritania,2014,Developing,63.0,26.0,8,0.01,80.927,84.0,3.1,12,84.0,3.77,84.0,0.9,1326.669,46392.0,8.0,7.7,0.509,8.5,63.0,26.0,8,0.01,80.927,84.0,12,84.0,3.77,84.0,0.9,1326.669,46392.0,8.0,7.7,0.509,8.5,4.326,0.003,2.167
Mauritania,2013,Developing,62.7,28.0,8,0.01,8.88,8.0,29.4,12,8.0,3.63,8.0,1.1,145.578,394617.0,8.1,7.9,0.501,8.2,62.7,28.0,8,0.01,8.88,18.0,12,45.0,3.63,45.0,1.1,145.578,394617.0,8.1,7.9,0.501,8.2,4.108,0.025,2.333
Mauritania,2012,Developing,62.5,29.0,8,0.01,62.484,8.0,28.8,12,8.0,3.36,8.0,1.2,1364.284,383239.0,8.3,8.1,0.491,7.8,62.5,29.0,8,0.01,62.484,18.0,12,45.0,3.36,45.0,1.2,1364.284,383239.0,8.3,8.1,0.491,7.8,3.83,0.002,2.417
Mauritania,2011,Developing,62.2,212.0,8,0.01,79.277,75.0,28.1,12,73.0,2.87,75.0,1.2,1393.262,3717672.0,8.5,8.3,0.487,7.7,62.2,212.0,8,0.01,79.277,75.0,12,73.0,2.87,75.0,1.2,1393.262,3717672.0,8.5,8.3,0.487,7.7,3.75,0.002,17.667
Mauritania,2010,Developing,62.0,214.0,8,0.01,8.353,64.0,27.4,12,52.0,3.28,64.0,1.2,123.384,369543.0,8.7,8.5,0.484,7.6,62.0,214.0,8,0.01,8.353,64.0,12,52.0,3.28,64.0,1.2,123.384,369543.0,8.7,8.5,0.484,7.6,3.678,0.027,17.833
Mauritania,2009,Developing,61.7,215.0,8,0.01,11.145,64.0,26.8,12,63.0,3.79,64.0,1.2,146.839,356288.0,8.9,8.7,0.476,7.1,61.7,215.0,8,0.01,11.145,64.0,12,63.0,3.79,64.0,1.2,146.839,356288.0,8.9,8.7,0.476,7.1,3.38,0.026,17.917
Mauritania,2008,Developing,61.4,217.0,8,0.02,61.763,74.0,26.1,12,73.0,3.23,74.0,1.3,1167.536,347541.0,9.2,8.9,0.475,7.2,61.4,217.0,8,0.02,61.763,74.0,12,73.0,3.23,74.0,1.3,1167.536,347541.0,9.2,8.9,0.475,7.2,3.42,0.003,18.083
Mauritania,2007,Developing,61.2,219.0,8,0.02,7.354,74.0,25.5,12,75.0,3.54,75.0,1.3,113.313,3312665.0,9.4,9.1,0.475,7.4,61.2,219.0,8,0.02,7.354,74.0,12,75.0,3.54,75.0,1.3,113.313,3312665.0,9.4,9.1,0.475,7.4,3.515,0.031,18.25
Mauritania,2006,Developing,69.0,221.0,8,0.01,55.798,68.0,24.8,12,68.0,3.21,68.0,1.3,944.135,322653.0,9.6,9.4,0.466,7.2,69.0,221.0,8,0.01,55.798,68.0,12,68.0,3.21,68.0,1.3,944.135,322653.0,9.6,9.4,0.466,7.2,3.355,0.003,18.417
Mauritania,2005,Developing,66.0,223.0,8,0.01,55.122,42.0,24.2,12,71.0,4.21,71.0,1.3,697.745,31372.0,9.8,9.6,0.461,7.2,66.0,223.0,8,0.01,55.122,42.0,12,71.0,4.21,71.0,1.3,697.745,31372.0,9.8,9.6,0.461,7.2,3.319,0.006,18.583
Mauritania,2004,Developing,64.0,224.0,8,0.01,5.004,42.0,23.6,12,68.0,4.7,7.0,1.3,62.547,342823.0,1.0,9.8,0.451,6.7,64.0,224.0,8,0.01,5.004,42.0,12,68.0,4.7,45.0,1.3,62.547,342823.0,1.0,9.8,0.451,6.7,3.022,0.075,18.667
Mauritania,2003,Developing,63.0,226.0,8,0.01,29.654,42.0,22.9,12,75.0,4.53,76.0,1.3,528.587,2957117.0,1.3,1.1,0.447,6.6,63.0,226.0,8,0.01,29.654,42.0,12,75.0,4.53,76.0,1.3,528.587,2957117.0,1.3,1.1,0.447,6.6,2.95,0.009,18.833
Mauritania,2002,Developing,62.0,228.0,7,0.02,4.113,42.0,22.3,12,91.0,5.31,89.0,1.2,46.954,2873228.0,1.5,1.3,0.446,6.5,62.0,228.0,7,0.02,4.113,42.0,12,91.0,5.31,89.0,1.2,46.954,2873228.0,1.5,1.3,0.446,6.5,2.899,0.113,19.0
Mauritania,2001,Developing,61.0,229.0,7,0.01,28.782,42.0,21.7,12,75.0,4.34,75.0,1.2,464.23,279729.0,1.7,1.5,0.444,6.5,61.0,229.0,7,0.01,28.782,42.0,12,75.0,4.34,75.0,1.2,464.23,279729.0,1.7,1.5,0.444,6.5,2.886,0.009,19.083
Mauritania,2000,Developing,60.0,23.0,7,0.03,8.595,42.0,21.1,11,58.0,5.26,51.0,1.1,477.476,279359.0,1.9,1.7,0.443,6.4,60.0,23.0,7,0.03,8.595,42.0,11,58.0,5.26,51.0,1.1,477.476,279359.0,1.9,1.7,0.443,6.4,2.835,0.011,2.091
Mauritius,2014,Developing,74.2,148.0,0,0.01,115.278,97.0,32.8,0,98.0,4.81,97.0,0.1,1153.938,126934.0,7.0,6.9,0.769,14.7,74.2,148.0,0,0.01,115.278,97.0,0,98.0,4.81,97.0,0.1,1153.938,126934.0,7.0,6.9,0.769,14.7,11.304,0.004,
Mauritius,2013,Developing,74.1,147.0,0,0.01,917.468,98.0,32.3,0,98.0,4.82,98.0,0.1,9637.265,1258653.0,7.0,7.0,0.765,14.7,74.1,147.0,0,0.01,917.468,98.0,0,98.0,4.82,98.0,0.1,8787.614,1258653.0,7.0,7.0,0.765,14.7,11.246,0.001,
Mauritius,2012,Developing,73.9,154.0,0,0.01,915.186,98.0,31.8,0,98.0,4.76,98.0,0.1,9291.228,1255882.0,7.1,7.0,0.756,14.3,73.9,154.0,0,0.01,915.186,98.0,0,98.0,4.76,98.0,0.1,8787.614,1255882.0,7.1,7.0,0.756,14.3,10.811,0.001,
Mauritius,2011,Developing,73.6,158.0,0,3.03,918.807,98.0,31.3,0,98.0,5.2,98.0,0.1,9197.27,125244.0,7.1,7.1,0.748,14.1,73.6,158.0,0,3.03,918.807,98.0,0,98.0,5.2,98.0,0.1,8787.614,125244.0,7.1,7.1,0.748,14.1,10.547,0.001,
Mauritius,2010,Developing,73.3,163.0,0,2.95,0.108,99.0,3.7,0,99.0,5.29,99.0,0.2,8.376,1254.0,7.2,7.2,0.74,14.0,73.3,163.0,0,2.95,0.108,99.0,0,99.0,5.29,99.0,0.2,8.376,1254.0,7.2,7.2,0.74,14.0,10.36,0.632,
Mauritius,2009,Developing,72.8,166.0,0,2.83,624.236,99.0,3.2,0,99.0,4.97,99.0,0.1,7318.126,1247429.0,7.3,7.3,0.734,13.8,72.8,166.0,0,2.83,624.236,99.0,0,99.0,4.97,99.0,0.1,7318.126,1247429.0,7.3,7.3,0.734,13.8,10.129,0.001,
Mauritius,2008,Developing,72.7,166.0,0,2.49,6.649,99.0,29.7,0,99.0,4.6,99.0,0.1,83.635,1244121.0,7.4,7.3,0.728,13.6,72.7,166.0,0,2.49,6.649,99.0,0,99.0,4.6,99.0,0.1,83.635,1244121.0,7.4,7.3,0.728,13.6,9.901,0.055,
Mauritius,2007,Developing,72.9,161.0,0,3.24,582.514,97.0,29.1,0,96.0,4.24,97.0,0.1,6574.654,123963.0,7.5,7.4,0.72,13.5,72.9,161.0,0,3.24,582.514,97.0,0,96.0,4.24,97.0,0.1,6574.654,123963.0,7.5,7.4,0.72,13.5,9.72,0.001,
Mauritius,2006,Developing,71.8,165.0,0,3.73,502.384,97.0,28.6,0,98.0,4.38,97.0,0.1,5695.969,1233996.0,7.6,7.5,0.713,13.4,71.8,165.0,0,3.73,502.384,97.0,0,98.0,4.38,97.0,0.1,5695.969,1233996.0,7.6,7.5,0.713,13.4,9.554,0.001,
Mauritius,2005,Developing,72.1,168.0,0,3.94,479.923,97.0,28.0,0,97.0,4.47,97.0,0.1,5116.454,1228254.0,7.7,7.6,0.704,13.0,72.1,168.0,0,3.94,479.923,97.0,0,97.0,4.47,97.0,0.1,5116.454,1228254.0,7.7,7.6,0.704,13.0,9.152,0.001,
Mauritius,2004,Developing,71.9,168.0,0,4.16,509.39,98.0,27.5,0,98.0,4.29,98.0,0.1,5229.877,12213.0,7.8,7.7,0.696,12.8,71.9,168.0,0,4.16,509.39,98.0,0,98.0,4.29,98.0,0.1,5229.877,12213.0,7.8,7.7,0.696,12.8,8.909,0.001,
Mauritius,2003,Developing,71.5,174.0,0,4.08,407.779,97.0,26.9,0,99.0,4.15,99.0,0.1,4623.348,121337.0,7.9,7.8,0.687,12.6,71.5,174.0,0,4.08,407.779,97.0,0,99.0,4.15,99.0,0.1,4623.348,121337.0,7.9,7.8,0.687,12.6,8.656,0.001,
Mauritius,2002,Developing,71.5,179.0,0,4.14,369.632,88.0,26.4,0,88.0,4.24,88.0,0.1,3957.513,124621.0,7.9,7.9,0.683,12.5,71.5,179.0,0,4.14,369.632,88.0,0,88.0,4.24,88.0,0.1,3957.513,124621.0,7.9,7.9,0.683,12.5,8.538,0.001,
Mauritius,2001,Developing,71.5,177.0,0,4.38,70.155,92.0,25.8,0,93.0,3.87,92.0,0.1,3792.182,1196287.0,8.0,8.0,0.673,12.2,71.5,177.0,0,4.38,70.155,92.0,0,93.0,3.87,92.0,0.1,3792.182,1196287.0,8.0,8.0,0.673,12.2,8.211,0.001,
Mauritius,2000,Developing,71.0,177.0,0,4.6,336.321,88.0,25.3,0,88.0,3.78,88.0,0.1,3861.324,1186873.0,8.1,8.1,0.667,12.1,71.0,177.0,0,4.6,336.321,88.0,0,88.0,3.78,88.0,0.1,3861.324,1186873.0,8.1,8.1,0.667,12.1,8.071,0.001,
Mexico,2014,Developing,76.6,122.0,31,5.26,168.174,84.0,62.8,36,87.0,6.3,87.0,0.1,1452.278,1242216.0,1.6,1.5,0.754,13.1,76.6,122.0,31,5.26,168.174,84.0,36,87.0,6.3,87.0,0.1,1452.278,1242216.0,1.6,1.5,0.754,13.1,9.877,0.004,3.389
Mexico,2013,Developing,76.6,12.0,32,5.23,150.409,82.0,62.1,37,83.0,6.3,83.0,0.1,1298.868,122535969.0,1.6,1.5,0.753,12.9,76.6,12.0,32,5.23,150.409,82.0,37,83.0,6.3,83.0,0.1,1298.868,17153357.0,1.6,1.5,0.753,12.9,9.714,0.005,0.324
Mexico,2011,Developing,76.1,124.0,34,5.3,1117.196,98.0,6.8,39,97.0,6.4,97.0,0.1,9834.473,119917.0,1.6,1.6,0.745,12.6,76.1,124.0,34,5.3,1109.855,98.0,39,97.0,6.4,97.0,0.1,8787.614,119917.0,1.6,1.6,0.745,12.6,9.387,0.001,3.179
Mexico,2009,Developing,75.7,13.0,36,5.27,881.736,95.0,59.4,42,95.0,6.6,95.0,0.1,7748.123,11555228.0,1.7,1.6,0.738,12.5,75.7,13.0,36,5.27,881.736,95.0,42,95.0,6.6,95.0,0.1,7748.123,11555228.0,1.7,1.6,0.738,12.5,9.225,0.001,0.31
Mexico,2008,Developing,75.6,127.0,37,5.36,159.877,97.0,58.7,43,96.0,6.6,96.0,0.1,9689.529,11366189.0,1.7,1.6,0.735,12.3,75.6,127.0,37,5.36,159.877,97.0,43,96.0,6.6,96.0,0.1,8787.614,11366189.0,1.7,1.6,0.735,12.3,9.04,0.001,2.953
Mexico,2006,Developing,75.8,125.0,40,5.11,980.254,98.0,57.2,47,98.0,5.83,98.0,0.1,8767.923,1192378.0,1.8,1.7,0.723,12.2,75.8,125.0,40,5.11,980.254,98.0,47,98.0,5.83,98.0,0.1,8767.923,1192378.0,1.8,1.7,0.723,12.2,8.821,0.001,2.66
Mexico,2005,Developing,75.3,126.0,42,4.93,998.35,98.0,56.4,49,98.0,6.4,98.0,0.1,7986.798,18472228.0,1.8,1.7,0.719,12.2,75.3,126.0,42,4.93,998.35,98.0,49,98.0,6.4,98.0,0.1,7986.798,17153357.0,1.8,1.7,0.719,12.2,8.772,0.001,2.571
Mexico,2004,Developing,75.4,124.0,44,4.9,920.828,98.0,55.7,52,98.0,6.11,98.0,0.1,7199.597,16995583.0,1.8,1.8,0.714,12.1,75.4,124.0,44,4.9,920.828,98.0,52,98.0,6.11,98.0,0.1,7199.597,16995583.0,1.8,1.8,0.714,12.1,8.639,0.001,2.385
Mexico,2003,Developing,75.0,127.0,46,4.88,781.206,98.0,54.9,55,98.0,6.2,98.0,0.1,6751.999,1564453.0,1.9,1.8,0.708,11.9,75.0,127.0,46,4.88,781.206,98.0,55,98.0,6.2,98.0,0.1,6751.999,1564453.0,1.9,1.8,0.708,11.9,8.425,0.001,2.309
Mexico,2002,Developing,75.0,127.0,49,4.77,12.186,97.0,54.1,58,98.0,5.52,97.0,0.1,716.822,1435568.0,1.9,1.8,0.703,11.6,75.0,127.0,49,4.77,12.186,97.0,58,98.0,5.52,97.0,0.1,716.822,1435568.0,1.9,1.8,0.703,11.6,8.155,0.008,2.19
Mexico,2001,Developing,75.0,126.0,52,4.86,13.311,97.0,53.2,62,97.0,5.35,97.0,0.1,731.379,136768.0,1.9,1.9,0.7,11.6,75.0,126.0,52,4.86,13.311,97.0,62,97.0,5.35,97.0,0.1,731.379,136768.0,1.9,1.9,0.7,11.6,8.12,0.007,2.032
Mexico,2000,Developing,74.8,129.0,55,4.99,10.228,97.0,52.4,66,97.0,4.98,97.0,0.1,672.921,11719673.0,2.0,1.9,0.694,11.4,74.8,129.0,55,4.99,10.228,97.0,66,97.0,4.98,97.0,0.1,672.921,11719673.0,2.0,1.9,0.694,11.4,7.912,0.007,1.955
Mongolia,2014,Developing,68.4,225.0,1,0.01,281.002,99.0,51.5,1,99.0,4.73,99.0,0.1,4181.583,2923896.0,2.2,2.3,0.729,14.8,68.4,225.0,1,0.01,281.002,99.0,1,99.0,4.73,99.0,0.1,4181.583,2923896.0,2.2,2.3,0.729,14.8,10.789,0.001,225.0
Mongolia,2013,Developing,68.1,227.0,1,0.01,241.196,98.0,5.4,1,98.0,4.21,98.0,0.1,4385.379,286917.0,2.2,2.3,0.72,14.7,68.1,227.0,1,0.01,241.196,98.0,1,98.0,4.21,98.0,0.1,4385.379,286917.0,2.2,2.3,0.72,14.7,10.584,0.001,227.0
Mongolia,2012,Developing,67.8,231.0,1,0.01,253.829,99.0,49.2,2,99.0,4.22,99.0,0.1,4368.822,2814226.0,2.2,2.3,0.712,14.7,67.8,231.0,1,0.01,253.829,99.0,2,99.0,4.22,99.0,0.1,4368.822,2814226.0,2.2,2.3,0.712,14.7,10.466,0.001,115.5
Mongolia,2011,Developing,67.3,235.0,1,0.01,257.84,99.0,48.0,2,99.0,4.45,99.0,0.1,3769.595,2761516.0,2.2,2.3,0.701,14.6,67.3,235.0,1,0.01,257.84,99.0,2,99.0,4.45,99.0,0.1,3769.595,2761516.0,2.2,2.3,0.701,14.6,10.235,0.001,117.5
Mongolia,2009,Developing,66.9,235.0,1,4.61,134.168,97.0,45.9,2,96.0,5.29,95.0,0.1,1717.899,2668289.0,2.2,2.3,0.686,13.8,66.9,235.0,1,4.61,134.168,97.0,2,96.0,5.29,95.0,0.1,1717.899,2668289.0,2.2,2.3,0.686,13.8,9.467,0.003,117.5
Mongolia,2008,Developing,67.4,225.0,2,4.26,181.012,96.0,44.9,2,95.0,5.58,96.0,0.1,2139.626,2628131.0,2.2,2.3,0.673,13.4,67.4,225.0,2,4.26,181.012,96.0,2,95.0,5.58,96.0,0.1,2139.626,2628131.0,2.2,2.3,0.673,13.4,9.018,0.003,112.5
Mongolia,2007,Developing,65.9,26.0,2,3.79,126.698,98.0,43.9,2,99.0,5.6,95.0,0.1,1634.814,259167.0,2.2,2.4,0.661,13.0,65.9,26.0,2,3.79,126.698,98.0,2,99.0,5.6,95.0,0.1,1634.814,259167.0,2.2,2.4,0.661,13.0,8.593,0.003,13.0
Mongolia,2006,Developing,65.0,271.0,2,2.91,122.121,98.0,43.0,2,98.0,4.68,99.0,0.1,1334.652,255812.0,2.2,2.4,0.649,12.7,65.0,271.0,2,2.91,122.121,98.0,2,98.0,4.68,99.0,0.1,1334.652,255812.0,2.2,2.4,0.649,12.7,8.242,0.004,135.5
Mongolia,2005,Developing,64.5,274.0,2,2.75,98.684,98.0,42.1,2,99.0,5.9,99.0,0.1,998.823,2526446.0,2.3,2.4,0.637,11.8,64.5,274.0,2,2.75,98.684,98.0,2,99.0,5.9,99.0,0.1,998.823,2526446.0,2.3,2.4,0.637,11.8,7.517,0.006,137.0
Mongolia,2004,Developing,64.0,284.0,2,1.75,73.242,98.0,41.3,2,99.0,5.99,99.0,0.1,797.838,2496832.0,2.3,2.4,0.621,11.2,64.0,284.0,2,1.75,73.242,98.0,2,99.0,5.99,99.0,0.1,797.838,2496832.0,2.3,2.4,0.621,11.2,6.955,0.008,142.0
Mongolia,2002,Developing,63.8,263.0,2,2.43,55.609,98.0,39.8,2,98.0,5.81,98.0,0.1,571.519,2443659.0,2.4,2.5,0.599,10.1,63.8,263.0,2,2.43,55.609,98.0,2,98.0,5.81,98.0,0.1,571.519,2443659.0,2.4,2.5,0.599,10.1,6.05,0.01,131.5
Mongolia,2001,Developing,63.2,266.0,2,2.87,61.849,95.0,39.1,3,95.0,5.45,95.0,0.1,524.146,2419776.0,2.5,2.6,0.588,9.4,63.2,266.0,2,2.87,61.849,95.0,3,95.0,5.45,95.0,0.1,524.146,2419776.0,2.5,2.6,0.588,9.4,5.527,0.01,88.667
Mongolia,2000,Developing,62.8,274.0,2,2.79,56.431,93.0,38.5,3,94.0,4.92,94.0,0.1,474.213,2397436.0,2.6,2.6,0.582,8.9,62.8,274.0,2,2.79,56.431,93.0,3,94.0,4.92,94.0,0.1,474.213,2397436.0,2.6,2.6,0.582,8.9,5.18,0.01,91.333
Montenegro,2014,Developing,75.9,17.0,0,0.01,726.029,87.0,61.3,0,91.0,6.42,91.0,0.1,7378.345,62181.0,1.8,1.9,0.803,15.1,75.9,17.0,0,0.01,726.029,87.0,0,91.0,6.42,91.0,0.1,7378.345,62181.0,1.8,1.9,0.803,15.1,12.125,0.001,
Montenegro,2013,Developing,75.8,19.0,0,0.01,707.145,9.0,6.7,0,94.0,6.43,94.0,0.1,7186.43,62127.0,1.8,1.9,0.799,15.1,75.8,19.0,0,0.01,707.145,18.0,0,94.0,6.43,94.0,0.1,7186.43,62127.0,1.8,1.9,0.799,15.1,12.065,0.001,
Montenegro,2012,Developing,75.6,11.0,0,0.01,648.133,9.0,6.2,0,94.0,7.25,94.0,0.1,6586.719,6261.0,1.9,1.9,0.797,15.1,75.6,11.0,0,0.01,648.133,18.0,0,94.0,7.25,94.0,0.1,6586.719,6261.0,1.9,1.9,0.797,15.1,12.035,0.001,
Montenegro,2011,Developing,75.4,113.0,0,6.56,666.737,91.0,59.7,0,95.0,6.92,95.0,0.1,7318.742,6279.0,1.9,2.0,0.792,15.1,75.4,113.0,0,6.56,666.737,91.0,0,95.0,6.92,95.0,0.1,7318.742,6279.0,1.9,2.0,0.792,15.1,11.959,0.001,
Montenegro,2010,Developing,75.3,115.0,0,6.56,635.485,9.0,59.1,0,93.0,6.9,94.0,0.1,6682.281,619428.0,2.0,2.0,0.787,15.0,75.3,115.0,0,6.56,635.485,18.0,0,93.0,6.9,94.0,0.1,6682.281,619428.0,2.0,2.0,0.787,15.0,11.805,0.001,
Montenegro,2009,Developing,75.0,117.0,0,6.45,489.682,87.0,58.5,0,91.0,6.7,92.0,0.1,6698.794,618294.0,2.0,2.1,0.785,14.6,75.0,117.0,0,6.45,489.682,87.0,0,91.0,6.7,92.0,0.1,6698.794,618294.0,2.0,2.1,0.785,14.6,11.461,0.001,
Montenegro,2008,Developing,74.6,121.0,0,6.17,709.131,93.0,57.8,0,95.0,6.13,95.0,0.1,7325.735,616969.0,2.1,2.1,0.774,14.2,74.6,121.0,0,6.17,709.131,93.0,0,95.0,6.13,95.0,0.1,7325.735,616969.0,2.1,2.1,0.774,14.2,10.991,0.001,
Montenegro,2007,Developing,74.2,125.0,0,4.98,678.519,9.0,57.2,0,92.0,6.74,92.0,0.1,5957.146,615875.0,2.1,2.2,0.762,13.6,74.2,125.0,0,4.98,678.519,18.0,0,92.0,6.74,92.0,0.1,5957.146,615875.0,2.1,2.2,0.762,13.6,10.363,0.001,
Montenegro,2005,Developing,73.6,133.0,0,2.495,527.308,9.0,55.7,0,92.0,8.46,92.0,0.1,3674.618,614261.0,2.3,2.3,0.746,12.8,73.6,133.0,0,2.495,527.308,18.0,0,92.0,8.46,92.0,0.1,3674.618,614261.0,2.3,2.3,0.746,12.8,9.549,0.002,
Montenegro,2003,Developing,73.5,134.0,0,0.01,495.078,9.0,54.2,0,92.0,8.91,92.0,0.1,2789.174,612267.0,2.4,2.4,0.0,0.0,73.5,134.0,0,0.01,495.078,18.0,0,92.0,8.91,92.0,0.1,2789.174,612267.0,2.4,2.4,0.27,4.4,1.188,0.003,
Montenegro,2002,Developing,73.4,136.0,0,0.01,36.48,9.0,53.5,0,92.0,8.33,92.0,0.1,216.243,69828.0,2.5,2.5,0.0,0.0,73.4,136.0,0,0.01,36.48,18.0,0,92.0,8.33,92.0,0.1,216.243,69828.0,2.5,2.5,0.27,4.4,1.188,0.039,
Montenegro,2001,Developing,73.3,136.0,0,0.01,33.67,9.0,52.7,0,92.0,8.23,92.0,0.1,199.584,67389.0,2.5,2.6,0.0,0.0,73.3,136.0,0,0.01,33.67,18.0,0,92.0,8.23,92.0,0.1,199.584,67389.0,2.5,2.6,0.27,4.4,1.188,0.041,
Montenegro,2000,Developing,73.0,144.0,0,0.01,274.547,9.0,51.9,0,92.0,7.32,92.0,0.1,1627.429,6495.0,2.6,2.7,0.0,0.0,73.0,144.0,0,0.01,274.547,18.0,0,92.0,7.32,92.0,0.1,1627.429,6495.0,2.6,2.7,0.27,4.4,1.188,0.004,
Morocco,2014,Developing,74.1,96.0,18,0.43,198.734,99.0,57.5,21,99.0,5.91,99.0,0.1,3154.513,3431882.0,6.4,6.2,0.64,12.1,74.1,96.0,18,0.43,198.734,99.0,21,99.0,5.91,99.0,0.1,3154.513,3431882.0,6.4,6.2,0.64,12.1,7.744,0.002,4.571
Morocco,2013,Developing,73.9,97.0,18,0.45,179.86,99.0,56.5,21,99.0,5.94,99.0,0.1,3111.763,33824769.0,6.4,6.2,0.634,12.1,73.9,97.0,18,0.45,179.86,99.0,21,99.0,5.94,99.0,0.1,3111.763,17153357.0,6.4,6.2,0.634,12.1,7.671,0.002,4.619
Morocco,2012,Developing,73.6,99.0,19,0.55,19.159,99.0,55.5,22,99.0,6.15,99.0,0.1,294.747,33333789.0,6.3,6.2,0.623,11.6,73.6,99.0,19,0.55,19.159,99.0,22,99.0,6.15,99.0,0.1,294.747,17153357.0,6.3,6.2,0.623,11.6,7.227,0.021,4.5
Morocco,2011,Developing,73.3,14.0,19,0.54,22.095,98.0,54.6,22,98.0,5.99,99.0,0.1,339.916,32858823.0,6.3,6.2,0.612,11.2,73.3,14.0,19,0.54,22.095,98.0,22,98.0,5.99,99.0,0.1,339.916,17153357.0,6.3,6.2,0.612,11.2,6.854,0.018,0.636
Morocco,2010,Developing,72.8,11.0,20,0.56,183.659,98.0,53.6,23,99.0,5.86,99.0,0.1,2834.247,3249639.0,6.3,6.2,0.603,10.7,72.8,11.0,20,0.56,183.659,98.0,23,99.0,5.86,99.0,0.1,2834.247,3249639.0,6.3,6.2,0.603,10.7,6.452,0.002,0.478
Morocco,2009,Developing,72.3,116.0,20,0.62,188.29,98.0,52.7,23,99.0,5.67,99.0,0.1,2861.554,31989897.0,6.4,6.2,0.596,10.5,72.3,116.0,20,0.62,188.29,98.0,23,99.0,5.67,99.0,0.1,2861.554,17153357.0,6.4,6.2,0.596,10.5,6.258,0.002,5.043
Morocco,2008,Developing,71.8,123.0,21,0.51,171.366,97.0,51.7,24,99.0,5.41,99.0,0.1,2884.948,31596855.0,6.4,6.3,0.589,10.3,71.8,123.0,21,0.51,171.366,97.0,24,99.0,5.41,99.0,0.1,2884.948,17153357.0,6.4,6.3,0.589,10.3,6.067,0.002,5.125
Morocco,2007,Developing,71.4,128.0,21,0.56,157.643,95.0,5.8,25,95.0,5.48,95.0,0.1,2494.354,31225881.0,6.4,6.3,0.581,10.0,71.4,128.0,21,0.56,157.643,95.0,25,95.0,5.48,95.0,0.1,2494.354,17153357.0,6.4,6.3,0.581,10.0,5.81,0.002,5.12
Morocco,2006,Developing,71.0,133.0,22,0.58,127.763,95.0,49.9,25,97.0,5.23,97.0,0.1,2191.479,3869346.0,6.4,6.3,0.575,10.0,71.0,133.0,22,0.58,127.763,95.0,25,97.0,5.23,97.0,0.1,2191.479,3869346.0,6.4,6.3,0.575,10.0,5.75,0.002,5.32
Morocco,2005,Developing,77.0,137.0,22,0.47,9.469,96.0,49.1,26,98.0,5.6,98.0,0.1,213.756,35217.0,6.5,6.3,0.569,9.8,77.0,137.0,22,0.47,9.469,96.0,26,98.0,5.6,98.0,0.1,213.756,35217.0,6.5,6.3,0.569,9.8,5.576,0.026,5.269
Morocco,2004,Developing,72.0,142.0,23,0.56,100.364,95.0,48.2,27,97.0,5.22,97.0,0.1,1948.812,3179285.0,6.5,6.4,0.561,9.6,72.0,142.0,23,0.56,100.364,95.0,27,97.0,5.22,97.0,0.1,1948.812,3179285.0,6.5,6.4,0.561,9.6,5.386,0.003,5.259
Morocco,2003,Developing,69.9,146.0,24,0.58,88.165,9.0,47.3,28,91.0,5.25,91.0,0.1,1721.974,29843937.0,6.6,6.4,0.551,9.3,69.9,146.0,24,0.58,88.165,18.0,28,91.0,5.25,91.0,0.1,1721.974,17153357.0,6.6,6.4,0.551,9.3,5.124,0.003,5.214
Morocco,2001,Developing,69.0,155.0,26,0.46,71.116,84.0,45.7,30,93.0,4.44,96.0,0.1,1336.775,29181832.0,6.7,6.5,0.53,8.5,69.0,155.0,26,0.46,71.116,84.0,30,93.0,4.44,96.0,0.1,1336.775,17153357.0,6.7,6.5,0.53,8.5,4.505,0.003,5.167
Morocco,2000,Developing,68.6,16.0,27,0.45,63.421,43.0,44.8,32,95.0,4.18,95.0,0.1,1332.382,28849621.0,6.7,6.6,0.519,8.0,68.6,16.0,27,0.45,63.421,43.0,32,95.0,4.18,95.0,0.1,1332.382,17153357.0,6.7,6.6,0.519,8.0,4.152,0.003,0.5
Mozambique,2014,Developing,56.7,375.0,61,0.01,54.912,79.0,22.2,84,79.0,6.98,79.0,4.1,623.287,27212382.0,3.6,3.5,0.409,9.1,56.7,375.0,61,0.01,54.912,79.0,84,79.0,6.98,79.0,3.2,623.287,17153357.0,3.6,3.5,0.409,9.1,3.722,0.011,4.464
Mozambique,2013,Developing,55.3,46.0,62,1.16,5.813,78.0,21.8,87,78.0,5.9,78.0,5.1,65.986,26434372.0,3.6,3.5,0.405,9.1,55.3,46.0,62,1.16,5.813,78.0,87,78.0,5.9,78.0,3.2,65.986,17153357.0,3.6,3.5,0.405,9.1,3.686,0.089,0.529
Mozambique,2012,Developing,54.8,48.0,64,1.19,49.91,76.0,21.3,90,73.0,5.58,76.0,6.9,566.514,2567666.0,3.6,3.5,0.4,9.2,54.8,48.0,64,1.19,49.91,76.0,87,73.0,5.58,76.0,3.2,566.514,2567666.0,3.6,3.5,0.4,9.2,3.68,0.01,0.552
Mozambique,2011,Developing,54.3,47.0,66,0.94,40.806,76.0,2.9,94,73.0,6.23,76.0,9.6,526.531,249395.0,3.7,3.6,0.397,9.5,54.3,47.0,64,0.94,40.806,76.0,87,73.0,6.23,76.0,3.2,526.531,249395.0,3.7,3.6,0.397,9.5,3.772,0.012,0.54
Mozambique,2010,Developing,54.0,47.0,69,0.96,5.743,74.0,2.5,98,73.0,5.38,74.0,10.8,419.226,2422145.0,3.7,3.6,0.39,9.3,54.0,47.0,64,0.96,5.743,74.0,87,73.0,5.38,74.0,3.2,419.226,2422145.0,3.7,3.6,0.39,9.3,3.627,0.013,0.54
Mozambique,2009,Developing,53.8,4.0,70,1.18,39.752,74.0,2.1,101,74.0,5.43,74.0,11.3,463.853,2352463.0,3.7,3.6,0.382,9.2,53.8,4.0,64,1.18,39.752,74.0,87,74.0,5.43,74.0,3.2,463.853,2352463.0,3.7,3.6,0.382,9.2,3.514,0.012,0.046
Mozambique,2008,Developing,53.2,45.0,72,1.48,0.797,75.0,19.7,104,74.0,4.91,75.0,12.6,53.128,22846758.0,3.7,3.7,0.372,8.8,53.2,45.0,64,1.48,0.797,75.0,87,74.0,4.91,75.0,3.2,53.128,17153357.0,3.7,3.7,0.372,8.8,3.274,0.092,0.517
Mozambique,2007,Developing,52.1,425.0,74,1.03,53.95,75.0,19.3,108,75.0,5.25,75.0,14.1,422.146,22188387.0,3.8,3.7,0.36,8.2,52.1,425.0,64,1.03,53.95,75.0,87,75.0,5.25,75.0,3.2,422.146,17153357.0,3.8,3.7,0.36,8.2,2.952,0.012,4.885
Mozambique,2006,Developing,51.2,434.0,78,1.2,58.596,75.0,18.9,113,73.0,6.51,78.0,16.3,385.757,21547463.0,3.8,3.7,0.353,7.9,51.2,434.0,64,1.2,58.596,75.0,87,73.0,6.51,78.0,3.2,385.757,17153357.0,3.8,3.7,0.353,7.9,2.789,0.017,4.989
Mozambique,2005,Developing,58.0,434.0,80,1.23,67.334,75.0,18.5,117,71.0,6.87,8.0,16.2,369.155,29237.0,3.9,3.8,0.341,7.3,58.0,434.0,64,1.23,67.334,75.0,87,71.0,6.87,45.0,3.2,369.155,29237.0,3.9,3.8,0.341,7.3,2.489,0.019,4.989
Mozambique,2004,Developing,54.0,429.0,82,1.54,46.582,76.0,18.1,120,69.0,5.91,83.0,15.9,336.332,231275.0,3.9,3.8,0.332,7.0,54.0,429.0,64,1.54,46.582,76.0,87,69.0,5.91,83.0,3.2,336.332,231275.0,3.9,3.8,0.332,7.0,2.324,0.018,4.931
Mozambique,2003,Developing,51.0,424.0,85,1.68,42.527,76.0,17.7,124,67.0,6.39,85.0,15.3,283.891,19716598.0,4.0,3.9,0.318,6.7,51.0,424.0,64,1.68,42.527,76.0,87,67.0,6.39,85.0,3.2,283.891,17153357.0,4.0,3.9,0.318,6.7,2.131,0.023,4.874
Mozambique,2002,Developing,49.8,416.0,87,2.16,40.826,76.0,17.3,127,76.0,6.45,76.0,14.5,262.885,19139658.0,4.0,4.0,0.311,6.2,49.8,416.0,64,2.16,40.826,76.0,87,76.0,6.45,76.0,3.2,262.885,17153357.0,4.0,4.0,0.311,6.2,1.928,0.025,4.782
Mozambique,2001,Developing,49.5,48.0,90,2.09,37.825,25.0,16.9,132,72.0,5.64,73.0,13.4,256.441,18588758.0,4.1,4.0,0.298,5.8,49.5,48.0,64,2.09,37.825,25.0,87,72.0,5.64,73.0,3.2,256.441,17153357.0,4.1,4.0,0.298,5.8,1.728,0.022,0.552
Mozambique,2000,Developing,49.0,43.0,93,1.14,47.173,25.0,16.5,136,69.0,6.16,7.0,12.2,277.649,1867687.0,4.2,4.1,0.291,5.4,49.0,43.0,64,1.14,47.173,25.0,87,69.0,6.16,45.0,3.2,277.649,1867687.0,4.2,4.1,0.291,5.4,1.571,0.022,0.494
Myanmar,2014,Developing,66.4,21.0,40,0.01,45.338,88.0,22.9,52,88.0,2.28,88.0,0.3,1262.894,51924182.0,12.9,13.1,0.547,9.1,66.4,21.0,40,0.01,45.338,88.0,52,88.0,2.28,88.0,0.3,1262.894,17153357.0,12.9,13.1,0.547,9.1,4.978,0.002,0.404
Myanmar,2012,Developing,65.9,25.0,44,0.55,38.428,58.0,21.3,58,87.0,2.22,84.0,0.5,1171.583,5986514.0,13.0,13.2,0.533,9.1,65.9,25.0,44,0.55,38.428,58.0,58,87.0,2.22,84.0,0.5,1171.583,5986514.0,13.0,13.2,0.533,9.1,4.85,0.002,0.431
Myanmar,2011,Developing,65.6,27.0,47,0.33,21.237,4.0,2.5,61,9.0,1.87,84.0,0.5,1186.424,555331.0,13.0,13.3,0.526,9.1,65.6,27.0,47,0.33,21.237,18.0,61,45.0,1.87,84.0,0.5,1186.424,555331.0,13.0,13.3,0.526,9.1,4.787,0.002,0.443
Myanmar,2010,Developing,65.4,29.0,49,0.3,17.483,92.0,19.8,65,9.0,1.92,9.0,0.5,987.737,5155896.0,13.1,13.3,0.515,8.8,65.4,29.0,49,0.3,17.483,92.0,65,45.0,1.92,45.0,0.5,987.737,5155896.0,13.1,13.3,0.515,8.8,4.532,0.002,0.446
Myanmar,2009,Developing,65.2,211.0,52,0.28,11.052,91.0,19.1,69,9.0,2.5,9.0,0.6,741.777,49869.0,13.1,13.4,0.504,8.5,65.2,211.0,52,0.28,11.052,91.0,69,45.0,2.5,45.0,0.6,741.777,49869.0,13.1,13.4,0.504,8.5,4.284,0.003,3.058
Myanmar,2008,Developing,59.2,296.0,59,0.3,9.53,85.0,18.3,96,85.0,1.87,85.0,0.6,643.951,49479752.0,13.2,13.4,0.493,8.2,59.2,296.0,59,0.3,9.53,85.0,87,85.0,1.87,85.0,0.6,643.951,17153357.0,13.2,13.4,0.493,8.2,4.043,0.003,3.402
Myanmar,2007,Developing,64.5,217.0,58,0.26,0.531,85.0,17.6,78,84.0,1.68,86.0,0.6,41.451,49171586.0,13.2,13.5,0.484,8.1,64.5,217.0,58,0.26,0.531,85.0,78,84.0,1.68,86.0,0.6,41.451,17153357.0,13.2,13.5,0.484,8.1,3.92,0.041,2.782
Myanmar,2006,Developing,64.2,22.0,61,0.28,4.633,75.0,17.0,83,82.0,1.78,82.0,0.6,296.973,48846474.0,13.2,13.5,0.474,8.0,64.2,22.0,61,0.28,4.633,75.0,83,82.0,1.78,82.0,0.6,296.973,17153357.0,13.2,13.5,0.474,8.0,3.792,0.006,0.265
Myanmar,2005,Developing,63.9,224.0,64,0.28,2.794,62.0,16.4,87,86.0,1.83,73.0,0.5,247.243,48482614.0,13.2,13.6,0.465,7.9,63.9,224.0,64,0.28,2.794,62.0,87,86.0,1.83,73.0,0.5,247.243,17153357.0,13.2,13.6,0.465,7.9,3.674,0.007,2.575
Myanmar,2004,Developing,63.5,228.0,66,0.44,4.155,39.0,15.7,90,92.0,1.97,82.0,0.5,219.816,487377.0,13.3,13.6,0.455,7.8,63.5,228.0,64,0.44,4.155,39.0,87,92.0,1.97,82.0,0.5,219.816,487377.0,13.3,13.6,0.455,7.8,3.549,0.009,2.621
Myanmar,2003,Developing,63.2,231.0,69,0.4,3.824,8.0,15.2,93,86.0,1.97,78.0,0.5,219.782,47624894.0,13.3,13.6,0.445,7.7,63.2,231.0,64,0.4,3.824,18.0,87,86.0,1.97,78.0,0.5,219.782,17153357.0,13.3,13.6,0.445,7.7,3.427,0.009,2.655
Myanmar,2002,Developing,62.8,235.0,71,0.41,3.422,8.0,14.6,96,84.0,2.5,79.0,0.4,143.777,471422.0,13.3,13.7,0.435,7.6,62.8,235.0,64,0.41,3.422,18.0,87,84.0,2.5,79.0,0.4,143.777,471422.0,13.3,13.7,0.435,7.6,3.306,0.017,2.701
Myanmar,2001,Developing,62.5,239.0,72,0.38,1.917,8.0,14.1,98,77.0,1.8,73.0,0.4,138.925,46627994.0,13.3,13.7,0.427,7.6,62.5,239.0,64,0.38,1.917,18.0,87,77.0,1.8,73.0,0.4,138.925,17153357.0,13.3,13.7,0.427,7.6,3.245,0.013,2.747
Myanmar,2000,Developing,62.1,243.0,73,0.35,2.511,8.0,13.6,100,88.0,1.84,82.0,0.4,193.187,4695462.0,13.3,13.7,0.417,7.5,62.1,243.0,64,0.35,2.511,18.0,87,88.0,1.84,82.0,0.4,193.187,4695462.0,13.3,13.7,0.417,7.5,3.128,0.01,2.793
Namibia,2014,Developing,65.9,242.0,2,0.01,751.398,88.0,34.9,3,88.0,8.93,88.0,2.2,5421.344,237992.0,8.6,8.5,0.632,11.7,65.9,242.0,2,0.01,751.398,88.0,3,88.0,8.93,88.0,2.2,5421.344,237992.0,8.6,8.5,0.632,11.7,7.394,0.002,80.667
Namibia,2013,Developing,66.1,232.0,3,0.01,760.655,89.0,34.1,3,89.0,8.53,89.0,2.5,5488.132,231652.0,9.0,8.9,0.625,11.6,66.1,232.0,3,0.01,760.655,89.0,3,89.0,8.53,89.0,2.5,5488.132,231652.0,9.0,8.9,0.625,11.6,7.25,0.002,77.333
Namibia,2012,Developing,65.8,232.0,3,0.01,796.873,84.0,33.3,4,84.0,8.24,84.0,3.7,5749.448,2263934.0,9.5,9.4,0.619,11.5,65.8,232.0,3,0.01,796.873,84.0,4,84.0,8.24,84.0,3.2,5749.448,2263934.0,9.5,9.4,0.619,11.5,7.118,0.001,58.0
Namibia,2011,Developing,64.3,268.0,3,7.84,7.896,82.0,32.5,4,85.0,8.78,82.0,4.7,56.971,2215621.0,9.9,9.9,0.612,11.5,64.3,268.0,3,7.84,7.896,82.0,4,85.0,8.78,82.0,3.2,56.971,2215621.0,9.9,9.9,0.612,11.5,7.038,0.154,67.0
Namibia,2010,Developing,63.0,299.0,3,7.58,719.554,83.0,31.8,4,83.0,7.89,83.0,6.2,5191.584,217317.0,1.4,1.4,0.604,11.4,63.0,299.0,3,7.58,719.554,83.0,4,83.0,7.89,83.0,3.2,5191.584,217317.0,1.4,1.4,0.604,11.4,6.886,0.002,74.75
Namibia,2009,Developing,62.4,36.0,3,7.99,575.675,83.0,31.0,4,83.0,8.5,83.0,8.7,4153.498,21374.0,1.9,1.9,0.598,11.4,62.4,36.0,3,7.99,575.675,83.0,4,83.0,8.5,83.0,3.2,4153.498,21374.0,1.9,1.9,0.598,11.4,6.817,0.002,9.0
Namibia,2008,Developing,61.7,317.0,3,6.28,59.55,83.0,3.2,4,83.0,7.15,83.0,11.7,429.656,216375.0,11.5,11.4,0.589,11.3,61.7,317.0,3,6.28,59.55,83.0,4,83.0,7.15,83.0,3.2,429.656,216375.0,11.5,11.4,0.589,11.3,6.656,0.017,79.25
Namibia,2007,Developing,60.0,356.0,3,5.12,62.11,83.0,29.4,4,81.0,6.99,86.0,15.2,422.52,279915.0,12.0,12.0,0.578,11.3,60.0,356.0,3,5.12,62.11,83.0,4,81.0,6.99,86.0,3.2,422.52,279915.0,12.0,12.0,0.578,11.3,6.531,0.017,89.0
Namibia,2006,Developing,57.0,431.0,3,4.94,459.157,83.0,28.7,4,74.0,7.2,86.0,19.2,3881.295,255734.0,12.6,12.6,0.57,11.4,57.0,431.0,3,4.94,459.157,83.0,4,74.0,7.2,86.0,3.2,3881.295,255734.0,12.6,12.6,0.57,11.4,6.498,0.002,107.75
Namibia,2005,Developing,55.1,477.0,3,4.89,457.72,83.0,27.9,4,86.0,7.32,86.0,22.1,3573.146,232196.0,13.1,13.1,0.565,11.6,55.1,477.0,3,4.89,457.72,83.0,4,86.0,7.32,86.0,3.2,3573.146,232196.0,13.1,13.1,0.565,11.6,6.554,0.002,119.25
Namibia,2004,Developing,54.7,483.0,3,4.8,368.285,83.0,27.2,4,81.0,6.47,81.0,24.0,3288.257,29228.0,13.7,13.7,0.559,11.7,54.7,483.0,3,4.8,368.285,83.0,4,81.0,6.47,81.0,3.2,3288.257,29228.0,13.7,13.7,0.559,11.7,6.54,0.002,120.75
Namibia,2003,Developing,55.0,471.0,3,5.28,294.657,83.0,26.5,4,82.0,6.52,79.0,24.7,2482.369,1986535.0,14.2,14.3,0.554,11.7,55.0,471.0,3,5.28,294.657,83.0,4,82.0,6.52,79.0,3.2,2482.369,1986535.0,14.2,14.3,0.554,11.7,6.482,0.003,117.75
Namibia,2001,Developing,56.5,426.0,3,5.09,205.808,83.0,25.1,4,79.0,6.18,78.0,23.9,1834.295,1933596.0,15.2,15.4,0.556,11.7,56.5,426.0,3,5.09,205.808,83.0,4,79.0,6.18,78.0,3.2,1834.295,1933596.0,15.2,15.4,0.556,11.7,6.505,0.003,106.5
Nepal,2014,Developing,69.6,158.0,18,0.01,8.523,92.0,18.5,22,92.0,5.8,92.0,0.1,76.239,28323241.0,15.9,16.3,0.551,12.4,69.6,158.0,18,0.01,8.523,92.0,22,92.0,5.8,92.0,0.1,76.239,17153357.0,15.9,16.3,0.551,12.4,6.832,0.076,7.182
Nepal,2013,Developing,69.3,162.0,19,0.27,80.155,92.0,18.0,24,92.0,5.69,92.0,0.1,688.617,2798531.0,16.1,16.5,0.545,12.3,69.3,162.0,19,0.27,80.155,92.0,24,92.0,5.69,92.0,0.1,688.617,2798531.0,16.1,16.5,0.545,12.3,6.704,0.008,6.75
Nepal,2012,Developing,68.9,167.0,20,0.26,80.588,9.0,17.4,25,9.0,5.89,9.0,0.2,681.793,27649925.0,16.3,16.7,0.538,12.3,68.9,167.0,20,0.26,80.588,18.0,25,45.0,5.89,45.0,0.2,681.793,17153357.0,16.1,16.7,0.538,12.3,6.617,0.009,6.68
Nepal,2011,Developing,68.4,172.0,22,0.27,112.123,92.0,16.9,27,92.0,6.73,92.0,0.2,692.117,27327147.0,16.5,16.9,0.529,12.0,68.4,172.0,22,0.27,112.123,92.0,27,92.0,6.73,92.0,0.2,692.117,17153357.0,16.1,16.7,0.529,12.0,6.348,0.01,6.37
Nepal,2010,Developing,68.0,178.0,23,0.24,84.623,82.0,16.4,30,83.0,6.43,82.0,0.2,592.184,2723137.0,16.7,17.2,0.515,11.1,68.0,178.0,23,0.24,84.623,82.0,30,83.0,6.43,82.0,0.2,592.184,2723137.0,16.1,16.7,0.515,11.1,5.716,0.011,5.933
Nepal,2009,Developing,67.5,183.0,25,0.22,6.194,89.0,15.9,32,93.0,6.41,89.0,0.2,48.73,2674113.0,16.9,17.4,0.502,10.5,67.5,183.0,25,0.22,6.194,89.0,32,93.0,6.41,89.0,0.2,48.73,2674113.0,16.1,16.7,0.502,10.5,5.271,0.132,5.719
Nepal,2008,Developing,67.0,189.0,27,0.21,70.271,82.0,15.4,35,82.0,6.44,82.0,0.2,473.844,26475859.0,17.0,17.6,0.492,10.1,67.0,189.0,27,0.21,70.271,82.0,35,82.0,6.44,82.0,0.2,473.844,17153357.0,16.1,16.7,0.492,10.1,4.969,0.014,5.4
Nepal,2007,Developing,66.6,194.0,29,0.2,52.229,82.0,14.9,38,82.0,5.84,82.0,0.2,393.884,26214847.0,17.2,17.8,0.486,10.0,66.6,194.0,29,0.2,52.229,82.0,38,82.0,5.84,82.0,0.2,393.884,17153357.0,16.1,16.7,0.486,10.0,4.86,0.015,5.105
Nepal,2006,Developing,66.0,21.0,31,0.2,45.88,69.0,14.4,41,91.0,5.7,89.0,0.2,348.631,2594618.0,17.4,18.0,0.476,9.6,66.0,21.0,31,0.2,45.88,69.0,41,91.0,5.7,89.0,0.2,348.631,2594618.0,16.1,16.7,0.476,9.6,4.57,0.016,0.512
Nepal,2005,Developing,65.4,28.0,33,0.2,4.26,41.0,13.9,44,78.0,5.72,75.0,0.2,317.892,2564287.0,17.6,18.2,0.469,9.4,65.4,28.0,33,0.2,4.26,41.0,44,78.0,5.72,75.0,0.2,317.892,2564287.0,16.1,16.7,0.469,9.4,4.409,0.018,0.636
Nepal,2004,Developing,64.7,218.0,35,0.21,31.932,27.0,13.4,47,8.0,5.82,8.0,0.2,287.416,2539449.0,17.8,18.4,0.463,9.3,64.7,218.0,35,0.21,31.932,27.0,47,45.0,5.82,45.0,0.2,287.416,2539449.0,16.1,16.7,0.463,9.3,4.306,0.02,4.638
Nepal,2003,Developing,64.3,22.0,38,0.2,2.791,2.0,12.9,50,76.0,5.48,78.0,0.1,253.724,2495623.0,18.0,18.6,0.457,9.2,64.3,22.0,38,0.2,2.791,18.0,50,76.0,5.48,78.0,0.1,253.724,2495623.0,16.1,16.7,0.457,9.2,4.204,0.022,0.44
Nepal,2002,Developing,63.1,238.0,40,0.19,23.184,2.0,12.4,54,72.0,5.6,72.0,0.1,246.376,24566342.0,18.2,18.8,0.447,8.6,63.1,238.0,40,0.19,23.184,18.0,54,72.0,5.6,72.0,0.1,246.376,17153357.0,16.1,16.7,0.447,8.6,3.844,0.023,4.407
Nepal,2001,Developing,63.2,23.0,43,0.09,21.928,2.0,11.9,58,73.0,5.36,72.0,0.1,248.618,24161777.0,18.3,19.0,0.446,9.0,63.2,23.0,43,0.09,21.928,18.0,58,73.0,5.36,72.0,0.1,248.618,17153357.0,16.1,16.7,0.446,9.0,4.014,0.022,0.397
Nepal,2000,Developing,62.5,238.0,46,0.08,17.912,2.0,11.4,62,74.0,5.43,74.0,0.1,231.426,2374911.0,18.5,19.2,0.439,8.9,62.5,238.0,46,0.08,17.912,18.0,62,74.0,5.43,74.0,0.1,231.426,2374911.0,16.1,16.7,0.439,8.9,3.907,0.023,3.839
Netherlands,2014,Developed,81.7,58.0,1,0.01,1491.704,92.0,61.6,1,96.0,1.9,96.0,0.1,52157.469,168658.0,1.0,0.9,0.923,18.1,81.7,58.0,1,0.01,1109.855,92.0,1,96.0,1.9,96.0,0.1,8787.614,168658.0,1.0,0.9,0.923,18.1,16.706,0.0,58.0
Netherlands,2013,Developed,81.4,6.0,1,8.68,1475.03,51.0,61.0,1,97.0,11.4,97.0,0.1,51574.489,1684432.0,1.0,0.9,0.922,18.1,81.4,6.0,1,8.68,1109.855,51.0,1,97.0,11.4,97.0,0.1,8787.614,1684432.0,1.0,0.9,0.922,18.1,16.688,0.0,6.0
Netherlands,2012,Developed,81.1,62.0,1,9.05,1162.657,2.0,6.5,1,97.0,11.1,97.0,0.1,49474.756,16754962.0,1.0,0.9,0.921,18.1,81.1,62.0,1,9.05,1109.855,18.0,1,97.0,11.1,97.0,0.1,8787.614,16754962.0,1.0,0.9,0.921,18.1,16.67,0.0,62.0
Netherlands,2011,Developed,81.1,63.0,1,8.96,1047.37,2.0,59.9,1,97.0,1.53,97.0,0.1,5354.654,1669374.0,1.0,0.9,0.911,17.2,81.1,63.0,1,8.96,1047.37,18.0,1,97.0,1.53,97.0,0.1,5354.654,1669374.0,1.0,0.9,0.911,17.2,15.669,0.0,63.0
Netherlands,2010,Developed,88.0,64.0,1,9.33,1035.621,2.0,59.3,1,97.0,1.48,97.0,0.1,5338.255,16615394.0,1.0,0.9,0.906,17.0,88.0,64.0,1,9.33,1035.621,18.0,1,97.0,1.48,97.0,0.1,5338.255,16615394.0,1.0,0.9,0.906,17.0,15.402,0.0,64.0
Netherlands,2009,Developed,86.0,65.0,1,9.23,96.859,2.0,58.6,1,97.0,1.29,97.0,0.1,519.349,1653388.0,1.0,0.9,0.906,16.9,86.0,65.0,1,9.23,96.859,18.0,1,97.0,1.29,97.0,0.1,519.349,1653388.0,1.0,0.9,0.906,16.9,15.311,0.002,65.0
Netherlands,2008,Developed,83.0,68.0,1,9.62,10873.406,2.0,57.9,1,97.0,9.57,97.0,0.1,56928.825,16445593.0,1.0,0.9,0.905,16.8,83.0,68.0,1,9.62,1109.855,18.0,1,97.0,9.57,97.0,0.1,8787.614,16445593.0,1.0,0.9,0.905,16.8,15.204,0.0,68.0
Netherlands,2007,Developed,82.0,68.0,1,9.53,9689.733,2.0,57.3,1,97.0,9.36,97.0,0.1,51241.316,16381696.0,1.0,1.0,0.899,16.6,82.0,68.0,1,9.53,1109.855,18.0,1,97.0,9.36,97.0,0.1,8787.614,16381696.0,1.0,1.0,0.899,16.6,14.923,0.0,68.0
Netherlands,2006,Developed,79.8,71.0,1,9.79,8344.01,2.0,56.5,1,96.0,9.36,96.0,0.1,44453.971,1634611.0,1.0,1.0,0.893,16.5,79.8,71.0,1,9.79,1109.855,18.0,1,96.0,9.36,96.0,0.1,8787.614,1634611.0,1.0,1.0,0.893,16.5,14.734,0.0,71.0
Netherlands,2005,Developed,79.4,72.0,1,9.69,6577.508,2.0,55.8,1,96.0,9.6,96.0,0.1,41577.169,16319868.0,1.0,1.0,0.888,16.4,79.4,72.0,1,9.69,1109.855,18.0,1,96.0,9.6,96.0,0.1,8787.614,16319868.0,1.0,1.0,0.888,16.4,14.563,0.0,72.0
Netherlands,2004,Developed,79.2,77.0,1,9.56,5170.131,2.0,55.0,1,98.0,8.52,98.0,0.1,39954.642,16281779.0,1.0,1.0,0.885,16.5,79.2,77.0,1,9.56,1109.855,18.0,1,98.0,8.52,98.0,0.1,8787.614,16281779.0,1.0,1.0,0.885,16.5,14.603,0.0,77.0
Netherlands,2003,Developed,78.7,8.0,1,9.56,4472.611,2.0,54.2,1,98.0,8.46,98.0,0.1,35245.165,1622532.0,1.1,1.0,0.881,16.5,78.7,8.0,1,9.56,1109.855,18.0,1,98.0,8.46,98.0,0.1,8787.614,1622532.0,1.1,1.0,0.881,16.5,14.536,0.0,8.0
Netherlands,2002,Developed,78.4,81.0,1,9.68,3455.197,2.0,53.4,1,97.0,8.34,97.0,0.1,28817.323,16148929.0,1.1,1.0,0.882,16.9,78.4,81.0,1,9.68,1109.855,18.0,1,97.0,8.34,97.0,0.1,8787.614,16148929.0,1.1,1.0,0.882,16.9,14.906,0.0,81.0
Netherlands,2001,Developed,78.3,82.0,1,9.95,3054.516,2.0,52.6,1,97.0,7.79,97.0,0.1,26584.122,164618.0,1.1,1.1,0.878,16.7,78.3,82.0,1,9.95,1109.855,18.0,1,97.0,7.79,97.0,0.1,8787.614,164618.0,1.1,1.1,0.878,16.7,14.663,0.0,82.0
Nicaragua,2014,Developing,74.5,148.0,2,3.55,473.124,98.0,53.2,3,99.0,9.4,98.0,0.1,1975.465,613997.0,1.8,1.7,0.636,11.6,74.5,148.0,2,3.55,473.124,98.0,3,99.0,9.4,98.0,0.1,1975.465,613997.0,1.8,1.7,0.636,11.6,7.378,0.005,49.333
Nicaragua,2013,Developing,73.9,157.0,2,3.58,366.484,98.0,52.4,3,99.0,8.43,98.0,0.1,1847.198,5945747.0,1.8,1.7,0.63,11.5,73.9,157.0,2,3.58,366.484,98.0,3,99.0,8.43,98.0,0.1,1847.198,5945747.0,1.8,1.7,0.63,11.5,7.245,0.005,52.333
Nicaragua,2012,Developing,73.9,157.0,2,3.63,334.817,98.0,51.7,3,99.0,8.4,98.0,0.1,1792.384,587718.0,1.8,1.7,0.625,11.5,73.9,157.0,2,3.63,334.817,98.0,3,99.0,8.4,98.0,0.1,1792.384,587718.0,1.8,1.7,0.625,11.5,7.188,0.005,52.333
Nicaragua,2011,Developing,74.5,147.0,3,3.39,321.613,98.0,5.9,3,99.0,6.39,98.0,0.1,1682.958,58782.0,1.8,1.8,0.62,11.5,74.5,147.0,3,3.39,321.613,98.0,3,99.0,6.39,98.0,0.1,1682.958,58782.0,1.8,1.8,0.62,11.5,7.13,0.004,49.0
Nicaragua,2010,Developing,73.2,154.0,3,3.38,302.705,98.0,5.2,3,99.0,6.58,98.0,0.1,1526.498,5737723.0,1.9,1.8,0.614,11.4,73.2,154.0,3,3.38,302.705,98.0,3,99.0,6.58,98.0,0.1,1526.498,5737723.0,1.9,1.8,0.614,11.4,7.0,0.004,51.333
Nicaragua,2009,Developing,73.2,163.0,3,3.36,292.753,98.0,49.4,3,99.0,6.82,98.0,0.2,1464.498,5666581.0,1.9,1.8,0.613,11.3,73.2,163.0,3,3.36,292.753,98.0,3,99.0,6.82,98.0,0.2,1464.498,5666581.0,1.9,1.8,0.613,11.3,6.927,0.005,54.333
Nicaragua,2008,Developing,72.5,169.0,3,3.64,275.064,97.0,48.6,3,97.0,6.98,97.0,0.2,1518.854,559456.0,1.9,1.8,0.607,11.1,72.5,169.0,3,3.64,275.064,97.0,3,97.0,6.98,97.0,0.2,1518.854,559456.0,1.9,1.8,0.607,11.1,6.738,0.005,56.333
Nicaragua,2007,Developing,72.5,173.0,3,3.83,253.001,93.0,47.9,4,93.0,6.91,93.0,0.2,1344.319,552216.0,2.0,1.9,0.601,11.0,72.5,173.0,3,3.83,253.001,93.0,4,93.0,6.91,93.0,0.2,1344.319,552216.0,2.0,1.9,0.601,11.0,6.611,0.005,43.25
Nicaragua,2006,Developing,73.0,17.0,3,3.69,21.411,88.0,47.1,4,88.0,6.33,88.0,0.3,124.993,545211.0,2.0,1.9,0.597,11.0,73.0,17.0,3,3.69,21.411,88.0,4,88.0,6.33,88.0,0.3,124.993,545211.0,2.0,1.9,0.597,11.0,6.567,0.051,4.25
Nicaragua,2005,Developing,71.2,194.0,3,3.7,218.572,86.0,46.4,4,87.0,6.11,86.0,0.3,1175.116,5379328.0,2.0,1.9,0.592,11.0,71.2,194.0,3,3.7,218.572,86.0,4,87.0,6.11,86.0,0.3,1175.116,5379328.0,2.0,1.9,0.592,11.0,6.512,0.005,48.5
Nicaragua,2004,Developing,71.0,194.0,4,3.81,36.816,79.0,45.7,4,8.0,6.13,79.0,0.3,191.552,53973.0,2.1,2.0,0.587,11.0,71.0,194.0,4,3.81,36.816,79.0,4,45.0,6.13,79.0,0.3,191.552,53973.0,2.1,2.0,0.587,11.0,6.457,0.032,48.5
Nicaragua,2003,Developing,76.0,198.0,4,3.77,2.542,86.0,44.9,5,86.0,6.12,86.0,0.3,115.565,524879.0,2.1,2.0,0.583,11.0,76.0,198.0,4,3.77,2.542,86.0,5,86.0,6.12,86.0,0.3,115.565,524879.0,2.1,2.0,0.583,11.0,6.413,0.053,39.6
Nicaragua,2002,Developing,75.0,197.0,4,3.5,2.092,85.0,44.2,5,85.0,5.71,85.0,0.4,11.147,5171734.0,2.2,2.1,0.577,10.7,75.0,197.0,4,3.5,2.092,85.0,5,85.0,5.71,85.0,0.4,11.147,5171734.0,2.2,2.1,0.577,10.7,6.174,0.512,39.4
Nicaragua,2001,Developing,73.0,193.0,4,3.51,22.356,87.0,43.5,5,89.0,5.26,87.0,0.4,143.676,5175.0,2.2,2.1,0.57,10.4,73.0,193.0,4,3.51,22.356,87.0,5,89.0,5.26,87.0,0.4,143.676,5175.0,2.2,2.1,0.57,10.4,5.928,0.037,38.6
Nicaragua,2000,Developing,73.0,192.0,4,3.61,15.255,83.0,42.8,5,85.0,5.39,83.0,0.4,116.274,526796.0,2.2,2.1,0.562,10.1,73.0,192.0,4,3.61,15.255,83.0,5,85.0,5.39,83.0,0.4,116.274,526796.0,2.2,2.1,0.562,10.1,5.676,0.046,38.4
Niger,2014,Developing,61.4,223.0,49,0.01,3.304,68.0,18.9,88,67.0,5.82,68.0,0.5,43.646,19148219.0,9.8,9.6,0.345,5.3,61.4,223.0,49,0.01,3.304,68.0,87,67.0,5.82,68.0,0.5,43.646,17153357.0,9.8,9.6,0.345,5.3,1.828,0.133,2.563
Niger,2013,Developing,69.0,227.0,49,0.01,31.502,67.0,18.5,89,56.0,5.9,67.0,0.6,416.148,18426372.0,1.0,9.9,0.341,5.3,69.0,227.0,49,0.01,31.502,67.0,87,56.0,5.9,67.0,0.6,416.148,17153357.0,1.0,9.9,0.341,5.3,1.807,0.014,2.609
Niger,2012,Developing,63.0,232.0,49,0.01,29.755,71.0,18.1,90,71.0,6.11,71.0,0.7,391.516,17731634.0,1.3,1.1,0.331,5.1,63.0,232.0,49,0.01,29.755,71.0,87,71.0,6.11,71.0,0.7,391.516,17153357.0,1.3,1.1,0.331,5.1,1.688,0.016,2.667
Niger,2010,Developing,58.2,252.0,50,0.12,5.884,7.0,17.3,95,75.0,6.36,7.0,0.9,348.152,16425578.0,1.7,1.6,0.312,4.5,58.2,252.0,50,0.12,5.884,18.0,87,75.0,6.36,45.0,0.9,348.152,16425578.0,1.7,1.6,0.312,4.5,1.404,0.018,2.897
Niger,2009,Developing,57.1,263.0,51,0.11,5.665,71.0,16.9,99,71.0,6.98,71.0,1.1,341.289,15813913.0,11.0,1.8,0.307,4.2,57.1,263.0,51,0.11,5.665,71.0,87,71.0,6.98,71.0,1.1,341.289,15813913.0,11.0,1.8,0.307,4.4,1.351,0.02,3.023
Niger,2008,Developing,56.0,272.0,52,0.12,40.378,71.0,16.5,102,68.0,6.76,67.0,1.3,354.819,15228525.0,11.2,11.0,0.298,4.0,56.0,272.0,52,0.12,40.378,71.0,87,68.0,6.76,67.0,1.3,354.819,15228525.0,11.2,11.0,0.298,4.4,1.311,0.019,3.126
Niger,2007,Developing,55.2,276.0,53,0.1,35.809,71.0,16.1,106,57.0,6.94,57.0,1.4,292.56,14668338.0,11.4,11.3,0.293,3.8,55.2,276.0,53,0.1,35.809,71.0,87,57.0,6.94,57.0,1.4,292.56,14668338.0,11.4,11.3,0.293,4.4,1.289,0.024,3.172
Niger,2006,Developing,54.5,277.0,54,0.11,43.422,71.0,15.7,110,52.0,7.39,51.0,1.5,258.464,1413264.0,11.6,11.5,0.286,3.7,54.5,277.0,54,0.11,43.422,71.0,87,52.0,7.39,51.0,1.5,258.464,1413264.0,11.6,11.5,0.286,4.4,1.258,0.029,3.184
Niger,2005,Developing,53.7,278.0,55,0.11,3.752,71.0,15.4,114,46.0,7.15,45.0,1.6,25.384,13618449.0,11.9,11.8,0.278,3.5,53.7,278.0,55,0.11,3.752,71.0,87,46.0,7.15,45.0,1.6,25.384,13618449.0,11.9,11.8,0.278,4.4,1.223,0.282,3.195
Niger,2004,Developing,52.9,279.0,56,0.11,20.861,71.0,15.0,118,45.0,6.61,43.0,1.6,232.566,1312712.0,12.1,12.0,0.27,3.1,52.9,279.0,56,0.11,20.861,71.0,87,45.0,6.61,45.0,1.6,232.566,1312712.0,12.1,12.0,0.27,4.4,1.188,0.028,3.207
Niger,2003,Developing,52.1,28.0,56,0.1,20.269,71.0,14.6,121,44.0,6.23,41.0,1.6,215.855,1265687.0,12.3,12.2,0.266,3.0,52.1,28.0,56,0.1,20.269,71.0,87,45.0,6.23,45.0,1.6,215.855,1265687.0,12.3,12.2,0.27,4.4,1.188,0.029,0.322
Niger,2002,Developing,51.4,282.0,57,0.1,17.587,71.0,14.3,124,43.0,6.55,39.0,1.6,177.828,12262.0,12.5,12.5,0.261,2.9,51.4,282.0,57,0.1,17.587,71.0,87,45.0,6.55,45.0,1.6,177.828,12262.0,12.5,12.5,0.27,4.4,1.188,0.037,3.241
Niger,2001,Developing,56.0,283.0,57,0.11,1.818,71.0,13.9,127,42.0,7.1,36.0,1.6,165.257,11771976.0,12.7,12.7,0.255,2.9,56.0,283.0,57,0.11,1.818,71.0,87,45.0,7.1,45.0,1.6,165.257,11771976.0,12.7,12.7,0.27,4.4,1.188,0.043,3.253
Niger,2000,Developing,50.0,284.0,58,0.1,13.358,71.0,13.6,128,41.0,6.1,34.0,1.5,158.456,11352973.0,12.8,12.9,0.253,2.8,50.0,284.0,58,0.1,13.358,71.0,87,45.0,6.1,45.0,1.5,158.456,11352973.0,12.8,12.9,0.27,4.4,1.188,0.038,3.264
Nigeria,2014,Developing,53.6,362.0,490,0.01,263.211,49.0,24.7,759,49.0,3.67,49.0,3.9,3221.678,1764652.0,1.1,9.9,0.521,10.0,53.6,362.0,64,0.01,263.211,49.0,87,49.0,3.67,49.0,3.2,3221.678,1764652.0,1.1,9.9,0.521,10.0,5.21,0.001,4.161
Nigeria,2013,Developing,53.2,367.0,498,8.3,194.203,46.0,24.1,773,46.0,3.7,46.0,3.9,2996.964,17182933.0,1.4,1.2,0.514,9.8,53.2,367.0,64,8.3,194.203,46.0,87,46.0,3.7,46.0,3.2,2996.964,17153357.0,1.4,1.2,0.514,9.8,5.037,0.001,4.218
Nigeria,2010,Developing,52.0,374.0,521,8.9,133.123,49.0,22.2,817,54.0,3.47,54.0,4.8,2327.327,158578261.0,11.3,11.2,0.492,9.5,52.0,374.0,64,8.9,133.123,49.0,87,54.0,3.47,54.0,3.2,2327.327,17153357.0,11.3,11.2,0.492,9.5,4.674,0.001,4.299
Nigeria,2009,Developing,51.6,376.0,527,9.05,14.568,63.0,21.6,832,66.0,4.24,63.0,4.9,197.661,15442181.0,11.7,11.6,0.487,9.3,51.6,376.0,64,9.05,14.568,63.0,87,66.0,4.24,63.0,3.2,197.661,15442181.0,11.7,11.6,0.487,9.3,4.529,0.021,4.322
Nigeria,2008,Developing,59.0,386.0,536,9.3,105.591,41.0,21.0,848,6.0,4.0,53.0,5.0,1383.893,1534739.0,12.0,11.9,0.481,9.2,59.0,386.0,64,9.3,105.591,41.0,87,45.0,4.0,53.0,3.2,1383.893,1534739.0,12.0,11.9,0.481,9.2,4.425,0.003,4.437
Nigeria,2007,Developing,55.0,388.0,542,9.55,104.475,42.0,2.4,863,54.0,4.47,42.0,5.2,1136.83,14641724.0,12.3,12.3,0.477,9.1,55.0,388.0,64,9.55,104.475,42.0,87,54.0,4.47,45.0,3.2,1136.83,14641724.0,12.3,12.3,0.477,9.1,4.341,0.004,4.46
Nigeria,2006,Developing,49.8,396.0,549,9.66,10.358,27.0,19.9,879,46.0,3.66,4.0,5.3,119.743,14261494.0,12.6,12.6,0.466,9.0,49.8,396.0,64,9.66,10.358,27.0,87,46.0,3.66,45.0,3.2,119.743,14261494.0,12.6,12.6,0.466,9.0,4.194,0.031,4.552
Nigeria,2005,Developing,49.2,4.0,556,9.71,6.416,18.0,19.3,893,45.0,4.11,36.0,5.4,87.894,138939478.0,12.9,12.9,0.463,8.9,49.2,4.0,64,9.71,6.416,18.0,87,45.0,4.11,45.0,3.2,87.894,17153357.0,12.9,12.9,0.463,8.9,4.121,0.047,0.046
Nigeria,2004,Developing,48.5,47.0,563,9.76,57.226,18.0,18.8,907,43.0,4.33,33.0,5.4,648.816,135393616.0,13.2,13.2,0.445,8.5,48.5,47.0,64,9.76,57.226,18.0,87,45.0,4.33,45.0,3.2,648.816,17153357.0,13.2,13.2,0.445,8.5,3.782,0.007,0.54
Nigeria,2003,Developing,48.1,41.0,567,9.75,30.196,18.0,18.3,918,42.0,4.5,29.0,5.4,512.657,131972533.0,13.5,13.6,0.0,8.1,48.1,41.0,64,9.75,30.196,18.0,87,45.0,4.5,45.0,3.2,512.657,17153357.0,13.5,13.6,0.27,8.1,2.187,0.009,0.471
Nigeria,2002,Developing,47.7,49.0,571,9.61,17.138,18.0,17.8,928,4.0,2.43,25.0,5.3,459.457,12866671.0,13.8,13.8,0.0,7.7,47.7,49.0,64,9.61,17.138,18.0,87,45.0,2.43,45.0,3.2,459.457,12866671.0,13.8,13.8,0.27,7.7,2.079,0.005,0.563
Nigeria,2001,Developing,47.4,48.0,574,9.58,15.831,18.0,17.3,936,36.0,3.25,27.0,5.1,351.8,125463434.0,14.1,14.1,0.0,8.0,47.4,48.0,64,9.58,15.831,18.0,87,45.0,3.25,45.0,3.2,351.8,17153357.0,14.1,14.1,0.27,8.0,2.16,0.009,0.552
Nigeria,2000,Developing,47.1,45.0,576,9.23,22.482,18.0,16.9,943,31.0,2.84,29.0,4.9,379.119,1223529.0,14.3,14.4,0.0,7.6,47.1,45.0,64,9.23,22.482,18.0,87,45.0,2.84,45.0,3.2,379.119,1223529.0,14.3,14.4,0.27,7.6,2.052,0.007,0.517
Pakistan,2014,Developing,66.2,162.0,359,0.01,62.294,72.0,24.7,442,72.0,2.61,72.0,0.1,1316.99,185546257.0,19.4,19.8,0.542,7.8,66.2,162.0,64,0.01,62.294,72.0,87,72.0,2.61,72.0,0.1,1316.99,17153357.0,16.1,16.7,0.542,7.8,4.228,0.002,1.862
Pakistan,2013,Developing,66.0,163.0,365,0.04,60.186,72.0,23.9,450,72.0,2.7,72.0,0.1,1272.442,181712595.0,19.6,2.0,0.538,7.7,66.0,163.0,64,0.04,60.186,72.0,87,72.0,2.7,72.0,0.1,1272.442,17153357.0,16.1,2.0,0.538,7.7,4.143,0.002,1.874
Pakistan,2012,Developing,65.7,165.0,369,0.04,59.659,72.0,23.2,456,72.0,2.76,72.0,0.1,1261.29,177911533.0,19.8,2.2,0.529,7.6,65.7,165.0,64,0.04,59.659,72.0,87,72.0,2.76,72.0,0.1,1261.29,17153357.0,16.1,2.2,0.529,7.6,4.02,0.002,1.897
Pakistan,2011,Developing,65.5,167.0,371,0.04,57.877,74.0,22.5,459,75.0,3.1,74.0,0.1,1226.215,174184265.0,2.0,2.4,0.525,7.5,65.5,167.0,64,0.04,57.877,74.0,87,75.0,3.1,74.0,0.1,1226.215,17153357.0,2.0,2.4,0.525,7.5,3.938,0.003,1.92
Pakistan,2010,Developing,65.1,172.0,372,0.04,0.668,82.0,21.9,461,82.0,3.2,82.0,0.1,14.142,1756182.0,2.2,2.7,0.521,7.5,65.1,172.0,64,0.04,0.668,82.0,87,82.0,3.2,82.0,0.1,14.142,1756182.0,2.2,2.7,0.521,7.5,3.908,0.226,1.977
Pakistan,2009,Developing,64.8,175.0,371,0.03,0.697,78.0,21.3,460,7.0,2.94,71.0,0.1,16.64,1674958.0,2.5,2.9,0.514,7.3,64.8,175.0,64,0.03,0.697,78.0,87,45.0,2.94,71.0,0.1,16.64,1674958.0,2.5,2.9,0.514,7.3,3.752,0.177,2.011
Pakistan,2008,Developing,64.6,177.0,369,0.03,5.447,65.0,2.6,460,7.0,3.26,62.0,0.1,139.313,16364463.0,2.7,21.1,0.513,7.3,64.6,177.0,64,0.03,5.447,65.0,87,45.0,3.26,62.0,0.1,139.313,16364463.0,2.7,16.7,0.513,7.3,3.745,0.023,2.034
Pakistan,2007,Developing,64.4,178.0,367,0.03,3.913,75.0,2.1,459,75.0,3.35,75.0,0.1,95.433,16332974.0,2.8,21.3,0.505,6.7,64.4,178.0,64,0.03,3.913,75.0,87,75.0,3.35,75.0,0.1,95.433,16332974.0,2.8,16.7,0.505,6.7,3.384,0.035,2.046
Pakistan,2006,Developing,64.2,179.0,365,0.03,40.368,78.0,19.5,458,77.0,3.4,78.0,0.1,873.773,15793993.0,21.0,21.5,0.501,6.5,64.2,179.0,64,0.03,40.368,78.0,87,77.0,3.4,78.0,0.1,873.773,15793993.0,16.1,16.7,0.501,6.5,3.256,0.004,2.057
Pakistan,2005,Developing,62.9,2.0,364,0.04,30.593,7.0,18.9,459,78.0,2.91,77.0,0.1,711.47,15399667.0,21.2,21.7,0.487,6.1,62.9,2.0,64,0.04,30.593,18.0,87,78.0,2.91,77.0,0.1,711.47,15399667.0,16.1,16.7,0.487,6.1,2.971,0.004,0.023
Pakistan,2004,Developing,63.7,183.0,364,0.01,28.983,65.0,18.4,461,65.0,2.56,65.0,0.1,649.848,15783.0,21.4,21.8,0.474,5.6,63.7,183.0,64,0.01,28.983,65.0,87,65.0,2.56,65.0,0.1,649.848,15783.0,16.1,16.7,0.474,5.6,2.654,0.004,2.103
Pakistan,2003,Developing,63.5,185.0,366,0.01,24.235,63.0,17.9,466,69.0,2.61,67.0,0.1,563.594,1477341.0,21.6,22.0,0.465,5.6,63.5,185.0,64,0.01,24.235,63.0,87,69.0,2.61,67.0,0.1,563.594,1477341.0,16.1,16.7,0.465,5.6,2.604,0.005,2.126
Pakistan,2002,Developing,63.2,187.0,371,0.01,22.394,63.0,17.4,474,71.0,2.76,68.0,0.1,499.863,144654143.0,21.8,22.2,0.457,5.5,63.2,187.0,64,0.01,22.394,63.0,87,71.0,2.76,68.0,0.1,499.863,17153357.0,16.1,16.7,0.457,5.5,2.514,0.006,2.149
Pakistan,2001,Developing,63.0,189.0,377,0.01,1.767,63.0,16.9,483,68.0,2.61,65.0,0.1,51.657,14161437.0,22.0,22.4,0.45,5.4,63.0,189.0,64,0.01,1.767,63.0,87,68.0,2.61,65.0,0.1,51.657,14161437.0,16.1,16.7,0.45,5.4,2.43,0.051,2.172
Pakistan,2000,Developing,62.8,19.0,385,0.02,18.845,63.0,16.4,495,65.0,2.79,62.0,0.1,533.862,138523285.0,22.2,22.6,0.445,5.3,62.8,19.0,64,0.02,18.845,63.0,87,65.0,2.79,62.0,0.1,533.862,17153357.0,16.1,16.7,0.445,5.3,2.358,0.005,0.218
Panama,2014,Developing,77.6,119.0,1,6.74,1842.464,8.0,57.1,1,8.0,8.3,8.0,0.1,12593.737,393986.0,1.9,1.8,0.78,13.0,77.6,119.0,1,6.74,1109.855,18.0,1,45.0,8.3,45.0,0.1,8787.614,393986.0,1.9,1.8,0.78,13.0,10.14,0.001,119.0
Panama,2013,Developing,77.5,118.0,1,6.89,1694.467,8.0,56.3,1,81.0,8.9,8.0,0.1,11685.98,3838462.0,1.9,1.9,0.773,12.9,77.5,118.0,1,6.89,1109.855,18.0,1,81.0,8.9,45.0,0.1,8787.614,3838462.0,1.9,1.9,0.773,12.9,9.972,0.001,118.0
Panama,2012,Developing,77.2,12.0,1,6.95,201.749,85.0,55.6,1,87.0,7.25,85.0,0.1,1589.827,3772938.0,1.9,1.9,0.765,12.8,77.2,12.0,1,6.95,201.749,85.0,1,87.0,7.25,85.0,0.1,1589.827,3772938.0,1.9,1.9,0.765,12.8,9.792,0.005,12.0
Panama,2011,Developing,77.3,121.0,1,6.9,119.212,87.0,54.9,1,91.0,7.5,87.0,0.1,927.723,377782.0,2.0,1.9,0.758,12.9,77.3,121.0,1,6.9,119.212,87.0,1,91.0,7.5,87.0,0.1,927.723,377782.0,2.0,1.9,0.758,12.9,9.778,0.008,121.0
Panama,2009,Developing,76.8,127.0,1,6.87,1092.155,85.0,53.4,2,85.0,7.56,85.0,0.1,7429.628,3579385.0,2.0,1.9,0.755,12.8,76.8,127.0,1,6.87,1092.155,85.0,2,85.0,7.56,85.0,0.1,7429.628,3579385.0,2.0,1.9,0.755,12.8,9.664,0.001,63.5
Panama,2006,Developing,76.2,125.0,1,5.72,631.125,88.0,51.1,2,98.0,7.0,88.0,0.1,5348.518,339195.0,2.1,2.0,0.744,12.9,76.2,125.0,1,5.72,631.125,88.0,2,98.0,7.0,88.0,0.1,5348.518,339195.0,2.1,2.0,0.744,12.9,9.598,0.001,62.5
Panama,2005,Developing,75.8,122.0,1,5.53,623.91,92.0,5.3,2,88.0,7.48,92.0,0.1,4916.549,333465.0,2.1,2.1,0.74,12.9,75.8,122.0,1,5.53,623.91,92.0,2,88.0,7.48,92.0,0.1,4916.549,333465.0,2.1,2.1,0.74,12.9,9.546,0.002,61.0
Panama,2004,Developing,75.8,123.0,1,5.69,527.608,95.0,49.5,2,92.0,8.9,95.0,0.2,4591.893,3269541.0,2.2,2.1,0.733,12.8,75.8,123.0,1,5.69,527.608,95.0,2,92.0,8.9,95.0,0.2,4591.893,3269541.0,2.2,2.1,0.733,12.8,9.382,0.002,61.5
Panama,2003,Developing,75.5,126.0,1,5.52,58.46,98.0,48.6,2,95.0,7.6,98.0,0.1,4267.136,329174.0,2.2,2.2,0.728,12.8,75.5,126.0,1,5.52,58.46,98.0,2,95.0,7.6,98.0,0.1,4267.136,329174.0,2.2,2.2,0.728,12.8,9.318,0.002,63.0
Panama,2002,Developing,75.7,125.0,1,5.52,78.809,98.0,47.8,2,99.0,8.3,99.0,0.2,4126.147,3149265.0,2.3,2.2,0.725,12.6,75.7,125.0,1,5.52,78.809,98.0,2,99.0,8.3,99.0,0.2,4126.147,3149265.0,2.3,2.2,0.725,12.6,9.135,0.002,62.5
Panama,2001,Developing,75.5,124.0,2,5.43,7.321,98.0,46.9,2,95.0,7.72,99.0,0.1,446.373,389684.0,2.3,2.3,0.721,12.4,75.5,124.0,2,5.43,7.321,98.0,2,95.0,7.72,99.0,0.1,446.373,389684.0,2.3,2.3,0.721,12.4,8.94,0.017,62.0
Panama,2000,Developing,75.7,121.0,2,5.58,9.871,98.0,45.9,2,99.0,7.76,98.0,0.2,46.299,33347.0,2.4,2.3,0.716,12.1,75.7,121.0,2,5.58,9.871,98.0,2,99.0,7.76,98.0,0.2,46.299,33347.0,2.4,2.3,0.716,12.1,8.664,0.168,60.5
Papua New Guinea,2014,Developing,62.7,278.0,10,0.01,208.231,67.0,47.9,13,64.0,4.26,73.0,0.7,2182.717,7755785.0,1.3,1.3,0.511,10.0,62.7,278.0,10,0.01,208.231,67.0,13,64.0,4.26,73.0,0.7,2182.717,7755785.0,1.3,1.3,0.511,10.0,5.11,0.002,21.385
Papua New Guinea,2013,Developing,62.4,281.0,10,0.01,25.709,73.0,47.2,13,8.0,4.78,79.0,0.8,229.954,7592865.0,1.3,1.3,0.506,10.0,62.4,281.0,10,0.01,25.709,73.0,13,45.0,4.78,79.0,0.8,229.954,7592865.0,1.3,1.3,0.506,10.0,5.06,0.021,21.615
Papua New Guinea,2012,Developing,62.2,284.0,10,0.01,31.636,68.0,46.4,13,81.0,4.55,74.0,1.0,271.319,743836.0,1.3,1.3,0.501,9.9,62.2,284.0,10,0.01,31.636,68.0,13,81.0,4.55,74.0,1.0,271.319,743836.0,1.3,1.3,0.501,9.9,4.96,0.017,21.846
Papua New Guinea,2011,Developing,62.0,285.0,10,0.88,23.407,66.0,45.7,13,69.0,4.94,72.0,1.0,177.867,7269348.0,1.3,1.3,0.494,9.9,62.0,285.0,10,0.88,23.407,66.0,13,69.0,4.94,72.0,1.0,177.867,7269348.0,1.3,1.3,0.494,9.9,4.891,0.028,21.923
Papua New Guinea,2010,Developing,61.8,286.0,10,0.79,19.0,56.0,44.9,14,72.0,4.18,67.0,1.1,1366.879,718239.0,1.4,1.3,0.485,9.6,61.8,286.0,10,0.79,19.0,56.0,14,72.0,4.18,67.0,1.1,1366.879,718239.0,1.4,1.3,0.485,9.6,4.656,0.003,20.429
Papua New Guinea,2009,Developing,61.6,288.0,11,0.82,20.533,66.0,44.2,14,79.0,4.36,73.0,1.1,1166.663,6947447.0,1.4,1.3,0.477,9.2,61.6,288.0,11,0.82,20.533,66.0,14,79.0,4.36,73.0,1.1,1166.663,6947447.0,1.4,1.3,0.477,9.2,4.388,0.004,20.571
Papua New Guinea,2008,Developing,61.4,29.0,11,0.81,103.728,59.0,43.4,14,76.0,4.6,63.0,1.3,1178.725,6787187.0,1.4,1.3,0.469,8.9,61.4,29.0,11,0.81,103.728,59.0,14,76.0,4.6,63.0,1.3,1178.725,6787187.0,1.4,1.3,0.469,8.9,4.174,0.004,2.071
Papua New Guinea,2007,Developing,61.1,295.0,11,0.71,85.718,61.0,42.7,14,72.0,4.4,71.0,1.4,956.669,6627922.0,1.4,1.3,0.461,8.6,61.1,295.0,11,0.71,85.718,61.0,14,72.0,4.4,71.0,1.4,956.669,6627922.0,1.4,1.3,0.461,8.6,3.965,0.005,21.071
Papua New Guinea,2006,Developing,68.0,299.0,11,0.64,126.614,71.0,41.9,14,67.0,5.92,72.0,1.5,854.347,647272.0,1.4,1.4,0.454,8.2,68.0,299.0,11,0.64,126.614,71.0,14,67.0,5.92,72.0,1.5,854.347,647272.0,1.4,1.4,0.454,8.2,3.723,0.007,21.357
Papua New Guinea,2005,Developing,64.0,37.0,11,0.84,12.056,63.0,41.1,15,61.0,6.42,72.0,1.5,77.577,631479.0,1.4,1.4,0.446,7.9,64.0,37.0,11,0.84,12.056,63.0,15,61.0,6.42,72.0,1.5,77.577,631479.0,1.4,1.4,0.446,7.9,3.523,0.083,2.467
Papua New Guinea,2004,Developing,59.9,314.0,11,0.58,158.002,6.0,4.4,15,59.0,8.39,62.0,1.5,637.362,6161517.0,1.5,1.4,0.439,7.6,59.9,314.0,11,0.58,158.002,18.0,15,59.0,8.39,62.0,1.5,637.362,6161517.0,1.5,1.4,0.439,7.6,3.336,0.013,20.933
Papua New Guinea,2003,Developing,59.6,321.0,11,0.59,124.379,67.0,39.6,14,62.0,6.79,68.0,1.4,588.358,61724.0,1.5,1.4,0.433,7.2,59.6,321.0,11,0.59,124.379,67.0,14,62.0,6.79,68.0,1.4,588.358,61724.0,1.5,1.4,0.433,7.2,3.118,0.012,22.929
Papua New Guinea,2002,Developing,59.3,327.0,11,0.61,110.98,6.0,38.9,14,54.0,7.69,61.0,1.4,511.666,5862316.0,1.5,1.5,0.428,6.9,59.3,327.0,11,0.61,110.98,18.0,14,54.0,7.69,61.0,1.4,511.666,5862316.0,1.5,1.5,0.428,6.9,2.953,0.015,23.357
Papua New Guinea,2001,Developing,59.1,331.0,11,0.68,93.373,59.0,38.2,14,52.0,6.68,55.0,1.3,539.415,5716152.0,1.5,1.5,0.422,6.6,59.1,331.0,11,0.68,93.373,59.0,14,52.0,6.68,55.0,1.3,539.415,5716152.0,1.5,1.5,0.422,6.6,2.785,0.012,23.643
Papua New Guinea,2000,Developing,58.9,335.0,11,0.73,62.563,57.0,37.5,14,51.0,3.98,59.0,1.1,631.947,5572222.0,1.6,1.5,0.418,6.2,58.9,335.0,11,0.73,62.563,57.0,14,51.0,3.98,59.0,1.1,631.947,5572222.0,1.6,1.5,0.418,6.2,2.592,0.006,23.929
Paraguay,2014,Developing,73.9,147.0,3,0.01,561.768,87.0,49.4,3,83.0,9.81,87.0,0.2,4712.823,6552584.0,2.0,1.9,0.688,12.3,73.9,147.0,3,0.01,561.768,87.0,3,83.0,9.81,87.0,0.2,4712.823,6552584.0,2.0,1.9,0.688,12.3,8.462,0.002,49.0
Paraguay,2013,Developing,73.8,148.0,3,5.03,573.435,86.0,48.6,3,8.0,1.49,86.0,0.2,4479.959,646574.0,2.0,1.9,0.679,12.3,73.8,148.0,3,5.03,573.435,86.0,3,45.0,1.49,86.0,0.2,4479.959,646574.0,2.0,1.9,0.679,12.3,8.352,0.0,49.333
Paraguay,2012,Developing,73.6,148.0,3,5.36,441.845,87.0,47.9,3,83.0,1.33,87.0,0.1,3855.538,6379219.0,2.0,2.0,0.679,12.3,73.6,148.0,3,5.36,441.845,87.0,3,83.0,1.33,87.0,0.1,3855.538,6379219.0,2.0,2.0,0.679,12.3,8.352,0.0,49.333
Paraguay,2010,Developing,73.2,152.0,3,5.65,359.976,89.0,46.4,3,85.0,9.1,89.0,0.1,3225.592,629877.0,2.1,2.0,0.664,12.4,73.2,152.0,3,5.65,359.976,89.0,3,85.0,9.1,89.0,0.1,3225.592,629877.0,2.1,2.0,0.664,12.4,8.234,0.003,50.667
Paraguay,2009,Developing,73.0,155.0,3,5.39,30.935,85.0,45.6,3,81.0,9.14,85.0,0.1,2599.596,6127837.0,2.1,2.0,0.663,12.1,73.0,155.0,3,5.39,30.935,85.0,3,81.0,9.14,85.0,0.1,2599.596,6127837.0,2.1,2.0,0.663,12.1,8.022,0.004,51.667
Paraguay,2007,Developing,72.5,159.0,3,5.61,318.62,86.0,44.2,4,95.0,6.41,95.0,0.1,2312.193,5966159.0,2.2,2.1,0.649,12.0,72.5,159.0,3,5.61,318.62,86.0,4,95.0,6.41,95.0,0.1,2312.193,5966159.0,2.2,2.1,0.649,12.0,7.788,0.003,39.75
Paraguay,2006,Developing,72.3,161.0,3,5.61,26.181,92.0,43.5,4,98.0,6.43,98.0,0.2,189.715,5882796.0,2.2,2.2,0.648,12.1,72.3,161.0,3,5.61,26.181,92.0,4,98.0,6.43,98.0,0.2,189.715,5882796.0,2.2,2.2,0.648,12.1,7.841,0.034,40.25
Paraguay,2005,Developing,72.1,163.0,3,6.38,20.68,92.0,42.8,4,96.0,6.7,96.0,0.2,157.146,5795494.0,2.3,2.2,0.646,12.3,72.1,163.0,3,6.38,20.68,92.0,4,96.0,6.7,96.0,0.2,157.146,5795494.0,2.3,2.2,0.646,12.3,7.946,0.043,40.75
Paraguay,2004,Developing,71.9,165.0,3,6.2,20.601,9.0,42.0,4,92.0,5.78,92.0,0.2,148.528,57374.0,2.3,2.2,0.639,12.1,71.9,165.0,3,6.2,20.601,18.0,4,92.0,5.78,92.0,0.2,148.528,57374.0,2.3,2.2,0.639,12.1,7.732,0.039,41.25
Paraguay,2003,Developing,71.7,166.0,4,6.64,155.423,86.0,41.3,4,86.0,5.99,86.0,0.1,1174.779,56795.0,2.4,2.3,0.642,12.7,71.7,166.0,4,6.64,155.423,86.0,4,86.0,5.99,86.0,0.1,1174.779,56795.0,2.4,2.3,0.642,12.7,8.153,0.005,41.5
Paraguay,2002,Developing,71.5,168.0,4,5.66,152.829,86.0,4.6,4,87.0,6.77,87.0,0.1,1148.23,558611.0,2.4,2.3,0.632,12.2,71.5,168.0,4,5.66,152.829,86.0,4,87.0,6.77,87.0,0.1,1148.23,558611.0,2.4,2.3,0.632,12.2,7.71,0.006,42.0
Paraguay,2001,Developing,71.2,17.0,4,6.66,233.849,86.0,39.8,5,9.0,7.61,89.0,0.1,1417.266,546624.0,2.5,2.4,0.624,11.8,71.2,17.0,4,6.66,233.849,86.0,5,45.0,7.61,89.0,0.1,1417.266,546624.0,2.5,2.4,0.624,11.8,7.363,0.005,3.4
Paraguay,2000,Developing,79.0,172.0,4,6.78,273.576,86.0,39.1,5,86.0,8.1,86.0,0.1,1545.626,5327.0,2.5,2.4,0.625,11.6,79.0,172.0,4,6.78,273.576,86.0,5,86.0,8.1,86.0,0.1,1545.626,5327.0,2.5,2.4,0.625,11.6,7.25,0.005,34.4
Peru,2014,Developing,75.3,125.0,8,0.01,973.729,88.0,54.9,10,78.0,5.47,88.0,0.1,6491.524,3973354.0,1.1,1.1,0.735,13.4,75.3,125.0,8,0.01,973.729,88.0,10,78.0,5.47,88.0,0.1,6491.524,3973354.0,1.1,1.1,0.735,13.4,9.849,0.001,12.5
Peru,2013,Developing,75.3,125.0,8,5.38,946.652,88.0,54.2,11,71.0,5.23,88.0,0.1,6583.116,3565716.0,1.1,1.1,0.731,13.4,75.3,125.0,8,5.38,946.652,88.0,11,71.0,5.23,88.0,0.1,6583.116,3565716.0,1.1,1.1,0.731,13.4,9.795,0.001,11.364
Peru,2011,Developing,74.5,133.0,9,4.83,759.538,91.0,52.9,12,91.0,4.93,91.0,0.2,5771.566,29759989.0,1.1,1.1,0.721,13.4,74.5,133.0,9,4.83,759.538,91.0,12,91.0,4.93,91.0,0.2,5771.566,17153357.0,1.1,1.1,0.721,13.4,9.661,0.001,11.083
Peru,2010,Developing,73.7,14.0,10,4.72,69.439,93.0,52.2,12,92.0,5.3,93.0,0.2,522.493,29373646.0,1.1,1.1,0.708,13.3,73.7,14.0,10,4.72,69.439,93.0,12,92.0,5.3,93.0,0.2,522.493,17153357.0,1.1,1.1,0.708,13.3,9.416,0.01,1.167
Peru,2009,Developing,73.8,14.0,10,4.69,570.453,93.0,51.5,13,92.0,5.36,93.0,0.3,4166.934,29157.0,1.2,1.2,0.706,13.3,73.8,14.0,10,4.69,570.453,93.0,13,92.0,5.36,93.0,0.3,4166.934,29157.0,1.2,1.2,0.706,13.3,9.39,0.001,1.077
Peru,2008,Developing,73.9,138.0,11,4.85,58.499,93.0,5.8,14,93.0,4.73,93.0,0.3,428.878,2864198.0,1.2,1.2,0.7,13.2,73.9,138.0,11,4.85,58.499,93.0,14,93.0,4.73,93.0,0.3,428.878,2864198.0,1.2,1.2,0.7,13.2,9.24,0.011,9.857
Peru,2007,Developing,74.0,133.0,11,4.29,516.404,93.0,5.2,15,93.0,4.6,93.0,0.3,3611.215,28292724.0,1.2,1.2,0.696,13.2,74.0,133.0,11,4.29,516.404,93.0,15,93.0,4.6,93.0,0.3,3611.215,17153357.0,1.2,1.2,0.696,13.2,9.187,0.001,8.867
Peru,2006,Developing,74.2,134.0,12,4.22,448.767,94.0,49.5,15,94.0,4.47,94.0,0.4,3171.499,27949944.0,1.2,1.2,0.693,13.0,74.2,134.0,12,4.22,448.767,94.0,15,94.0,4.47,94.0,0.4,3171.499,17153357.0,1.2,1.2,0.693,13.0,9.009,0.001,8.933
Peru,2005,Developing,72.8,148.0,13,4.44,411.565,94.0,48.8,16,66.0,4.72,77.0,0.4,2754.783,276141.0,1.3,1.3,0.692,13.0,72.8,148.0,13,4.44,411.565,94.0,16,66.0,4.72,77.0,0.4,2754.783,276141.0,1.3,1.3,0.692,13.0,8.996,0.002,9.25
Peru,2004,Developing,72.2,151.0,14,4.27,356.939,92.0,48.1,18,81.0,4.56,86.0,0.4,2448.144,27273194.0,1.3,1.3,0.685,12.8,72.2,151.0,14,4.27,356.939,92.0,18,81.0,4.56,86.0,0.4,2448.144,17153357.0,1.3,1.3,0.685,12.8,8.768,0.002,8.389
Peru,2003,Developing,72.1,152.0,15,4.5,34.703,65.0,47.4,19,95.0,4.6,94.0,0.4,218.26,26937738.0,1.3,1.3,0.686,13.3,72.1,152.0,15,4.5,34.703,65.0,19,95.0,4.6,94.0,0.4,218.26,17153357.0,1.3,1.3,0.686,13.3,9.124,0.021,8.0
Peru,2002,Developing,72.6,144.0,16,4.03,40.538,65.0,46.7,20,95.0,4.94,95.0,0.4,259.193,2661467.0,1.4,1.4,0.686,13.9,72.6,144.0,16,4.03,40.538,65.0,20,95.0,4.94,95.0,0.4,259.193,2661467.0,1.4,1.4,0.686,13.9,9.535,0.019,7.2
Peru,2001,Developing,72.4,142.0,17,4.22,302.536,65.0,46.1,22,9.0,4.98,9.0,0.5,1981.244,26261363.0,1.4,1.4,0.677,13.4,72.4,142.0,17,4.22,302.536,65.0,22,45.0,4.98,45.0,0.5,1981.244,17153357.0,1.4,1.4,0.677,13.4,9.072,0.003,6.455
Peru,2000,Developing,71.4,154.0,18,4.59,297.511,65.0,45.4,24,93.0,4.83,98.0,0.5,1996.72,25914879.0,1.4,1.4,0.674,13.5,71.4,154.0,18,4.59,297.511,65.0,24,93.0,4.83,98.0,0.5,1996.72,17153357.0,1.4,1.4,0.674,13.5,9.099,0.002,6.417
Philippines,2014,Developing,68.4,214.0,54,4.52,31.272,67.0,24.8,68,77.0,4.71,67.0,0.1,2842.938,112249.0,1.0,9.7,0.676,11.7,68.4,214.0,54,4.52,31.272,67.0,68,77.0,4.71,67.0,0.1,2842.938,112249.0,1.0,9.7,0.676,11.7,7.909,0.002,3.147
Philippines,2013,Developing,68.1,219.0,55,4.61,24.59,89.0,24.3,69,84.0,4.56,89.0,0.1,276.289,9848132.0,1.0,9.7,0.671,11.7,68.1,219.0,55,4.61,24.59,89.0,69,84.0,4.56,89.0,0.1,276.289,9848132.0,1.0,9.7,0.671,11.7,7.851,0.017,3.174
Philippines,2011,Developing,68.0,218.0,57,4.96,191.495,87.0,23.1,72,87.0,4.29,87.0,0.1,2352.518,9527794.0,1.0,9.7,0.669,11.5,68.0,218.0,57,4.96,191.495,87.0,72,87.0,4.29,87.0,0.1,2352.518,9527794.0,1.0,9.7,0.669,11.5,7.694,0.002,3.028
Philippines,2010,Developing,67.9,218.0,58,4.85,198.256,77.0,22.6,74,78.0,4.37,79.0,0.1,2129.499,93726624.0,1.0,9.7,0.662,11.4,67.9,218.0,58,4.85,198.256,77.0,74,78.0,4.37,79.0,0.1,2129.499,17153357.0,1.0,9.7,0.662,11.4,7.547,0.002,2.946
Philippines,2009,Developing,68.0,219.0,59,4.42,159.535,85.0,22.1,76,86.0,4.41,87.0,0.1,1825.342,9222879.0,1.0,9.7,0.661,11.7,68.0,219.0,59,4.42,159.535,85.0,76,86.0,4.41,87.0,0.1,1825.342,9222879.0,1.0,9.7,0.661,11.7,7.734,0.002,2.882
Philippines,2007,Developing,67.5,216.0,62,4.19,137.327,87.0,21.1,80,87.0,3.94,87.0,0.1,1672.685,8929349.0,1.0,9.7,0.648,11.4,67.5,216.0,62,4.19,137.327,87.0,80,87.0,3.94,87.0,0.1,1672.685,8929349.0,1.0,9.7,0.648,11.4,7.387,0.002,2.7
Philippines,2006,Developing,67.3,219.0,63,4.08,121.363,77.0,2.6,82,88.0,3.95,88.0,0.1,1391.772,8789419.0,1.0,9.7,0.646,11.5,67.3,219.0,63,4.08,121.363,77.0,82,88.0,3.95,88.0,0.1,1391.772,8789419.0,1.0,9.7,0.646,11.5,7.429,0.003,2.671
Philippines,2005,Developing,67.0,223.0,65,4.22,105.731,49.0,2.1,84,9.0,3.91,89.0,0.1,1194.697,86274237.0,1.0,9.7,0.642,11.6,67.0,223.0,64,4.22,105.731,49.0,84,45.0,3.91,89.0,0.1,1194.697,17153357.0,1.0,9.7,0.642,11.6,7.447,0.003,2.655
Philippines,2004,Developing,67.3,218.0,66,4.45,13.399,48.0,19.6,86,85.0,3.23,88.0,0.1,179.372,84678493.0,1.0,9.7,0.636,11.6,67.3,218.0,64,4.45,13.399,48.0,86,85.0,3.23,88.0,0.1,179.372,17153357.0,1.0,9.7,0.636,11.6,7.378,0.018,2.535
Philippines,2003,Developing,67.2,217.0,67,4.44,0.901,52.0,19.2,87,85.0,3.25,84.0,0.1,11.553,8331954.0,1.0,9.7,0.631,11.6,67.2,217.0,64,4.44,0.901,52.0,87,85.0,3.25,84.0,0.1,11.553,8331954.0,1.0,9.7,0.631,11.6,7.32,0.281,2.494
Philippines,2002,Developing,66.8,221.0,68,4.42,0.1,42.0,18.7,89,77.0,2.79,79.0,0.1,1.681,813526.0,1.0,9.7,0.625,11.4,66.8,221.0,64,4.42,0.1,42.0,87,77.0,2.79,79.0,0.1,1.681,813526.0,1.0,9.7,0.625,11.4,7.125,1.659,2.54
Philippines,2001,Developing,66.8,221.0,68,4.54,69.02,45.0,18.3,89,76.0,3.0,79.0,0.1,957.287,79665315.0,1.0,9.7,0.622,11.4,66.8,221.0,64,4.54,69.02,45.0,87,76.0,3.0,79.0,0.1,957.287,17153357.0,1.0,9.7,0.622,11.4,7.091,0.003,2.54
Philippines,2000,Developing,66.8,219.0,69,4.73,11.697,7.0,17.8,90,74.0,3.21,78.0,0.1,138.92,77991569.0,1.0,9.6,0.618,11.4,66.8,219.0,64,4.73,11.697,18.0,87,74.0,3.21,78.0,0.1,138.92,17153357.0,1.0,9.6,0.618,11.4,7.045,0.023,2.517
Poland,2014,Developed,77.3,12.0,2,10.71,243.808,96.0,61.1,2,94.0,6.35,98.0,0.1,14341.675,3811735.0,1.9,2.1,0.85,16.4,77.3,12.0,2,10.71,243.808,96.0,2,94.0,6.35,98.0,0.1,8787.614,3811735.0,1.9,2.1,0.85,16.4,13.94,0.0,6.0
Poland,2013,Developed,77.1,12.0,2,11.63,23.435,96.0,6.4,2,95.0,6.4,99.0,0.1,1378.549,384196.0,2.0,2.1,0.838,15.4,77.1,12.0,2,11.63,23.435,96.0,2,95.0,6.4,99.0,0.1,1378.549,384196.0,2.0,2.1,0.838,15.4,12.905,0.005,6.0
Poland,2012,Developed,76.8,125.0,2,10.81,230.04,97.0,59.7,2,95.0,6.62,99.0,0.1,13145.148,3863164.0,2.0,2.1,0.834,15.3,76.8,125.0,2,10.81,230.04,97.0,2,95.0,6.62,99.0,0.1,8787.614,3863164.0,2.0,2.1,0.834,15.3,12.76,0.001,62.5
Poland,2009,Developed,75.7,136.0,2,10.7,1299.16,98.0,57.8,3,96.0,7.12,99.0,0.1,11527.593,3815163.0,2.1,2.3,0.818,15.1,75.7,136.0,2,10.7,1109.855,98.0,3,96.0,7.12,99.0,0.1,8787.614,3815163.0,2.1,2.3,0.818,15.1,12.352,0.001,45.333
Poland,2008,Developed,75.5,14.0,2,11.4,15.715,98.0,57.2,3,96.0,6.88,99.0,0.1,141.447,38125759.0,2.2,2.3,0.813,15.0,75.5,14.0,2,11.4,15.715,98.0,3,96.0,6.88,99.0,0.1,141.447,17153357.0,2.2,2.3,0.813,15.0,12.195,0.049,4.667
Poland,2006,Developed,75.2,144.0,2,10.4,9.146,98.0,56.0,3,99.0,6.17,99.0,0.1,94.773,38141267.0,2.3,2.4,0.803,15.0,75.2,144.0,2,10.4,9.146,98.0,3,99.0,6.17,99.0,0.1,94.773,17153357.0,2.3,2.4,0.803,15.0,12.045,0.065,48.0
Poland,2005,Developed,75.0,144.0,2,9.5,79.415,98.0,55.5,3,99.0,6.2,99.0,0.1,821.252,38165445.0,2.3,2.5,0.797,14.8,75.0,144.0,2,9.5,79.415,98.0,3,99.0,6.2,99.0,0.1,821.252,17153357.0,2.3,2.5,0.797,14.8,11.796,0.008,48.0
Poland,2003,Developed,74.7,142.0,3,9.06,542.024,97.0,54.5,3,98.0,6.22,99.0,0.1,5693.524,382457.0,2.4,2.6,0.796,15.3,74.7,142.0,3,9.06,542.024,97.0,3,98.0,6.22,99.0,0.1,5693.524,382457.0,2.4,2.6,0.796,15.3,12.179,0.001,47.333
Poland,2002,Developed,74.5,145.0,3,8.02,516.055,98.0,54.0,3,98.0,6.32,99.0,0.1,5196.933,3823364.0,2.5,2.6,0.79,15.0,74.5,145.0,3,8.02,516.055,98.0,3,98.0,6.32,99.0,0.1,5196.933,3823364.0,2.5,2.6,0.79,15.0,11.85,0.001,48.333
Poland,2001,Developed,74.2,149.0,3,7.74,466.738,95.0,53.6,3,98.0,5.86,98.0,0.1,4981.199,3824876.0,2.5,2.7,0.784,14.7,74.2,149.0,3,7.74,466.738,95.0,3,98.0,5.86,98.0,0.1,4981.199,3824876.0,2.5,2.7,0.784,14.7,11.525,0.001,49.667
Poland,2000,Developed,73.7,153.0,3,8.4,412.432,99.0,53.1,4,98.0,5.5,98.0,0.1,4492.728,38258629.0,2.5,2.8,0.777,14.6,73.7,153.0,3,8.4,412.432,99.0,4,98.0,5.5,98.0,0.1,4492.728,17153357.0,2.5,2.8,0.777,14.6,11.344,0.001,38.25
Portugal,2014,Developed,89.0,78.0,0,9.88,271.255,98.0,6.9,0,98.0,9.5,98.0,0.1,2277.536,14162.0,0.7,0.5,0.837,16.8,89.0,78.0,0,9.88,271.255,98.0,0,98.0,9.5,98.0,0.1,2277.536,14162.0,0.7,0.5,0.837,16.8,14.062,0.004,
Portugal,2013,Developed,86.0,79.0,0,10.0,2698.018,98.0,6.2,0,98.0,9.55,98.0,0.1,21618.735,1457295.0,0.7,0.5,0.827,16.3,86.0,79.0,0,10.0,1109.855,98.0,0,98.0,9.55,98.0,0.1,8787.614,1457295.0,0.7,0.5,0.827,16.3,13.48,0.0,
Portugal,2012,Developed,83.0,81.0,0,11.96,331.457,98.0,59.5,0,98.0,9.74,98.0,0.1,2577.426,1514844.0,0.7,0.5,0.824,16.3,83.0,81.0,0,11.96,331.457,98.0,0,98.0,9.74,98.0,0.1,2577.426,1514844.0,0.7,0.5,0.824,16.3,13.431,0.004,
Portugal,2011,Developed,82.0,85.0,0,11.92,3108.289,97.0,58.8,0,97.0,1.7,97.0,0.1,23196.184,155756.0,0.7,0.5,0.818,16.2,82.0,85.0,0,11.92,1109.855,97.0,0,97.0,1.7,97.0,0.1,8787.614,155756.0,0.7,0.5,0.818,16.2,13.252,0.0,
Portugal,2010,Developed,79.6,88.0,0,12.25,3119.35,97.0,58.1,0,97.0,1.44,98.0,0.1,22538.655,15731.0,0.7,0.5,0.812,16.0,79.6,88.0,0,12.25,1109.855,97.0,0,97.0,1.44,98.0,0.1,8787.614,15731.0,0.7,0.5,0.812,16.0,12.992,0.0,
Portugal,2009,Developed,79.3,9.0,0,12.03,337.102,96.0,57.3,0,96.0,1.42,96.0,0.1,2363.972,1568247.0,0.7,0.5,0.809,16.0,79.3,9.0,0,12.03,337.102,96.0,0,96.0,1.42,96.0,0.1,2363.972,1568247.0,0.7,0.5,0.809,16.0,12.944,0.001,
Portugal,2008,Developed,79.0,92.0,0,12.35,3652.869,97.0,56.5,0,97.0,9.9,97.0,0.1,24815.688,1558177.0,0.7,0.5,0.804,15.8,79.0,92.0,0,12.35,1109.855,97.0,0,97.0,9.9,97.0,0.1,8787.614,1558177.0,0.7,0.5,0.804,15.8,12.703,0.0,
Portugal,2007,Developed,78.7,94.0,0,12.57,333.357,97.0,55.7,0,96.0,9.62,97.0,0.1,2278.584,1542964.0,0.7,0.5,0.797,15.4,78.7,94.0,0,12.57,333.357,97.0,0,96.0,9.62,97.0,0.1,2278.584,1542964.0,0.7,0.5,0.797,15.4,12.274,0.004,
Portugal,2006,Developed,78.5,96.0,0,13.11,2884.02,97.0,54.9,0,97.0,9.67,97.0,0.1,19821.445,1522288.0,0.7,0.5,0.793,15.4,78.5,96.0,0,13.11,1109.855,97.0,0,97.0,9.67,97.0,0.1,8787.614,1522288.0,0.7,0.5,0.793,15.4,12.212,0.0,
Portugal,2004,Developed,78.0,99.0,0,13.45,276.1,94.0,53.3,1,95.0,9.84,95.0,0.1,1845.588,1483861.0,0.7,0.6,0.792,15.9,78.0,99.0,0,13.45,276.1,94.0,1,95.0,9.84,95.0,0.1,1845.588,1483861.0,0.7,0.6,0.792,15.9,12.593,0.005,99.0
Portugal,2003,Developed,77.3,15.0,0,14.21,2283.892,94.0,52.5,1,96.0,9.54,99.0,0.1,15772.733,1458821.0,0.7,0.6,0.789,15.8,77.3,15.0,0,14.09,1109.855,94.0,1,96.0,9.54,99.0,0.1,8787.614,1458821.0,0.7,0.6,0.789,15.8,12.466,0.001,15.0
Portugal,2002,Developed,77.2,17.0,1,12.0,1904.002,82.0,51.7,1,96.0,9.15,98.0,0.1,12882.289,1419631.0,0.8,0.6,0.788,15.9,77.2,17.0,1,12.0,1109.855,82.0,1,96.0,9.15,98.0,0.1,8787.614,1419631.0,0.8,0.6,0.788,15.9,12.529,0.001,17.0
Portugal,2001,Developed,76.9,11.0,1,12.22,1657.328,7.0,5.9,1,96.0,9.1,97.0,0.1,11729.146,1362722.0,0.8,0.6,0.782,15.7,76.9,11.0,1,12.22,1109.855,18.0,1,96.0,9.1,97.0,0.1,8787.614,1362722.0,0.8,0.6,0.782,15.7,12.277,0.001,11.0
Portugal,2000,Developed,76.6,11.0,1,11.89,167.328,58.0,5.1,1,96.0,9.14,96.0,0.1,1152.397,1289898.0,0.8,0.6,0.777,15.5,76.6,11.0,1,11.89,167.328,58.0,1,96.0,9.14,96.0,0.1,1152.397,1289898.0,0.8,0.6,0.777,15.5,12.044,0.008,11.0
Romania,2013,Developed,74.6,138.0,2,9.59,1230.748,96.0,59.2,2,88.0,5.6,92.0,0.1,9585.267,19983693.0,2.7,2.9,0.794,14.7,74.6,138.0,2,9.59,1109.855,96.0,2,88.0,5.6,92.0,0.1,8787.614,17153357.0,2.7,2.9,0.794,14.7,11.672,0.001,69.0
Romania,2012,Developed,74.4,138.0,2,9.58,1078.358,96.0,58.4,2,92.0,5.48,91.0,0.1,8558.398,25835.0,2.8,3.0,0.797,15.3,74.4,138.0,2,9.58,1078.358,96.0,2,92.0,5.48,91.0,0.1,8558.398,25835.0,2.8,3.0,0.797,15.3,12.194,0.001,69.0
Romania,2011,Developed,74.3,139.0,2,9.1,10.326,96.0,57.7,2,89.0,5.53,89.0,0.1,92.278,2147528.0,2.9,3.1,0.798,15.7,74.3,139.0,2,9.1,10.326,96.0,2,89.0,5.53,89.0,0.1,92.278,2147528.0,2.9,3.1,0.798,15.7,12.529,0.06,69.5
Romania,2009,Developed,73.1,158.0,2,10.4,14.964,95.0,56.3,3,95.0,5.56,95.0,0.1,822.183,2367487.0,3.0,3.3,0.795,15.4,73.1,158.0,2,10.4,14.964,95.0,3,95.0,5.56,95.0,0.1,822.183,2367487.0,3.0,3.3,0.795,15.4,12.243,0.007,52.667
Romania,2008,Developed,73.1,159.0,2,11.9,128.081,97.0,55.6,3,95.0,5.33,96.0,0.1,1136.474,2537875.0,3.1,3.5,0.78,14.7,73.1,159.0,2,11.9,128.081,97.0,3,95.0,5.33,96.0,0.1,1136.474,2537875.0,3.1,3.5,0.78,14.7,11.466,0.005,53.0
Romania,2007,Developed,72.9,154.0,3,10.6,919.167,99.0,55.0,3,96.0,5.21,96.0,0.1,8214.185,2882982.0,3.2,3.6,0.766,14.1,72.9,154.0,3,10.6,919.167,99.0,3,96.0,5.21,96.0,0.1,8214.185,2882982.0,3.2,3.6,0.766,14.1,10.801,0.001,51.333
Romania,2006,Developed,72.5,157.0,3,8.51,665.643,99.0,54.4,4,97.0,5.6,97.0,0.1,5828.746,2119376.0,3.2,3.7,0.755,13.7,72.5,157.0,3,8.51,665.643,99.0,4,97.0,5.6,97.0,0.1,5828.746,2119376.0,3.2,3.7,0.755,13.7,10.343,0.001,39.25
Romania,2004,Developed,71.7,165.0,4,9.82,431.325,99.0,53.4,4,97.0,5.43,97.0,0.1,3552.925,21451748.0,3.4,3.9,0.733,12.9,71.7,165.0,4,9.82,431.325,99.0,4,97.0,5.43,97.0,0.1,3552.925,17153357.0,3.4,3.9,0.733,12.9,9.456,0.002,41.25
Romania,2003,Developed,71.1,174.0,4,8.78,375.174,98.0,52.9,4,97.0,5.3,97.0,0.1,2774.956,21574326.0,3.5,4.0,0.722,12.5,71.1,174.0,4,8.78,375.174,98.0,4,97.0,5.3,97.0,0.1,2774.956,17153357.0,3.5,4.0,0.722,12.5,9.025,0.002,43.5
Romania,2002,Developed,77.0,178.0,4,9.62,37.823,99.0,52.4,5,98.0,4.57,98.0,0.1,2124.874,2173496.0,3.7,4.1,0.714,12.0,77.0,178.0,4,9.62,37.823,99.0,5,98.0,4.57,98.0,0.1,2124.874,2173496.0,3.7,4.1,0.714,12.0,8.568,0.002,35.6
Romania,2001,Developed,78.0,179.0,4,9.78,180.11,98.0,51.9,5,99.0,4.36,99.0,0.1,1839.729,2213197.0,3.8,4.2,0.708,11.7,78.0,179.0,4,9.78,180.11,98.0,5,99.0,4.36,99.0,0.1,1839.729,2213197.0,3.8,4.2,0.708,11.7,8.284,0.002,35.8
Romania,2000,Developed,77.0,175.0,4,10.16,152.637,98.0,51.4,5,99.0,4.33,99.0,0.1,1668.163,22442971.0,4.0,4.3,0.703,11.5,77.0,175.0,4,10.16,152.637,98.0,5,99.0,4.33,99.0,0.1,1668.163,17153357.0,4.0,4.3,0.703,11.5,8.084,0.003,35.0
Russian Federation,2014,Developing,73.0,225.0,13,10.12,1340.554,97.0,59.9,15,97.0,7.7,97.0,0.1,14125.961,143819666.0,2.3,2.3,0.803,14.9,73.0,225.0,13,10.12,1109.855,97.0,15,97.0,7.7,97.0,0.1,8787.614,17153357.0,2.3,2.3,0.803,14.9,11.965,0.001,15.0
Russian Federation,2013,Developing,70.0,229.0,14,10.58,1529.498,97.0,59.3,16,98.0,7.9,97.0,0.2,15543.677,14356911.0,2.3,2.3,0.799,14.6,70.0,229.0,14,10.58,1109.855,97.0,16,98.0,7.9,97.0,0.2,8787.614,14356911.0,2.3,2.3,0.799,14.6,11.665,0.001,14.312
Russian Federation,2012,Developing,69.6,237.0,14,10.99,178.823,97.0,58.7,16,98.0,6.88,97.0,0.3,15154.457,14321676.0,2.3,2.4,0.792,14.3,69.6,237.0,14,10.99,178.823,97.0,16,98.0,6.88,97.0,0.3,8787.614,14321676.0,2.3,2.4,0.792,14.3,11.326,0.0,14.812
Russian Federation,2010,Developing,68.4,256.0,15,11.05,162.809,97.0,57.5,17,98.0,6.83,97.0,0.2,1674.988,142849449.0,2.3,2.5,0.773,13.7,68.4,256.0,15,11.05,162.809,97.0,17,98.0,6.83,97.0,0.2,1674.988,17153357.0,2.3,2.5,0.773,13.7,10.59,0.004,15.059
Russian Federation,2009,Developing,68.2,261.0,15,11.21,137.006,98.0,57.0,18,98.0,7.44,98.0,0.3,8562.896,142785342.0,2.3,2.5,0.776,14.0,68.2,261.0,15,11.21,137.006,98.0,18,98.0,7.44,98.0,0.3,8562.896,17153357.0,2.3,2.5,0.776,14.0,10.864,0.001,14.5
Russian Federation,2008,Developing,67.5,278.0,16,12.04,161.73,98.0,56.6,18,98.0,6.22,98.0,0.3,11635.264,14274235.0,2.3,2.5,0.769,13.9,67.5,278.0,16,12.04,161.73,98.0,18,98.0,6.22,98.0,0.3,8787.614,14274235.0,2.3,2.5,0.769,13.9,10.689,0.001,15.444
Russian Federation,2007,Developing,67.3,282.0,16,12.19,11.026,98.0,56.1,19,98.0,5.38,98.0,0.3,911.254,1428588.0,2.4,2.6,0.761,13.8,67.3,282.0,16,12.19,11.026,98.0,19,98.0,5.38,98.0,0.3,911.254,1428588.0,2.4,2.6,0.761,13.8,10.502,0.006,14.842
Russian Federation,2006,Developing,66.4,3.0,17,11.79,12.252,98.0,55.7,20,98.0,5.3,98.0,0.3,692.194,14349528.0,2.4,2.7,0.754,13.8,66.4,3.0,17,11.79,12.252,98.0,20,98.0,5.3,98.0,0.3,692.194,14349528.0,2.4,2.7,0.754,13.8,10.405,0.008,0.15
Russian Federation,2005,Developing,65.0,327.0,18,11.57,625.508,97.0,55.3,20,98.0,5.21,98.0,0.3,5323.474,143518523.0,2.4,2.7,0.748,13.7,65.0,327.0,18,11.57,625.508,97.0,20,98.0,5.21,98.0,0.3,5323.474,17153357.0,2.4,2.7,0.748,13.7,10.248,0.001,16.35
Russian Federation,2004,Developing,64.9,321.0,19,11.5,46.516,96.0,55.0,21,98.0,5.19,97.0,0.3,412.372,1446754.0,2.5,2.8,0.741,13.6,64.9,321.0,19,11.5,46.516,96.0,21,98.0,5.19,97.0,0.3,412.372,1446754.0,2.5,2.8,0.741,13.6,10.078,0.013,15.286
Russian Federation,2003,Developing,64.6,322.0,20,11.32,333.215,94.0,54.7,22,97.0,5.61,96.0,0.4,2975.133,144648257.0,2.6,2.8,0.733,13.2,64.6,322.0,20,11.32,333.215,94.0,22,97.0,5.61,96.0,0.4,2975.133,17153357.0,2.6,2.8,0.733,13.2,9.676,0.002,14.636
Russian Federation,2002,Developing,64.8,313.0,20,10.87,266.542,81.0,54.5,24,97.0,5.99,97.0,0.3,2375.594,1453646.0,2.7,2.9,0.727,12.8,64.8,313.0,20,10.87,266.542,81.0,24,97.0,5.99,97.0,0.3,2375.594,1453646.0,2.7,2.9,0.727,12.8,9.306,0.003,13.042
Russian Federation,2000,Developing,65.0,37.0,22,10.18,224.46,81.0,54.0,26,97.0,5.42,96.0,0.2,1771.587,146596557.0,2.9,3.0,0.709,12.1,65.0,37.0,22,10.18,224.46,81.0,26,97.0,5.42,96.0,0.2,1771.587,17153357.0,2.9,3.0,0.709,12.1,8.579,0.003,1.423
Rwanda,2014,Developing,65.7,23.0,12,0.01,7.55,98.0,2.8,16,98.0,7.53,98.0,0.4,76.57,11345357.0,5.8,5.8,0.488,10.8,65.7,23.0,12,0.01,7.55,98.0,16,98.0,7.53,98.0,0.4,76.57,11345357.0,5.8,5.8,0.488,10.8,5.27,0.098,1.438
Rwanda,2013,Developing,65.2,233.0,12,0.01,11.711,98.0,2.1,17,98.0,7.69,98.0,0.5,688.877,1165151.0,5.9,5.9,0.485,10.8,65.2,233.0,12,0.01,11.711,98.0,17,98.0,7.69,98.0,0.5,688.877,1165151.0,5.9,5.9,0.485,10.8,5.238,0.011,13.706
Rwanda,2012,Developing,64.6,239.0,13,0.01,9.775,98.0,19.5,18,98.0,7.68,98.0,0.7,678.797,1788853.0,6.1,6.1,0.475,10.5,64.6,239.0,13,0.01,9.775,98.0,18,98.0,7.68,98.0,0.7,678.797,1788853.0,6.1,6.1,0.475,10.5,4.988,0.011,13.278
Rwanda,2011,Developing,63.8,247.0,14,8.34,9.075,97.0,18.9,20,93.0,7.71,97.0,1.3,617.318,151671.0,6.3,6.2,0.464,10.2,63.8,247.0,14,8.34,9.075,97.0,20,93.0,7.71,97.0,1.3,617.318,151671.0,6.3,6.2,0.464,10.2,4.733,0.012,12.35
Rwanda,2010,Developing,62.8,26.0,16,7.92,63.787,97.0,18.3,23,93.0,7.91,97.0,2.3,563.491,1246842.0,6.5,6.3,0.454,10.0,62.8,26.0,16,7.92,63.787,97.0,23,93.0,7.91,97.0,2.3,563.491,1246842.0,6.5,6.3,0.454,10.0,4.54,0.014,1.13
Rwanda,2009,Developing,61.0,288.0,17,7.11,9.166,97.0,17.7,25,93.0,7.2,97.0,2.8,539.154,9977446.0,6.6,6.4,0.447,10.2,61.0,288.0,17,7.11,9.166,97.0,25,93.0,7.2,97.0,2.8,539.154,9977446.0,6.6,6.4,0.447,10.2,4.559,0.013,11.52
Rwanda,2008,Developing,68.0,282.0,18,6.39,0.662,97.0,17.1,28,97.0,7.66,97.0,3.7,5.669,978169.0,6.7,6.6,0.438,10.4,68.0,282.0,18,6.39,0.662,97.0,28,97.0,7.66,97.0,3.2,5.669,978169.0,6.7,6.6,0.438,10.4,4.555,1.351,10.071
Rwanda,2007,Developing,59.6,295.0,20,6.78,7.41,97.0,16.5,30,98.0,8.49,97.0,5.0,44.853,944742.0,6.8,6.7,0.424,10.1,59.6,295.0,20,6.78,7.41,97.0,30,98.0,8.49,97.0,3.2,44.853,944742.0,6.8,6.7,0.424,10.1,4.282,0.189,9.833
Rwanda,2006,Developing,57.6,328.0,22,6.88,78.47,99.0,15.9,34,99.0,1.2,99.0,6.2,342.366,92658.0,6.8,6.8,0.404,9.3,57.6,328.0,22,6.88,78.47,99.0,34,99.0,1.2,99.0,3.2,342.366,92658.0,6.8,6.8,0.404,9.3,3.757,0.004,9.647
Rwanda,2005,Developing,55.3,37.0,24,7.01,39.447,95.0,15.4,38,95.0,6.83,95.0,7.1,287.932,8991735.0,6.8,7.0,0.388,8.8,55.3,37.0,24,7.01,39.447,95.0,38,95.0,6.83,95.0,3.2,287.932,8991735.0,6.8,7.0,0.388,8.8,3.414,0.024,0.974
Rwanda,2004,Developing,53.4,397.0,26,6.75,31.936,89.0,14.9,42,89.0,6.24,89.0,7.7,236.911,8818438.0,6.9,7.1,0.371,8.2,53.4,397.0,26,6.75,31.936,89.0,42,89.0,6.24,89.0,3.2,236.911,8818438.0,6.9,7.1,0.371,8.2,3.042,0.026,9.452
Rwanda,2003,Developing,52.0,48.0,29,6.66,33.303,96.0,14.5,46,96.0,6.34,96.0,8.1,212.662,868346.0,7.0,7.3,0.359,7.6,52.0,48.0,29,6.66,33.303,96.0,46,96.0,6.34,96.0,3.2,212.662,868346.0,7.0,7.3,0.359,7.6,2.728,0.03,1.043
Rwanda,2002,Developing,57.0,415.0,31,7.82,1.966,88.0,14.1,50,85.0,4.18,88.0,8.0,196.598,853625.0,7.2,7.4,0.343,7.2,57.0,415.0,31,7.82,1.966,88.0,50,85.0,4.18,88.0,3.2,196.598,853625.0,7.2,7.4,0.343,7.2,2.47,0.021,8.3
Rwanda,2001,Developing,48.6,438.0,33,5.72,0.388,88.0,13.7,54,76.0,4.38,77.0,8.1,21.57,832946.0,7.4,7.5,0.332,7.1,48.6,438.0,33,5.72,0.388,88.0,54,76.0,4.38,77.0,3.2,21.57,832946.0,7.4,7.5,0.332,7.1,2.357,0.203,8.111
Rwanda,2000,Developing,48.3,426.0,34,7.13,18.418,88.0,13.2,57,9.0,4.22,9.0,8.5,216.173,82573.0,7.6,7.7,0.318,6.6,48.3,426.0,34,7.13,18.418,88.0,57,45.0,4.22,45.0,3.2,216.173,82573.0,7.6,7.7,0.318,6.6,2.099,0.02,7.474
Samoa,2014,Developing,73.8,128.0,0,0.01,660.278,56.0,74.3,0,58.0,7.22,63.0,0.1,4178.973,19229.0,0.2,0.1,0.701,12.9,73.8,128.0,0,0.01,660.278,56.0,0,58.0,7.22,63.0,0.1,4178.973,19229.0,0.2,0.1,0.701,12.9,9.043,0.002,
Samoa,2013,Developing,73.6,131.0,0,0.01,698.352,6.0,73.8,0,62.0,6.91,67.0,0.1,4219.651,19757.0,0.2,0.1,0.7,12.9,73.6,131.0,0,0.01,698.352,18.0,0,62.0,6.91,67.0,0.1,4219.651,19757.0,0.2,0.1,0.7,12.9,9.03,0.002,
Samoa,2012,Developing,73.2,136.0,0,0.01,492.055,64.0,73.4,0,62.0,5.2,64.0,0.1,4234.554,189194.0,0.2,0.1,0.698,12.9,73.2,136.0,0,0.01,492.055,64.0,0,62.0,5.2,64.0,0.1,4234.554,189194.0,0.2,0.1,0.698,12.9,9.004,0.001,
Samoa,2011,Developing,73.0,139.0,0,2.15,558.721,58.0,72.9,0,6.0,5.8,65.0,0.1,3942.983,187665.0,0.2,0.1,0.693,12.9,73.0,139.0,0,2.15,558.721,58.0,0,45.0,5.8,65.0,0.1,3942.983,187665.0,0.2,0.1,0.693,12.9,8.94,0.001,
Samoa,2010,Developing,72.6,144.0,0,3.01,434.794,57.0,72.5,0,57.0,5.7,62.0,0.1,3453.487,18625.0,0.2,0.2,0.69,12.9,72.6,144.0,0,3.01,434.794,57.0,0,57.0,5.7,62.0,0.1,3453.487,18625.0,0.2,0.2,0.69,12.9,8.901,0.002,
Samoa,2009,Developing,76.0,172.0,0,2.88,42.124,44.0,72.0,0,45.0,5.4,49.0,0.1,335.113,184826.0,0.2,0.2,0.691,12.9,76.0,172.0,0,2.88,42.124,44.0,0,45.0,5.4,49.0,0.1,335.113,184826.0,0.2,0.2,0.691,12.9,8.914,0.016,
Samoa,2008,Developing,72.5,146.0,0,3.97,47.353,12.0,71.4,0,54.0,4.52,26.0,0.1,359.822,183526.0,0.2,0.2,0.688,12.9,72.5,146.0,0,3.97,47.353,18.0,0,54.0,4.52,45.0,0.1,359.822,183526.0,0.2,0.2,0.688,12.9,8.875,0.013,
Samoa,2005,Developing,71.6,16.0,0,3.63,287.467,41.0,69.7,0,55.0,4.47,49.0,0.1,2571.262,179929.0,0.2,0.2,0.671,12.6,71.6,16.0,0,3.63,287.467,41.0,0,55.0,4.47,49.0,0.1,2571.262,179929.0,0.2,0.2,0.671,12.6,8.455,0.002,
Samoa,2004,Developing,71.4,162.0,0,3.62,310.612,54.0,68.9,0,26.0,4.45,55.0,0.1,2351.338,178781.0,0.2,0.2,0.665,12.4,71.4,162.0,0,3.62,310.612,54.0,0,45.0,4.45,55.0,0.1,2351.338,178781.0,0.2,0.2,0.665,12.4,8.246,0.002,
Samoa,2003,Developing,79.0,169.0,0,4.17,24.997,83.0,68.2,0,82.0,4.71,83.0,0.1,197.294,177662.0,0.2,0.2,0.659,12.3,79.0,169.0,0,4.17,24.997,83.0,0,82.0,4.71,83.0,0.1,197.294,177662.0,0.2,0.2,0.659,12.3,8.106,0.024,
Samoa,2002,Developing,76.0,174.0,0,3.3,208.169,86.0,67.4,0,85.0,5.1,86.0,0.1,1631.417,176582.0,0.2,0.2,0.653,12.1,76.0,174.0,0,3.3,208.169,86.0,0,85.0,5.1,86.0,0.1,1631.417,176582.0,0.2,0.2,0.653,12.1,7.901,0.003,
Samoa,2001,Developing,75.0,175.0,0,3.43,199.412,89.0,66.5,0,83.0,5.16,85.0,0.1,1555.475,175566.0,0.2,0.2,0.645,12.0,75.0,175.0,0,3.43,199.412,89.0,0,83.0,5.16,85.0,0.1,1555.475,175566.0,0.2,0.2,0.645,12.0,7.74,0.003,
Sao Tome and Principe,2014,Developing,67.3,191.0,0,0.01,225.731,95.0,3.1,0,95.0,8.35,95.0,0.2,1821.879,191266.0,5.6,5.4,0.562,11.1,67.3,191.0,0,0.01,225.731,95.0,0,95.0,8.35,95.0,0.2,1821.879,191266.0,5.6,5.4,0.562,11.1,6.238,0.005,
Sao Tome and Principe,2013,Developing,67.1,192.0,0,0.01,200.66,97.0,29.3,0,97.0,9.76,97.0,0.2,1619.533,18745.0,5.7,5.5,0.559,11.0,67.1,192.0,0,0.01,200.66,97.0,0,97.0,9.76,97.0,0.2,1619.533,18745.0,5.7,5.5,0.559,11.0,6.149,0.006,
Sao Tome and Principe,2012,Developing,66.9,194.0,0,0.01,8.198,96.0,28.5,0,96.0,8.6,96.0,0.5,138.95,182889.0,5.9,5.7,0.553,10.8,66.9,194.0,0,0.01,8.198,96.0,0,96.0,8.6,96.0,0.5,138.95,182889.0,5.9,5.7,0.553,10.8,5.972,0.062,
Sao Tome and Principe,2011,Developing,66.6,198.0,0,5.69,7.495,96.0,27.7,0,96.0,5.44,96.0,0.5,134.326,1788.0,6.0,5.9,0.546,10.6,66.6,198.0,0,5.69,7.495,96.0,0,96.0,5.44,96.0,0.5,134.326,1788.0,6.0,5.9,0.546,10.6,5.788,0.04,
Sao Tome and Principe,2010,Developing,66.2,24.0,0,5.58,63.04,98.0,26.9,0,98.0,5.24,98.0,0.5,1129.755,174776.0,6.1,6.0,0.542,10.6,66.2,24.0,0,5.58,63.04,98.0,0,98.0,5.24,98.0,0.5,1129.755,174776.0,6.1,6.0,0.542,10.6,5.745,0.005,
Sao Tome and Principe,2009,Developing,65.8,21.0,0,4.13,11.136,98.0,26.2,0,99.0,6.65,98.0,0.9,199.571,17813.0,6.3,6.2,0.533,10.1,65.8,21.0,0,4.13,11.136,98.0,0,99.0,6.65,98.0,0.9,199.571,17813.0,6.3,6.2,0.533,10.1,5.383,0.033,
Sao Tome and Principe,2008,Developing,65.4,215.0,0,4.36,62.857,99.0,25.4,0,99.0,5.66,99.0,0.9,1126.462,166913.0,6.5,6.4,0.531,10.4,65.4,215.0,0,4.36,62.857,99.0,0,99.0,5.66,99.0,0.9,1126.462,166913.0,6.5,6.4,0.531,10.4,5.522,0.005,
Sao Tome and Principe,2007,Developing,65.1,217.0,0,4.14,49.937,87.0,24.7,0,98.0,7.44,97.0,1.2,894.928,16311.0,6.7,6.6,0.527,10.3,65.1,217.0,0,4.14,49.937,87.0,0,98.0,7.44,97.0,1.2,894.928,16311.0,6.7,6.6,0.527,10.3,5.428,0.008,
Sao Tome and Principe,2006,Developing,64.7,22.0,0,5.46,47.089,75.0,24.0,0,97.0,7.84,97.0,1.2,843.894,159328.0,6.9,6.8,0.521,10.2,64.7,22.0,0,5.46,47.089,75.0,0,97.0,7.84,97.0,1.2,843.894,159328.0,6.9,6.8,0.521,10.2,5.314,0.009,
Sao Tome and Principe,2005,Developing,64.3,222.0,0,5.27,10.814,96.0,23.4,0,97.0,1.4,97.0,1.6,81.862,15563.0,7.0,7.0,0.514,10.0,64.3,222.0,0,5.27,10.814,96.0,0,97.0,1.4,97.0,1.6,81.862,15563.0,7.0,7.0,0.514,10.0,5.14,0.017,
Sao Tome and Principe,2004,Developing,63.8,224.0,0,5.78,9.013,7.0,22.8,0,99.0,9.94,96.0,1.6,693.346,151969.0,7.2,7.2,0.509,9.8,63.8,224.0,0,5.78,9.013,18.0,0,99.0,9.94,96.0,1.6,693.346,151969.0,7.2,7.2,0.509,9.8,4.988,0.014,
Sao Tome and Principe,2003,Developing,63.4,225.0,0,6.54,86.427,43.0,22.2,0,94.0,11.12,94.0,1.6,649.342,148372.0,7.4,7.4,0.504,9.7,63.4,225.0,0,6.54,86.427,43.0,0,94.0,11.12,94.0,1.6,649.342,148372.0,7.4,7.4,0.504,9.7,4.889,0.017,
Sao Tome and Principe,2002,Developing,63.1,226.0,0,5.8,50.802,43.0,21.7,0,92.0,1.21,92.0,1.4,555.819,144889.0,7.6,7.6,0.501,9.6,63.1,226.0,0,5.8,50.802,43.0,0,92.0,1.21,92.0,1.4,555.819,144889.0,7.6,7.6,0.501,9.6,4.81,0.002,
Sao Tome and Principe,2001,Developing,62.8,225.0,0,5.02,3.841,43.0,21.1,0,9.0,1.28,92.0,1.5,51.216,141622.0,7.8,7.8,0.497,9.4,62.8,225.0,0,5.02,3.841,43.0,0,45.0,1.28,92.0,1.5,51.216,141622.0,7.8,7.8,0.497,9.4,4.672,0.025,
Sao Tome and Principe,2000,Developing,62.6,224.0,0,5.07,0.0,43.0,2.7,0,87.0,8.86,82.0,1.5,51.216,13866.0,8.0,8.1,0.488,9.3,62.6,224.0,0,5.07,0.0,43.0,0,87.0,8.86,82.0,1.5,51.216,13866.0,8.0,8.1,0.488,9.3,4.538,0.173,
Senegal,2014,Developing,66.4,192.0,19,0.26,12.805,89.0,23.8,27,85.0,4.66,89.0,0.3,152.444,14546111.0,9.7,9.5,0.483,9.1,66.4,192.0,19,0.26,12.805,89.0,27,85.0,4.66,89.0,0.3,152.444,14546111.0,9.7,9.5,0.483,9.1,4.395,0.031,7.111
Senegal,2013,Developing,66.0,196.0,20,0.26,11.839,92.0,23.2,28,89.0,4.51,92.0,0.3,148.912,141232.0,9.9,9.7,0.474,8.7,66.0,196.0,20,0.26,11.839,92.0,28,89.0,4.51,92.0,0.3,148.912,141232.0,9.9,9.7,0.474,8.7,4.124,0.03,7.0
Senegal,2012,Developing,65.6,2.0,20,0.28,10.207,91.0,22.7,29,83.0,4.31,91.0,0.4,136.452,1373513.0,1.0,9.9,0.463,8.3,65.6,2.0,20,0.28,10.207,91.0,29,83.0,4.31,91.0,0.4,136.452,1373513.0,1.0,9.9,0.463,8.3,3.843,0.032,0.069
Senegal,2011,Developing,64.9,26.0,20,0.32,1.431,92.0,22.2,31,89.0,4.42,92.0,0.4,18.253,13391.0,1.2,1.1,0.455,7.9,64.9,26.0,20,0.32,1.431,92.0,31,89.0,4.42,92.0,0.4,18.253,13391.0,1.2,1.1,0.455,7.9,3.595,0.242,0.839
Senegal,2010,Developing,64.3,212.0,21,0.28,1.02,89.0,21.7,32,76.0,4.62,89.0,0.4,11.631,12916229.0,1.4,1.3,0.449,7.7,64.3,212.0,21,0.28,1.02,89.0,32,76.0,4.62,89.0,0.4,11.631,12916229.0,1.4,1.3,0.449,7.7,3.457,0.397,6.625
Senegal,2009,Developing,63.5,219.0,21,0.3,1.177,86.0,21.2,33,83.0,4.81,86.0,0.5,12.566,1255917.0,1.6,1.5,0.444,7.5,63.5,219.0,21,0.3,1.177,86.0,33,83.0,4.81,86.0,0.5,12.566,1255917.0,1.6,1.5,0.444,7.5,3.33,0.383,6.636
Senegal,2008,Developing,62.8,225.0,22,0.28,1.088,88.0,2.8,34,87.0,4.94,88.0,0.6,11.337,1223957.0,1.8,1.7,0.435,7.1,62.8,225.0,22,0.28,1.088,88.0,34,87.0,4.94,88.0,0.6,11.337,1223957.0,1.8,1.7,0.435,7.1,3.088,0.436,6.618
Senegal,2007,Developing,62.1,23.0,22,0.32,8.309,94.0,2.3,36,93.0,4.72,94.0,0.7,95.398,11873557.0,11.0,1.9,0.425,6.8,62.1,23.0,22,0.32,8.309,94.0,36,93.0,4.72,94.0,0.7,95.398,11873557.0,11.0,1.9,0.425,6.8,2.89,0.049,0.639
Senegal,2006,Developing,61.3,236.0,23,0.34,10.43,89.0,19.9,38,89.0,5.44,89.0,0.7,89.838,11556763.0,11.2,11.1,0.422,6.6,61.3,236.0,23,0.34,10.43,89.0,38,89.0,5.44,89.0,0.7,89.838,11556763.0,11.2,11.1,0.422,6.6,2.785,0.061,6.211
Senegal,2005,Developing,65.0,242.0,23,0.33,96.037,84.0,19.5,40,84.0,5.35,84.0,0.7,773.87,11251266.0,11.4,11.3,0.415,6.4,65.0,242.0,23,0.33,96.037,84.0,40,84.0,5.35,84.0,0.7,773.87,11251266.0,11.4,11.3,0.415,6.4,2.656,0.007,6.05
Senegal,2004,Developing,59.7,247.0,24,0.35,66.022,54.0,19.1,42,87.0,5.68,87.0,0.7,733.582,1955944.0,11.6,11.5,0.408,6.2,59.7,247.0,24,0.35,66.022,54.0,42,87.0,5.68,87.0,0.7,733.582,1955944.0,11.6,11.5,0.408,6.2,2.53,0.008,5.881
Senegal,2003,Developing,59.0,251.0,25,0.33,62.22,54.0,18.7,44,73.0,5.4,73.0,0.7,642.766,16799.0,11.8,11.7,0.401,5.9,59.0,251.0,25,0.33,62.22,54.0,44,73.0,5.4,73.0,0.7,642.766,16799.0,11.8,11.7,0.401,5.9,2.366,0.008,5.705
Senegal,2002,Developing,58.4,252.0,25,0.36,49.735,54.0,18.3,47,6.0,5.6,6.0,0.7,513.262,1396861.0,12.0,11.9,0.397,5.7,58.4,252.0,25,0.36,49.735,54.0,47,45.0,5.6,45.0,0.7,513.262,1396861.0,12.0,11.9,0.397,5.7,2.263,0.011,5.362
Senegal,2001,Developing,57.9,251.0,26,0.34,6.064,54.0,17.9,49,49.0,4.98,52.0,0.6,481.287,1134497.0,12.1,12.1,0.381,5.4,57.9,251.0,26,0.34,6.064,54.0,49,49.0,4.98,52.0,0.6,481.287,1134497.0,12.1,12.1,0.381,5.4,2.057,0.01,5.122
Senegal,2000,Developing,57.5,25.0,27,0.29,5.397,54.0,17.5,50,49.0,4.63,52.0,0.5,473.453,988452.0,12.3,12.3,0.378,5.2,57.5,25.0,27,0.29,5.397,54.0,50,49.0,4.63,52.0,0.5,473.453,988452.0,12.3,12.3,0.378,5.2,1.966,0.01,0.5
Serbia,2014,Developing,75.4,123.0,1,9.09,8.617,92.0,59.4,1,93.0,1.37,93.0,0.1,62.173,713576.0,2.1,2.1,0.771,14.3,75.4,123.0,1,9.09,8.617,92.0,1,93.0,1.37,93.0,0.1,62.173,713576.0,2.1,2.1,0.771,14.3,11.025,0.022,123.0
Serbia,2013,Developing,75.3,122.0,1,9.16,880.64,91.0,58.9,1,97.0,1.12,95.0,0.1,6353.826,7164132.0,2.1,2.1,0.766,14.1,75.3,122.0,1,9.16,880.64,91.0,1,97.0,1.12,95.0,0.1,6353.826,7164132.0,2.1,2.1,0.766,14.1,10.801,0.0,122.0
Serbia,2012,Developing,74.9,126.0,1,9.38,742.511,97.0,58.3,1,93.0,9.89,91.0,0.1,5659.382,719977.0,2.1,2.1,0.767,14.0,74.9,126.0,1,9.38,742.511,97.0,1,93.0,9.89,91.0,0.1,5659.382,719977.0,2.1,2.1,0.767,14.0,10.738,0.002,126.0
Serbia,2011,Developing,74.6,127.0,1,9.56,915.319,94.0,57.7,1,94.0,9.72,94.0,0.1,6423.292,723499.0,2.2,2.2,0.757,13.5,74.6,127.0,1,9.56,915.319,94.0,1,94.0,9.72,94.0,0.1,6423.292,723499.0,2.2,2.2,0.757,13.5,10.22,0.002,127.0
Serbia,2010,Developing,74.4,128.0,1,9.65,774.44,89.0,57.0,1,91.0,1.9,91.0,0.1,5411.877,7291436.0,2.2,2.3,0.755,13.6,74.4,128.0,1,9.65,774.44,89.0,1,91.0,1.9,91.0,0.1,5411.877,7291436.0,2.2,2.3,0.755,13.6,10.268,0.0,128.0
Serbia,2009,Developing,74.1,131.0,1,9.85,820.811,93.0,56.4,1,97.0,9.9,95.0,0.1,5821.354,73287.0,2.3,2.3,0.754,13.6,74.1,131.0,1,9.85,820.811,93.0,1,97.0,9.9,95.0,0.1,5821.354,73287.0,2.3,2.3,0.754,13.6,10.254,0.002,131.0
Serbia,2008,Developing,74.0,132.0,1,9.54,96.332,93.0,55.8,1,95.0,1.5,95.0,0.1,671.774,735222.0,2.3,2.4,0.749,13.5,74.0,132.0,1,9.54,96.332,93.0,1,95.0,1.5,95.0,0.1,671.774,735222.0,2.3,2.4,0.749,13.5,10.112,0.002,132.0
Serbia,2007,Developing,73.8,132.0,1,9.3,772.87,99.0,55.1,1,93.0,1.2,94.0,0.1,5458.122,7381579.0,2.4,2.4,0.743,13.5,73.8,132.0,1,9.3,772.87,99.0,1,93.0,1.2,94.0,0.1,5458.122,7381579.0,2.4,2.4,0.743,13.5,10.03,0.0,132.0
Serbia,2005,Developing,73.0,135.0,1,9.6,503.112,65.0,53.9,1,98.0,8.7,98.0,0.1,3528.132,744769.0,2.5,2.6,0.73,13.2,73.0,135.0,1,9.6,503.112,65.0,1,98.0,8.7,98.0,0.1,3528.132,744769.0,2.5,2.6,0.73,13.2,9.636,0.002,135.0
Serbia,2004,Developing,73.0,134.0,1,7.42,462.708,89.0,53.3,1,96.0,8.24,88.0,0.1,3331.229,7463157.0,2.6,2.6,0.72,13.1,73.0,134.0,1,7.42,462.708,89.0,1,96.0,8.24,88.0,0.1,3331.229,7463157.0,2.6,2.6,0.72,13.1,9.432,0.002,134.0
Serbia,2003,Developing,73.0,134.0,1,7.25,389.752,89.0,52.8,1,89.0,8.13,89.0,0.1,2832.497,748591.0,2.7,2.7,0.715,13.0,73.0,134.0,1,7.25,389.752,89.0,1,89.0,8.13,89.0,0.1,2832.497,748591.0,2.7,2.7,0.715,13.0,9.295,0.003,134.0
Serbia,2002,Developing,72.9,133.0,1,6.95,292.614,89.0,52.2,1,95.0,8.9,95.0,0.1,2149.994,7496522.0,2.7,2.8,0.715,13.2,72.9,133.0,1,6.95,292.614,89.0,1,95.0,8.9,95.0,0.1,2149.994,7496522.0,2.7,2.8,0.715,13.2,9.438,0.004,133.0
Serbia,2001,Developing,73.1,135.0,1,7.53,222.507,89.0,51.7,1,93.0,6.89,93.0,0.1,1634.876,753433.0,2.8,2.8,0.709,13.1,73.1,135.0,1,7.53,222.507,89.0,1,93.0,6.89,93.0,0.1,1634.876,753433.0,2.8,2.8,0.709,13.1,9.288,0.004,135.0
Serbia,2000,Developing,72.6,141.0,1,7.38,11.859,89.0,51.2,2,98.0,6.53,95.0,0.1,87.137,7516346.0,2.8,2.9,0.702,13.0,72.6,141.0,1,7.38,11.859,89.0,2,98.0,6.53,95.0,0.1,87.137,7516346.0,2.8,2.9,0.702,13.0,9.126,0.075,70.5
Seychelles,2014,Developing,73.0,17.0,0,0.01,151.105,99.0,36.2,0,99.0,3.37,99.0,0.1,1557.779,91359.0,5.7,6.0,0.766,13.2,73.0,17.0,0,0.01,151.105,99.0,0,99.0,3.37,99.0,0.1,1557.779,91359.0,5.7,6.0,0.766,13.2,10.111,0.002,
Seychelles,2013,Developing,72.9,172.0,0,0.01,1521.673,99.0,35.5,0,98.0,3.58,98.0,0.1,15687.348,89949.0,5.7,6.1,0.762,13.5,72.9,172.0,0,0.01,1109.855,99.0,0,98.0,3.58,98.0,0.1,8787.614,89949.0,5.7,6.1,0.762,13.5,10.287,0.0,
Seychelles,2012,Developing,72.7,174.0,0,0.01,177.263,99.0,34.8,0,98.0,4.8,98.0,0.1,12845.174,8833.0,5.7,6.1,0.755,13.5,72.7,174.0,0,0.01,177.263,99.0,0,98.0,4.8,98.0,0.1,8787.614,8833.0,5.7,6.1,0.755,13.5,10.192,0.0,
Seychelles,2011,Developing,72.6,177.0,0,9.72,1121.476,99.0,34.2,0,99.0,3.38,99.0,0.1,12189.952,87441.0,5.7,6.1,0.744,13.3,72.6,177.0,0,9.72,1109.855,99.0,0,99.0,3.38,99.0,0.1,8787.614,87441.0,5.7,6.1,0.744,13.3,9.895,0.0,
Seychelles,2010,Developing,72.4,18.0,0,6.51,16.492,99.0,33.5,0,99.0,3.59,99.0,0.1,184.684,8977.0,5.8,6.2,0.74,13.2,72.4,18.0,0,6.51,16.492,99.0,0,99.0,3.59,99.0,0.1,184.684,8977.0,5.8,6.2,0.74,13.2,9.768,0.019,
Seychelles,2008,Developing,72.2,184.0,0,6.33,701.853,99.0,31.8,0,99.0,2.64,99.0,0.1,11122.863,86956.0,5.9,6.3,0.739,13.2,72.2,184.0,0,6.33,701.853,99.0,0,99.0,2.64,99.0,0.1,8787.614,86956.0,5.9,6.3,0.739,13.2,9.755,0.0,
Seychelles,2006,Developing,72.2,185.0,0,8.12,102.374,99.0,3.7,0,99.0,3.73,99.0,0.1,1214.4,846.0,5.9,6.3,0.728,13.1,72.2,185.0,0,8.12,102.374,99.0,0,99.0,3.73,99.0,0.1,1214.4,846.0,5.9,6.3,0.728,13.1,9.537,0.003,
Seychelles,2005,Developing,72.2,185.0,0,7.82,21.465,99.0,3.1,0,99.0,3.91,99.0,0.1,1192.517,82858.0,6.0,6.4,0.712,12.1,72.2,185.0,0,7.82,21.465,99.0,0,99.0,3.91,99.0,0.1,1192.517,82858.0,6.0,6.4,0.712,12.1,8.615,0.003,
Seychelles,2004,Developing,72.1,186.0,0,7.91,12.943,99.0,29.2,0,99.0,4.17,99.0,0.1,1176.659,82475.0,6.0,6.4,0.715,12.3,72.1,186.0,0,7.91,12.943,99.0,0,99.0,4.17,99.0,0.1,1176.659,82475.0,6.0,6.4,0.715,12.3,8.794,0.004,
Seychelles,2003,Developing,72.1,185.0,0,7.41,843.119,99.0,28.7,0,99.0,4.64,99.0,0.1,8524.961,82781.0,6.1,6.5,0.713,12.1,72.1,185.0,0,7.41,843.119,99.0,0,99.0,4.64,99.0,0.1,8524.961,82781.0,6.1,6.5,0.713,12.1,8.627,0.001,
Seychelles,2002,Developing,72.1,186.0,0,11.15,562.36,99.0,28.1,0,99.0,4.21,99.0,0.1,8331.262,83723.0,6.1,6.6,0.712,12.1,72.1,186.0,0,11.15,562.36,99.0,0,99.0,4.21,99.0,0.1,8331.262,83723.0,6.1,6.6,0.712,12.1,8.615,0.001,
Seychelles,2001,Developing,72.0,187.0,0,6.72,643.704,96.0,27.6,0,96.0,4.45,96.0,0.1,7663.138,8122.0,6.2,6.6,0.714,12.2,72.0,187.0,0,6.72,643.704,96.0,0,96.0,4.45,96.0,0.1,7663.138,8122.0,6.2,6.6,0.714,12.2,8.711,0.001,
Seychelles,2000,Developing,71.8,188.0,0,8.24,601.761,98.0,27.1,0,98.0,4.62,98.0,0.1,7578.852,81131.0,6.3,6.7,0.0,12.3,71.8,188.0,0,8.24,601.761,98.0,0,98.0,4.62,98.0,0.1,7578.852,81131.0,6.3,6.7,0.27,12.3,3.321,0.001,
Sierra Leone,2014,Developing,48.1,463.0,23,0.01,1.443,83.0,23.8,32,83.0,11.9,83.0,0.6,78.439,779162.0,7.5,7.4,0.426,9.5,48.1,463.0,23,0.01,1.443,83.0,32,83.0,11.79,83.0,0.6,78.439,779162.0,7.5,7.4,0.426,9.5,4.047,0.15,14.469
Sierra Leone,2013,Developing,54.0,47.0,23,0.01,1.321,92.0,23.3,33,92.0,11.59,92.0,0.8,71.819,692279.0,7.7,7.6,0.413,9.3,54.0,47.0,23,0.01,1.321,92.0,33,92.0,11.59,92.0,0.8,71.819,692279.0,7.7,7.6,0.413,9.3,3.841,0.161,1.424
Sierra Leone,2012,Developing,49.7,411.0,25,0.01,54.56,91.0,22.7,35,91.0,11.24,91.0,0.9,561.898,676613.0,7.9,7.8,0.401,9.1,49.7,411.0,25,0.01,54.56,91.0,35,91.0,11.24,91.0,0.9,561.898,676613.0,7.9,7.8,0.401,9.1,3.649,0.02,11.743
Sierra Leone,2011,Developing,48.9,418.0,26,3.78,54.666,89.0,22.2,38,88.0,11.98,89.0,1.3,445.525,6611692.0,8.1,8.0,0.392,8.9,48.9,418.0,26,3.78,54.666,89.0,38,88.0,11.79,89.0,1.3,445.525,6611692.0,8.1,8.0,0.392,8.9,3.489,0.026,11.0
Sierra Leone,2010,Developing,48.1,424.0,27,3.84,5.348,86.0,21.7,40,84.0,1.32,86.0,1.6,45.128,645872.0,8.3,8.2,0.384,8.7,48.1,424.0,27,3.84,5.348,86.0,40,84.0,1.32,86.0,1.6,45.128,645872.0,8.3,8.2,0.384,8.7,3.341,0.029,10.6
Sierra Leone,2009,Developing,47.1,433.0,28,3.97,49.837,84.0,21.2,42,81.0,13.13,84.0,1.7,394.593,63126.0,8.5,8.4,0.375,8.5,47.1,433.0,28,3.97,49.837,84.0,42,81.0,11.79,84.0,1.7,394.593,63126.0,8.5,8.4,0.375,8.5,3.188,0.03,10.31
Sierra Leone,2008,Developing,46.2,441.0,29,3.91,5.38,77.0,2.7,44,75.0,1.29,77.0,1.9,46.376,6165372.0,8.7,8.7,0.367,8.3,46.2,441.0,29,3.91,5.38,77.0,44,75.0,1.29,77.0,1.9,46.376,6165372.0,8.7,8.7,0.367,8.3,3.046,0.028,10.023
Sierra Leone,2007,Developing,45.3,45.0,29,3.86,45.571,63.0,2.2,45,63.0,1.12,64.0,2.2,358.827,615417.0,8.9,8.9,0.357,8.2,45.3,45.0,29,3.86,45.571,63.0,45,63.0,1.12,64.0,2.2,358.827,615417.0,8.9,8.9,0.357,8.2,2.927,0.003,1.0
Sierra Leone,2006,Developing,44.3,464.0,30,3.8,38.001,63.0,19.7,46,65.0,1.68,64.0,2.2,322.313,5848692.0,9.1,9.1,0.348,8.0,45.3,464.0,30,3.8,38.001,63.0,46,65.0,1.68,64.0,2.2,322.313,5848692.0,9.1,9.1,0.348,8.0,2.784,0.005,10.087
Sierra Leone,2005,Developing,43.3,48.0,30,3.83,42.089,63.0,19.2,47,67.0,12.25,65.0,2.2,287.689,5658379.0,9.3,9.3,0.341,7.8,45.3,48.0,30,3.83,42.089,63.0,47,67.0,11.79,65.0,2.2,287.689,5658379.0,9.3,9.3,0.341,7.8,2.66,0.041,1.021
Sierra Leone,2004,Developing,42.3,496.0,30,3.99,38.525,63.0,18.8,47,69.0,11.66,65.0,2.1,263.146,5439695.0,9.5,9.5,0.332,7.6,45.3,491.0,30,3.99,38.525,63.0,47,69.0,11.66,65.0,2.1,263.146,5439695.0,9.5,9.5,0.332,7.6,2.523,0.044,10.447
Sierra Leone,2003,Developing,41.5,57.0,30,4.07,38.615,63.0,18.4,47,66.0,11.69,73.0,1.9,263.762,5199549.0,9.7,9.8,0.322,7.4,45.3,57.0,30,4.07,38.615,63.0,47,66.0,11.69,73.0,1.9,263.762,5199549.0,9.7,9.8,0.322,7.4,2.383,0.044,1.213
Sierra Leone,2002,Developing,48.0,513.0,30,4.06,36.591,63.0,17.9,48,54.0,11.96,53.0,1.7,249.94,4957216.0,9.9,1.0,0.306,7.2,48.0,491.0,30,4.06,36.591,63.0,48,54.0,11.79,53.0,1.7,249.94,4957216.0,9.9,1.0,0.306,7.2,2.203,0.047,10.229
Sierra Leone,2001,Developing,41.0,519.0,30,4.21,33.347,63.0,17.5,48,38.0,11.83,38.0,1.5,227.779,4739147.0,1.1,1.2,0.302,7.0,45.3,491.0,30,4.21,33.347,63.0,48,45.0,11.79,45.0,1.5,227.779,4739147.0,1.1,1.2,0.302,7.0,2.114,0.052,10.229
Sierra Leone,2000,Developing,39.0,533.0,29,3.97,20.396,63.0,17.2,48,46.0,13.63,44.0,1.2,139.315,4564297.0,1.3,1.4,0.292,6.7,45.3,491.0,29,3.97,20.396,63.0,48,46.0,11.79,45.0,1.2,139.315,4564297.0,1.3,1.4,0.292,6.7,1.956,0.085,10.229
Solomon Islands,2014,Developing,68.8,183.0,0,0.01,3.718,88.0,49.7,0,94.0,5.5,88.0,0.1,29.653,57554.0,1.1,1.2,0.512,9.6,68.8,183.0,0,0.01,3.718,88.0,0,94.0,5.5,88.0,0.1,29.653,57554.0,1.1,1.2,0.512,9.6,4.915,0.185,
Solomon Islands,2013,Developing,68.8,182.0,0,0.01,24.733,94.0,48.9,0,99.0,5.42,94.0,0.1,188.516,563513.0,1.1,1.2,0.509,9.5,68.8,182.0,0,0.01,24.733,94.0,0,99.0,5.42,94.0,0.1,188.516,563513.0,1.1,1.2,0.509,9.5,4.836,0.029,
Solomon Islands,2012,Developing,68.7,184.0,0,0.01,247.949,99.0,48.1,0,99.0,5.48,99.0,0.1,1858.69,551531.0,1.2,1.2,0.505,9.4,68.7,184.0,0,0.01,247.949,99.0,0,99.0,5.48,99.0,0.1,1858.69,551531.0,1.2,1.2,0.505,9.4,4.747,0.003,
Solomon Islands,2011,Developing,68.5,186.0,0,0.99,229.669,99.0,47.2,0,99.0,5.8,99.0,0.1,1642.838,539614.0,1.2,1.2,0.497,9.4,68.5,186.0,0,0.99,229.669,99.0,0,99.0,5.8,99.0,0.1,1642.838,539614.0,1.2,1.2,0.497,9.4,4.672,0.004,
Solomon Islands,2010,Developing,68.3,188.0,0,1.1,29.521,9.0,46.4,0,94.0,7.47,9.0,0.1,1272.448,52779.0,1.2,1.2,0.492,9.3,68.3,188.0,0,1.1,29.521,18.0,0,94.0,7.47,45.0,0.1,1272.448,52779.0,1.2,1.2,0.492,9.3,4.576,0.006,
Solomon Islands,2008,Developing,68.0,193.0,0,1.09,19.749,89.0,44.7,0,94.0,5.97,89.0,0.1,125.792,54477.0,1.2,1.2,0.489,9.2,68.0,193.0,0,1.09,19.749,89.0,0,94.0,5.97,89.0,0.1,125.792,54477.0,1.2,1.2,0.489,9.2,4.499,0.047,
Solomon Islands,2006,Developing,67.6,2.0,0,0.99,240.485,99.0,43.0,0,99.0,6.66,99.0,0.1,948.659,481422.0,1.3,1.3,0.47,8.4,67.6,2.0,0,0.99,240.485,99.0,0,99.0,6.66,99.0,0.1,948.659,481422.0,1.3,1.3,0.47,8.4,3.948,0.007,
Solomon Islands,2005,Developing,67.4,24.0,0,0.9,25.312,83.0,42.1,0,9.0,7.83,89.0,0.1,88.875,469885.0,1.3,1.3,0.465,8.3,67.4,24.0,0,0.9,25.312,83.0,0,45.0,7.83,89.0,0.1,88.875,469885.0,1.3,1.3,0.465,8.3,3.86,0.088,
Solomon Islands,2004,Developing,67.1,29.0,0,1.18,195.526,81.0,41.3,0,89.0,5.64,9.0,0.1,818.443,458324.0,1.3,1.3,0.459,8.1,67.1,29.0,0,1.18,195.526,81.0,0,89.0,5.64,45.0,0.1,818.443,458324.0,1.3,1.3,0.459,8.1,3.718,0.007,
Solomon Islands,2002,Developing,66.5,22.0,0,1.08,156.285,75.0,39.6,0,78.0,6.9,78.0,0.1,784.956,435262.0,1.4,1.4,0.446,7.3,66.5,22.0,0,1.08,156.285,75.0,0,78.0,6.9,78.0,0.1,784.956,435262.0,1.4,1.4,0.446,7.3,3.256,0.009,
Solomon Islands,2001,Developing,66.2,227.0,0,0.7,325.111,83.0,38.7,0,88.0,6.44,84.0,0.1,944.817,423853.0,1.4,1.4,0.442,6.6,66.2,227.0,0,0.7,325.111,83.0,0,88.0,6.44,84.0,0.1,944.817,423853.0,1.4,1.4,0.442,6.6,2.917,0.007,
South Africa,2014,Developing,62.0,347.0,42,7.38,922.051,8.0,5.3,52,77.0,8.8,77.0,3.7,6479.626,54146734.74,4.9,5.9,0.66,13.0,62.0,347.0,42,7.38,922.051,18.0,52,77.0,8.8,77.0,3.2,6479.626,17153357.0,4.9,5.9,0.66,13.0,8.58,0.001,6.673
South Africa,2013,Developing,69.0,371.0,43,7.34,978.591,7.0,49.5,54,73.0,8.78,73.0,4.5,6876.954,53311955.61,5.4,6.5,0.652,12.8,69.0,371.0,43,7.34,978.591,18.0,54,73.0,8.78,73.0,3.2,6876.954,17153357.0,5.4,6.5,0.652,12.8,8.346,0.001,6.87
South Africa,2012,Developing,59.2,48.0,43,7.38,1089.955,68.0,48.7,56,65.0,8.79,65.0,7.6,7548.164,5256515.8,6.0,7.3,0.644,12.8,59.2,48.0,43,7.38,1089.955,68.0,56,65.0,8.79,65.0,3.2,7548.164,5256515.8,6.0,7.3,0.644,12.8,8.243,0.001,0.857
South Africa,2011,Developing,58.9,413.0,43,7.38,123.753,76.0,47.9,58,69.0,8.61,69.0,8.5,849.954,51729345.36,6.6,8.0,0.638,12.8,58.9,413.0,43,7.38,123.753,76.0,58,69.0,8.61,69.0,3.2,849.954,17153357.0,6.6,8.0,0.638,12.8,8.166,0.01,7.121
South Africa,2010,Developing,58.0,428.0,43,7.28,1038.886,71.0,47.2,62,72.0,8.5,72.0,11.0,7362.761,5979432.36,7.3,8.9,0.63,12.8,58.0,428.0,43,7.28,1038.886,71.0,62,72.0,8.5,72.0,3.2,7362.761,5979432.36,7.3,8.9,0.63,12.8,8.064,0.001,6.903
South Africa,2009,Developing,56.5,449.0,46,7.6,782.599,74.0,46.4,70,75.0,8.39,76.0,19.0,5888.628,5255813.11,8.1,9.8,0.622,12.8,56.5,449.0,46,7.6,782.599,74.0,70,75.0,8.39,76.0,3.2,5888.628,5255813.11,8.1,9.8,0.622,12.8,7.962,0.001,6.414
South Africa,2008,Developing,55.3,473.0,50,8.19,780.034,76.0,45.7,75,77.0,7.75,79.0,23.5,5786.6,49557573.3,8.9,1.7,0.616,12.9,55.3,473.0,50,8.19,780.034,76.0,75,77.0,7.75,79.0,3.2,5786.6,17153357.0,8.9,1.7,0.616,12.9,7.946,0.001,6.307
South Africa,2007,Developing,54.5,486.0,51,8.48,805.49,83.0,45.0,79,79.0,7.53,82.0,26.4,6125.4,48883844.99,9.7,11.7,0.612,12.9,54.5,486.0,51,8.48,805.49,83.0,79,79.0,7.53,82.0,3.2,6125.4,17153357.0,9.7,11.7,0.612,12.9,7.895,0.001,6.152
South Africa,2006,Developing,54.0,496.0,54,8.5,732.126,83.0,44.3,82,79.0,7.57,82.0,28.1,5631.735,4823384.48,1.6,12.8,0.609,12.9,54.0,491.0,54,8.5,732.126,83.0,82,79.0,7.57,82.0,3.2,5631.735,4823384.48,1.6,12.8,0.609,12.9,7.856,0.001,5.988
South Africa,2005,Developing,53.8,498.0,55,8.69,709.317,79.0,43.6,84,75.0,7.77,79.0,29.5,5414.634,476667.24,11.6,13.9,0.609,12.9,53.8,491.0,55,8.69,709.317,79.0,84,75.0,7.77,79.0,3.2,5414.634,476667.24,11.6,13.9,0.609,12.9,7.856,0.001,5.845
South Africa,2004,Developing,53.7,497.0,55,6.96,622.044,76.0,42.9,83,73.0,7.93,74.0,29.7,4863.517,4717.99,12.6,15.0,0.611,12.9,53.7,491.0,55,6.96,622.044,76.0,83,73.0,7.93,74.0,3.2,4863.517,4717.99,12.6,15.0,0.611,12.9,7.882,0.002,5.916
South Africa,2003,Developing,54.0,485.0,55,6.93,519.156,71.0,42.2,82,7.0,8.26,69.0,28.9,3775.683,46418193.9,13.5,16.1,0.613,12.9,54.0,485.0,55,6.93,519.156,71.0,82,45.0,8.26,69.0,3.2,3775.683,17153357.0,13.5,16.1,0.613,12.9,7.908,0.002,5.915
South Africa,2002,Developing,54.9,459.0,54,7.04,346.532,72.0,41.6,79,7.0,8.9,7.0,26.6,2518.398,45855482.88,14.5,17.1,0.62,12.9,54.9,459.0,54,7.04,346.532,72.0,79,45.0,8.9,45.0,3.2,2518.398,17153357.0,14.5,16.7,0.62,12.9,7.998,0.004,5.81
South Africa,2001,Developing,56.0,429.0,52,7.38,365.259,72.0,4.9,76,71.0,8.31,71.0,24.0,2681.781,45312937.0,15.4,18.1,0.629,13.0,56.0,429.0,52,7.38,365.259,72.0,76,71.0,8.31,71.0,3.2,2681.781,17153357.0,15.4,16.7,0.629,13.0,8.177,0.003,5.645
South Africa,2000,Developing,57.3,397.0,51,7.3,45.964,73.0,4.1,73,71.0,8.7,73.0,21.3,337.225,44896856.0,16.3,19.1,0.635,13.0,57.3,397.0,51,7.3,45.964,73.0,73,71.0,8.7,73.0,3.2,337.225,17153357.0,16.1,16.7,0.635,13.0,8.255,0.026,5.438
Spain,2014,Developed,82.6,58.0,1,0.01,42.988,96.0,66.0,1,97.0,9.3,97.0,0.1,296.472,4648882.0,0.6,0.5,0.877,17.6,82.6,58.0,1,0.01,42.988,96.0,1,97.0,9.3,97.0,0.1,296.472,4648882.0,0.6,0.5,0.877,17.6,15.435,0.031,58.0
Spain,2013,Developed,82.4,6.0,1,9.25,423.68,95.0,65.4,2,96.0,9.1,96.0,0.1,2921.934,466245.0,0.6,0.5,0.874,17.5,82.4,6.0,1,9.25,423.68,95.0,2,96.0,9.1,96.0,0.1,2921.934,466245.0,0.6,0.5,0.874,17.5,15.295,0.003,3.0
Spain,2011,Developed,82.1,63.0,1,9.62,4873.819,97.0,64.1,2,97.0,9.48,97.0,0.1,31834.218,46742697.0,0.6,0.5,0.867,16.9,82.1,63.0,1,9.62,1109.855,97.0,2,97.0,9.48,97.0,0.1,8787.614,17153357.0,0.6,0.5,0.867,16.9,14.652,0.0,31.5
Spain,2010,Developed,81.9,64.0,1,9.78,578.742,97.0,63.5,2,97.0,9.56,97.0,0.1,3736.228,46576897.0,0.6,0.5,0.86,16.4,81.9,64.0,1,9.78,578.742,97.0,2,97.0,9.56,97.0,0.1,3736.228,17153357.0,0.6,0.5,0.86,16.4,14.104,0.003,32.0
Spain,2009,Developed,81.6,66.0,2,9.99,5047.254,96.0,62.9,2,96.0,9.52,96.0,0.1,32333.466,46362946.0,0.6,0.5,0.858,16.3,81.6,66.0,2,9.99,1109.855,96.0,2,96.0,9.52,96.0,0.1,8787.614,17153357.0,0.6,0.5,0.858,16.3,13.985,0.0,33.0
Spain,2007,Developed,89.0,72.0,2,11.05,510.933,96.0,61.7,2,96.0,8.36,96.0,0.1,3279.414,4522683.0,0.6,0.5,0.849,16.0,89.0,72.0,2,11.05,510.933,96.0,2,96.0,8.36,96.0,0.1,3279.414,4522683.0,0.6,0.5,0.849,16.0,13.584,0.003,36.0
Spain,2006,Developed,88.0,73.0,2,11.86,4460.39,97.0,61.1,2,98.0,8.23,98.0,0.1,28482.695,44397319.0,0.6,0.5,0.844,15.9,88.0,73.0,2,11.86,1109.855,97.0,2,98.0,8.23,98.0,0.1,8787.614,17153357.0,0.6,0.5,0.844,15.9,13.42,0.0,36.5
Spain,2005,Developed,81.0,77.0,2,11.92,405.448,96.0,6.5,2,96.0,8.12,96.0,0.1,2651.717,43653155.0,0.6,0.5,0.837,15.8,81.0,77.0,2,11.92,405.448,96.0,2,96.0,8.12,96.0,0.1,2651.717,17153357.0,0.6,0.5,0.837,15.8,13.225,0.003,38.5
Spain,2004,Developed,81.0,79.0,2,11.96,3715.37,97.0,59.9,2,97.0,8.5,97.0,0.1,24918.646,42921895.0,0.6,0.5,0.833,15.6,81.0,79.0,2,11.96,1109.855,97.0,2,97.0,8.5,97.0,0.1,8787.614,17153357.0,0.6,0.5,0.833,15.6,12.995,0.0,39.5
Spain,2003,Developed,79.4,83.0,2,12.09,3205.02,81.0,59.3,2,99.0,7.99,98.0,0.1,21495.774,42187645.0,0.6,0.5,0.83,15.6,79.4,83.0,2,12.09,1109.855,81.0,2,99.0,7.99,98.0,0.1,8787.614,17153357.0,0.6,0.5,0.83,15.6,12.948,0.0,41.5
Spain,2002,Developed,79.5,83.0,2,12.26,228.354,82.0,58.8,2,98.0,7.25,98.0,0.1,1719.535,41431558.0,0.6,0.5,0.828,15.7,79.5,83.0,2,12.26,228.354,82.0,2,98.0,7.25,98.0,0.1,1719.535,17153357.0,0.6,0.5,0.828,15.7,13.0,0.004,41.5
Spain,2001,Developed,79.4,84.0,2,9.86,2044.17,83.0,58.2,2,95.0,7.24,96.0,0.1,15323.611,485412.0,0.6,0.5,0.825,15.7,79.4,84.0,2,9.86,1109.855,83.0,2,95.0,7.24,96.0,0.1,8787.614,485412.0,0.6,0.5,0.825,15.7,12.952,0.0,42.0
Spain,2000,Developed,79.1,86.0,2,11.12,1934.398,77.0,57.6,2,95.0,7.21,95.0,0.1,14676.769,4567864.0,0.6,0.5,0.82,15.7,79.1,86.0,2,11.12,1109.855,77.0,2,95.0,7.21,95.0,0.1,8787.614,4567864.0,0.6,0.5,0.82,15.7,12.874,0.0,43.0
Sri Lanka,2014,Developing,74.7,141.0,3,2.37,42.731,99.0,22.7,3,99.0,3.5,99.0,0.1,382.55,2771.0,15.2,15.0,0.76,14.0,74.7,141.0,3,2.37,42.731,99.0,3,99.0,3.5,99.0,0.1,382.55,2771.0,15.2,15.0,0.76,14.0,10.64,0.009,47.0
Sri Lanka,2013,Developing,74.6,142.0,3,2.56,41.621,99.0,21.9,3,99.0,3.68,99.0,0.1,361.289,2585.0,15.2,15.1,0.757,13.8,74.6,142.0,3,2.56,41.621,99.0,3,99.0,3.68,99.0,0.1,361.289,2585.0,15.2,15.1,0.757,13.8,10.447,0.01,47.333
Sri Lanka,2012,Developing,74.5,143.0,3,2.8,20.769,99.0,21.2,4,99.0,3.21,99.0,0.1,335.521,2425.0,15.3,15.2,0.752,13.7,74.5,143.0,3,2.8,20.769,99.0,4,99.0,3.21,99.0,0.1,335.521,2425.0,15.3,15.2,0.752,13.7,10.302,0.01,35.75
Sri Lanka,2011,Developing,74.5,141.0,3,3.03,20.833,99.0,2.5,4,99.0,3.28,99.0,0.1,322.993,2271.0,15.3,15.3,0.746,13.6,74.5,141.0,3,3.03,20.833,99.0,4,99.0,3.28,99.0,0.1,322.993,2271.0,15.3,15.3,0.746,13.6,10.146,0.01,35.25
Sri Lanka,2010,Developing,74.5,138.0,3,2.31,191.727,99.0,19.8,4,99.0,3.43,99.0,0.1,2819.511,2119.0,15.3,15.3,0.739,13.5,74.5,138.0,3,2.31,191.727,99.0,4,99.0,3.43,99.0,0.1,2819.511,2119.0,15.3,15.3,0.739,13.5,9.976,0.001,34.5
Sri Lanka,2009,Developing,71.8,183.0,4,2.05,13.391,97.0,19.2,4,97.0,3.37,97.0,0.1,216.682,19968.0,15.3,15.4,0.735,13.4,71.8,183.0,4,2.05,13.391,97.0,4,97.0,3.37,97.0,0.1,216.682,19968.0,15.3,15.4,0.735,13.4,9.849,0.016,45.75
Sri Lanka,2008,Developing,72.3,172.0,4,2.1,17.814,98.0,18.5,4,98.0,3.44,98.0,0.1,254.489,19817.0,15.4,15.4,0.731,13.3,72.3,172.0,4,2.1,17.814,98.0,4,98.0,3.44,98.0,0.1,254.489,19817.0,15.4,15.4,0.731,13.3,9.722,0.014,43.0
Sri Lanka,2007,Developing,73.7,146.0,4,2.29,127.638,98.0,17.9,5,98.0,3.76,98.0,0.1,1644.816,19668.0,15.4,15.5,0.725,13.2,73.7,146.0,4,2.29,127.638,98.0,5,98.0,3.76,98.0,0.1,1644.816,19668.0,15.4,15.5,0.725,13.2,9.57,0.002,29.2
Sri Lanka,2006,Developing,73.8,145.0,4,1.96,120.247,98.0,17.2,5,98.0,4.6,98.0,0.1,1448.761,1952.0,15.4,15.5,0.718,13.1,73.8,145.0,4,1.96,120.247,98.0,5,98.0,4.6,98.0,0.1,1448.761,1952.0,15.4,15.5,0.718,13.1,9.406,0.003,29.0
Sri Lanka,2005,Developing,74.2,138.0,4,1.97,97.766,99.0,16.6,5,99.0,4.6,99.0,0.1,1259.876,19373.0,15.4,15.5,0.712,12.9,74.2,138.0,4,1.97,97.766,99.0,5,99.0,4.6,99.0,0.1,1259.876,19373.0,15.4,15.5,0.712,12.9,9.185,0.004,27.6
Sri Lanka,2004,Developing,69.1,197.0,6,1.56,15.353,62.0,16.1,10,97.0,4.28,97.0,0.1,174.669,19228.0,15.4,15.5,0.705,12.8,69.1,197.0,6,1.56,15.353,62.0,10,97.0,4.28,97.0,0.1,174.669,19228.0,15.4,15.5,0.705,12.8,9.024,0.025,19.7
Sri Lanka,2003,Developing,73.9,146.0,5,1.69,72.428,32.0,15.6,5,98.0,3.95,99.0,0.1,989.455,1983.0,15.4,15.5,0.697,12.7,73.9,146.0,5,1.69,72.428,32.0,5,98.0,3.95,99.0,0.1,989.455,1983.0,15.4,15.5,0.697,12.7,8.852,0.004,29.2
Sri Lanka,2002,Developing,73.7,149.0,5,1.62,59.636,32.0,15.1,5,98.0,3.89,98.0,0.1,873.147,18939.0,15.4,15.6,0.699,12.6,73.7,149.0,5,1.62,59.636,32.0,5,98.0,3.89,98.0,0.1,873.147,18939.0,15.4,15.6,0.699,12.6,8.807,0.004,29.8
Sri Lanka,2001,Developing,72.7,16.0,5,1.68,53.613,32.0,14.6,6,98.0,3.81,98.0,0.1,837.7,18797.0,15.4,15.6,0.686,12.5,72.7,16.0,5,1.68,53.613,32.0,6,98.0,3.81,98.0,0.1,837.7,18797.0,15.4,15.6,0.686,12.5,8.575,0.005,2.667
Sri Lanka,2000,Developing,71.5,175.0,5,1.45,60.491,32.0,14.1,6,99.0,3.77,99.0,0.1,875.412,18655.0,15.3,15.5,0.677,12.4,71.5,175.0,5,1.45,60.491,32.0,6,99.0,3.77,99.0,0.1,875.412,18655.0,15.3,15.5,0.677,12.4,8.395,0.004,29.167
Suriname,2014,Developing,71.4,178.0,0,6.32,1132.433,85.0,57.7,0,85.0,5.69,85.0,0.4,9564.464,547928.0,3.5,3.5,0.722,12.7,71.4,178.0,0,6.32,1109.855,85.0,0,85.0,5.69,85.0,0.4,8787.614,547928.0,3.5,3.5,0.722,12.7,9.169,0.001,
Suriname,2013,Developing,71.2,179.0,0,6.02,1122.973,86.0,57.0,0,86.0,5.96,86.0,0.4,9484.569,54254.0,3.5,3.5,0.719,12.7,71.2,179.0,0,6.02,1109.855,86.0,0,86.0,5.96,86.0,0.4,8787.614,54254.0,3.5,3.5,0.719,12.7,9.131,0.001,
Suriname,2012,Developing,71.3,178.0,0,5.73,1168.324,84.0,56.3,0,84.0,6.9,84.0,0.9,9272.413,53777.0,3.5,3.4,0.708,12.7,71.3,178.0,0,5.73,1109.855,84.0,0,84.0,6.9,84.0,0.9,8787.614,53777.0,3.5,3.4,0.708,12.7,8.992,0.001,
Suriname,2011,Developing,76.0,187.0,0,5.64,989.126,86.0,55.5,0,86.0,5.93,86.0,0.1,8318.977,531589.0,3.5,3.4,0.704,12.5,76.0,187.0,0,5.64,989.126,86.0,0,86.0,5.93,86.0,0.1,8318.977,531589.0,3.5,3.4,0.704,12.5,8.8,0.001,
Suriname,2010,Developing,73.0,19.0,0,5.26,99.081,86.0,54.8,0,96.0,5.81,96.0,0.5,833.313,52613.0,3.5,3.4,0.7,12.3,73.0,19.0,0,5.26,99.081,86.0,0,96.0,5.81,96.0,0.5,833.313,52613.0,3.5,3.4,0.7,12.3,8.61,0.007,
Suriname,2009,Developing,70.0,196.0,0,5.13,885.074,87.0,54.1,0,85.0,6.14,87.0,0.6,7443.852,52619.0,3.5,3.4,0.696,12.1,70.0,196.0,0,5.13,885.074,87.0,0,85.0,6.14,87.0,0.6,7443.852,52619.0,3.5,3.4,0.696,12.1,8.422,0.001,
Suriname,2008,Developing,69.8,196.0,0,4.94,815.436,84.0,53.3,0,85.0,5.92,85.0,1.2,6858.163,515148.0,3.5,3.4,0.691,11.9,69.8,196.0,0,4.94,815.436,84.0,0,85.0,5.92,85.0,1.2,6858.163,515148.0,3.5,3.4,0.691,11.9,8.223,0.001,
Suriname,2007,Developing,69.5,22.0,0,4.72,685.03,84.0,52.6,0,84.0,5.92,84.0,0.8,5761.395,5975.0,3.5,3.4,0.684,11.7,69.5,22.0,0,4.72,685.03,84.0,0,84.0,5.92,84.0,0.8,5761.395,5975.0,3.5,3.4,0.684,11.7,8.003,0.001,
Suriname,2006,Developing,69.3,199.0,0,4.52,72.8,84.0,51.8,0,84.0,6.22,84.0,0.6,527.92,5437.0,3.5,3.4,0.678,11.5,69.3,199.0,0,4.52,72.8,84.0,0,84.0,6.22,84.0,0.6,527.92,5437.0,3.5,3.4,0.678,11.5,7.797,0.012,
Suriname,2005,Developing,68.9,25.0,0,4.47,418.921,83.0,51.1,0,84.0,6.78,83.0,0.6,3595.886,498946.0,3.5,3.4,0.672,11.3,68.9,25.0,0,4.47,418.921,83.0,0,84.0,6.78,83.0,0.6,3595.886,498946.0,3.5,3.4,0.672,11.3,7.594,0.002,
Suriname,2004,Developing,68.3,214.0,0,4.55,4.233,83.0,5.4,0,84.0,6.88,85.0,0.9,36.488,49363.0,3.5,3.5,0.0,11.1,68.3,214.0,0,4.55,4.233,83.0,0,84.0,6.88,85.0,0.9,36.488,49363.0,3.5,3.5,0.27,11.1,2.997,0.189,
Suriname,2003,Developing,68.0,223.0,0,4.53,32.366,83.0,49.7,0,74.0,6.62,75.0,1.0,263.14,488332.0,3.5,3.5,0.0,10.9,68.0,223.0,0,4.53,32.366,83.0,0,74.0,6.62,75.0,1.0,263.14,488332.0,3.5,3.5,0.27,10.9,2.943,0.025,
Suriname,2002,Developing,67.9,221.0,0,4.41,250.711,83.0,49.0,0,74.0,7.14,73.0,1.6,2232.513,48344.0,3.5,3.5,0.0,11.0,67.9,221.0,0,4.41,250.711,83.0,0,74.0,7.14,73.0,1.6,2232.513,48344.0,3.5,3.5,0.27,11.0,2.97,0.003,
Suriname,2001,Developing,67.7,219.0,0,4.23,191.214,83.0,48.3,0,65.0,8.38,68.0,1.8,1598.775,47774.0,3.6,3.5,0.0,11.0,67.7,219.0,0,4.23,191.214,83.0,0,65.0,8.38,68.0,1.8,1598.775,47774.0,3.6,3.5,0.27,11.0,2.97,0.005,
Suriname,2000,Developing,67.4,224.0,0,4.29,268.184,83.0,47.6,0,7.0,9.65,71.0,0.4,1888.618,47239.0,3.6,3.6,0.0,11.1,67.4,224.0,0,4.29,268.184,83.0,0,45.0,9.65,71.0,0.4,1888.618,47239.0,3.6,3.6,0.27,11.1,2.997,0.005,
Swaziland,2014,Developing,58.4,382.0,2,0.01,574.39,98.0,31.8,3,98.0,9.25,98.0,7.3,3464.352,129597.0,4.3,4.3,0.541,11.4,58.4,382.0,2,0.01,574.39,98.0,3,98.0,9.25,98.0,3.2,3464.352,129597.0,4.3,4.3,0.541,11.4,6.167,0.003,127.333
Swaziland,2013,Developing,57.6,393.0,2,0.01,708.956,98.0,31.2,3,98.0,9.66,98.0,9.8,3598.76,1271456.0,4.5,4.6,0.539,11.4,57.6,393.0,2,0.01,708.956,98.0,3,98.0,9.66,98.0,3.2,3598.76,1271456.0,4.5,4.6,0.539,11.4,6.145,0.003,131.0
Swaziland,2012,Developing,56.5,412.0,2,0.01,720.233,95.0,3.7,3,92.0,8.76,95.0,12.2,3851.515,1248158.0,4.8,4.9,0.534,11.3,56.5,412.0,2,0.01,720.233,95.0,3,92.0,8.76,95.0,3.2,3851.515,1248158.0,4.8,4.9,0.534,11.3,6.034,0.002,137.333
Swaziland,2011,Developing,55.0,438.0,2,5.2,735.709,91.0,3.2,3,85.0,8.61,91.0,15.7,3934.273,1225258.0,5.1,5.2,0.526,11.2,55.0,438.0,2,5.2,735.709,91.0,3,85.0,8.61,91.0,3.2,3934.273,1225258.0,5.1,5.2,0.526,11.2,5.891,0.002,146.0
Swaziland,2010,Developing,53.6,459.0,2,4.93,56.937,89.0,29.7,4,89.0,8.47,89.0,21.6,369.239,122843.0,5.4,5.6,0.523,11.0,53.6,459.0,2,4.93,56.937,89.0,4,89.0,8.47,89.0,3.2,369.239,122843.0,5.4,5.6,0.523,11.0,5.753,0.023,114.75
Swaziland,2009,Developing,52.6,46.0,3,4.9,47.616,88.0,29.3,4,89.0,8.46,88.0,33.7,332.517,118675.0,5.8,5.9,0.519,10.8,52.6,46.0,3,4.9,47.616,88.0,4,89.0,8.46,88.0,3.2,332.517,118675.0,5.8,5.9,0.519,10.8,5.605,0.025,11.5
Swaziland,2008,Developing,51.4,477.0,3,4.87,413.006,9.0,28.9,4,89.0,8.19,88.0,40.2,2842.438,1158897.0,6.1,6.3,0.514,10.6,51.4,477.0,3,4.87,413.006,18.0,4,89.0,8.19,88.0,3.2,2842.438,1158897.0,6.1,6.3,0.514,10.6,5.448,0.003,119.25
Swaziland,2007,Developing,50.0,51.0,3,5.55,43.366,92.0,28.5,4,88.0,7.5,87.0,40.7,347.488,1138434.0,6.5,6.7,0.508,10.5,50.0,51.0,3,5.55,43.366,92.0,4,88.0,7.5,87.0,3.2,347.488,1138434.0,6.5,6.7,0.508,10.5,5.334,0.022,12.75
Swaziland,2006,Developing,47.8,564.0,3,5.53,437.08,93.0,28.2,4,88.0,6.81,87.0,43.7,2937.367,112514.0,6.9,7.1,0.502,9.9,47.8,491.0,3,5.53,437.08,93.0,4,88.0,6.81,87.0,3.2,2937.367,112514.0,6.9,7.1,0.502,9.9,4.97,0.002,122.75
Swaziland,2005,Developing,46.0,63.0,3,5.08,372.165,95.0,27.8,4,88.0,6.8,86.0,49.1,2873.862,115873.0,7.3,7.5,0.495,9.7,46.0,63.0,3,5.08,372.165,95.0,4,88.0,6.8,86.0,3.2,2873.862,115873.0,7.3,7.5,0.495,9.7,4.802,0.002,15.75
Swaziland,2003,Developing,45.9,6.0,3,5.65,2.819,9.0,27.1,4,87.0,5.71,85.0,50.6,22.994,187392.0,8.2,8.4,0.493,9.1,45.9,6.0,3,5.65,2.819,18.0,4,87.0,5.71,85.0,3.2,22.994,187392.0,8.2,8.4,0.493,9.1,4.486,0.248,1.5
Swaziland,2002,Developing,46.4,587.0,3,5.52,131.042,88.0,26.7,4,87.0,5.16,85.0,49.9,1324.996,1893.0,8.6,8.8,0.502,9.2,46.4,491.0,3,5.52,131.042,88.0,4,87.0,5.16,85.0,3.2,1324.996,1893.0,8.6,8.8,0.502,9.2,4.618,0.004,122.75
Swaziland,2001,Developing,47.1,568.0,3,6.72,143.62,86.0,26.3,4,87.0,5.11,84.0,48.8,1437.635,172927.0,9.0,9.2,0.506,9.3,47.1,491.0,3,6.72,143.62,86.0,4,87.0,5.11,84.0,3.2,1437.635,172927.0,9.0,9.2,0.506,9.3,4.706,0.004,122.75
Swaziland,2000,Developing,48.4,536.0,3,7.19,25.217,83.0,25.9,4,87.0,5.26,84.0,46.4,1637.457,161468.0,9.4,9.6,0.516,9.4,48.4,491.0,3,7.19,25.217,83.0,4,87.0,5.26,84.0,3.2,1637.457,161468.0,9.4,9.6,0.516,9.4,4.85,0.003,122.75
Sweden,2014,Developed,82.3,54.0,0,7.3,1142.212,67.0,59.0,0,98.0,11.93,98.0,0.1,5918.199,969611.0,1.5,1.3,0.906,15.8,82.3,54.0,0,7.3,1109.855,67.0,0,98.0,11.79,98.0,0.1,5918.199,969611.0,1.5,1.3,0.906,15.8,14.315,0.002,
Sweden,2013,Developed,81.9,57.0,0,7.3,1212.666,67.0,58.5,0,98.0,11.97,98.0,0.1,6283.245,96379.0,1.4,1.3,0.904,15.8,81.9,57.0,0,7.3,1109.855,67.0,0,98.0,11.79,98.0,0.1,6283.245,96379.0,1.4,1.3,0.904,15.8,14.283,0.002,
Sweden,2012,Developed,81.7,57.0,0,7.4,10947.023,53.0,58.1,0,98.0,11.8,98.0,0.1,57134.777,9519374.0,1.4,1.3,0.903,15.8,81.7,57.0,0,7.4,1109.855,53.0,0,98.0,11.79,98.0,0.1,8787.614,9519374.0,1.4,1.3,0.903,15.8,14.267,0.0,
Sweden,2011,Developed,81.7,58.0,0,7.4,11477.667,42.0,57.7,0,98.0,11.7,98.0,0.1,59593.287,9449213.0,1.4,1.3,0.901,16.0,81.7,58.0,0,7.4,1109.855,42.0,0,98.0,11.7,98.0,0.1,8787.614,9449213.0,1.4,1.3,0.901,16.0,14.416,0.0,
Sweden,2010,Developed,81.5,58.0,0,7.2,778.248,42.0,57.3,0,98.0,9.47,98.0,0.1,5276.256,9378126.0,1.3,1.3,0.895,15.8,81.5,58.0,0,7.2,778.248,42.0,0,98.0,9.47,98.0,0.1,5276.256,9378126.0,1.3,1.3,0.895,15.8,14.141,0.002,
Sweden,2009,Developed,81.4,62.0,0,7.3,682.107,42.0,56.9,0,98.0,9.94,98.0,0.1,4627.592,9298515.0,1.3,1.3,0.898,15.8,81.4,62.0,0,7.3,682.107,42.0,0,98.0,9.94,98.0,0.1,4627.592,9298515.0,1.3,1.3,0.898,15.8,14.188,0.002,
Sweden,2008,Developed,81.1,62.0,0,6.9,8105.591,42.0,56.5,0,98.0,9.23,98.0,0.1,55746.842,9219637.0,1.3,1.3,0.897,15.7,81.1,62.0,0,6.9,1109.855,42.0,0,98.0,9.23,98.0,0.1,8787.614,9219637.0,1.3,1.3,0.897,15.7,14.083,0.0,
Sweden,2007,Developed,89.0,63.0,0,6.9,7593.392,42.0,56.1,0,98.0,8.92,98.0,0.1,53324.379,914892.0,1.3,1.3,0.895,15.8,89.0,63.0,0,6.9,1109.855,42.0,0,98.0,8.92,98.0,0.1,8787.614,914892.0,1.3,1.3,0.895,15.8,14.141,0.0,
Sweden,2006,Developed,88.0,64.0,0,6.5,6369.516,42.0,55.7,0,98.0,8.95,98.0,0.1,46256.472,9855.0,1.3,1.3,0.892,15.9,88.0,64.0,0,6.5,1109.855,42.0,0,98.0,8.95,98.0,0.1,8787.614,9855.0,1.3,1.3,0.892,15.9,14.183,0.0,
Sweden,2005,Developed,85.0,66.0,0,6.5,599.039,42.0,55.3,0,98.0,9.6,98.0,0.1,4385.353,929572.0,1.3,1.3,0.89,16.0,85.0,66.0,0,6.5,599.039,42.0,0,98.0,9.6,98.0,0.1,4385.353,929572.0,1.3,1.3,0.89,16.0,14.24,0.002,
Sweden,2004,Developed,83.0,7.0,0,6.6,5793.364,42.0,54.9,0,99.0,9.9,99.0,0.1,42442.224,8993531.0,1.3,1.3,0.888,16.0,83.0,7.0,0,6.6,1109.855,42.0,0,99.0,9.9,99.0,0.1,8787.614,8993531.0,1.3,1.3,0.888,16.0,14.208,0.0,
Sweden,2003,Developed,82.0,69.0,0,6.9,5067.411,42.0,54.4,0,99.0,9.31,99.0,0.1,36961.425,8958229.0,1.3,1.3,0.882,15.9,82.0,69.0,0,6.9,1109.855,42.0,0,99.0,9.31,99.0,0.1,8787.614,8958229.0,1.3,1.3,0.882,15.9,14.024,0.0,
Sweden,2002,Developed,79.9,71.0,0,6.9,3998.1,42.0,53.9,0,99.0,9.23,99.0,0.1,29571.745,8924958.0,1.3,1.3,0.88,15.9,79.9,71.0,0,6.9,1109.855,42.0,0,99.0,9.23,99.0,0.1,8787.614,8924958.0,1.3,1.3,0.88,15.9,13.992,0.0,
Sweden,2001,Developed,79.8,73.0,0,6.6,3554.546,42.0,53.4,0,99.0,8.86,99.0,0.1,26969.245,889596.0,1.3,1.3,0.877,15.9,79.8,73.0,0,6.6,1109.855,42.0,0,99.0,8.86,99.0,0.1,8787.614,889596.0,1.3,1.3,0.877,15.9,13.944,0.0,
Sweden,2000,Developed,79.6,73.0,0,6.2,3689.727,42.0,52.8,0,99.0,8.18,99.0,0.1,29283.55,887219.0,1.4,1.3,0.873,15.9,79.6,73.0,0,6.2,1109.855,42.0,0,99.0,8.18,99.0,0.1,8787.614,887219.0,1.4,1.3,0.873,15.9,13.881,0.0,
Syrian Arab Republic,2007,Developing,73.8,121.0,8,0.83,17.981,83.0,49.4,9,83.0,3.72,8.0,0.1,258.353,1963286.0,6.4,6.2,0.644,11.5,73.8,121.0,8,0.83,17.981,83.0,9,83.0,3.72,45.0,0.1,258.353,1963286.0,6.4,6.2,0.644,11.5,7.406,0.014,13.444
Syrian Arab Republic,2006,Developing,73.7,123.0,8,0.97,122.652,83.0,48.5,10,83.0,3.78,8.0,0.1,1762.246,18914977.0,6.4,6.3,0.636,11.4,73.7,123.0,8,0.97,122.652,83.0,10,83.0,3.78,45.0,0.1,1762.246,17153357.0,6.4,6.3,0.636,11.4,7.25,0.002,12.3
Syrian Arab Republic,2005,Developing,73.5,127.0,9,0.92,116.259,83.0,47.6,10,83.0,4.11,8.0,0.1,1577.457,18294611.0,6.5,6.3,0.624,11.0,73.5,127.0,9,0.92,116.259,83.0,10,83.0,4.11,45.0,0.1,1577.457,17153357.0,6.5,6.3,0.624,11.0,6.864,0.003,12.7
Syrian Arab Republic,2003,Developing,73.0,134.0,9,1.29,94.756,81.0,46.0,11,85.0,5.12,83.0,0.1,1253.391,17415266.0,6.6,6.4,0.599,10.3,73.0,134.0,9,1.29,94.756,81.0,11,85.0,5.12,83.0,0.1,1253.391,17153357.0,6.6,6.4,0.599,10.3,6.17,0.004,12.182
Syrian Arab Republic,2002,Developing,72.8,135.0,9,1.25,91.704,8.0,45.3,11,86.0,4.94,84.0,0.1,1263.135,178791.0,6.6,6.5,0.596,10.2,72.8,135.0,9,1.25,91.704,18.0,11,86.0,4.94,84.0,0.1,1263.135,178791.0,6.6,6.5,0.596,10.2,6.079,0.004,12.273
Syrian Arab Republic,2001,Developing,72.7,135.0,10,1.29,93.501,8.0,44.6,11,83.0,4.92,82.0,0.1,1258.422,16766899.0,6.7,6.5,0.589,10.1,72.7,135.0,10,1.29,93.501,18.0,11,83.0,4.92,82.0,0.1,1258.422,16766899.0,6.7,6.5,0.589,10.1,5.949,0.004,12.273
Syrian Arab Republic,2000,Developing,72.6,136.0,10,1.41,81.727,79.0,43.9,12,86.0,4.92,84.0,0.1,1177.629,1641848.0,6.8,6.6,0.588,10.0,72.6,136.0,10,1.41,81.727,79.0,12,86.0,4.92,84.0,0.1,1177.629,1641848.0,6.8,6.6,0.588,10.0,5.88,0.004,11.333
Tajikistan,2014,Developing,69.6,162.0,10,0.01,7.829,97.0,39.9,11,94.0,6.88,97.0,0.2,114.459,8362745.0,3.6,3.7,0.622,11.3,69.6,162.0,10,0.01,7.829,97.0,11,94.0,6.88,97.0,0.2,114.459,8362745.0,3.6,3.7,0.622,11.3,7.029,0.06,14.727
Tajikistan,2013,Developing,69.3,163.0,10,0.01,1.042,96.0,39.0,11,97.0,6.75,96.0,0.2,14.214,817789.0,3.6,3.7,0.617,11.2,69.3,163.0,10,0.01,1.042,96.0,11,97.0,6.75,96.0,0.2,14.214,817789.0,3.6,3.7,0.617,11.2,6.91,0.475,14.818
Tajikistan,2012,Developing,68.8,164.0,10,0.01,71.509,94.0,38.2,12,96.0,6.39,94.0,0.2,954.725,799562.0,3.6,3.7,0.613,11.1,68.8,164.0,10,0.01,71.509,94.0,12,96.0,6.39,94.0,0.2,954.725,799562.0,3.6,3.7,0.613,11.1,6.804,0.007,13.667
Tajikistan,2011,Developing,68.1,166.0,10,0.32,51.992,96.0,37.4,12,97.0,5.98,96.0,0.2,834.541,7815949.0,3.7,3.7,0.608,11.1,68.1,166.0,10,0.32,51.992,96.0,12,97.0,5.98,96.0,0.2,834.541,7815949.0,3.7,3.7,0.608,11.1,6.749,0.007,13.833
Tajikistan,2010,Developing,67.3,171.0,10,0.32,43.341,93.0,36.6,12,95.0,6.4,93.0,0.2,738.348,764163.0,3.7,3.8,0.603,11.1,67.3,171.0,10,0.32,43.341,93.0,12,95.0,6.4,93.0,0.2,738.348,764163.0,3.7,3.8,0.603,11.1,6.693,0.009,14.25
Tajikistan,2009,Developing,66.7,174.0,10,0.3,35.716,93.0,35.9,12,93.0,5.93,93.0,0.2,666.346,7472819.0,3.7,3.8,0.601,11.1,66.7,174.0,10,0.3,35.716,93.0,12,93.0,5.93,93.0,0.2,666.346,7472819.0,3.7,3.8,0.601,11.1,6.671,0.009,14.5
Tajikistan,2007,Developing,66.1,181.0,10,0.35,2.272,84.0,34.7,12,85.0,5.35,86.0,0.3,52.36,7152385.0,3.8,3.8,0.586,10.9,66.1,181.0,10,0.35,2.272,84.0,12,85.0,5.35,86.0,0.3,52.36,7152385.0,3.8,3.8,0.586,10.9,6.387,0.102,15.083
Tajikistan,2006,Developing,65.9,183.0,10,0.38,2.626,88.0,34.1,12,76.0,5.7,83.0,0.3,44.287,7557.0,3.8,3.9,0.579,10.7,65.9,183.0,10,0.38,2.626,88.0,12,76.0,5.7,83.0,0.3,44.287,7557.0,3.8,3.9,0.579,10.7,6.195,0.129,15.25
Tajikistan,2005,Developing,65.5,194.0,10,0.37,19.837,81.0,33.5,12,79.0,5.89,84.0,0.3,337.359,6854176.0,3.8,3.9,0.572,10.6,65.5,194.0,10,0.37,19.837,81.0,12,79.0,5.89,84.0,0.3,337.359,6854176.0,3.8,3.9,0.572,10.6,6.063,0.017,16.167
Tajikistan,2004,Developing,65.9,177.0,11,0.38,2.094,81.0,33.0,13,82.0,5.7,86.0,0.3,39.282,6712841.0,3.9,3.9,0.563,10.5,65.9,177.0,11,0.38,2.094,81.0,13,82.0,5.7,86.0,0.3,39.282,6712841.0,3.9,3.9,0.563,10.5,5.911,0.145,13.615
Tajikistan,2003,Developing,65.2,182.0,11,0.36,13.257,58.0,32.5,14,82.0,4.46,85.0,0.3,236.314,6576877.0,4.0,4.0,0.553,10.1,65.2,182.0,11,0.36,13.257,58.0,14,82.0,4.46,85.0,0.3,236.314,6576877.0,4.0,4.0,0.553,10.1,5.585,0.019,13.0
Tajikistan,2002,Developing,64.3,193.0,12,0.6,10.681,39.0,32.1,15,84.0,4.48,85.0,0.3,189.388,6447688.0,4.0,4.0,0.543,9.8,64.3,193.0,12,0.6,10.681,39.0,15,84.0,4.48,85.0,0.3,189.388,6447688.0,4.0,4.0,0.543,9.8,5.321,0.024,12.867
Tajikistan,2001,Developing,64.0,194.0,13,0.86,1.142,39.0,31.6,16,84.0,4.59,85.0,0.3,17.816,6327125.0,4.1,4.1,0.535,9.7,64.0,194.0,13,0.86,1.142,39.0,16,84.0,4.59,85.0,0.3,17.816,6327125.0,4.1,4.1,0.535,9.7,5.19,0.258,12.125
Tajikistan,2000,Developing,63.7,198.0,14,0.37,8.943,39.0,31.3,17,86.0,4.64,83.0,0.3,138.437,621625.0,4.2,4.1,0.529,9.6,63.7,198.0,14,0.37,8.943,39.0,17,86.0,4.64,83.0,0.3,138.437,621625.0,4.2,4.1,0.529,9.6,5.078,0.034,11.647
Thailand,2014,Developing,74.6,152.0,8,6.41,789.077,99.0,32.4,10,99.0,4.12,99.0,0.1,5941.847,68416772.0,7.8,7.8,0.737,13.6,74.6,152.0,8,6.41,789.077,99.0,10,99.0,4.12,99.0,0.1,5941.847,17153357.0,7.8,7.8,0.737,13.6,10.023,0.001,15.2
Thailand,2013,Developing,74.5,153.0,9,6.5,788.687,99.0,31.3,10,99.0,4.0,99.0,0.1,6171.262,6814365.0,7.9,7.9,0.733,13.6,74.5,153.0,9,6.5,788.687,99.0,10,99.0,4.0,99.0,0.1,6171.262,6814365.0,7.9,7.9,0.733,13.6,9.969,0.001,15.3
Thailand,2012,Developing,74.3,154.0,9,6.56,801.05,98.0,3.1,11,99.0,4.17,99.0,0.1,5859.916,67843979.0,8.0,8.1,0.729,13.7,74.3,154.0,9,6.56,801.05,98.0,11,99.0,4.17,99.0,0.1,5859.916,17153357.0,8.0,8.1,0.729,13.7,9.987,0.001,14.0
Thailand,2011,Developing,74.1,155.0,10,6.07,748.445,98.0,29.0,11,99.0,4.12,99.0,0.2,5491.16,675313.0,8.1,8.2,0.72,13.3,74.1,155.0,10,6.07,748.445,98.0,11,99.0,4.12,99.0,0.2,5491.16,675313.0,8.1,8.2,0.72,13.3,9.576,0.001,14.091
Thailand,2010,Developing,73.9,158.0,10,5.95,71.685,98.0,27.9,12,99.0,3.81,99.0,0.2,575.322,672888.0,8.2,8.3,0.711,13.1,73.9,158.0,10,5.95,71.685,98.0,12,99.0,3.81,99.0,0.2,575.322,672888.0,8.2,8.3,0.711,13.1,9.314,0.007,13.167
Thailand,2009,Developing,73.7,16.0,11,5.88,547.21,98.0,26.8,12,99.0,4.11,99.0,0.3,4212.549,66881867.0,8.3,8.5,0.706,13.0,73.7,16.0,11,5.88,547.21,98.0,12,99.0,4.11,99.0,0.3,4212.549,17153357.0,8.3,8.5,0.706,13.0,9.178,0.001,1.333
Thailand,2008,Developing,73.5,162.0,11,5.92,609.951,98.0,25.7,13,99.0,3.92,99.0,0.3,4378.687,6654576.0,8.5,8.6,0.7,12.9,73.5,162.0,11,5.92,609.951,98.0,13,99.0,3.92,99.0,0.3,4378.687,6654576.0,8.5,8.6,0.7,12.9,9.03,0.001,12.462
Thailand,2007,Developing,73.3,165.0,12,6.2,520.764,96.0,24.6,14,98.0,3.56,98.0,0.4,3972.265,66195615.0,8.6,8.8,0.687,12.3,73.3,165.0,12,6.2,520.764,96.0,14,98.0,3.56,98.0,0.4,3972.265,17153357.0,8.6,8.8,0.687,12.3,8.45,0.001,11.786
Thailand,2006,Developing,73.0,168.0,13,6.18,433.921,96.0,23.6,15,98.0,3.49,98.0,0.5,3368.953,65824164.0,8.7,8.9,0.686,12.4,73.0,168.0,13,6.18,433.921,96.0,15,98.0,3.49,98.0,0.5,3368.953,17153357.0,8.7,8.9,0.686,12.4,8.506,0.001,11.2
Thailand,2005,Developing,72.5,177.0,13,6.26,321.195,96.0,22.6,15,98.0,3.55,98.0,0.5,2893.651,6542547.0,8.9,9.1,0.682,12.0,72.5,177.0,13,6.26,321.195,96.0,15,98.0,3.55,98.0,0.5,2893.651,6542547.0,8.9,9.1,0.682,12.0,8.184,0.001,11.8
Thailand,2004,Developing,71.6,189.0,14,6.17,301.36,96.0,21.7,16,98.0,3.51,98.0,0.5,2659.839,652231.0,9.0,9.2,0.674,11.9,71.6,189.0,14,6.17,301.36,96.0,16,98.0,3.51,98.0,0.5,2659.839,652231.0,9.0,9.2,0.674,11.9,8.021,0.001,11.812
Thailand,2003,Developing,71.7,189.0,15,6.14,282.836,96.0,2.9,18,98.0,3.58,98.0,0.6,2358.936,64554952.0,9.1,9.3,0.666,11.8,71.7,189.0,15,6.14,282.836,96.0,18,98.0,3.58,98.0,0.6,2358.936,17153357.0,9.1,9.3,0.666,11.8,7.859,0.002,10.5
Thailand,2002,Developing,71.4,192.0,16,5.93,27.638,95.0,2.2,19,97.0,3.7,96.0,0.7,296.546,6473164.0,9.2,9.5,0.657,11.5,71.4,192.0,16,5.93,27.638,95.0,19,97.0,3.7,96.0,0.7,296.546,6473164.0,9.2,9.5,0.657,11.5,7.556,0.012,10.105
Thailand,2000,Developing,71.1,194.0,18,5.88,0.276,95.0,18.7,21,97.0,3.4,97.0,0.8,27.565,6295821.0,9.4,9.7,0.64,10.9,71.1,194.0,18,5.88,0.276,95.0,21,97.0,3.4,97.0,0.8,27.565,6295821.0,9.4,9.7,0.64,10.9,6.976,0.123,9.238
Timor-Leste,2014,Developing,68.0,155.0,2,0.01,28.146,77.0,17.0,2,76.0,1.48,77.0,0.1,1153.516,1212814.0,1.9,11.1,0.612,12.5,68.0,155.0,2,0.01,28.146,77.0,2,76.0,1.48,77.0,0.1,1153.516,1212814.0,1.9,11.1,0.612,12.5,7.65,0.001,77.5
Timor-Leste,2012,Developing,67.4,159.0,2,0.01,30.18,83.0,16.2,2,83.0,1.1,83.0,0.1,1117.777,115676.0,11.2,11.3,0.618,12.5,67.4,159.0,2,0.01,30.18,83.0,2,83.0,1.1,83.0,0.1,1117.777,115676.0,11.2,11.3,0.618,12.5,7.725,0.001,79.5
Timor-Leste,2011,Developing,67.2,161.0,2,0.5,2.727,67.0,15.8,3,66.0,0.76,67.0,0.1,114.562,1131523.0,11.3,11.4,0.607,12.5,67.2,161.0,2,0.5,2.727,67.0,3,66.0,0.76,67.0,0.1,114.562,1131523.0,11.3,11.4,0.607,12.5,7.587,0.007,53.667
Timor-Leste,2010,Developing,66.9,163.0,2,0.1,38.584,72.0,15.5,3,72.0,0.92,72.0,0.1,849.863,119591.0,11.5,11.5,0.599,12.4,66.9,163.0,2,0.1,38.584,72.0,3,72.0,0.92,72.0,0.1,849.863,119591.0,11.5,11.5,0.599,12.4,7.428,0.001,54.333
Timor-Leste,2009,Developing,66.6,165.0,2,0.09,36.199,72.0,15.1,3,78.0,1.2,72.0,0.1,757.311,19221.0,11.6,11.6,0.599,12.1,66.6,165.0,2,0.09,36.199,72.0,3,78.0,1.2,72.0,0.1,757.311,19221.0,11.6,11.6,0.599,12.1,7.248,0.002,55.0
Timor-Leste,2008,Developing,66.2,168.0,2,0.06,36.692,79.0,14.7,3,79.0,0.74,79.0,0.1,643.719,17811.0,11.7,11.7,0.566,11.7,66.2,168.0,2,0.06,36.692,79.0,3,79.0,0.74,79.0,0.1,643.719,17811.0,11.7,11.7,0.566,11.7,6.622,0.001,56.0
Timor-Leste,2007,Developing,65.8,173.0,2,0.05,11.758,79.0,14.2,3,7.0,0.37,7.0,0.1,524.896,164973.0,11.8,11.8,0.541,11.3,65.8,173.0,2,0.05,11.758,79.0,3,45.0,0.37,45.0,0.1,524.896,164973.0,11.8,11.8,0.541,11.3,6.113,0.001,57.667
Timor-Leste,2006,Developing,64.9,186.0,2,0.04,28.126,79.0,13.9,3,62.0,0.65,63.0,0.1,441.532,148621.0,11.9,11.9,0.511,11.0,64.9,186.0,2,0.04,28.126,79.0,3,62.0,0.65,63.0,0.1,441.532,148621.0,11.9,11.9,0.511,11.0,5.621,0.001,62.0
Timor-Leste,2005,Developing,63.7,26.0,3,0.36,7.127,79.0,13.5,3,55.0,1.5,55.0,0.1,478.332,126484.0,12.0,11.9,0.492,10.6,63.7,26.0,3,0.36,7.127,79.0,3,55.0,1.5,55.0,0.1,478.332,126484.0,12.0,11.9,0.492,10.6,5.215,0.003,8.667
Timor-Leste,2004,Developing,62.3,229.0,3,0.38,8.416,79.0,13.2,3,57.0,1.31,57.0,0.1,467.544,996698.0,12.0,12.0,0.484,10.2,62.3,229.0,3,0.38,8.416,79.0,3,57.0,1.31,57.0,0.1,467.544,996698.0,12.0,12.0,0.484,10.2,4.937,0.003,76.333
Timor-Leste,2003,Developing,61.0,25.0,3,0.44,46.391,79.0,12.9,4,55.0,2.48,55.0,0.1,471.457,96852.0,12.1,12.1,0.485,9.8,61.0,25.0,3,0.44,46.391,79.0,4,55.0,2.48,55.0,0.1,471.457,96852.0,12.1,12.1,0.485,9.8,4.753,0.005,6.25
Timor-Leste,2002,Developing,62.0,261.0,3,0.48,5.649,79.0,12.6,4,38.0,3.89,54.0,0.1,48.616,923825.0,12.1,12.1,0.475,9.8,62.0,261.0,3,0.48,5.649,79.0,4,45.0,3.89,54.0,0.1,48.616,923825.0,12.1,12.1,0.475,9.8,4.655,0.08,65.25
Timor-Leste,2001,Developing,59.4,269.0,3,0.5,6.557,79.0,12.3,4,38.0,3.75,54.0,0.1,56.425,892531.0,12.1,12.2,0.47,9.8,59.4,269.0,3,0.5,6.557,79.0,4,45.0,3.75,54.0,0.1,56.425,892531.0,12.1,12.2,0.47,9.8,4.606,0.066,67.25
Timor-Leste,2000,Developing,58.7,276.0,3,0.5,49.07,79.0,11.9,4,38.0,3.26,54.0,0.1,422.286,87167.0,12.2,12.2,0.0,0.0,58.7,276.0,3,0.5,49.07,79.0,4,45.0,3.26,54.0,0.1,422.286,87167.0,12.2,12.2,0.27,4.4,1.188,0.008,69.0
Togo,2014,Developing,59.7,285.0,13,0.01,4.877,87.0,23.7,20,85.0,5.25,87.0,1.0,62.132,7228915.0,6.6,6.4,0.475,12.0,59.7,285.0,13,0.01,4.877,87.0,20,85.0,5.25,87.0,1.0,62.132,7228915.0,6.6,6.4,0.475,12.0,5.7,0.084,14.25
Togo,2013,Developing,59.4,287.0,14,0.01,48.73,84.0,23.1,20,84.0,5.12,84.0,1.5,579.435,742948.0,6.8,6.6,0.47,12.0,59.4,287.0,14,0.01,48.73,84.0,20,84.0,5.12,84.0,1.5,579.435,742948.0,6.8,6.6,0.47,12.0,5.64,0.009,14.35
Togo,2012,Developing,58.9,294.0,14,0.01,41.6,84.0,22.6,21,84.0,5.11,84.0,1.7,563.689,6859482.0,7.0,6.8,0.464,12.0,58.9,294.0,14,0.01,41.6,84.0,21,84.0,5.11,84.0,1.7,563.689,6859482.0,7.0,6.8,0.464,12.0,5.568,0.009,14.0
Togo,2011,Developing,58.3,34.0,14,1.44,39.083,85.0,22.0,21,85.0,5.21,85.0,2.6,562.339,6679282.0,7.1,7.0,0.457,11.5,58.3,34.0,14,1.44,39.083,85.0,21,85.0,5.21,85.0,2.6,562.339,6679282.0,7.1,7.0,0.457,11.5,5.256,0.009,1.619
Togo,2010,Developing,57.4,323.0,14,1.21,41.961,83.0,21.4,21,83.0,5.37,83.0,3.8,487.924,652952.0,7.3,7.2,0.449,11.0,57.4,323.0,14,1.21,41.961,83.0,21,83.0,5.37,83.0,3.2,487.924,652952.0,7.3,7.2,0.449,11.0,4.939,0.011,15.381
Togo,2009,Developing,56.7,336.0,14,1.24,77.096,78.0,2.9,22,78.0,6.64,78.0,4.3,499.647,633472.0,7.5,7.4,0.442,10.6,56.7,336.0,14,1.24,77.096,78.0,22,78.0,6.64,78.0,3.2,499.647,633472.0,7.5,7.4,0.442,10.6,4.685,0.013,15.273
Togo,2008,Developing,56.2,344.0,14,1.33,69.359,24.0,2.4,22,8.0,5.73,81.0,4.8,513.392,6161796.0,7.7,7.6,0.441,10.1,56.2,344.0,14,1.33,69.359,24.0,22,45.0,5.73,81.0,3.2,513.392,6161796.0,7.7,7.6,0.441,10.1,4.454,0.011,15.636
Togo,2007,Developing,55.9,344.0,14,1.37,0.676,24.0,19.8,22,72.0,5.55,82.0,5.1,42.765,5997385.0,7.9,7.8,0.443,10.6,55.9,344.0,14,1.37,0.676,24.0,22,72.0,5.55,82.0,3.2,42.765,5997385.0,7.9,7.8,0.443,10.6,4.696,0.13,15.636
Togo,2006,Developing,55.7,345.0,15,1.37,6.226,24.0,19.3,22,85.0,5.56,84.0,5.0,377.336,5837792.0,8.1,8.0,0.436,10.2,55.7,345.0,15,1.37,6.226,24.0,22,85.0,5.56,84.0,3.2,377.336,5837792.0,8.1,8.0,0.436,10.2,4.447,0.015,15.682
Togo,2005,Developing,55.0,357.0,15,1.14,36.622,24.0,18.9,22,8.0,5.17,82.0,5.0,372.172,5683268.0,8.4,8.3,0.435,10.1,55.0,357.0,15,1.14,36.622,24.0,22,45.0,5.17,82.0,3.2,372.172,5683268.0,8.4,8.3,0.435,10.1,4.393,0.014,16.227
Togo,2004,Developing,54.9,355.0,15,1.01,3.99,24.0,18.4,22,71.0,5.6,71.0,5.1,349.994,5534598.0,8.6,8.5,0.432,10.0,54.9,355.0,15,1.01,3.99,24.0,22,71.0,5.6,71.0,3.2,349.994,5534598.0,8.6,8.5,0.432,10.0,4.32,0.016,16.136
Togo,2003,Developing,54.7,355.0,15,1.02,2.996,24.0,17.9,22,72.0,5.0,72.0,5.2,31.437,539141.0,8.8,8.7,0.428,9.9,54.7,355.0,15,1.02,2.996,24.0,22,72.0,5.0,72.0,3.2,31.437,539141.0,8.8,8.7,0.428,9.9,4.237,0.159,16.136
Togo,2002,Developing,54.7,351.0,15,1.0,1.995,24.0,17.5,22,58.0,4.7,59.0,5.3,28.832,5251472.0,9.0,8.9,0.428,9.7,54.7,351.0,15,1.0,1.995,24.0,22,58.0,4.7,59.0,3.2,28.832,5251472.0,9.0,8.9,0.428,9.7,4.152,0.163,15.955
Togo,2001,Developing,54.6,345.0,14,0.95,2.049,24.0,17.1,22,51.0,4.29,5.0,5.3,26.639,511177.0,9.2,9.1,0.426,9.4,54.6,345.0,14,0.95,2.049,24.0,22,51.0,4.29,45.0,3.2,26.639,511177.0,9.2,9.1,0.426,9.4,4.004,0.161,15.682
Togo,2000,Developing,54.6,339.0,14,1.1,2.03,24.0,16.6,22,63.0,4.35,64.0,5.1,26.393,497367.0,9.4,9.3,0.425,9.3,54.6,339.0,14,1.1,2.03,24.0,22,63.0,4.35,64.0,3.2,26.393,497367.0,9.4,9.3,0.425,9.3,3.952,0.165,15.409
Tonga,2014,Developing,73.3,135.0,0,0.01,565.967,8.0,74.8,0,82.0,5.18,8.0,0.1,4192.35,15782.0,0.1,0.1,0.716,14.3,73.3,135.0,0,0.01,565.967,18.0,0,82.0,5.18,45.0,0.1,4192.35,15782.0,0.1,0.1,0.716,14.3,10.239,0.001,
Tonga,2013,Developing,73.2,137.0,0,0.01,584.945,82.0,74.3,0,84.0,4.98,82.0,0.1,4266.557,15328.0,0.1,0.1,0.718,14.3,73.2,137.0,0,0.01,584.945,82.0,0,84.0,4.98,82.0,0.1,4266.557,15328.0,0.1,0.1,0.718,14.3,10.267,0.001,
Tonga,2012,Developing,73.0,138.0,0,0.01,63.803,77.0,73.8,0,79.0,4.51,77.0,0.1,451.542,14951.0,0.1,0.1,0.717,14.4,73.0,138.0,0,0.01,63.803,77.0,0,79.0,4.51,77.0,0.1,451.542,14951.0,0.1,0.1,0.717,14.4,10.325,0.01,
Tonga,2011,Developing,72.9,14.0,0,0.96,7.034,82.0,73.3,0,84.0,4.6,82.0,0.1,445.189,14577.0,0.1,0.1,0.712,14.4,72.9,14.0,0,0.96,7.034,82.0,0,84.0,4.6,82.0,0.1,445.189,14577.0,0.1,0.1,0.712,14.4,10.253,0.01,
Tonga,2010,Developing,72.8,142.0,0,1.24,471.831,82.0,72.7,0,84.0,4.59,82.0,0.1,3547.6,14137.0,0.1,0.1,0.707,14.4,72.8,142.0,0,1.24,471.831,82.0,0,84.0,4.59,82.0,0.1,3547.6,14137.0,0.1,0.1,0.707,14.4,10.181,0.001,
Tonga,2009,Developing,72.5,147.0,0,1.08,4.784,84.0,72.1,0,86.0,4.67,84.0,0.1,37.847,1364.0,0.1,0.1,0.703,14.5,72.5,147.0,0,1.08,4.784,84.0,0,86.0,4.67,84.0,0.1,37.847,1364.0,0.1,0.1,0.703,14.5,10.194,0.123,
Tonga,2008,Developing,72.6,145.0,0,1.1,569.626,84.0,71.5,0,88.0,5.13,86.0,0.1,3392.647,135.0,0.1,0.1,0.698,14.5,72.6,145.0,0,1.1,569.626,84.0,0,88.0,5.13,86.0,0.1,3392.647,135.0,0.1,0.1,0.698,14.5,10.121,0.002,
Tonga,2007,Developing,72.5,146.0,0,2.05,568.869,87.0,7.8,0,88.0,5.82,87.0,0.1,2932.316,12357.0,0.1,0.1,0.698,14.5,72.5,146.0,0,2.05,568.869,87.0,0,88.0,5.82,87.0,0.1,2932.316,12357.0,0.1,0.1,0.698,14.5,10.121,0.002,
Tonga,2006,Developing,72.4,148.0,0,1.79,503.588,89.0,7.1,0,89.0,5.61,88.0,0.1,2892.523,11689.0,0.1,0.1,0.695,14.6,72.4,148.0,0,1.79,503.588,89.0,0,89.0,5.61,88.0,0.1,2892.523,11689.0,0.1,0.1,0.695,14.6,10.147,0.002,
Tonga,2005,Developing,72.3,15.0,0,1.57,689.944,89.0,69.4,0,9.0,6.52,89.0,0.1,2594.75,1141.0,0.1,0.1,0.694,14.6,72.3,15.0,0,1.57,689.944,89.0,0,45.0,6.52,89.0,0.1,2594.75,1141.0,0.1,0.1,0.694,14.6,10.132,0.003,
Tonga,2004,Developing,72.2,151.0,0,1.8,423.295,9.0,68.6,0,91.0,4.87,9.0,0.1,2284.379,146.0,0.1,0.1,0.693,14.6,72.2,151.0,0,1.8,423.295,18.0,0,91.0,4.87,45.0,0.1,2284.379,146.0,0.1,0.1,0.693,14.6,10.118,0.002,
Tonga,2003,Developing,72.0,153.0,0,1.79,45.851,85.0,67.8,0,91.0,5.9,9.0,0.1,229.715,99789.0,0.1,0.1,0.683,13.7,72.0,153.0,0,1.79,45.851,85.0,0,91.0,5.9,45.0,0.1,229.715,99789.0,0.1,0.1,0.683,13.7,9.357,0.026,
Tonga,2002,Developing,71.9,155.0,0,1.51,310.82,88.0,67.0,0,85.0,5.3,84.0,0.1,1842.444,99184.0,0.1,0.1,0.679,13.5,71.9,155.0,0,1.51,310.82,88.0,0,85.0,5.3,84.0,0.1,1842.444,99184.0,0.1,0.1,0.679,13.5,9.167,0.003,
Tonga,2001,Developing,71.8,157.0,0,1.35,330.101,91.0,66.2,0,91.0,5.66,89.0,0.1,1837.977,98611.0,0.1,0.1,0.674,13.2,71.8,157.0,0,1.35,330.101,91.0,0,91.0,5.66,89.0,0.1,1837.977,98611.0,0.1,0.1,0.674,13.2,8.897,0.003,
Tonga,2000,Developing,71.6,158.0,0,1.24,40.491,93.0,65.5,0,91.0,4.75,91.0,0.1,263.272,9882.0,0.1,0.1,0.676,13.7,71.6,158.0,0,1.24,40.491,93.0,0,91.0,4.75,91.0,0.1,263.272,9882.0,0.1,0.1,0.676,13.7,9.261,0.018,
Trinidad and Tobago,2014,Developing,71.1,171.0,0,6.94,1578.872,92.0,46.0,0,94.0,5.93,92.0,0.3,19325.243,1354493.0,5.8,6.0,0.778,12.7,71.1,171.0,0,6.94,1109.855,92.0,0,94.0,5.93,92.0,0.3,8787.614,1354493.0,5.8,6.0,0.778,12.7,9.881,0.0,
Trinidad and Tobago,2013,Developing,71.0,172.0,0,6.71,167.266,92.0,45.0,0,94.0,5.98,92.0,0.3,1967.833,1348248.0,5.8,6.0,0.773,12.7,71.0,172.0,0,6.71,167.266,92.0,0,94.0,5.98,92.0,0.3,1967.833,1348248.0,5.8,6.0,0.773,12.7,9.817,0.003,
Trinidad and Tobago,2012,Developing,78.0,174.0,0,6.7,1486.236,92.0,44.0,0,91.0,5.78,92.0,0.4,19152.531,1341588.0,5.9,6.1,0.772,12.6,78.0,174.0,0,6.7,1109.855,92.0,0,91.0,5.78,92.0,0.4,8787.614,1341588.0,5.9,6.1,0.772,12.6,9.727,0.0,
Trinidad and Tobago,2011,Developing,76.0,176.0,0,6.5,144.985,9.0,43.0,0,91.0,5.6,9.0,0.4,1953.977,1334788.0,5.9,6.2,0.774,12.6,76.0,176.0,0,6.5,144.985,18.0,0,91.0,5.6,45.0,0.4,1953.977,1334788.0,5.9,6.2,0.774,12.6,9.752,0.003,
Trinidad and Tobago,2010,Developing,74.0,179.0,0,6.5,1389.773,9.0,42.0,0,91.0,5.29,9.0,0.4,16683.946,13281.0,5.9,6.3,0.772,12.5,74.0,179.0,0,6.5,1109.855,18.0,0,91.0,5.29,45.0,0.4,8787.614,13281.0,5.9,6.3,0.772,12.5,9.65,0.0,
Trinidad and Tobago,2009,Developing,71.0,183.0,0,6.37,128.09,9.0,41.1,0,9.0,6.47,9.0,0.2,1458.88,1321618.0,6.0,6.4,0.773,12.5,71.0,183.0,0,6.37,128.09,18.0,0,45.0,6.47,45.0,0.2,1458.88,1321618.0,6.0,6.4,0.773,12.5,9.662,0.004,
Trinidad and Tobago,2008,Developing,69.9,185.0,0,6.41,1902.693,9.0,4.2,0,91.0,4.4,9.0,0.3,21188.119,1315372.0,6.1,6.4,0.767,12.4,69.9,185.0,0,6.41,1109.855,18.0,0,91.0,4.4,45.0,0.3,8787.614,1315372.0,6.1,6.4,0.767,12.4,9.511,0.0,
Trinidad and Tobago,2007,Developing,69.7,187.0,0,6.37,136.884,89.0,39.3,0,9.0,4.82,88.0,0.7,1653.184,13926.0,6.1,6.5,0.76,12.4,69.7,187.0,0,6.37,136.884,89.0,0,45.0,4.82,88.0,0.7,1653.184,13926.0,6.1,6.5,0.76,12.4,9.424,0.003,
Trinidad and Tobago,2006,Developing,69.6,188.0,0,6.35,103.371,89.0,38.4,0,89.0,4.49,92.0,0.6,1495.963,133144.0,6.2,6.6,0.751,12.3,69.6,188.0,0,6.35,103.371,89.0,0,89.0,4.49,92.0,0.6,1495.963,133144.0,6.2,6.6,0.751,12.3,9.237,0.003,
Trinidad and Tobago,2005,Developing,69.5,189.0,0,6.12,1187.949,95.0,37.6,0,95.0,5.31,95.0,0.5,12323.128,1296934.0,6.3,6.7,0.745,12.3,69.5,189.0,0,6.12,1109.855,95.0,0,95.0,5.31,95.0,0.5,8787.614,1296934.0,6.3,6.7,0.745,12.3,9.164,0.0,
Trinidad and Tobago,2004,Developing,69.4,19.0,0,5.82,11.851,94.0,36.8,0,94.0,5.22,94.0,1.0,129.519,129535.0,6.3,6.8,0.736,12.2,69.4,19.0,0,5.82,11.851,94.0,0,94.0,5.22,94.0,1.0,129.519,129535.0,6.3,6.8,0.736,12.2,8.979,0.04,
Trinidad and Tobago,2003,Developing,69.3,191.0,0,5.53,78.722,76.0,36.0,1,91.0,5.13,91.0,0.5,884.519,128452.0,6.4,6.9,0.729,12.0,69.3,191.0,0,5.53,78.722,76.0,1,91.0,5.13,91.0,0.5,884.519,128452.0,6.4,6.9,0.729,12.0,8.748,0.006,191.0
Trinidad and Tobago,2002,Developing,69.2,192.0,0,5.12,72.039,5.0,35.2,1,96.0,5.0,96.0,2.0,749.627,1277837.0,6.5,7.0,0.721,11.9,69.2,192.0,0,5.12,72.039,18.0,1,96.0,5.0,96.0,2.0,749.627,1277837.0,6.5,7.0,0.721,11.9,8.58,0.007,192.0
Trinidad and Tobago,2001,Developing,69.1,194.0,0,4.55,516.711,5.0,34.4,1,91.0,4.4,91.0,1.2,6935.721,127238.0,6.6,7.1,0.715,11.8,69.1,194.0,0,4.55,516.711,18.0,1,91.0,4.4,91.0,1.2,6935.721,127238.0,6.6,7.1,0.715,11.8,8.437,0.001,194.0
Trinidad and Tobago,2000,Developing,69.1,197.0,0,4.68,43.595,5.0,33.6,1,9.0,4.17,9.0,0.9,643.947,1267984.0,6.7,7.2,0.709,11.7,69.1,197.0,0,4.68,43.595,18.0,1,45.0,4.17,45.0,0.9,643.947,1267984.0,6.7,7.2,0.709,11.7,8.295,0.006,197.0
Tunisia,2014,Developing,75.1,12.0,3,1.39,604.87,98.0,6.2,3,98.0,7.0,98.0,0.1,4271.682,1114398.0,6.5,6.4,0.722,14.7,75.1,12.0,3,1.39,604.87,98.0,3,98.0,7.0,98.0,0.1,4271.682,1114398.0,6.5,6.4,0.722,14.7,10.613,0.002,4.0
Tunisia,2013,Developing,74.9,13.0,3,1.29,594.645,98.0,59.3,3,98.0,7.26,98.0,0.1,4199.473,1114558.0,6.4,6.3,0.72,14.7,74.9,13.0,3,1.29,594.645,98.0,3,98.0,7.26,98.0,0.1,4199.473,1114558.0,6.4,6.3,0.72,14.7,10.584,0.002,4.333
Tunisia,2012,Developing,74.9,13.0,3,1.3,585.878,97.0,58.3,3,97.0,7.18,97.0,0.1,4137.554,1886668.0,6.4,6.3,0.717,14.6,74.9,13.0,3,1.3,585.878,97.0,3,97.0,7.18,97.0,0.1,4137.554,1886668.0,6.4,6.3,0.717,14.6,10.468,0.002,4.333
Tunisia,2011,Developing,74.8,13.0,3,1.29,623.212,98.0,57.4,3,98.0,7.15,98.0,0.1,4256.913,1761467.0,6.4,6.3,0.714,14.5,74.8,13.0,3,1.29,623.212,98.0,3,98.0,7.15,98.0,0.1,4256.913,1761467.0,6.4,6.3,0.714,14.5,10.353,0.002,4.333
Tunisia,2010,Developing,74.8,12.0,3,1.28,64.856,98.0,56.5,3,98.0,6.54,98.0,0.1,414.152,1639931.0,6.3,6.3,0.71,14.4,74.8,12.0,3,1.28,64.856,98.0,3,98.0,6.54,98.0,0.1,414.152,1639931.0,6.3,6.3,0.71,14.4,10.224,0.016,4.0
Tunisia,2009,Developing,74.7,12.0,3,1.4,585.631,99.0,55.6,3,99.0,6.18,99.0,0.1,4129.977,1521834.0,6.3,6.3,0.706,14.4,74.7,12.0,3,1.4,585.631,99.0,3,99.0,6.18,99.0,0.1,4129.977,1521834.0,6.3,6.3,0.706,14.4,10.166,0.001,4.0
Tunisia,2008,Developing,74.7,12.0,3,1.37,53.085,99.0,54.7,3,99.0,5.63,99.0,0.1,431.933,147336.0,6.3,6.3,0.701,14.3,74.7,12.0,3,1.37,53.085,99.0,3,99.0,5.63,99.0,0.1,431.933,147336.0,6.3,6.3,0.701,14.3,10.024,0.013,4.0
Tunisia,2007,Developing,74.6,12.0,3,1.24,469.628,98.0,53.9,4,98.0,5.64,98.0,0.1,3778.184,129887.0,6.3,6.3,0.695,14.3,74.6,12.0,3,1.24,469.628,98.0,4,98.0,5.64,98.0,0.1,3778.184,129887.0,6.3,6.3,0.695,14.3,9.938,0.001,3.0
Tunisia,2006,Developing,74.4,12.0,3,1.46,420.115,99.0,53.1,4,99.0,5.64,99.0,0.1,3371.712,1196136.0,6.3,6.3,0.689,14.2,74.4,12.0,3,1.46,420.115,99.0,4,99.0,5.64,99.0,0.1,3371.712,1196136.0,6.3,6.3,0.689,14.2,9.784,0.002,3.0
Tunisia,2005,Developing,74.2,14.0,3,1.37,379.514,97.0,52.2,4,98.0,5.57,98.0,0.1,3194.562,112482.0,6.4,6.3,0.683,13.9,74.2,14.0,3,1.37,379.514,97.0,4,98.0,5.57,98.0,0.1,3194.562,112482.0,6.4,6.3,0.683,13.9,9.494,0.002,3.5
Tunisia,2004,Developing,74.0,15.0,3,1.36,379.766,96.0,51.4,4,97.0,5.63,97.0,0.1,3112.835,11761.0,6.4,6.3,0.673,13.6,74.0,15.0,3,1.36,379.766,96.0,4,97.0,5.63,97.0,0.1,3112.835,11761.0,6.4,6.3,0.673,13.6,9.153,0.002,3.75
Tunisia,2003,Developing,73.7,17.0,4,1.34,321.769,92.0,5.6,4,95.0,5.36,95.0,0.1,2761.969,9939678.0,6.4,6.3,0.667,13.5,73.7,17.0,4,1.34,321.769,92.0,4,95.0,5.36,95.0,0.1,2761.969,9939678.0,6.4,6.3,0.667,13.5,9.004,0.002,4.25
Tunisia,2002,Developing,73.5,19.0,4,1.17,262.818,93.0,49.7,5,96.0,5.32,96.0,0.1,2346.594,9864326.0,6.5,6.4,0.662,13.3,73.5,19.0,4,1.17,262.818,93.0,5,96.0,5.32,96.0,0.1,2346.594,9864326.0,6.5,6.4,0.662,13.3,8.805,0.002,3.8
Tunisia,2001,Developing,73.2,11.0,4,1.19,257.288,94.0,48.9,5,98.0,5.29,98.0,0.1,2254.933,978571.0,6.5,6.4,0.654,13.1,73.2,11.0,4,1.19,257.288,94.0,5,98.0,5.29,98.0,0.1,2254.933,978571.0,6.5,6.4,0.654,13.1,8.567,0.002,2.2
Tunisia,2000,Developing,72.9,112.0,4,1.21,264.784,94.0,48.1,5,97.0,5.4,97.0,0.1,2213.915,9699197.0,6.6,6.5,0.646,12.8,72.9,112.0,4,1.21,264.784,94.0,5,97.0,5.4,97.0,0.1,2213.915,9699197.0,6.6,6.5,0.646,12.8,8.269,0.002,22.4
Turkey,2014,Developing,75.5,17.0,16,1.45,181.908,96.0,65.3,19,96.0,5.41,96.0,0.1,12127.225,773628.0,4.9,4.7,0.759,14.5,75.5,17.0,16,1.45,181.908,96.0,19,96.0,5.41,96.0,0.1,8787.614,773628.0,4.9,4.7,0.759,14.5,11.006,0.0,0.895
Turkey,2013,Developing,75.2,19.0,17,1.41,188.144,97.0,64.5,20,98.0,5.38,98.0,0.1,12542.936,75787333.0,4.9,4.7,0.754,14.4,75.2,19.0,17,1.41,188.144,97.0,20,98.0,5.38,98.0,0.1,8787.614,17153357.0,4.9,4.7,0.754,14.4,10.858,0.0,0.95
Turkey,2012,Developing,74.8,112.0,19,1.54,20.751,97.0,63.7,22,97.0,5.24,97.0,0.1,1172.384,74569867.0,4.9,4.7,0.75,14.3,74.8,112.0,19,1.54,20.751,97.0,22,97.0,5.24,97.0,0.1,1172.384,17153357.0,4.9,4.7,0.75,14.3,10.725,0.004,5.091
Turkey,2011,Developing,74.5,114.0,20,1.53,1275.878,96.0,62.8,23,97.0,5.29,97.0,0.1,11341.134,7349455.0,4.9,4.7,0.737,13.8,74.5,114.0,20,1.53,1109.855,96.0,23,97.0,5.29,97.0,0.1,8787.614,7349455.0,4.9,4.7,0.737,13.8,10.171,0.0,4.957
Turkey,2010,Developing,74.2,116.0,21,1.49,32.782,96.0,61.9,25,97.0,5.61,97.0,0.1,1672.569,72326914.0,4.9,4.7,0.715,13.0,74.2,116.0,21,1.49,32.782,96.0,25,97.0,5.61,97.0,0.1,1672.569,17153357.0,4.9,4.7,0.715,13.0,9.295,0.003,4.64
Turkey,2009,Developing,73.9,118.0,23,1.4,106.948,94.0,61.1,27,96.0,6.8,96.0,0.1,936.5,71339185.0,4.9,4.8,0.709,12.5,73.9,118.0,23,1.4,106.948,94.0,27,96.0,6.8,96.0,0.1,936.5,17153357.0,4.9,4.8,0.709,12.5,8.862,0.007,4.37
Turkey,2008,Developing,73.5,121.0,25,1.39,22.673,92.0,6.2,29,96.0,6.7,96.0,0.1,185.69,74432.0,5.0,4.8,0.705,12.5,73.5,121.0,25,1.39,22.673,92.0,29,96.0,6.7,96.0,0.1,185.69,74432.0,5.0,4.8,0.705,12.5,8.812,0.036,4.172
Turkey,2007,Developing,73.2,124.0,26,1.26,115.58,96.0,59.3,31,96.0,6.4,96.0,0.1,979.492,69597281.0,5.0,4.8,0.697,12.3,73.2,124.0,26,1.26,115.58,96.0,31,96.0,6.4,96.0,0.1,979.492,17153357.0,5.0,4.8,0.697,12.3,8.573,0.007,4.0
Turkey,2006,Developing,72.8,126.0,28,1.29,103.524,82.0,58.5,34,9.0,5.81,9.0,0.1,834.869,6876345.0,5.0,4.8,0.687,11.9,72.8,126.0,28,1.29,103.524,82.0,34,45.0,5.81,45.0,0.1,834.869,6876345.0,5.0,4.8,0.687,11.9,8.175,0.007,3.706
Turkey,2005,Developing,72.4,129.0,30,1.29,832.955,85.0,57.6,36,9.0,5.45,9.0,0.1,7384.355,679346.0,5.0,4.9,0.681,11.9,72.4,129.0,30,1.29,832.955,85.0,36,45.0,5.45,45.0,0.1,7384.355,679346.0,5.0,4.9,0.681,11.9,8.104,0.001,3.583
Turkey,2004,Developing,72.0,132.0,33,1.35,1.133,77.0,56.8,39,85.0,5.37,85.0,0.1,64.73,677855.0,5.1,4.9,0.675,12.0,72.0,132.0,33,1.35,1.133,77.0,39,85.0,5.37,85.0,0.1,64.73,677855.0,5.1,4.9,0.675,12.0,8.1,0.083,3.385
Turkey,2003,Developing,71.6,135.0,35,1.42,459.111,68.0,55.9,43,69.0,5.34,68.0,0.1,4718.513,668583.0,5.1,5.0,0.668,11.9,71.6,135.0,35,1.42,459.111,68.0,43,69.0,5.34,68.0,0.1,4718.513,668583.0,5.1,5.0,0.668,11.9,7.949,0.001,3.14
Turkey,2002,Developing,71.2,138.0,38,1.47,35.557,72.0,55.1,46,78.0,5.36,78.0,0.1,366.57,6514354.0,5.2,5.0,0.658,11.5,71.2,138.0,38,1.47,35.557,72.0,46,78.0,5.36,78.0,0.1,366.57,6514354.0,5.2,5.0,0.658,11.5,7.567,0.015,3.0
Turkey,2001,Developing,78.0,14.0,41,1.49,256.434,77.0,54.3,50,88.0,5.16,88.0,0.1,3119.637,64191474.0,5.2,5.1,0.653,11.1,78.0,14.0,41,1.49,256.434,77.0,50,88.0,5.16,88.0,0.1,3119.637,17153357.0,5.2,5.1,0.653,11.1,7.248,0.002,0.28
Turkey,2000,Developing,74.0,143.0,44,1.54,421.296,71.0,53.5,54,85.0,4.95,85.0,0.1,4316.554,6324121.0,5.3,5.2,0.641,10.7,74.0,143.0,44,1.54,421.296,71.0,54,85.0,4.95,85.0,0.1,4316.554,6324121.0,5.3,5.2,0.641,10.7,6.859,0.001,2.648
Turkmenistan,2014,Developing,66.0,217.0,7,2.9,691.133,97.0,47.7,8,98.0,2.7,98.0,0.1,7962.366,5466241.0,3.3,3.3,0.683,10.8,66.0,217.0,7,2.9,691.133,97.0,8,98.0,2.7,98.0,0.1,7962.366,5466241.0,3.3,3.3,0.683,10.8,7.376,0.0,27.125
Turkmenistan,2013,Developing,65.4,228.0,7,2.93,63.748,98.0,46.7,8,98.0,2.12,98.0,0.1,734.425,5366277.0,3.2,3.3,0.678,10.7,65.4,228.0,7,2.93,63.748,98.0,8,98.0,2.12,98.0,0.1,734.425,5366277.0,3.2,3.3,0.678,10.7,7.255,0.003,28.5
Turkmenistan,2012,Developing,65.6,22.0,7,2.75,579.413,98.0,45.9,8,98.0,1.96,97.0,0.1,6675.263,5267839.0,3.2,3.3,0.672,10.7,65.6,22.0,7,2.75,579.413,98.0,8,98.0,1.96,97.0,0.1,6675.263,5267839.0,3.2,3.3,0.672,10.7,7.19,0.0,2.75
Turkmenistan,2011,Developing,65.6,217.0,7,2.55,490.418,97.0,45.0,8,97.0,1.98,97.0,0.1,5649.978,517461.0,3.2,3.3,0.665,10.6,65.6,217.0,7,2.55,490.418,97.0,8,97.0,1.98,97.0,0.1,5649.978,517461.0,3.2,3.3,0.665,10.6,7.049,0.0,27.125
Turkmenistan,2010,Developing,65.8,211.0,7,2.48,385.325,96.0,44.2,8,96.0,1.99,96.0,0.1,4439.23,58721.0,3.2,3.3,0.0,10.6,65.8,211.0,7,2.48,385.325,96.0,8,96.0,1.99,96.0,0.1,4439.23,58721.0,3.2,3.3,0.27,10.6,2.862,0.0,26.375
Turkmenistan,2009,Developing,65.6,215.0,6,2.35,37.885,97.0,43.4,8,97.0,1.88,96.0,0.1,436.459,5795.0,3.2,3.3,0.0,10.5,65.6,215.0,6,2.35,37.885,97.0,8,97.0,1.88,96.0,0.1,436.459,5795.0,3.2,3.3,0.27,10.5,2.835,0.004,26.875
Turkmenistan,2008,Developing,64.5,235.0,6,2.4,34.24,96.0,42.7,8,96.0,1.93,96.0,0.1,394.468,4935762.0,3.2,3.3,0.0,10.5,64.5,235.0,6,2.4,34.24,96.0,8,96.0,1.93,96.0,0.1,394.468,4935762.0,3.2,3.3,0.27,10.5,2.835,0.005,29.375
Turkmenistan,2007,Developing,64.1,241.0,6,2.58,0.359,98.0,42.0,8,98.0,2.16,98.0,0.1,26.371,487137.0,3.3,3.3,0.0,10.4,64.1,241.0,6,2.58,0.359,98.0,8,98.0,2.16,98.0,0.1,26.371,487137.0,3.3,3.3,0.27,10.4,2.808,0.082,30.125
Turkmenistan,2006,Developing,63.7,245.0,6,2.71,29.272,98.0,41.3,8,98.0,2.9,98.0,0.1,2136.668,48115.0,3.3,3.3,0.0,10.4,63.7,245.0,6,2.71,29.272,98.0,8,98.0,2.9,98.0,0.1,2136.668,48115.0,3.3,3.3,0.27,10.4,2.808,0.001,30.625
Turkmenistan,2005,Developing,63.3,248.0,6,2.85,2.199,99.0,4.7,8,99.0,3.51,99.0,0.1,174.515,4754641.0,3.4,3.4,0.0,10.3,63.3,248.0,6,2.85,2.199,99.0,8,99.0,3.51,99.0,0.1,174.515,4754641.0,3.4,3.4,0.27,10.3,2.781,0.02,31.0
Turkmenistan,2004,Developing,63.5,238.0,6,2.86,186.101,96.0,4.0,8,98.0,4.3,97.0,0.1,1453.917,473398.0,3.4,3.4,0.0,10.3,63.5,238.0,6,2.86,186.101,96.0,8,98.0,4.3,97.0,0.1,1453.917,473398.0,3.4,3.4,0.27,10.3,2.781,0.003,29.75
Turkmenistan,2003,Developing,63.4,231.0,7,2.88,179.616,97.0,39.4,8,66.0,3.85,83.0,0.1,1283.886,4655741.0,3.5,3.4,0.0,10.3,63.4,231.0,7,2.88,179.616,97.0,8,66.0,3.85,83.0,0.1,1283.886,4655741.0,3.5,3.4,0.27,10.3,2.781,0.003,28.875
Turkmenistan,2002,Developing,63.3,229.0,7,2.33,130.378,96.0,38.7,8,99.0,3.34,98.0,0.1,967.917,4612.0,3.5,3.5,0.0,10.2,63.3,229.0,7,2.33,130.378,96.0,8,99.0,3.34,98.0,0.1,967.917,4612.0,3.5,3.5,0.27,10.2,2.754,0.003,28.625
Turkmenistan,2000,Developing,63.8,224.0,7,2.9,88.244,96.0,37.5,9,98.0,3.94,97.0,0.1,643.175,4516131.0,3.6,3.6,0.0,0.0,63.8,224.0,7,2.9,88.244,96.0,9,98.0,3.94,97.0,0.1,643.175,4516131.0,3.6,3.6,0.27,4.4,1.188,0.006,24.889
Uganda,2014,Developing,61.5,38.0,68,0.01,14.168,78.0,18.1,97,82.0,7.22,78.0,3.2,719.173,38833338.0,5.7,5.6,0.483,10.0,61.5,38.0,64,0.01,14.168,78.0,87,82.0,7.22,78.0,3.2,719.173,17153357.0,5.7,5.6,0.483,10.0,4.83,0.01,0.437
Uganda,2013,Developing,67.0,325.0,71,0.01,90.761,78.0,17.6,103,82.0,7.47,78.0,4.0,662.492,37553726.0,5.7,5.7,0.478,10.0,67.0,325.0,64,0.01,90.761,78.0,87,82.0,7.47,78.0,3.2,662.492,17153357.0,5.7,5.7,0.478,10.0,4.78,0.011,3.736
Uganda,2012,Developing,60.0,339.0,73,0.01,92.887,78.0,17.2,109,82.0,7.58,78.0,4.6,647.747,3636796.0,5.8,5.8,0.477,10.0,60.0,339.0,64,0.01,92.887,78.0,87,82.0,7.58,78.0,3.2,647.747,3636796.0,5.8,5.8,0.477,10.0,4.77,0.012,3.897
Uganda,2011,Developing,59.3,347.0,76,10.22,94.497,82.0,16.7,114,82.0,9.9,82.0,6.8,584.396,3593648.0,5.9,5.9,0.477,10.7,59.3,347.0,64,10.22,94.497,82.0,87,82.0,9.9,82.0,3.2,584.396,3593648.0,5.9,5.9,0.477,10.7,5.104,0.017,3.989
Uganda,2010,Developing,58.4,362.0,79,10.03,116.203,8.0,16.3,119,79.0,11.2,8.0,8.0,594.997,33915133.0,6.0,6.0,0.473,10.9,58.4,362.0,64,10.03,116.203,18.0,87,79.0,11.2,45.0,3.2,594.997,17153357.0,6.0,6.0,0.473,10.9,5.156,0.019,4.161
Uganda,2009,Developing,57.5,378.0,82,9.63,87.045,79.0,15.9,124,78.0,8.43,79.0,8.1,647.177,32771895.0,6.1,6.1,0.464,10.8,57.5,378.0,64,9.63,87.045,79.0,87,78.0,8.43,79.0,3.2,647.177,17153357.0,6.1,6.1,0.464,10.8,5.011,0.013,4.345
Uganda,2008,Developing,56.3,41.0,84,9.79,72.85,71.0,15.6,130,69.0,9.1,71.0,8.2,449.693,31663896.0,6.2,6.2,0.453,10.6,56.3,41.0,64,9.79,72.85,71.0,87,69.0,9.1,71.0,3.2,449.693,17153357.0,6.2,6.2,0.453,10.6,4.802,0.02,0.471
Uganda,2007,Developing,55.5,41.0,88,9.65,6.003,73.0,15.2,137,7.0,9.76,73.0,8.4,41.859,359487.0,6.3,6.3,0.442,10.3,55.5,41.0,64,9.65,6.003,73.0,87,45.0,9.76,73.0,3.2,41.859,359487.0,6.3,6.3,0.442,10.3,4.553,0.233,0.471
Uganda,2006,Developing,54.9,41.0,93,9.81,50.839,64.0,14.8,145,62.0,9.86,64.0,8.6,336.459,2955662.0,6.4,6.4,0.434,10.6,54.9,41.0,64,9.81,50.839,64.0,87,62.0,9.86,64.0,3.2,336.459,2955662.0,6.4,6.4,0.434,10.6,4.6,0.029,0.471
Uganda,2005,Developing,53.2,446.0,99,10.09,44.526,64.0,14.5,155,59.0,9.36,64.0,8.7,315.788,2854394.0,6.5,6.5,0.429,10.9,53.2,446.0,64,10.09,44.526,64.0,87,59.0,9.36,64.0,3.2,315.788,2854394.0,6.5,6.5,0.429,10.9,4.676,0.03,5.126
Uganda,2004,Developing,51.3,485.0,104,9.89,36.606,62.0,14.2,164,58.0,8.9,62.0,8.9,288.237,27568436.0,6.6,6.6,0.427,11.6,51.3,485.0,64,9.89,36.606,62.0,87,58.0,8.9,62.0,3.2,288.237,17153357.0,6.6,6.6,0.427,11.6,4.953,0.031,5.575
Uganda,2003,Developing,51.0,53.0,109,10.16,4.427,44.0,13.9,173,57.0,7.54,59.0,9.4,238.0,2662482.0,6.7,6.7,0.418,11.5,51.0,53.0,64,10.16,4.427,44.0,87,57.0,7.54,59.0,3.2,238.0,2662482.0,6.7,6.7,0.418,11.5,4.807,0.032,0.609
Uganda,2002,Developing,48.8,523.0,112,10.42,2.691,29.0,13.6,181,57.0,7.78,57.0,10.0,24.242,2571848.0,6.8,6.8,0.404,11.0,48.8,491.0,64,10.42,2.691,29.0,87,57.0,7.78,57.0,3.2,24.242,2571848.0,6.8,6.8,0.404,11.0,4.444,0.321,5.644
Uganda,2001,Developing,47.7,539.0,115,10.57,26.976,29.0,13.3,187,56.0,7.26,55.0,10.8,234.985,24854892.0,6.9,6.9,0.396,10.8,47.7,491.0,64,10.57,26.976,29.0,87,56.0,7.26,55.0,3.2,234.985,17153357.0,6.9,6.9,0.396,10.8,4.277,0.031,5.644
Uganda,2000,Developing,46.6,554.0,116,10.47,22.594,29.0,13.0,191,55.0,6.77,52.0,11.6,257.634,2439274.0,7.0,7.0,0.382,9.8,46.6,491.0,64,10.47,22.594,29.0,87,55.0,6.77,52.0,3.2,257.634,2439274.0,7.0,7.0,0.382,9.8,3.744,0.026,5.644
Ukraine,2014,Developing,78.0,23.0,4,8.06,5.664,22.0,6.7,5,45.0,7.1,23.0,0.2,314.658,45271947.0,2.3,2.4,0.746,15.2,78.0,23.0,4,8.06,5.664,22.0,5,45.0,7.1,45.0,0.2,314.658,17153357.0,2.3,2.4,0.746,15.2,11.339,0.023,4.6
Ukraine,2013,Developing,71.0,198.0,4,8.44,52.425,46.0,6.1,5,72.0,7.67,76.0,0.2,429.716,454896.0,2.3,2.4,0.744,15.2,71.0,198.0,4,8.44,52.425,46.0,5,72.0,7.67,76.0,0.2,429.716,454896.0,2.3,2.4,0.744,15.2,11.309,0.018,39.6
Ukraine,2012,Developing,77.0,25.0,5,8.44,453.783,46.0,59.6,5,72.0,7.47,76.0,0.2,3855.421,455933.0,2.4,2.4,0.739,15.1,77.0,25.0,5,8.44,453.783,46.0,5,72.0,7.47,76.0,0.2,3855.421,455933.0,2.4,2.4,0.739,15.1,11.159,0.002,5.0
Ukraine,2011,Developing,75.0,24.0,5,8.48,415.163,21.0,59.0,5,54.0,6.98,5.0,0.2,3569.757,45761.0,2.4,2.5,0.734,14.9,75.0,24.0,5,8.48,415.163,21.0,5,54.0,6.98,45.0,0.2,3569.757,45761.0,2.4,2.5,0.734,14.9,10.937,0.002,4.8
Ukraine,2010,Developing,69.8,212.0,5,8.39,375.684,48.0,58.5,6,57.0,7.81,52.0,0.2,2965.142,45877.0,2.4,2.5,0.728,14.9,69.8,212.0,5,8.39,375.684,48.0,6,57.0,7.81,52.0,0.2,2965.142,45877.0,2.4,2.5,0.728,14.9,10.847,0.003,35.333
Ukraine,2009,Developing,69.2,231.0,5,8.71,324.549,66.0,58.0,6,74.0,7.8,71.0,0.3,2545.483,46533.0,2.5,2.6,0.734,14.9,69.2,231.0,5,8.71,324.549,66.0,6,74.0,7.8,71.0,0.3,2545.483,46533.0,2.5,2.6,0.734,14.9,10.937,0.003,38.5
Ukraine,2008,Developing,67.7,273.0,5,9.46,456.459,84.0,57.6,6,91.0,6.63,9.0,0.4,3891.378,462582.0,2.5,2.6,0.73,14.9,67.7,273.0,5,9.46,456.459,84.0,6,91.0,6.63,45.0,0.4,3891.378,462582.0,2.5,2.6,0.73,14.9,10.877,0.002,45.5
Ukraine,2007,Developing,67.5,277.0,5,8.86,46.197,92.0,57.2,6,98.0,6.36,98.0,0.7,368.69,465935.0,2.5,2.7,0.723,14.8,67.5,277.0,5,8.86,46.197,92.0,6,98.0,6.36,98.0,0.7,368.69,465935.0,2.5,2.7,0.723,14.8,10.7,0.017,46.167
Ukraine,2006,Developing,67.7,267.0,5,7.99,29.382,96.0,56.8,6,99.0,6.39,98.0,0.8,233.188,4678775.0,2.6,2.7,0.716,14.7,67.7,267.0,5,7.99,29.382,96.0,6,99.0,6.39,98.0,0.8,233.188,4678775.0,2.6,2.7,0.716,14.7,10.525,0.027,44.5
Ukraine,2005,Developing,67.0,278.0,5,7.31,217.435,97.0,56.4,6,95.0,6.41,96.0,0.9,1828.718,471515.0,2.7,2.8,0.707,14.5,67.0,278.0,5,7.31,217.435,97.0,6,95.0,6.41,96.0,0.9,1828.718,471515.0,2.7,2.8,0.707,14.5,10.252,0.004,46.333
Ukraine,2004,Developing,67.4,267.0,5,6.79,180.354,98.0,56.1,6,99.0,6.61,99.0,1.0,1367.352,474516.0,2.7,2.8,0.7,14.6,67.4,267.0,5,6.79,180.354,98.0,6,99.0,6.61,99.0,1.0,1367.352,474516.0,2.7,2.8,0.7,14.6,10.22,0.005,44.5
Ukraine,2002,Developing,67.6,256.0,6,4.89,115.739,48.0,55.4,7,99.0,6.25,99.0,0.9,879.475,48225.0,2.9,3.0,0.683,13.9,67.6,256.0,6,4.89,115.739,48.0,7,99.0,6.25,99.0,0.9,879.475,48225.0,2.9,3.0,0.683,13.9,9.494,0.007,36.571
Ukraine,2001,Developing,67.7,253.0,6,4.31,8.897,7.0,55.1,7,99.0,5.66,99.0,0.8,78.738,48683865.0,2.9,3.0,0.673,13.2,67.7,253.0,6,4.31,8.897,18.0,7,99.0,5.66,99.0,0.8,78.738,17153357.0,2.9,3.0,0.673,13.2,8.884,0.072,36.143
Ukraine,2000,Developing,67.5,257.0,6,4.49,7.884,4.0,54.8,8,99.0,5.59,99.0,0.7,635.79,49175848.0,3.0,3.1,0.669,13.3,67.5,257.0,6,4.49,7.884,18.0,8,99.0,5.59,99.0,0.7,635.79,17153357.0,3.0,3.1,0.669,13.3,8.898,0.009,32.125
Uruguay,2014,Developing,76.8,117.0,0,6.03,463.64,95.0,63.4,0,95.0,8.58,95.0,0.1,16737.898,3419546.0,1.5,1.4,0.791,15.5,76.8,117.0,0,6.03,463.64,95.0,0,95.0,8.58,95.0,0.1,8787.614,3419546.0,1.5,1.4,0.791,15.5,12.26,0.001,
Uruguay,2013,Developing,76.8,117.0,0,5.82,482.804,94.0,62.9,0,94.0,8.68,94.0,0.1,16881.257,3485.0,1.5,1.4,0.788,15.5,76.8,117.0,0,5.82,482.804,94.0,0,94.0,8.68,94.0,0.1,8787.614,3485.0,1.5,1.4,0.788,15.5,12.214,0.001,
Uruguay,2012,Developing,76.5,118.0,0,5.77,339.719,95.0,62.3,0,95.0,8.74,95.0,0.1,1592.682,3396777.0,1.5,1.5,0.784,15.5,76.5,118.0,0,5.77,339.719,95.0,0,95.0,8.74,95.0,0.1,1592.682,3396777.0,1.5,1.5,0.784,15.5,12.152,0.005,
Uruguay,2011,Developing,77.0,111.0,0,5.97,417.912,95.0,61.8,1,95.0,8.55,95.0,0.1,14166.5,3385624.0,1.5,1.5,0.78,15.5,77.0,111.0,0,5.97,417.912,95.0,1,95.0,8.55,95.0,0.1,8787.614,3385624.0,1.5,1.5,0.78,15.5,12.09,0.001,111.0
Uruguay,2010,Developing,76.3,118.0,0,6.21,2331.533,95.0,61.2,1,95.0,8.63,95.0,0.1,11938.212,3374415.0,1.5,1.5,0.777,15.6,76.3,118.0,0,6.21,1109.855,95.0,1,95.0,8.63,95.0,0.1,8787.614,3374415.0,1.5,1.5,0.777,15.6,12.121,0.001,118.0
Uruguay,2009,Developing,76.6,118.0,0,6.67,1871.737,95.0,6.7,1,95.0,8.78,95.0,0.1,9415.174,3362755.0,1.5,1.5,0.774,15.5,76.6,118.0,0,6.67,1109.855,95.0,1,95.0,8.78,95.0,0.1,8787.614,3362755.0,1.5,1.5,0.774,15.5,11.997,0.001,118.0
Uruguay,2008,Developing,76.4,119.0,1,6.76,24.731,94.0,6.1,1,94.0,8.17,94.0,0.1,962.312,335824.0,1.6,1.5,0.77,15.7,76.4,119.0,1,6.76,24.731,94.0,1,94.0,8.17,94.0,0.1,962.312,335824.0,1.6,1.5,0.77,15.7,12.089,0.008,119.0
Uruguay,2007,Developing,75.4,124.0,1,6.67,14.473,94.0,59.5,1,94.0,8.23,94.0,0.1,79.697,3339741.0,1.6,1.5,0.76,15.3,75.4,124.0,1,6.67,14.473,94.0,1,94.0,8.23,94.0,0.1,79.697,3339741.0,1.6,1.5,0.76,15.3,11.628,0.103,124.0
Uruguay,2006,Developing,76.2,117.0,1,6.58,1712.226,95.0,58.9,1,95.0,11.17,95.0,0.1,5877.877,333143.0,1.6,1.6,0.756,15.2,76.2,117.0,1,6.58,1109.855,95.0,1,95.0,11.17,95.0,0.1,5877.877,333143.0,1.6,1.6,0.756,15.2,11.491,0.002,117.0
Uruguay,2005,Developing,75.7,123.0,1,6.35,152.545,96.0,58.3,1,96.0,11.15,96.0,0.1,522.951,3325612.0,1.6,1.6,0.753,15.5,75.7,123.0,1,6.35,152.545,96.0,1,96.0,11.15,96.0,0.1,522.951,3325612.0,1.6,1.6,0.753,15.5,11.672,0.021,123.0
Uruguay,2004,Developing,75.4,122.0,1,5.66,882.356,94.0,57.7,1,95.0,11.59,94.0,0.1,4117.389,332496.0,1.7,1.6,0.75,15.5,75.4,122.0,1,5.66,882.356,94.0,1,95.0,11.59,94.0,0.1,4117.389,332496.0,1.7,1.6,0.75,15.5,11.625,0.003,122.0
Uruguay,2003,Developing,75.4,121.0,1,5.11,160.84,91.0,57.0,1,91.0,6.52,91.0,0.1,3622.523,3325637.0,1.7,1.6,0.747,15.0,75.4,121.0,1,5.11,160.84,91.0,1,91.0,6.52,91.0,0.1,3622.523,3325637.0,1.7,1.6,0.747,15.0,11.205,0.002,121.0
Uruguay,2002,Developing,75.4,124.0,1,5.86,27.469,95.0,56.3,1,93.0,7.18,95.0,0.1,488.769,3327773.0,1.7,1.7,0.746,14.7,75.4,124.0,1,5.86,27.469,95.0,1,93.0,7.18,95.0,0.1,488.769,3327773.0,1.7,1.7,0.746,14.7,10.966,0.015,124.0
Uruguay,2001,Developing,75.2,123.0,1,6.48,421.48,94.0,55.7,1,94.0,7.46,94.0,0.1,6281.377,332713.0,1.8,1.7,0.742,14.2,75.2,123.0,1,6.48,421.48,94.0,1,94.0,7.46,94.0,0.1,6281.377,332713.0,1.8,1.7,0.742,14.2,10.536,0.001,123.0
Uruguay,2000,Developing,75.1,131.0,1,6.65,645.958,92.0,55.0,1,92.0,7.82,9.0,0.1,6871.898,3321245.0,1.8,1.7,0.738,14.0,75.1,131.0,1,6.65,645.958,92.0,1,92.0,7.82,45.0,0.1,6871.898,3321245.0,1.8,1.7,0.738,14.0,10.332,0.001,131.0
Uzbekistan,2014,Developing,69.2,184.0,16,0.01,0.443,99.0,43.9,18,99.0,5.84,99.0,0.1,25.448,37577.0,3.0,3.1,0.69,12.1,69.2,184.0,16,0.01,0.443,99.0,18,99.0,5.84,99.0,0.1,25.448,37577.0,3.0,3.1,0.69,12.1,8.349,0.229,10.222
Uzbekistan,2013,Developing,69.1,185.0,17,0.01,19.162,99.0,43.0,19,99.0,6.32,99.0,0.1,197.551,32432.0,3.0,3.1,0.681,12.0,69.1,185.0,17,0.01,19.162,99.0,19,99.0,6.32,99.0,0.1,197.551,32432.0,3.0,3.1,0.681,12.0,8.172,0.032,9.737
Uzbekistan,2011,Developing,68.5,183.0,19,2.83,140.691,99.0,41.4,22,99.0,5.65,99.0,0.1,1564.967,293394.0,3.0,3.1,0.664,12.0,68.5,183.0,19,2.83,140.691,99.0,22,99.0,5.65,99.0,0.1,1564.967,293394.0,3.0,3.1,0.664,12.0,7.968,0.004,8.318
Uzbekistan,2010,Developing,68.3,183.0,20,2.73,119.457,99.0,4.7,23,99.0,5.34,99.0,0.2,1377.821,285624.0,3.0,3.1,0.657,11.9,68.3,183.0,20,2.73,119.457,99.0,23,99.0,5.34,99.0,0.2,1377.821,285624.0,3.0,3.1,0.657,11.9,7.818,0.004,7.957
Uzbekistan,2009,Developing,68.0,183.0,21,2.56,92.815,98.0,4.0,24,99.0,6.31,98.0,0.2,1213.265,277674.0,3.1,3.1,0.651,11.8,68.0,183.0,21,2.56,92.815,98.0,24,99.0,6.31,98.0,0.2,1213.265,277674.0,3.1,3.1,0.651,11.8,7.682,0.005,7.625
Uzbekistan,2008,Developing,67.9,184.0,22,2.36,13.89,91.0,39.3,25,98.0,5.92,98.0,0.3,182.286,27328.0,3.1,3.1,0.644,11.9,67.9,184.0,22,2.36,13.89,91.0,25,98.0,5.92,98.0,0.3,182.286,27328.0,3.1,3.1,0.644,11.9,7.664,0.032,7.36
Uzbekistan,2007,Developing,67.8,184.0,22,2.15,9.291,99.0,38.7,26,98.0,5.81,96.0,0.3,83.477,26868.0,3.1,3.1,0.631,11.8,67.8,184.0,22,2.15,9.291,99.0,26,98.0,5.81,96.0,0.3,83.477,26868.0,3.1,3.1,0.631,11.8,7.446,0.07,7.077
Uzbekistan,2006,Developing,67.6,185.0,23,1.96,77.271,98.0,38.1,27,94.0,5.49,96.0,0.4,654.284,2648825.0,3.2,3.2,0.626,11.8,67.6,185.0,23,1.96,77.271,98.0,27,94.0,5.49,96.0,0.4,654.284,2648825.0,3.2,3.2,0.626,11.8,7.387,0.008,6.852
Uzbekistan,2005,Developing,67.3,192.0,24,1.78,40.133,99.0,37.5,28,99.0,5.11,99.0,0.3,546.777,26167.0,3.2,3.2,0.62,11.7,67.3,192.0,24,1.78,40.133,99.0,28,99.0,5.11,99.0,0.3,546.777,26167.0,3.2,3.2,0.62,11.7,7.254,0.009,6.857
Uzbekistan,2004,Developing,67.8,183.0,24,1.59,34.419,99.0,37.0,29,99.0,5.11,99.0,0.3,465.12,2586435.0,3.2,3.2,0.613,11.6,67.8,183.0,24,1.59,34.419,99.0,29,99.0,5.11,99.0,0.3,465.12,2586435.0,3.2,3.2,0.613,11.6,7.111,0.011,6.31
Uzbekistan,2003,Developing,67.2,183.0,25,1.54,28.521,99.0,36.4,30,99.0,5.17,98.0,0.3,396.13,2556765.0,3.3,3.3,0.607,11.3,67.2,183.0,25,1.54,28.521,99.0,30,99.0,5.17,98.0,0.3,396.13,2556765.0,3.3,3.3,0.607,11.3,6.859,0.013,6.1
Uzbekistan,2002,Developing,67.1,186.0,27,1.47,24.994,62.0,35.9,32,99.0,5.44,99.0,0.2,383.349,2527185.0,3.3,3.3,0.6,11.0,67.1,186.0,27,1.47,24.994,62.0,32,99.0,5.44,99.0,0.2,383.349,2527185.0,3.3,3.3,0.6,11.0,6.6,0.014,5.812
Uzbekistan,2001,Developing,67.4,185.0,28,1.53,43.664,62.0,35.3,34,99.0,5.28,99.0,0.2,456.735,2496445.0,3.4,3.3,0.594,10.7,67.4,185.0,28,1.53,43.664,62.0,34,99.0,5.28,99.0,0.2,456.735,2496445.0,3.4,3.3,0.594,10.7,6.356,0.012,5.441
Uzbekistan,2000,Developing,67.1,189.0,30,1.6,48.509,62.0,34.8,36,99.0,5.29,99.0,0.1,558.221,24654.0,3.4,3.4,0.0,10.6,67.1,189.0,30,1.6,48.509,62.0,36,99.0,5.29,99.0,0.1,558.221,24654.0,3.4,3.4,0.27,10.6,2.862,0.009,5.25
Vanuatu,2014,Developing,71.7,134.0,0,0.01,564.817,64.0,52.5,0,65.0,5.2,64.0,0.1,3148.365,25885.0,1.5,1.4,0.596,10.8,71.7,134.0,0,0.01,564.817,64.0,0,65.0,5.2,64.0,0.1,3148.365,25885.0,1.5,1.4,0.596,10.8,6.437,0.002,
Vanuatu,2013,Developing,71.6,135.0,0,0.01,447.546,64.0,51.7,0,65.0,3.92,64.0,0.1,3167.344,253142.0,1.5,1.4,0.591,10.8,71.6,135.0,0,0.01,447.546,64.0,0,65.0,3.92,64.0,0.1,3167.344,253142.0,1.5,1.4,0.591,10.8,6.383,0.001,
Vanuatu,2012,Developing,71.4,138.0,0,0.01,427.989,64.0,5.8,0,65.0,3.7,64.0,0.1,3158.587,247485.0,1.5,1.4,0.592,10.8,71.4,138.0,0,0.01,427.989,64.0,0,65.0,3.7,64.0,0.1,3158.587,247485.0,1.5,1.4,0.592,10.8,6.394,0.001,
Vanuatu,2011,Developing,71.2,141.0,0,0.85,457.973,63.0,49.9,0,65.0,3.85,65.0,0.1,3275.917,241871.0,1.5,1.4,0.591,10.8,71.2,141.0,0,0.85,457.973,63.0,0,65.0,3.85,65.0,0.1,3275.917,241871.0,1.5,1.4,0.591,10.8,6.383,0.001,
Vanuatu,2010,Developing,71.0,145.0,0,0.91,471.863,62.0,49.1,0,66.0,4.71,65.0,0.1,2965.824,236295.0,1.5,1.4,0.59,10.8,71.0,145.0,0,0.91,471.863,62.0,0,66.0,4.71,65.0,0.1,2965.824,236295.0,1.5,1.4,0.59,10.8,6.372,0.002,
Vanuatu,2009,Developing,78.0,149.0,0,0.83,361.094,62.0,48.2,0,66.0,3.9,66.0,0.1,2643.441,23785.0,1.5,1.5,0.589,10.7,78.0,149.0,0,0.83,361.094,62.0,0,66.0,3.9,66.0,0.1,2643.441,23785.0,1.5,1.5,0.589,10.7,6.302,0.001,
Vanuatu,2008,Developing,75.0,153.0,0,1.18,345.339,61.0,47.4,0,66.0,3.66,67.0,0.1,2697.961,22534.0,1.5,1.5,0.582,10.7,75.0,153.0,0,1.18,345.339,61.0,0,66.0,3.66,67.0,0.1,2697.961,22534.0,1.5,1.5,0.582,10.7,6.227,0.001,
Vanuatu,2006,Developing,71.0,161.0,0,1.0,43.198,59.0,45.7,0,67.0,3.96,68.0,0.1,247.978,214634.0,1.6,1.5,0.572,10.6,71.0,161.0,0,1.0,43.198,59.0,0,67.0,3.96,68.0,0.1,247.978,214634.0,1.6,1.5,0.572,10.6,6.063,0.016,
Vanuatu,2005,Developing,69.9,165.0,0,0.88,337.294,61.0,44.9,0,67.0,3.87,68.0,0.1,1886.433,2937.0,1.6,1.5,0.0,10.6,69.9,165.0,0,0.88,337.294,61.0,0,67.0,3.87,68.0,0.1,1886.433,2937.0,1.6,1.5,0.27,10.6,2.862,0.002,
Vanuatu,2004,Developing,69.6,169.0,0,0.85,334.167,63.0,44.1,0,67.0,4.12,69.0,0.1,1787.947,24143.0,1.6,1.5,0.0,10.7,69.6,169.0,0,0.85,334.167,63.0,0,67.0,4.12,69.0,0.1,1787.947,24143.0,1.6,1.5,0.27,10.7,2.889,0.002,
Vanuatu,2002,Developing,69.3,176.0,0,1.24,171.137,66.0,42.6,0,67.0,3.52,7.0,0.1,1353.935,193956.0,1.7,1.6,0.0,10.2,69.3,176.0,0,1.24,171.137,66.0,0,67.0,3.52,45.0,0.1,1353.935,193956.0,1.7,1.6,0.27,10.2,2.754,0.003,
Vanuatu,2001,Developing,69.1,179.0,0,0.91,163.105,68.0,41.9,0,67.0,3.37,7.0,0.1,1362.617,18929.0,1.7,1.6,0.0,10.1,69.1,179.0,0,0.91,163.105,68.0,0,67.0,3.37,45.0,0.1,1362.617,18929.0,1.7,1.6,0.27,10.1,2.727,0.002,
Vanuatu,2000,Developing,69.0,18.0,0,1.21,21.901,7.0,41.1,0,67.0,3.28,71.0,0.1,1469.849,18563.0,1.7,1.7,0.0,9.6,69.0,18.0,0,1.21,21.901,18.0,0,67.0,3.28,71.0,0.1,1469.849,18563.0,1.7,1.7,0.27,9.6,2.592,0.002,
Zambia,2014,Developing,61.1,314.0,28,0.01,196.668,86.0,22.8,41,78.0,4.99,86.0,4.3,1738.882,1562974.0,6.3,6.2,0.57,12.5,61.1,314.0,28,0.01,196.668,86.0,41,78.0,4.99,86.0,3.2,1738.882,1562974.0,6.3,6.2,0.57,12.5,7.125,0.003,7.659
Zambia,2013,Developing,63.0,328.0,29,2.41,20.623,79.0,22.3,42,74.0,4.99,79.0,4.8,185.793,1515321.0,6.4,6.2,0.565,12.5,63.0,328.0,29,2.41,20.623,79.0,42,74.0,4.99,79.0,3.2,185.793,1515321.0,6.4,6.2,0.565,12.5,7.062,0.027,7.81
Zambia,2012,Developing,59.2,349.0,29,2.59,196.915,78.0,21.7,43,7.0,4.91,78.0,5.6,1734.936,14699937.0,6.5,6.3,0.554,12.3,59.2,349.0,29,2.59,196.915,78.0,43,45.0,4.91,78.0,3.2,1734.936,14699937.0,6.5,6.3,0.554,12.3,6.814,0.003,8.116
Zambia,2011,Developing,58.2,366.0,29,2.57,183.046,81.0,21.2,44,83.0,4.26,81.0,6.3,1644.62,14264756.0,6.6,6.4,0.543,12.0,58.2,366.0,29,2.57,183.046,81.0,44,83.0,4.26,81.0,3.2,1644.62,14264756.0,6.6,6.4,0.543,12.0,6.516,0.003,8.318
Zambia,2010,Developing,58.0,363.0,30,2.47,184.365,83.0,2.7,45,8.0,4.41,83.0,6.8,1463.214,138533.0,6.7,6.5,0.533,11.8,58.0,363.0,30,2.47,184.365,83.0,45,45.0,4.41,83.0,3.2,1463.214,138533.0,6.7,6.5,0.533,11.8,6.289,0.003,8.067
Zambia,2009,Developing,57.4,368.0,30,2.3,143.87,94.0,2.2,47,93.0,4.73,94.0,9.1,1139.112,13456417.0,6.7,6.6,0.518,11.6,57.4,368.0,30,2.3,143.87,94.0,47,93.0,4.73,94.0,3.2,1139.112,13456417.0,6.7,6.6,0.518,11.6,6.009,0.004,7.83
Zambia,2008,Developing,55.7,45.0,31,2.12,153.678,87.0,19.7,49,9.0,4.87,87.0,11.9,1369.682,1382517.0,6.8,6.7,0.504,11.4,55.7,45.0,31,2.12,153.678,87.0,49,45.0,4.87,87.0,3.2,1369.682,1382517.0,6.8,6.7,0.504,11.4,5.746,0.004,0.918
Zambia,2007,Developing,52.6,487.0,32,2.08,10.851,8.0,19.2,51,77.0,4.37,8.0,13.6,114.588,12725974.0,6.9,6.8,0.492,11.1,52.6,487.0,32,2.08,10.851,18.0,51,77.0,4.37,45.0,3.2,114.588,12725974.0,6.9,6.8,0.492,11.1,5.461,0.038,9.549
Zambia,2006,Developing,58.0,526.0,33,2.25,1.86,81.0,18.8,52,83.0,6.11,81.0,15.9,13.154,12383446.0,7.0,6.9,0.479,10.9,58.0,491.0,33,2.25,1.86,81.0,52,83.0,6.11,81.0,3.2,13.154,12383446.0,7.0,6.9,0.479,10.9,5.221,0.464,9.442
Zambia,2005,Developing,49.3,554.0,34,2.33,121.879,82.0,18.4,55,84.0,7.56,82.0,17.0,691.318,1252156.0,7.1,7.0,0.467,10.7,49.3,491.0,34,2.33,121.879,82.0,55,84.0,7.56,82.0,3.2,691.318,1252156.0,7.1,7.0,0.467,10.7,4.997,0.011,8.927
Zambia,2004,Developing,47.9,578.0,36,2.46,8.37,82.0,18.0,59,84.0,7.33,83.0,17.6,53.277,11731746.0,7.2,7.1,0.456,10.5,47.9,491.0,36,2.46,8.37,82.0,59,84.0,7.33,83.0,3.2,53.277,11731746.0,7.2,7.1,0.456,10.5,4.788,0.138,8.322
Zambia,2003,Developing,46.4,64.0,39,2.33,65.79,82.0,17.6,62,85.0,8.18,83.0,18.2,429.158,11421984.0,7.3,7.2,0.443,10.2,46.4,64.0,39,2.33,65.79,82.0,62,85.0,8.18,83.0,3.2,429.158,11421984.0,7.3,7.2,0.443,10.2,4.519,0.019,1.032
Zambia,2002,Developing,45.5,69.0,41,2.44,54.043,82.0,17.3,66,85.0,6.93,84.0,18.4,377.135,111249.0,7.4,7.3,0.433,10.0,45.5,69.0,41,2.44,54.043,82.0,66,85.0,6.93,84.0,3.2,377.135,111249.0,7.4,7.3,0.433,10.0,4.33,0.018,1.045
Zambia,2001,Developing,44.6,611.0,43,2.61,46.83,82.0,17.1,70,86.0,6.56,85.0,18.6,378.274,1824125.0,7.4,7.4,0.424,9.8,45.3,491.0,43,2.61,46.83,82.0,70,86.0,6.56,85.0,3.2,378.274,1824125.0,7.4,7.4,0.424,9.8,4.155,0.017,7.014
Zambia,2000,Developing,43.8,614.0,44,2.62,45.617,82.0,16.8,72,85.0,7.16,85.0,18.7,341.956,1531221.0,7.5,7.5,0.418,9.6,45.3,491.0,44,2.62,45.617,82.0,72,85.0,7.16,85.0,3.2,341.956,1531221.0,7.5,7.5,0.418,9.6,4.013,0.021,6.819
Zimbabwe,2014,Developing,59.2,371.0,23,6.5,10.823,91.0,31.3,34,92.0,6.44,91.0,6.3,127.475,15411675.0,5.9,5.7,0.498,10.3,59.2,371.0,23,6.5,10.823,91.0,34,92.0,6.44,91.0,3.2,127.475,15411675.0,5.9,5.7,0.498,10.3,5.129,0.051,10.912
Zimbabwe,2013,Developing,58.0,399.0,25,6.39,10.667,95.0,3.8,36,95.0,6.88,95.0,6.8,111.227,155456.0,6.2,6.0,0.488,10.4,58.0,399.0,25,6.39,10.667,95.0,36,95.0,6.88,95.0,3.2,111.227,155456.0,6.2,6.0,0.488,10.4,5.075,0.062,11.083
Zimbabwe,2011,Developing,54.9,464.0,28,6.0,63.751,94.0,29.9,42,93.0,6.31,93.0,13.3,839.928,14386649.0,6.8,6.7,0.452,10.1,54.9,464.0,28,6.0,63.751,94.0,42,93.0,6.31,93.0,3.2,839.928,14386649.0,6.8,6.7,0.452,10.1,4.565,0.008,11.048
Zimbabwe,2010,Developing,52.4,527.0,29,5.21,53.309,9.0,29.4,44,89.0,5.37,89.0,15.7,713.636,1486317.0,7.1,7.0,0.436,10.0,52.4,491.0,29,5.21,53.309,18.0,44,89.0,5.37,89.0,3.2,713.636,1486317.0,7.1,7.0,0.436,10.0,4.36,0.008,11.159
Zimbabwe,2008,Developing,48.2,632.0,30,3.56,20.843,75.0,28.6,46,75.0,4.96,75.0,20.5,325.679,13558469.0,7.8,7.8,0.421,9.7,48.2,491.0,30,3.56,20.843,75.0,46,75.0,4.96,75.0,3.2,325.679,13558469.0,7.8,7.8,0.421,9.7,4.084,0.015,10.674
Zimbabwe,2007,Developing,46.6,67.0,29,3.88,29.815,72.0,28.2,46,73.0,4.47,73.0,23.7,396.998,1332999.0,8.2,8.2,0.414,9.6,46.6,67.0,29,3.88,29.815,72.0,46,73.0,4.47,73.0,3.2,396.998,1332999.0,8.2,8.2,0.414,9.6,3.974,0.011,1.457
Zimbabwe,2006,Developing,45.4,7.0,28,4.57,34.262,68.0,27.9,45,71.0,5.12,7.0,26.8,414.796,13124267.0,8.6,8.6,0.408,9.5,45.4,7.0,28,4.57,34.262,68.0,45,71.0,5.12,45.0,3.2,414.796,13124267.0,8.6,8.6,0.408,9.5,3.876,0.012,0.156
Zimbabwe,2005,Developing,44.6,717.0,28,4.14,8.717,65.0,27.5,43,69.0,6.44,68.0,30.3,444.766,129432.0,9.0,9.0,0.406,9.3,45.3,491.0,28,4.14,8.717,65.0,43,69.0,6.44,68.0,3.2,444.766,129432.0,9.0,9.0,0.406,9.3,3.776,0.014,11.419
Zimbabwe,2004,Developing,44.3,723.0,27,4.36,0.0,68.0,27.1,42,67.0,7.13,65.0,33.6,454.367,12777511.0,9.4,9.4,0.407,9.2,45.3,491.0,27,4.36,0.0,68.0,42,67.0,7.13,65.0,3.2,454.367,12777511.0,9.4,9.4,0.407,9.2,3.744,0.016,11.69
Zimbabwe,2003,Developing,44.5,715.0,26,4.06,0.0,7.0,26.7,41,7.0,6.52,68.0,36.7,453.351,12633897.0,9.8,9.9,0.418,9.5,45.3,491.0,26,4.06,0.0,18.0,41,45.0,6.52,68.0,3.2,453.351,12633897.0,9.8,9.9,0.418,9.5,3.971,0.014,11.976
Zimbabwe,2002,Developing,44.8,73.0,25,4.43,0.0,73.0,26.3,40,73.0,6.53,71.0,39.8,57.348,125525.0,1.2,1.3,0.427,10.0,45.3,73.0,25,4.43,0.0,73.0,40,73.0,6.53,71.0,3.2,57.348,125525.0,1.2,1.3,0.427,10.0,4.27,0.114,1.825
Zimbabwe,2001,Developing,45.3,686.0,25,1.72,0.0,76.0,25.9,39,76.0,6.16,75.0,42.1,548.587,12366165.0,1.6,1.7,0.427,9.8,45.3,491.0,25,1.72,0.0,76.0,39,76.0,6.16,75.0,3.2,548.587,12366165.0,1.6,1.7,0.427,9.8,4.185,0.011,12.59
Zimbabwe,2000,Developing,46.0,665.0,24,1.68,0.0,79.0,25.5,39,78.0,7.1,78.0,43.5,547.359,12222251.0,11.0,11.2,0.434,9.8,46.0,491.0,24,1.68,0.0,79.0,39,78.0,7.1,78.0,3.2,547.359,12222251.0,11.0,11.2,0.434,9.8,4.253,0.013,12.59
