winsorized_Adult_Mortality,winsorized_Infant_Deaths,winsorized_Alcohol,winsorized_Percentage_Exp,winsorized_HepatitisB,winsorized_Under_Five_Deaths,winsorized_Polio,winsorized_Tot_Exp,winsorized_Diphtheria,winsorized_HIV,winsorized_GDP,winsorized_Population,winsorized_thinness_1to19_years,winsorized_thinness_5to9_years,winsorized_Income_Comp_Of_Resources,winsorized_Schooling,BMI
144.0,44,7.32,83.165,96.0,49,96.0,8.32,93.0,0.1,1226.617,17153357.0,2.7,2.7,0.747,15.2,55.3
99.0,1,4.17,112.949,94.0,1,94.0,8.23,94.0,0.1,462.15,46324.0,2.2,2.2,0.712,11.9,47.3
343.0,7,0.56,6.914,91.0,10,95.0,3.5,93.0,1.9,232.795,3738265.0,9.7,9.7,0.27,4.7,13.3
471.0,3,5.28,294.657,83.0,4,82.0,6.52,79.0,3.2,2482.369,1986535.0,14.2,14.3,0.554,11.7,26.5
249.0,31,0.03,75.258,59.0,38,63.0,3.0,59.0,0.1,2351.812,17153357.0,5.4,5.1,0.631,10.2,53.2
14.0,10,4.69,570.453,93.0,13,92.0,5.36,93.0,0.3,4166.934,29157.0,1.2,1.2,0.706,13.3,51.5
211.0,0,2.06,52.124,99.0,0,98.0,3.84,98.0,0.1,3749.94,827411.0,4.1,3.8,0.695,14.0,55.9
179.0,0,6.5,1109.855,18.0,0,91.0,5.29,45.0,0.4,8787.614,13281.0,5.9,6.3,0.772,12.5,42.0
146.0,4,2.29,127.638,98.0,5,98.0,3.76,98.0,0.1,1644.816,19668.0,15.4,15.5,0.725,13.2,17.9
153.0,3,8.4,412.432,99.0,4,98.0,5.5,98.0,0.1,4492.728,17153357.0,2.5,2.8,0.777,14.6,53.1
194.0,0,0.01,8.198,96.0,0,96.0,8.6,96.0,0.5,138.95,182889.0,5.9,5.7,0.553,10.8,28.5
158.0,61,7.21,526.378,96.0,68,99.0,8.24,99.0,0.1,8787.614,17153357.0,3.0,3.0,0.704,13.3,5.3
76.0,1,2.53,199.934,98.0,1,93.0,7.13,93.0,0.1,2152.143,6289.0,1.1,1.1,0.845,15.2,58.3
477.0,3,4.89,457.72,83.0,4,86.0,7.32,86.0,3.2,3573.146,232196.0,13.1,13.1,0.565,11.6,27.9
174.0,6,5.93,857.131,74.0,7,85.0,4.26,85.0,0.4,5968.877,115495.0,3.3,3.2,0.706,13.1,55.8
167.0,20,0.26,80.588,18.0,25,45.0,5.89,45.0,0.2,681.793,17153357.0,16.1,16.7,0.538,12.3,17.4
45.0,44,0.34,72.385,18.0,78,45.0,5.72,45.0,3.2,454.677,97143.0,1.7,1.6,0.301,5.6,15.1
27.0,0,0.48,18.217,91.0,0,95.0,1.52,91.0,0.1,1493.165,12652.0,0.1,0.1,0.584,11.9,75.2
77.0,2,11.92,405.448,96.0,2,96.0,8.12,96.0,0.1,2651.717,17153357.0,0.6,0.5,0.837,15.8,6.5
45.0,29,3.86,45.571,63.0,45,63.0,1.12,64.0,2.2,358.827,615417.0,8.9,8.9,0.357,8.2,2.2
288.0,11,0.82,20.533,66.0,14,79.0,4.36,73.0,1.1,1166.663,6947447.0,1.4,1.3,0.477,9.2,44.2
219.0,0,4.23,191.214,83.0,0,65.0,8.38,68.0,1.8,1598.775,47774.0,3.6,3.5,0.27,11.0,48.3
248.0,32,1.03,76.604,18.0,45,45.0,4.86,45.0,0.5,412.739,2115164.0,7.6,7.5,0.503,10.2,18.0
184.0,0,0.01,247.949,99.0,0,99.0,5.48,99.0,0.1,1858.69,551531.0,1.2,1.2,0.505,9.4,48.1
216.0,62,4.19,137.327,87.0,80,87.0,3.94,87.0,0.1,1672.685,8929349.0,1.0,9.7,0.648,11.4,21.1
261.0,3,0.48,5.649,79.0,4,45.0,3.89,54.0,0.1,48.616,923825.0,12.1,12.1,0.475,9.8,12.6
162.0,10,0.01,7.829,97.0,11,94.0,6.88,97.0,0.2,114.459,8362745.0,3.6,3.7,0.622,11.3,39.9
21.0,0,5.67,312.8,96.0,0,95.0,4.53,96.0,1.5,3679.995,26913.0,3.6,3.6,0.684,12.2,42.6
11.0,1,11.21,287.208,18.0,1,96.0,8.12,95.0,0.1,2327.459,125125.0,0.8,0.8,0.869,18.0,58.1
355.0,24,4.54,1.727,99.0,36,93.0,1.3,99.0,3.2,17.8,7939573.0,8.0,8.0,0.309,7.2,14.8
6.0,3,5.65,2.819,18.0,4,87.0,5.71,85.0,3.2,22.994,187392.0,8.2,8.4,0.493,9.1,27.1
259.0,15,5.68,26.379,68.0,20,67.0,9.88,67.0,0.8,766.844,128921.0,3.9,3.9,0.477,8.9,46.5
12.0,0,0.01,325.63,94.0,0,93.0,4.29,93.0,0.2,3558.796,5216.0,6.9,6.9,0.643,13.6,29.7
143.0,44,1.54,421.296,71.0,54,85.0,4.95,85.0,0.1,4316.554,6324121.0,5.3,5.2,0.641,10.7,53.5
57.0,0,10.69,1109.855,96.0,0,99.0,7.54,99.0,0.1,8787.614,1124835.0,0.9,1.0,0.847,13.8,58.3
273.0,5,9.46,456.459,84.0,6,91.0,6.63,45.0,0.4,3891.378,462582.0,2.5,2.6,0.73,14.9,57.6
246.0,1,6.63,16.755,85.0,1,79.0,5.85,88.0,1.1,946.599,75331.0,5.9,5.8,0.602,10.9,35.7
118.0,0,6.21,1109.855,95.0,1,95.0,8.63,95.0,0.1,8787.614,3374415.0,1.5,1.5,0.777,15.6,61.2
13.0,1,2.1,618.361,75.0,1,74.0,8.91,75.0,0.1,5424.224,3863267.0,4.7,4.6,0.27,14.2,6.2
278.0,55,0.57,102.141,74.0,87,74.0,6.74,74.0,1.6,689.678,14138216.0,9.2,9.0,0.36,5.8,19.6
152.0,15,4.5,34.703,65.0,19,95.0,4.6,94.0,0.4,218.26,17153357.0,1.3,1.3,0.686,13.3,47.4
362.0,46,0.01,11.302,37.0,78,45.0,3.62,45.0,2.9,125.999,13569438.0,8.7,8.5,0.39,7.3,18.7
81.0,1,9.68,1109.855,18.0,1,97.0,8.34,97.0,0.1,8787.614,16148929.0,1.1,1.0,0.882,16.9,53.4
161.0,0,1.0,43.198,59.0,0,67.0,3.96,68.0,0.1,247.978,214634.0,1.6,1.5,0.572,10.6,45.7
323.0,14,1.21,41.961,83.0,21,83.0,5.37,83.0,3.2,487.924,652952.0,7.3,7.2,0.449,11.0,21.4
426.0,3,5.09,205.808,83.0,4,79.0,6.18,78.0,3.2,1834.295,1933596.0,15.2,15.4,0.556,11.7,25.1
163.0,64,0.04,60.186,72.0,87,72.0,2.7,72.0,0.1,1272.442,17153357.0,16.1,2.0,0.538,7.7,23.9
186.0,0,6.76,569.953,96.0,0,96.0,5.85,96.0,0.2,4344.152,32168.0,3.5,3.4,0.7,12.4,47.0
214.0,0,0.48,10.624,67.0,0,61.0,1.39,62.0,0.1,113.629,9542.0,0.2,0.2,0.27,12.4,71.4
81.0,0,9.95,1109.855,93.0,1,96.0,9.36,96.0,0.1,8787.614,1987314.0,0.8,0.7,0.839,15.6,6.5
363.0,64,0.79,10.972,47.0,87,55.0,4.64,45.0,3.2,118.873,17153357.0,11.6,11.5,0.306,5.2,13.2
228.0,7,0.02,4.113,42.0,12,91.0,5.31,89.0,1.2,46.954,2873228.0,1.5,1.3,0.446,6.5,22.3
395.0,57,5.44,7.563,82.0,87,81.0,4.76,82.0,3.2,111.712,17153357.0,6.6,6.6,0.456,8.0,24.4
6.0,2,6.95,1109.855,96.0,2,96.0,9.42,96.0,0.1,8787.614,17153357.0,0.5,0.5,0.869,16.4,61.0
93.0,3,12.2,1109.855,35.0,4,98.0,1.6,98.0,0.1,8787.614,17153357.0,0.6,0.6,0.86,15.5,57.5
219.0,0,0.6,59.972,85.0,0,88.0,9.0,85.0,0.1,734.949,85858.0,0.2,0.2,0.27,10.4,68.8
1.0,1,1.82,534.58,78.0,1,75.0,8.83,78.0,0.1,5372.659,45735.0,4.7,4.6,0.733,13.2,61.4
26.0,0,0.53,30.467,95.0,0,95.0,1.42,99.0,0.1,1692.613,14656.0,0.1,0.1,0.585,11.9,75.7
192.0,13,2.4,380.963,85.0,16,85.0,6.86,85.0,0.4,2489.956,137286.0,1.3,1.3,0.578,10.1,45.2
191.0,2,2.36,469.39,89.0,2,89.0,6.91,89.0,0.3,3474.392,6164626.0,1.7,1.6,0.662,12.9,52.8
283.0,25,1.23,40.488,18.0,40,76.0,4.27,75.0,2.1,418.699,7295394.0,9.3,9.2,0.407,7.3,19.2
74.0,0,4.6,364.975,99.0,0,99.0,6.0,99.0,0.1,3954.228,28873.0,1.2,1.3,0.762,14.2,58.0
16.0,1,10.48,456.34,96.0,1,97.0,7.8,96.0,0.1,3893.69,7658972.0,2.2,2.3,0.745,13.5,59.7
23.0,0,2.31,60.651,99.0,0,99.0,4.26,99.0,0.1,3369.482,851967.0,4.0,3.7,0.704,14.5,58.0
157.0,2,3.58,366.484,98.0,3,99.0,8.43,98.0,0.1,1847.198,5945747.0,1.8,1.7,0.63,11.5,52.4
24.0,0,12.1,76.362,94.0,0,45.0,5.67,94.0,0.1,676.967,337775.0,3.1,3.1,0.792,16.3,58.1
138.0,38,1.47,35.557,72.0,46,78.0,5.36,78.0,0.1,366.57,6514354.0,5.2,5.0,0.658,11.5,55.1
67.0,0,1.92,1079.894,96.0,0,96.0,8.11,96.0,0.1,6497.554,377.0,13.9,14.0,0.663,11.8,23.1
172.0,0,6.71,167.266,92.0,0,94.0,5.98,92.0,0.3,1967.833,1348248.0,5.8,6.0,0.773,12.7,45.0
13.0,3,1.29,594.645,98.0,3,98.0,7.26,98.0,0.1,4199.473,1114558.0,6.4,6.3,0.72,14.7,59.3
167.0,32,0.17,192.156,66.0,38,71.0,3.93,69.0,0.1,4521.325,17153357.0,5.4,5.1,0.638,10.3,54.5
168.0,13,6.18,433.921,96.0,15,98.0,3.49,98.0,0.5,3368.953,17153357.0,8.7,8.9,0.686,12.4,23.6
162.0,11,5.92,609.951,98.0,13,99.0,3.92,99.0,0.3,4378.687,6654576.0,8.5,8.6,0.7,12.9,25.7
281.0,25,1.29,45.335,18.0,40,77.0,4.69,76.0,2.1,378.737,776733.0,9.5,9.4,0.395,6.6,18.8
184.0,64,3.07,86.522,79.0,87,84.0,4.69,85.0,0.2,1573.119,17153357.0,16.1,16.7,0.607,11.6,18.1
13.0,36,5.27,881.736,95.0,42,95.0,6.6,95.0,0.1,7748.123,11555228.0,1.7,1.6,0.738,12.5,59.4
294.0,8,6.94,351.86,94.0,9,99.0,4.7,98.0,0.1,3771.279,1514729.0,2.4,2.5,0.737,13.9,46.3
75.0,0,1.59,100.503,98.0,0,98.0,9.22,98.0,0.1,597.166,36.0,14.1,14.2,0.651,11.8,21.2
157.0,8,3.88,187.384,75.0,10,88.0,4.62,88.0,0.3,2183.967,13726.0,1.5,1.4,0.675,12.5,45.1
218.0,0,1.63,43.995,99.0,0,96.0,3.61,95.0,0.1,3332.919,818354.0,4.2,3.9,0.691,13.4,54.2
268.0,3,7.84,7.896,82.0,4,85.0,8.78,82.0,3.2,56.971,2215621.0,9.9,9.9,0.612,11.5,32.5
237.0,1,7.93,16.479,18.0,1,91.0,5.97,45.0,2.1,986.796,751857.0,5.8,5.6,0.611,11.1,37.8
491.0,64,10.42,2.691,29.0,87,57.0,7.78,57.0,3.2,24.242,2571848.0,6.8,6.8,0.404,11.0,13.6
12.0,1,8.65,106.165,94.0,1,88.0,8.17,98.0,0.1,2492.129,482.0,2.7,2.9,0.722,12.5,49.9
119.0,1,6.74,1109.855,18.0,1,45.0,8.3,45.0,0.1,8787.614,393986.0,1.9,1.8,0.78,13.0,57.1
192.0,0,12.4,1109.855,95.0,0,98.0,7.53,98.0,0.1,8787.614,3162916.0,2.8,2.9,0.825,16.6,59.7
148.0,0,3.82,155.207,18.0,0,92.0,5.17,91.0,0.8,1373.516,45216.0,9.2,9.1,0.569,11.3,22.6
391.0,64,2.82,24.038,73.0,87,45.0,3.63,45.0,2.3,711.182,17153357.0,1.5,1.5,0.401,5.5,16.3
354.0,64,0.86,1.507,47.0,87,54.0,4.23,45.0,3.2,135.762,7462445.0,11.5,11.3,0.31,5.4,13.5
263.0,1,0.52,217.213,81.0,2,81.0,8.95,81.0,1.9,1536.157,881185.0,5.6,5.5,0.46,6.3,33.2
235.0,64,0.41,3.422,18.0,87,84.0,2.5,79.0,0.4,143.777,471422.0,13.3,13.7,0.435,7.6,14.6
253.0,14,5.68,4.99,68.0,19,67.0,8.1,68.0,0.5,81.266,1431776.0,3.9,3.9,0.483,9.1,47.7
17.0,1,12.0,1109.855,82.0,1,96.0,9.15,98.0,0.1,8787.614,1419631.0,0.8,0.6,0.788,15.9,51.7
145.0,21,0.25,154.456,81.0,25,86.0,3.49,86.0,0.1,1757.178,3118366.0,6.5,6.4,0.636,10.7,44.4
78.0,1,10.17,347.187,94.0,2,45.0,8.8,45.0,0.1,2169.921,19153.0,0.7,0.7,0.897,18.6,58.2
275.0,42,4.51,85.556,91.0,71,45.0,5.17,91.0,0.9,666.843,168194.0,8.8,8.4,0.377,6.7,17.1
183.0,64,0.01,28.983,65.0,87,65.0,2.56,65.0,0.1,649.848,15783.0,16.1,16.7,0.474,5.6,18.4
79.0,2,7.7,1109.855,18.0,2,88.0,9.37,88.0,0.1,8787.614,31362.0,0.5,0.4,0.872,15.8,59.3
66.0,0,12.32,1109.855,98.0,0,98.0,11.21,98.0,0.1,8787.614,8541575.0,1.8,2.0,0.892,15.9,57.1
187.0,0,6.72,643.704,96.0,0,96.0,4.45,96.0,0.1,7663.138,8122.0,6.2,6.6,0.714,12.2,27.6
71.0,1,2.41,250.934,96.0,1,95.0,7.44,93.0,0.1,2611.179,6931.0,1.1,1.1,0.866,15.8,6.6
8.0,0,12.5,1109.855,85.0,0,85.0,1.4,85.0,0.1,8787.614,8295487.0,1.7,1.9,0.86,15.2,53.7
37.0,11,0.84,12.056,63.0,15,61.0,6.42,72.0,1.5,77.577,631479.0,1.4,1.4,0.446,7.9,41.1
491.0,33,2.25,1.86,81.0,52,83.0,6.11,81.0,3.2,13.154,12383446.0,7.0,6.9,0.479,10.9,18.8
147.0,32,0.01,429.663,61.0,39,45.0,5.26,69.0,0.1,6651.122,17153357.0,5.3,5.1,0.656,10.5,57.2
187.0,64,3.11,67.672,18.0,87,82.0,4.53,83.0,0.2,1452.195,17153357.0,16.1,16.7,0.599,11.5,17.5
194.0,10,0.37,19.837,81.0,12,79.0,5.89,84.0,0.3,337.359,6854176.0,3.8,3.9,0.572,10.6,33.5
296.0,59,0.3,9.53,85.0,87,85.0,1.87,85.0,0.6,643.951,17153357.0,13.2,13.4,0.493,8.2,18.3
99.0,0,13.45,276.1,94.0,1,95.0,9.84,95.0,0.1,1845.588,1483861.0,0.7,0.6,0.792,15.9,53.3
163.0,17,4.45,393.877,78.0,20,83.0,5.67,81.0,0.1,2355.726,17153357.0,2.5,2.3,0.656,11.5,48.2
491.0,38,1.18,6.847,99.0,61,99.0,8.99,99.0,3.2,297.697,13429262.0,7.3,7.1,0.377,9.6,16.2
131.0,0,0.01,698.352,18.0,0,62.0,6.91,67.0,0.1,4219.651,19757.0,0.2,0.1,0.7,12.9,73.8
151.0,8,0.51,4.104,18.0,10,77.0,4.48,77.0,0.1,73.684,81112.0,3.1,3.1,0.642,10.4,42.6
219.0,4,2.88,332.106,75.0,4,94.0,8.2,92.0,0.4,2338.772,595962.0,2.1,2.0,0.615,11.6,46.2
151.0,8,3.69,18.262,82.0,10,97.0,6.46,87.0,0.3,244.469,1328961.0,1.5,1.4,0.679,12.6,45.8
349.0,29,2.59,196.915,78.0,43,45.0,4.91,78.0,3.2,1734.936,14699937.0,6.5,6.3,0.554,12.3,21.7
235.0,30,0.87,59.979,18.0,42,71.0,3.46,45.0,0.4,443.961,17153357.0,7.4,7.3,0.506,10.2,19.0
126.0,52,4.86,13.311,97.0,62,97.0,5.35,97.0,0.1,731.379,136768.0,1.9,1.9,0.7,11.6,53.2
8.0,0,5.59,134.355,89.0,0,94.0,6.83,94.0,0.1,1139.565,3987.0,0.8,0.7,0.779,13.8,62.3
147.0,3,0.01,561.768,87.0,3,83.0,9.81,87.0,0.2,4712.823,6552584.0,2.0,1.9,0.688,12.3,49.4
252.0,1,0.38,24.733,78.0,1,78.0,1.57,78.0,2.1,174.915,912164.0,5.6,5.4,0.467,6.3,34.4
154.0,6,5.92,1088.245,89.0,7,45.0,4.38,91.0,0.3,6268.692,145844.0,3.3,3.2,0.712,13.2,57.9
316.0,12,4.19,22.396,64.0,16,66.0,8.4,45.0,3.1,168.648,326123.0,8.3,8.3,0.372,10.1,22.0
257.0,6,4.49,7.884,18.0,8,99.0,5.59,99.0,0.7,635.79,17153357.0,3.0,3.1,0.669,13.3,54.8
68.0,0,11.02,1109.855,94.0,0,99.0,7.1,99.0,0.1,8787.614,54336.0,0.9,0.9,0.892,13.9,6.5
195.0,0,0.01,431.485,99.0,0,99.0,4.16,99.0,0.1,4546.739,873596.0,4.0,3.7,0.714,14.9,6.2
71.0,0,6.7,1109.855,89.0,0,94.0,8.6,94.0,0.1,8787.614,398582.0,0.7,0.7,0.79,13.8,63.9
241.0,64,1.84,86.826,69.0,87,45.0,5.77,69.0,1.2,468.567,17153357.0,1.7,1.5,0.422,8.4,16.4
464.0,28,6.0,63.751,94.0,42,93.0,6.31,93.0,3.2,839.928,14386649.0,6.8,6.7,0.452,10.1,29.9
194.0,13,0.86,1.142,39.0,16,84.0,4.59,85.0,0.3,17.816,6327125.0,4.1,4.1,0.535,9.7,31.6
221.0,0,2.05,31.258,98.0,0,91.0,3.87,45.0,0.1,276.134,811223.0,4.3,4.0,0.681,13.1,5.2
295.0,20,6.78,7.41,97.0,30,98.0,8.49,97.0,3.2,44.853,944742.0,6.8,6.7,0.424,10.1,16.5
112.0,19,1.54,20.751,97.0,22,97.0,5.24,97.0,0.1,1172.384,17153357.0,4.9,4.7,0.75,14.3,63.7
227.0,0,0.7,325.111,83.0,0,88.0,6.44,84.0,0.1,944.817,423853.0,1.4,1.4,0.442,6.6,38.7
14.0,19,0.54,22.095,98.0,22,98.0,5.99,99.0,0.1,339.916,17153357.0,6.3,6.2,0.612,11.2,54.6
198.0,4,8.44,52.425,46.0,5,72.0,7.67,76.0,0.2,429.716,454896.0,2.3,2.4,0.744,15.2,6.1
92.0,64,5.75,5.661,99.0,87,99.0,4.89,99.0,0.1,456.512,133775.0,4.2,3.6,0.691,12.5,28.1
136.0,0,0.01,492.055,64.0,0,62.0,5.2,64.0,0.1,4234.554,189194.0,0.2,0.1,0.698,12.9,73.4
179.0,0,6.02,1109.855,86.0,0,86.0,5.96,86.0,0.4,8787.614,54254.0,3.5,3.5,0.719,12.7,57.0
12.0,3,1.39,604.87,98.0,3,98.0,7.0,98.0,0.1,4271.682,1114398.0,6.5,6.4,0.722,14.7,6.2
19.0,13,2.21,472.223,95.0,15,96.0,6.65,95.0,0.4,2794.222,146366.0,1.3,1.3,0.589,10.4,45.9
275.0,53,0.01,36.861,69.0,86,45.0,6.58,69.0,1.6,777.659,16477818.0,8.1,7.9,0.421,8.0,22.5
144.0,0,4.16,209.086,66.0,0,93.0,5.0,92.0,0.9,1768.921,46147.0,8.9,8.9,0.572,11.3,23.2
12.0,0,4.14,39.865,36.0,0,87.0,7.94,87.0,0.1,2214.732,3779247.0,3.0,3.0,0.27,12.1,49.4
214.0,0,4.55,4.233,83.0,0,84.0,6.88,85.0,0.9,36.488,49363.0,3.5,3.5,0.27,11.1,5.4
122.0,1,5.66,882.356,94.0,1,95.0,11.59,94.0,0.1,4117.389,332496.0,1.7,1.6,0.75,15.5,57.7
247.0,14,8.34,9.075,97.0,20,93.0,7.71,97.0,1.3,617.318,151671.0,6.3,6.2,0.464,10.2,18.9
141.0,0,0.85,457.973,63.0,0,65.0,3.85,65.0,0.1,3275.917,241871.0,1.5,1.4,0.591,10.8,49.9
437.0,64,1.49,35.852,73.0,87,75.0,4.45,73.0,3.2,436.688,3413852.0,8.8,8.8,0.45,8.2,15.5
232.0,0,14.09,846.911,98.0,1,98.0,4.92,98.0,0.1,6519.718,9473172.0,2.0,2.1,0.787,15.5,59.9
337.0,3,7.28,827.598,18.0,4,52.0,2.13,45.0,3.2,8787.614,792217.0,9.7,9.6,0.569,9.0,2.5
191.0,0,0.01,225.731,95.0,0,95.0,8.35,95.0,0.2,1821.879,191266.0,5.6,5.4,0.562,11.1,3.1
35.0,5,2.47,24.658,18.0,8,61.0,5.84,57.0,3.2,321.481,1293523.0,9.8,9.7,0.27,7.1,18.5
282.0,4,0.01,50.061,87.0,6,87.0,5.59,87.0,3.2,642.626,1725744.0,7.3,7.1,0.419,9.2,25.6
212.0,8,0.01,79.277,75.0,12,73.0,2.87,75.0,1.2,1393.262,3717672.0,8.5,8.3,0.487,7.7,28.1
99.0,3,13.49,1109.855,28.0,4,96.0,1.43,97.0,0.1,8787.614,17153357.0,0.6,0.6,0.852,15.4,56.4
57.0,0,8.58,374.295,94.0,0,99.0,9.89,99.0,0.1,2393.189,423374.0,0.8,0.7,0.828,14.2,68.8
147.0,3,3.39,321.613,98.0,3,99.0,6.39,98.0,0.1,1682.958,58782.0,1.8,1.8,0.62,11.5,5.9
28.0,33,0.2,4.26,41.0,44,78.0,5.72,75.0,0.2,317.892,2564287.0,16.1,16.7,0.469,9.4,13.9
68.0,1,2.33,4.345,99.0,1,95.0,7.37,95.0,0.1,258.637,7181.0,1.1,1.1,0.872,15.7,61.6
33.0,22,0.01,40.151,96.0,32,96.0,8.3,96.0,1.0,282.756,96186.0,7.4,7.4,0.398,10.5,17.6
177.0,0,9.72,1109.855,99.0,0,99.0,3.38,99.0,0.1,8787.614,87441.0,5.7,6.1,0.744,13.3,34.2
124.0,1,5.86,27.469,95.0,1,93.0,7.18,95.0,0.1,488.769,3327773.0,1.7,1.7,0.746,14.7,56.3
196.0,20,0.26,11.839,92.0,28,89.0,4.51,92.0,0.3,148.912,141232.0,9.9,9.7,0.474,8.7,23.2
164.0,10,0.01,71.509,94.0,12,96.0,6.39,94.0,0.2,954.725,799562.0,3.6,3.7,0.613,11.1,38.2
127.0,1,9.56,915.319,94.0,1,94.0,9.72,94.0,0.1,6423.292,723499.0,2.2,2.2,0.757,13.5,57.7
224.0,0,5.78,9.013,18.0,0,99.0,9.94,96.0,1.6,693.346,151969.0,7.2,7.2,0.509,9.8,22.8
274.0,2,2.79,56.431,93.0,3,94.0,4.92,94.0,0.1,474.213,2397436.0,2.6,2.6,0.582,8.9,38.5
297.0,29,0.18,24.848,57.0,46,45.0,3.85,57.0,2.3,436.69,1556524.0,8.4,8.4,0.376,8.1,2.3
121.0,2,5.58,9.871,98.0,2,99.0,7.76,98.0,0.2,46.299,33347.0,2.4,2.3,0.716,12.1,45.9
219.0,59,4.42,159.535,85.0,76,86.0,4.41,87.0,0.1,1825.342,9222879.0,1.0,9.7,0.661,11.7,22.1
221.0,0,12.12,170.988,91.0,0,94.0,7.1,94.0,0.1,1444.159,22325.0,2.4,2.4,0.814,16.2,57.7
31.0,42,1.6,3.336,18.0,63,45.0,3.7,78.0,3.2,39.484,17153357.0,8.8,8.8,0.484,7.6,2.7
65.0,1,9.23,96.859,18.0,1,97.0,1.29,97.0,0.1,519.349,1653388.0,1.0,0.9,0.906,16.9,58.6
113.0,0,6.56,666.737,91.0,0,95.0,6.92,95.0,0.1,7318.742,6279.0,1.9,2.0,0.792,15.1,59.7
286.0,10,0.79,19.0,56.0,14,72.0,4.18,67.0,1.1,1366.879,718239.0,1.4,1.3,0.485,9.6,44.9
14.0,0,0.96,7.034,82.0,0,84.0,4.6,82.0,0.1,445.189,14577.0,0.1,0.1,0.712,14.4,73.3
323.0,2,0.95,92.498,25.0,2,49.0,5.37,53.0,3.2,781.232,732711.0,6.3,6.1,0.363,4.4,28.6
47.0,64,9.76,57.226,18.0,87,45.0,4.33,45.0,3.2,648.816,17153357.0,13.2,13.2,0.445,8.5,18.8
288.0,45,4.5,107.799,93.0,80,92.0,6.77,93.0,1.5,569.761,14689726.0,9.5,9.1,0.345,5.4,15.6
13.0,3,1.3,585.878,97.0,3,97.0,7.18,97.0,0.1,4137.554,1886668.0,6.4,6.3,0.717,14.6,58.3
439.0,16,0.01,7.345,47.0,23,47.0,3.62,47.0,3.2,486.411,449416.0,8.7,8.6,0.366,7.1,21.2
219.0,64,4.73,11.697,18.0,87,74.0,3.21,78.0,0.1,138.92,17153357.0,1.0,9.6,0.618,11.4,17.8
436.0,2,6.21,512.589,93.0,3,96.0,4.71,96.0,3.2,5714.479,1914414.0,9.2,9.0,0.63,12.1,33.7
311.0,6,0.63,1.575,92.0,9,92.0,3.3,92.0,1.0,43.754,431334.0,9.0,8.9,0.402,5.2,15.5
124.0,26,1.26,115.58,96.0,31,96.0,6.4,96.0,0.1,979.492,17153357.0,5.0,4.8,0.697,12.3,59.3
179.0,64,0.09,200.068,78.0,87,45.0,2.85,78.0,0.3,3491.596,17153357.0,1.4,1.2,0.682,12.9,26.5
245.0,1,0.29,169.202,95.0,1,96.0,5.27,95.0,0.3,1335.457,672228.0,16.1,16.7,0.27,9.6,17.4
49.0,64,9.61,17.138,18.0,87,45.0,2.43,45.0,3.2,459.457,12866671.0,13.8,13.8,0.27,7.7,17.8
215.0,0,4.36,62.857,99.0,0,99.0,5.66,99.0,0.9,1126.462,166913.0,6.5,6.4,0.531,10.4,25.4
48.0,64,1.85,15.881,73.0,87,45.0,2.79,45.0,2.0,555.297,1644924.0,1.9,1.9,0.382,4.6,15.4
123.0,1,9.09,8.617,92.0,1,93.0,1.37,93.0,0.1,62.173,713576.0,2.1,2.1,0.771,14.3,59.4
236.0,23,0.34,10.43,89.0,38,89.0,5.44,89.0,0.7,89.838,11556763.0,11.2,11.1,0.422,6.6,19.9
491.0,17,1.5,60.049,42.0,26,46.0,4.4,48.0,3.2,397.148,42758.0,9.4,9.4,0.33,6.2,19.0
133.0,1,6.95,292.614,89.0,1,95.0,8.9,95.0,0.1,2149.994,7496522.0,2.7,2.8,0.715,13.2,52.2
197.0,4,3.5,2.092,85.0,5,85.0,5.71,85.0,0.4,11.147,5171734.0,2.2,2.1,0.577,10.7,44.2
347.0,42,7.38,922.051,18.0,52,77.0,8.8,77.0,3.2,6479.626,17153357.0,4.9,5.9,0.66,13.0,5.3
174.0,0,0.01,177.263,99.0,0,98.0,4.8,98.0,0.1,8787.614,8833.0,5.7,6.1,0.755,13.5,34.8
491.0,27,4.36,0.0,68.0,42,67.0,7.13,65.0,3.2,454.367,12777511.0,9.4,9.4,0.407,9.2,27.1
218.0,1,7.32,493.328,93.0,1,93.0,7.46,93.0,0.8,2576.125,746314.0,5.6,5.4,0.618,10.7,4.9
64.0,0,6.5,1109.855,42.0,0,98.0,8.95,98.0,0.1,8787.614,9855.0,1.3,1.3,0.892,15.9,55.7
486.0,51,8.48,805.49,83.0,79,79.0,7.53,82.0,3.2,6125.4,17153357.0,9.7,11.7,0.612,12.9,45.0
125.0,5,1.98,263.143,84.0,6,91.0,5.1,87.0,0.1,7189.691,917382.0,2.8,2.9,0.741,11.7,48.8
11.0,20,0.56,183.659,98.0,23,99.0,5.86,99.0,0.1,2834.247,3249639.0,6.3,6.2,0.603,10.7,53.6
38.0,41,1.53,31.094,18.0,63,45.0,3.12,45.0,3.2,373.282,2446782.0,8.6,8.5,0.489,7.9,21.2
181.0,2,2.52,665.726,93.0,2,93.0,6.77,94.0,0.2,3988.772,6281189.0,1.6,1.6,0.676,13.2,55.4
137.0,7,3.87,282.144,91.0,8,91.0,5.58,94.0,0.1,4255.566,14691275.0,1.3,1.2,0.702,13.1,5.0
137.0,1,4.25,20.218,91.0,1,92.0,5.25,45.0,0.1,1643.758,2981259.0,2.0,2.1,0.679,10.9,48.8
9.0,0,12.03,337.102,96.0,0,96.0,1.42,96.0,0.1,2363.972,1568247.0,0.7,0.5,0.809,16.0,57.3
137.0,22,0.47,9.469,96.0,26,98.0,5.6,98.0,0.1,213.756,35217.0,6.5,6.3,0.569,9.8,49.1
46.0,45,0.42,8.936,18.0,79,45.0,3.91,45.0,3.2,66.242,1679.0,1.5,1.4,0.306,5.6,15.4
178.0,0,6.32,1109.855,85.0,0,85.0,5.69,85.0,0.4,8787.614,547928.0,3.5,3.5,0.722,12.7,57.7
134.0,1,2.86,57.178,91.0,1,96.0,5.4,94.0,0.1,783.262,333897.0,2.1,2.1,0.645,10.8,47.8
183.0,4,2.05,13.391,97.0,4,97.0,3.37,97.0,0.1,216.682,19968.0,15.3,15.4,0.735,13.4,19.2
369.0,50,0.01,68.558,85.0,76,85.0,4.34,85.0,3.2,1255.648,2182383.0,5.9,5.9,0.496,10.4,27.2
266.0,9,3.72,60.447,77.0,12,77.0,11.23,77.0,1.5,379.69,47167.0,7.2,7.0,0.406,9.5,25.0
295.0,11,0.71,85.718,61.0,14,72.0,4.4,71.0,1.4,956.669,6627922.0,1.4,1.3,0.461,8.6,42.7
356.0,64,1.97,59.834,81.0,87,76.0,4.8,81.0,3.2,839.181,388599.0,8.4,8.3,0.494,10.1,17.3
491.0,30,4.21,33.347,63.0,48,45.0,11.79,45.0,1.5,227.779,4739147.0,1.1,1.2,0.302,7.0,17.5
16.0,5,3.16,222.482,93.0,6,94.0,7.89,94.0,0.7,1592.572,777972.0,2.4,2.3,0.59,10.9,44.3
12.0,1,4.09,1043.108,89.0,1,45.0,7.8,45.0,0.1,4425.575,418738.0,2.1,2.0,0.719,12.2,49.3
326.0,2,1.18,106.035,25.0,2,64.0,6.76,64.0,3.2,864.185,77752.0,6.0,5.9,0.388,4.4,29.8
144.0,2,10.4,9.146,98.0,3,99.0,6.17,99.0,0.1,94.773,17153357.0,2.3,2.4,0.803,15.0,56.0
312.0,22,0.01,38.732,96.0,33,96.0,8.21,96.0,1.2,265.286,931971.0,7.5,7.5,0.393,10.3,17.1
139.0,2,9.1,10.326,96.0,2,89.0,5.53,89.0,0.1,92.278,2147528.0,2.9,3.1,0.798,15.7,57.7
491.0,43,2.61,46.83,82.0,70,86.0,6.56,85.0,3.2,378.274,1824125.0,7.4,7.4,0.424,9.8,17.1
277.0,54,0.11,43.422,71.0,87,52.0,7.39,51.0,1.5,258.464,1413264.0,11.6,11.5,0.286,4.4,15.7
491.0,48,1.15,12.798,64.0,80,86.0,5.7,45.0,3.2,146.762,11695863.0,7.9,7.7,0.387,10.1,14.4
289.0,2,8.9,133.522,75.0,3,75.0,3.12,75.0,3.2,1716.226,169711.0,6.4,6.3,0.664,12.5,34.1
58.0,0,7.2,778.248,42.0,0,98.0,9.47,98.0,0.1,5276.256,9378126.0,1.3,1.3,0.895,15.8,57.3
368.0,30,2.3,143.87,94.0,47,93.0,4.73,94.0,3.2,1139.112,13456417.0,6.7,6.6,0.518,11.6,2.2
224.0,0,5.07,0.0,43.0,0,87.0,8.86,82.0,1.5,51.216,13866.0,8.0,8.1,0.488,9.3,2.7
92.0,0,12.42,1109.855,94.0,0,99.0,8.2,99.0,0.1,8787.614,45895.0,1.0,0.9,0.867,13.5,56.4
135.0,10,1.29,93.501,18.0,11,83.0,4.92,82.0,0.1,1258.422,16766899.0,6.7,6.5,0.589,10.1,44.6
274.0,27,1.51,0.328,18.0,36,62.0,5.87,59.0,2.1,3.686,12152354.0,11.6,11.9,0.401,7.2,12.1
193.0,0,1.09,19.749,89.0,0,94.0,5.97,89.0,0.1,125.792,54477.0,1.2,1.2,0.489,9.2,44.7
78.0,0,9.08,372.685,95.0,0,99.0,9.76,99.0,0.1,2971.973,111717.0,0.8,0.7,0.857,16.2,63.1
22.0,0,11.0,561.917,94.0,0,97.0,6.4,95.0,0.1,4146.988,344367.0,3.3,3.3,0.77,15.3,57.5
227.0,31,0.14,146.761,56.0,38,74.0,3.69,57.0,0.1,3129.225,2839433.0,5.4,5.1,0.636,10.2,53.8
285.0,10,0.88,23.407,66.0,13,69.0,4.94,72.0,1.0,177.867,7269348.0,1.3,1.3,0.494,9.9,45.7
181.0,0,7.22,51.252,94.0,0,94.0,5.9,94.0,0.1,447.228,36165.0,3.5,3.4,0.699,12.8,45.7
134.0,0,0.01,564.817,64.0,0,65.0,5.2,64.0,0.1,3148.365,25885.0,1.5,1.4,0.596,10.8,52.5
276.0,2,8.3,805.393,82.0,3,45.0,3.13,82.0,3.2,8787.614,1756817.0,6.3,6.2,0.669,12.5,34.6
142.0,1,2.9,32.756,55.0,1,96.0,6.25,93.0,0.1,622.743,369588.0,2.1,2.2,0.639,11.2,47.1
121.0,1,6.9,119.212,87.0,1,91.0,7.5,87.0,0.1,927.723,377782.0,2.0,1.9,0.758,12.9,54.9
362.0,64,10.03,116.203,18.0,87,79.0,11.2,45.0,3.2,594.997,17153357.0,6.0,6.0,0.473,10.9,16.3
97.0,0,12.39,1109.855,96.0,0,96.0,7.83,96.0,0.1,8787.614,4255689.0,1.5,1.5,0.817,14.9,62.5
386.0,64,3.53,8.867,73.0,87,45.0,4.71,45.0,2.5,141.868,17153357.0,1.2,1.1,0.415,6.4,17.2
138.0,2,9.58,1078.358,96.0,2,92.0,5.48,91.0,0.1,8558.398,25835.0,2.8,3.0,0.797,15.3,58.4
98.0,0,5.13,66.046,88.0,0,92.0,8.58,91.0,0.1,575.317,3763599.0,2.8,2.7,0.71,13.1,52.1
92.0,0,12.4,1109.855,44.0,0,83.0,1.12,84.0,0.1,8787.614,842293.0,1.7,1.9,0.837,15.5,5.6
177.0,13,6.26,321.195,96.0,15,98.0,3.55,98.0,0.5,2893.651,6542547.0,8.9,9.1,0.682,12.0,22.6
47.0,64,0.94,40.806,76.0,87,73.0,6.23,76.0,3.2,526.531,249395.0,3.7,3.6,0.397,9.5,2.9
151.0,0,1.8,423.295,18.0,0,91.0,4.87,45.0,0.1,2284.379,146.0,0.1,0.1,0.693,14.6,68.6
188.0,0,6.64,605.629,95.0,0,95.0,5.61,95.0,0.5,4516.247,329192.0,3.5,3.4,0.7,12.4,47.8
21.0,31,0.2,45.88,69.0,41,91.0,5.7,89.0,0.2,348.631,2594618.0,16.1,16.7,0.476,9.6,14.4
19.0,0,0.01,50.539,99.0,0,99.0,4.49,99.0,0.1,546.373,88586.0,4.0,3.7,0.727,15.2,61.9
21.0,0,4.13,11.136,98.0,0,99.0,6.65,98.0,0.9,199.571,17813.0,6.3,6.2,0.533,10.1,26.2
86.0,0,5.14,412.443,99.0,1,99.0,5.59,99.0,0.1,4247.614,2941.0,1.3,1.4,0.752,14.2,55.8
144.0,15,4.38,531.981,93.0,18,93.0,5.82,93.0,0.1,3386.256,17153357.0,2.4,2.1,0.658,11.1,5.5
82.0,1,9.95,1109.855,18.0,1,97.0,7.79,97.0,0.1,8787.614,164618.0,1.1,1.1,0.878,16.7,52.6
297.0,22,0.01,41.252,95.0,32,95.0,7.54,95.0,0.7,312.749,989179.0,7.4,7.3,0.404,10.6,18.2
25.0,27,0.29,5.397,54.0,50,49.0,4.63,52.0,0.5,473.453,988452.0,12.3,12.3,0.378,5.2,17.5
23.0,1,0.01,73.866,88.0,2,87.0,6.75,87.0,0.8,852.954,759385.0,6.8,6.6,0.497,11.1,23.7
178.0,4,9.62,37.823,99.0,5,98.0,4.57,98.0,0.1,2124.874,2173496.0,3.7,4.1,0.714,12.0,52.4
116.0,20,0.62,188.29,98.0,23,99.0,5.67,99.0,0.1,2861.554,17153357.0,6.4,6.2,0.596,10.5,52.7
112.0,21,0.53,544.451,95.0,24,95.0,7.12,95.0,0.1,5471.867,17153357.0,5.9,5.8,0.737,14.4,57.2
75.0,0,12.66,1109.855,46.0,0,93.0,8.64,93.0,0.1,8787.614,4489544.0,0.3,0.2,0.908,17.9,57.4
166.0,1,3.48,155.588,36.0,1,99.0,4.56,96.0,2.3,3465.222,2712511.0,1.9,1.8,0.694,11.9,44.5
312.0,1,0.17,93.359,98.0,1,98.0,6.91,92.0,0.1,765.863,573416.0,16.1,16.7,0.27,7.3,13.9
337.0,35,0.21,21.338,57.0,56,56.0,3.76,53.0,3.0,322.811,9137345.0,9.9,9.9,0.329,5.5,17.3
273.0,25,1.71,27.69,18.0,33,59.0,5.7,45.0,2.2,321.226,1242473.0,11.6,11.8,0.412,7.6,12.4
127.0,0,0.01,261.291,93.0,0,94.0,6.48,94.0,0.1,1929.775,1317997.0,1.9,1.9,0.856,16.5,59.0
128.0,3,0.53,110.678,96.0,4,97.0,4.2,97.0,0.1,1882.278,2976724.0,7.8,7.6,0.779,12.9,38.5
86.0,3,11.83,1109.855,88.0,3,96.0,1.37,96.0,0.1,8787.614,8251626.0,1.1,1.1,0.877,16.4,57.1
154.0,0,0.01,915.186,98.0,0,98.0,4.76,98.0,0.1,8787.614,1255882.0,7.1,7.0,0.756,14.3,31.8
65.0,2,8.1,102.19,55.0,2,91.0,1.45,91.0,0.1,544.434,17153357.0,0.5,0.5,0.912,15.9,66.4
296.0,2,8.87,218.173,28.0,3,45.0,2.89,45.0,3.2,4116.467,1231122.0,8.0,7.8,0.637,12.2,28.1
194.0,0,14.09,91.71,97.0,1,98.0,5.1,98.0,0.1,694.244,9464495.0,2.0,2.1,0.793,15.6,6.5
446.0,17,1.67,43.484,45.0,24,46.0,3.9,45.0,3.2,446.443,4448525.0,9.0,8.9,0.352,6.6,2.2
134.0,1,3.03,7.341,93.0,1,96.0,5.56,94.0,0.1,93.166,31786.0,2.0,2.1,0.657,10.8,48.1
365.0,64,7.8,191.654,77.0,87,81.0,3.39,77.0,2.5,3529.535,17153357.0,9.1,9.0,0.488,9.0,2.4
126.0,0,13.15,650.957,95.0,0,94.0,7.16,94.0,0.1,5245.421,444.0,2.0,2.0,0.749,12.3,55.2
262.0,1,12.23,145.423,99.0,1,99.0,6.47,99.0,0.1,1479.383,9865548.0,2.5,2.7,0.687,13.6,55.3
322.0,20,11.32,333.215,94.0,22,97.0,5.61,96.0,0.4,2975.133,17153357.0,2.6,2.8,0.733,13.2,54.7
214.0,54,4.52,31.272,67.0,68,77.0,4.71,67.0,0.1,2842.938,112249.0,1.0,9.7,0.676,11.7,24.8
177.0,0,4.6,336.321,88.0,0,88.0,3.78,88.0,0.1,3861.324,1186873.0,8.1,8.1,0.667,12.1,25.3
12.0,3,1.46,420.115,99.0,4,99.0,5.64,99.0,0.1,3371.712,1196136.0,6.3,6.3,0.689,14.2,53.1
157.0,6,6.05,587.883,18.0,8,85.0,4.41,82.0,1.2,4952.678,9767758.0,3.4,3.3,0.695,12.9,52.6
184.0,0,6.48,387.332,98.0,0,98.0,4.4,98.0,0.6,4187.378,29747.0,3.6,3.5,0.692,12.3,44.4
218.0,0,7.13,291.017,95.0,0,96.0,6.0,96.0,0.1,3352.731,236755.0,2.8,2.8,0.716,13.7,55.4
418.0,26,3.78,54.666,89.0,38,88.0,11.79,89.0,1.3,445.525,6611692.0,8.1,8.0,0.392,8.9,22.2
165.0,5,3.02,188.25,93.0,7,94.0,7.89,94.0,1.2,1217.658,724153.0,2.6,2.5,0.571,10.4,42.0
433.0,28,3.97,49.837,84.0,42,81.0,11.79,84.0,1.7,394.593,63126.0,8.5,8.4,0.375,8.5,21.2
194.0,2,2.68,53.959,98.0,3,98.0,6.21,98.0,0.3,357.348,61131.0,1.8,1.7,0.659,13.4,51.4
72.0,2,8.4,864.95,42.0,2,89.0,11.17,91.0,0.1,4773.454,17153357.0,0.5,0.4,0.898,15.9,63.6
48.0,64,9.58,15.831,18.0,87,45.0,3.25,45.0,3.2,351.8,17153357.0,14.1,14.1,0.27,8.0,17.3
135.0,0,0.01,447.546,64.0,0,65.0,3.92,64.0,0.1,3167.344,253142.0,1.5,1.4,0.591,10.8,51.7
334.0,33,0.34,18.93,57.0,53,65.0,3.14,45.0,2.8,386.329,949229.0,9.5,9.5,0.325,5.1,18.1
183.0,24,1.59,34.419,99.0,29,99.0,5.11,99.0,0.3,465.12,2586435.0,3.2,3.2,0.613,11.6,37.0
125.0,4,0.54,32.525,95.0,4,95.0,9.5,95.0,0.1,261.457,5535595.0,3.9,3.8,0.723,13.5,57.0
221.0,0,1.93,20.712,98.0,0,92.0,3.28,91.0,0.1,238.892,814218.0,4.3,4.0,0.683,13.2,51.2
93.0,1,1.57,835.063,81.0,1,75.0,7.12,81.0,0.1,8734.965,4588368.0,4.7,4.7,0.758,13.2,64.0
491.0,2,5.37,250.892,86.0,4,97.0,4.64,97.0,3.2,3349.688,172834.0,12.3,12.2,0.559,11.7,29.9
214.0,64,1.2,27.338,18.0,87,58.0,4.22,63.0,0.3,621.318,17153357.0,16.1,16.7,0.518,9.2,13.0
32.0,11,4.05,15.799,64.0,15,66.0,1.9,45.0,3.0,178.928,3375838.0,8.1,8.1,0.377,10.0,22.4
12.0,2,11.63,23.435,96.0,2,95.0,6.4,99.0,0.1,1378.549,384196.0,2.0,2.1,0.838,15.4,6.4
155.0,0,3.49,122.574,18.0,0,45.0,4.81,45.0,0.8,1239.378,43579.0,9.6,9.5,0.27,11.3,21.5
262.0,2,0.25,77.028,69.0,2,69.0,4.57,69.0,0.1,648.387,626425.0,7.4,7.3,0.451,9.9,19.6
347.0,64,10.22,94.497,82.0,87,82.0,9.9,82.0,3.2,584.396,3593648.0,5.9,5.9,0.477,10.7,16.7
64.0,1,9.33,1035.621,18.0,1,97.0,1.48,97.0,0.1,5338.255,16615394.0,1.0,0.9,0.906,17.0,59.3
14.0,0,4.19,240.14,91.0,0,94.0,5.6,93.0,0.8,1976.459,467664.0,8.7,8.7,0.574,11.1,23.7
241.0,2,0.12,59.66,83.0,2,85.0,6.1,83.0,0.2,829.759,76569.0,7.0,6.8,0.479,10.6,22.1
257.0,39,0.01,151.899,92.0,56,91.0,4.79,92.0,0.9,1629.822,2573349.0,6.7,6.6,0.563,11.2,26.7
49.0,16,1.51,30.784,42.0,25,45.0,4.24,45.0,3.2,243.543,3754986.0,1.5,1.5,0.312,5.2,16.5
189.0,0,14.09,1109.855,95.0,0,95.0,5.16,95.0,0.1,8787.614,13468.0,2.0,2.1,0.829,16.1,56.3
158.0,0,1.24,40.491,93.0,0,91.0,4.75,91.0,0.1,263.272,9882.0,0.1,0.1,0.676,13.7,65.5
197.0,0,6.2,325.681,97.0,0,97.0,4.39,97.0,0.8,3831.538,27689.0,3.6,3.5,0.691,12.5,43.2
35.0,19,6.22,60.778,68.0,27,52.0,5.63,45.0,3.2,413.738,8692567.0,4.7,4.7,0.443,7.9,34.8
298.0,2,8.75,11.054,82.0,3,81.0,2.54,82.0,3.2,194.275,1536411.0,6.8,6.6,0.651,12.4,32.4
125.0,8,5.38,946.652,88.0,11,71.0,5.23,88.0,0.1,6583.116,3565716.0,1.1,1.1,0.731,13.4,54.2
155.0,10,6.07,748.445,98.0,11,99.0,4.12,99.0,0.2,5491.16,675313.0,8.1,8.2,0.72,13.3,29.0
219.0,55,4.61,24.59,89.0,69,84.0,4.56,89.0,0.1,276.289,9848132.0,1.0,9.7,0.671,11.7,24.3
191.0,0,5.53,78.722,76.0,1,91.0,5.13,91.0,0.5,884.519,128452.0,6.4,6.9,0.729,12.0,36.0
387.0,24,5.84,6.545,83.0,38,75.0,5.25,82.0,3.2,112.849,6953113.0,8.5,8.5,0.276,4.7,13.5
185.0,64,0.08,211.878,81.0,87,81.0,2.71,81.0,0.3,3634.277,17153357.0,1.6,1.5,0.662,12.3,23.8
116.0,0,12.06,1109.855,97.0,0,96.0,7.7,96.0,0.1,8787.614,443458.0,1.7,1.7,0.8,14.3,59.4
36.0,3,7.99,575.675,83.0,4,83.0,8.5,83.0,3.2,4153.498,21374.0,1.9,1.9,0.598,11.4,31.0
491.0,28,4.14,8.717,65.0,43,69.0,6.44,68.0,3.2,444.766,129432.0,9.0,9.0,0.406,9.3,27.5
394.0,46,0.45,49.092,18.0,80,45.0,2.92,45.0,3.2,929.772,11133861.0,9.8,9.7,0.338,6.0,16.4
491.0,64,10.47,22.594,29.0,87,55.0,6.77,52.0,3.2,257.634,2439274.0,7.0,7.0,0.382,9.8,13.0
77.0,0,11.3,1109.855,83.0,0,83.0,11.19,83.0,0.1,8787.614,8343323.0,1.7,1.9,0.87,15.3,54.7
154.0,7,0.55,42.415,51.0,8,79.0,6.56,77.0,0.1,883.644,82341.0,3.0,3.0,0.659,10.8,43.6
173.0,2,0.05,11.758,79.0,3,45.0,0.37,45.0,0.1,524.896,164973.0,11.8,11.8,0.541,11.3,14.2
229.0,0,7.56,536.233,93.0,1,93.0,6.8,93.0,0.4,3439.598,7491.0,5.6,5.3,0.624,10.3,43.2
82.0,2,7.6,1109.855,18.0,2,88.0,8.67,89.0,0.1,8787.614,37697.0,0.5,0.5,0.864,15.9,57.8
411.0,25,0.01,54.56,91.0,35,91.0,11.24,91.0,0.9,561.898,676613.0,7.9,7.8,0.401,9.1,22.7
81.0,0,9.46,1109.855,92.0,1,93.0,8.61,94.0,0.1,8787.614,19287.0,0.8,0.8,0.823,15.2,59.2
235.0,6,2.4,34.24,96.0,8,96.0,1.93,96.0,0.1,394.468,4935762.0,3.2,3.3,0.27,10.5,42.7
267.0,5,6.79,180.354,98.0,6,99.0,6.61,99.0,1.0,1367.352,474516.0,2.7,2.8,0.7,14.6,56.1
254.0,1,0.73,145.597,95.0,1,95.0,5.28,95.0,0.3,1247.614,656639.0,16.1,16.7,0.27,9.2,16.7
193.0,64,3.0,64.606,44.0,87,79.0,4.33,82.0,0.2,1461.672,17153357.0,16.1,16.7,0.58,10.8,16.4
158.0,64,0.01,4.115,18.0,87,88.0,2.62,99.0,0.1,46.758,14137489.0,2.1,2.7,0.491,8.1,12.0
155.0,3,5.39,30.935,85.0,3,81.0,9.14,85.0,0.1,2599.596,6127837.0,2.1,2.0,0.663,12.1,45.6
72.0,1,9.69,1109.855,18.0,1,96.0,9.6,96.0,0.1,8787.614,16319868.0,1.0,1.0,0.888,16.4,55.8
491.0,5,2.95,3.535,18.0,7,84.0,6.91,84.0,3.2,47.894,192312.0,1.6,1.6,0.446,10.4,25.9
491.0,3,6.72,143.62,86.0,4,87.0,5.11,84.0,3.2,1437.635,172927.0,9.0,9.2,0.506,9.3,26.3
77.0,1,9.56,1109.855,18.0,1,98.0,8.52,98.0,0.1,8787.614,16281779.0,1.0,1.0,0.885,16.5,55.0
216.0,64,1.19,19.481,18.0,87,57.0,4.3,61.0,0.3,541.135,11827848.0,16.1,16.7,0.505,8.6,12.6
338.0,34,0.18,2.395,57.0,55,61.0,3.45,57.0,2.9,37.193,939848.0,9.7,9.7,0.338,5.9,17.7
48.0,64,1.19,49.91,76.0,87,73.0,5.58,76.0,3.2,566.514,2567666.0,3.6,3.5,0.4,9.2,21.3
3.0,18,6.64,44.257,68.0,25,56.0,5.32,53.0,3.2,329.783,8976552.0,4.5,4.6,0.447,8.1,36.5
491.0,5,1.99,5.301,18.0,7,45.0,7.13,45.0,3.2,63.636,191897.0,1.2,1.1,0.44,10.5,26.4
293.0,64,0.02,15.296,67.0,87,45.0,8.79,45.0,0.1,219.141,17153357.0,16.1,16.7,0.381,6.8,13.8
196.0,0,4.94,815.436,84.0,0,85.0,5.92,85.0,1.2,6858.163,515148.0,3.5,3.4,0.691,11.9,53.3
67.0,29,3.88,29.815,72.0,46,73.0,4.47,73.0,3.2,396.998,1332999.0,8.2,8.2,0.414,9.6,28.2
338.0,49,4.53,3.196,76.0,87,69.0,5.26,69.0,3.2,26.764,122931.0,11.0,1.6,0.27,4.4,12.9
35.0,23,4.33,15.994,92.0,35,89.0,7.86,92.0,2.9,196.247,8212264.0,7.9,7.9,0.319,7.9,15.2
32.0,2,6.47,352.232,28.0,3,45.0,3.48,45.0,3.2,4892.116,1328146.0,7.5,7.4,0.638,12.3,29.8
295.0,8,7.08,76.199,99.0,9,99.0,3.73,99.0,0.1,5291.576,153884.0,2.4,2.5,0.747,14.3,46.8
28.0,17,6.18,6.996,68.0,23,61.0,5.7,45.0,3.2,55.476,949457.0,4.3,4.3,0.455,8.3,39.6
16.0,9,0.65,35.095,18.0,11,75.0,4.67,76.0,0.1,655.974,8486.0,3.2,3.1,0.636,10.1,42.1
217.0,8,0.02,61.763,74.0,12,73.0,3.23,74.0,1.3,1167.536,347541.0,9.2,8.9,0.475,7.2,26.1
253.0,19,1.38,8.386,18.0,24,86.0,6.43,85.0,1.7,48.615,1363377.0,11.6,11.7,0.458,9.7,13.5
98.0,0,13.14,1109.855,77.0,0,99.0,7.48,99.0,0.1,8787.614,4363.0,1.0,1.0,0.848,13.5,54.0
166.0,4,6.64,155.423,86.0,4,86.0,5.99,86.0,0.1,1174.779,56795.0,2.4,2.3,0.642,12.7,41.3
71.0,1,2.32,1109.855,98.0,1,93.0,7.44,93.0,0.1,8787.614,66897.0,1.1,1.1,0.863,16.0,59.6
245.0,6,2.71,29.272,98.0,8,98.0,2.9,98.0,0.1,2136.668,48115.0,3.3,3.3,0.27,10.4,41.3
33.0,19,6.1,50.286,68.0,26,54.0,5.47,48.0,3.2,393.163,8834733.0,4.6,4.7,0.444,8.0,35.6
189.0,64,0.01,1.767,63.0,87,68.0,2.61,65.0,0.1,51.657,14161437.0,16.1,16.7,0.45,5.4,16.9
28.0,14,2.35,41.508,87.0,18,87.0,6.79,87.0,0.4,277.834,139628.0,1.4,1.4,0.567,9.6,43.8
42.0,13,4.21,9.758,64.0,18,49.0,3.44,45.0,3.2,133.495,3116233.0,8.7,8.7,0.373,10.3,21.1
184.0,0,9.85,1109.855,92.0,0,94.0,6.84,94.0,0.1,8787.614,2141669.0,2.3,2.3,0.821,16.4,58.5
78.0,0,10.08,664.474,98.0,1,99.0,1.54,99.0,0.1,4474.572,11128246.0,0.9,0.9,0.886,16.2,62.6
138.0,1,3.55,396.627,94.0,1,94.0,5.3,94.0,0.5,4682.728,281721.0,1.8,1.7,0.721,12.7,5.5
132.0,1,7.24,194.173,95.0,1,88.0,1.5,92.0,0.1,2964.477,3926.0,2.6,2.8,0.738,13.3,52.0
151.0,8,3.54,18.093,92.0,9,89.0,5.87,92.0,0.3,321.943,13735233.0,1.4,1.3,0.688,12.8,47.2
314.0,11,0.58,158.002,18.0,15,59.0,8.39,62.0,1.5,637.362,6161517.0,1.5,1.4,0.439,7.6,4.4
214.0,0,2.02,64.392,99.0,0,97.0,3.61,96.0,0.1,3658.638,821817.0,4.1,3.8,0.699,13.9,55.1
285.0,25,1.13,7.107,18.0,39,73.0,4.73,45.0,2.1,61.8,7982225.0,8.7,8.6,0.43,8.5,2.5
371.0,43,7.34,978.591,18.0,54,73.0,8.78,73.0,3.2,6876.954,17153357.0,5.4,6.5,0.652,12.8,49.5
131.0,3,0.47,431.545,96.0,4,97.0,3.97,97.0,0.1,7326.744,2765383.0,8.3,8.2,0.756,12.6,34.4
99.0,64,2.92,171.66,84.0,87,87.0,4.66,87.0,0.1,1753.418,13372.0,5.0,4.4,0.634,10.6,24.1
69.0,1,9.84,588.568,95.0,1,92.0,8.57,92.0,0.1,3472.38,21274.0,0.7,0.6,0.908,18.6,6.9
145.0,4,1.96,120.247,98.0,5,98.0,4.6,98.0,0.1,1448.761,1952.0,15.4,15.5,0.718,13.1,17.2
331.0,11,0.68,93.373,59.0,14,52.0,6.68,55.0,1.3,539.415,5716152.0,1.5,1.5,0.422,6.6,38.2
247.0,1,12.98,24.249,18.0,1,99.0,6.13,99.0,0.1,1276.288,997961.0,2.7,2.8,0.675,13.1,54.4
15.0,13,4.34,941.646,92.0,15,92.0,7.1,92.0,0.1,5148.422,17153357.0,2.2,2.0,0.691,12.4,53.5
68.0,1,9.53,1109.855,18.0,1,97.0,9.36,97.0,0.1,8787.614,16381696.0,1.0,1.0,0.899,16.6,57.3
65.0,0,13.03,1109.855,88.0,0,98.0,6.42,98.0,0.1,8787.614,1141.0,0.9,1.0,0.823,13.4,54.8
235.0,1,0.01,257.84,99.0,2,99.0,4.45,99.0,0.1,3769.595,2761516.0,2.2,2.3,0.701,14.6,48.0
34.0,41,1.46,53.238,18.0,62,81.0,3.96,45.0,3.2,423.194,2986536.0,8.4,8.3,0.491,7.7,21.8
156.0,0,0.01,1109.855,92.0,0,92.0,5.88,92.0,0.1,8787.614,1993782.0,2.2,2.2,0.822,16.0,6.7
278.0,5,7.31,217.435,97.0,6,95.0,6.41,96.0,0.9,1828.718,471515.0,2.7,2.8,0.707,14.5,56.4
232.0,3,0.01,796.873,84.0,4,84.0,8.24,84.0,3.2,5749.448,2263934.0,9.5,9.4,0.619,11.5,33.3
99.0,1,4.22,1109.855,89.0,1,89.0,9.1,45.0,0.1,6911.136,442958.0,1.9,1.8,0.74,12.9,53.4
212.0,0,0.76,18.195,88.0,0,86.0,1.93,86.0,0.1,1151.556,9426.0,0.2,0.1,0.576,12.1,72.8
181.0,0,7.24,69.631,96.0,0,97.0,4.76,96.0,0.6,4324.876,29847.0,3.5,3.5,0.7,12.8,45.0
89.0,2,7.93,177.493,92.0,2,92.0,6.97,92.0,0.1,1286.178,16993354.0,0.8,0.9,0.815,15.2,6.6
261.0,64,1.34,67.734,62.0,87,69.0,6.86,61.0,1.7,341.4,877267.0,11.0,1.7,0.401,8.1,15.6
159.0,3,5.61,318.62,86.0,4,95.0,6.41,95.0,0.1,2312.193,5966159.0,2.2,2.1,0.649,12.0,44.2
438.0,2,5.2,735.709,91.0,3,85.0,8.61,91.0,3.2,3934.273,1225258.0,5.1,5.2,0.526,11.2,3.2
15.0,1,2.19,527.918,74.0,1,74.0,9.3,74.0,0.1,5425.67,371464.0,4.8,4.7,0.27,14.8,59.7
48.0,43,7.38,1089.955,68.0,56,65.0,8.79,65.0,3.2,7548.164,5256515.8,6.0,7.3,0.644,12.8,48.7
138.0,1,3.65,37.171,96.0,1,96.0,5.66,96.0,0.5,521.334,284992.0,1.8,1.7,0.725,12.8,52.0
328.0,22,6.88,78.47,99.0,34,99.0,1.2,99.0,3.2,342.366,92658.0,6.8,6.8,0.404,9.3,15.9
77.0,3,9.78,31.506,94.0,3,97.0,7.91,87.0,0.1,251.243,5694218.0,0.5,0.5,0.823,14.8,55.0
93.0,1,1.53,151.153,81.0,1,75.0,6.99,81.0,0.1,8787.614,491644.0,4.8,4.8,0.763,13.3,64.4
275.0,41,1.78,161.011,93.0,61,92.0,4.85,93.0,2.2,1224.416,2329864.0,7.5,7.4,0.53,9.8,24.2
164.0,64,0.01,0.397,18.0,87,83.0,2.59,83.0,0.1,4.614,1366667.0,2.5,16.7,0.476,7.7,11.2
261.0,15,11.21,137.006,98.0,18,98.0,7.44,98.0,0.3,8562.896,17153357.0,2.3,2.5,0.776,14.0,57.0
141.0,3,3.03,20.833,99.0,4,99.0,3.28,99.0,0.1,322.993,2271.0,15.3,15.3,0.746,13.6,2.5
144.0,14,4.66,780.595,93.0,17,93.0,6.25,93.0,0.1,4674.22,17153357.0,2.3,2.1,0.675,11.9,52.0
128.0,1,7.17,151.763,89.0,1,45.0,8.99,92.0,0.1,3174.949,43.0,2.6,2.8,0.735,13.1,5.5
118.0,1,6.89,1109.855,18.0,1,81.0,8.9,45.0,0.1,8787.614,3838462.0,1.9,1.9,0.773,12.9,56.3
158.0,10,5.95,71.685,98.0,12,99.0,3.81,99.0,0.2,575.322,672888.0,8.2,8.3,0.711,13.1,27.9
237.0,2,0.01,715.282,18.0,3,68.0,3.44,45.0,2.8,8787.614,1875713.0,6.1,6.0,0.687,12.6,35.8
369.0,24,5.54,1.747,87.0,37,82.0,9.84,87.0,3.2,15.574,7423289.0,8.2,8.3,0.286,5.6,14.1
21.0,30,0.32,44.121,62.0,37,69.0,5.61,74.0,0.1,1391.817,2631669.0,5.4,5.2,0.603,9.8,51.9
41.0,64,9.65,6.003,73.0,87,45.0,9.76,73.0,3.2,41.859,359487.0,6.3,6.3,0.442,10.3,15.2
61.0,1,9.87,1109.855,91.0,1,91.0,9.36,91.0,0.1,8787.614,17153357.0,0.6,0.6,0.933,18.6,65.5
145.0,20,0.36,148.512,81.0,23,86.0,3.73,86.0,0.1,1774.337,3199546.0,6.3,6.2,0.653,11.1,46.1
344.0,14,1.37,0.676,24.0,22,72.0,5.55,82.0,3.2,42.765,5997385.0,7.9,7.8,0.443,10.6,19.8
119.0,1,6.76,24.731,94.0,1,94.0,8.17,94.0,0.1,962.312,335824.0,1.6,1.5,0.77,15.7,6.1
135.0,64,0.01,52.83,96.0,87,96.0,2.88,96.0,0.1,951.889,17153357.0,16.1,16.7,0.565,10.0,17.0
58.0,1,0.01,42.988,96.0,1,97.0,9.3,97.0,0.1,296.472,4648882.0,0.6,0.5,0.877,17.6,66.0
151.0,14,4.27,356.939,92.0,18,81.0,4.56,86.0,0.4,2448.144,17153357.0,1.3,1.3,0.685,12.8,48.1
279.0,56,0.11,20.861,71.0,87,45.0,6.61,45.0,1.6,232.566,1312712.0,12.1,12.0,0.27,4.4,15.0
14.0,3,1.37,379.514,97.0,4,98.0,5.57,98.0,0.1,3194.562,112482.0,6.4,6.3,0.683,13.9,52.2
185.0,0,7.82,21.465,99.0,0,99.0,3.91,99.0,0.1,1192.517,82858.0,6.0,6.4,0.712,12.1,3.1
85.0,0,10.98,1109.855,94.0,1,99.0,9.17,98.0,0.1,8787.614,1547958.0,0.8,0.8,0.865,15.7,6.6
37.0,5,3.1,22.098,18.0,8,73.0,5.72,68.0,3.2,424.953,138838.0,9.2,9.0,0.27,8.0,2.1
338.0,23,4.05,2.03,94.0,34,96.0,6.96,94.0,2.4,24.945,848931.0,7.8,7.8,0.336,8.6,15.7
62.0,1,9.05,1109.855,18.0,1,97.0,11.1,97.0,0.1,8787.614,16754962.0,1.0,0.9,0.921,18.1,6.5
325.0,64,0.01,90.761,78.0,87,82.0,7.47,78.0,3.2,662.492,17153357.0,5.7,5.7,0.478,10.0,17.6
214.0,6,6.82,235.357,95.0,7,98.0,4.32,99.0,0.1,8787.614,16791425.0,2.4,2.5,0.774,14.7,5.6
28.0,64,1.37,34.859,18.0,87,66.0,4.25,65.0,0.3,792.26,17153357.0,16.1,16.7,0.536,9.7,13.9
74.0,2,8.3,1109.855,18.0,2,45.0,9.83,94.0,0.1,8787.614,17153357.0,0.5,0.4,0.894,15.8,62.5
211.0,0,11.48,7.806,18.0,0,94.0,4.84,94.0,0.1,538.348,137935.0,2.3,2.4,0.791,15.4,54.6
131.0,3,0.49,65.567,96.0,4,96.0,3.99,96.0,0.1,971.357,17153357.0,8.2,8.0,0.764,12.8,35.3
241.0,6,2.58,0.359,98.0,8,98.0,2.16,98.0,0.1,26.371,487137.0,3.3,3.3,0.27,10.4,42.0
88.0,0,1.62,659.85,98.0,0,98.0,7.37,98.0,0.1,4428.523,333.0,14.3,14.5,0.622,12.0,18.7
267.0,5,7.99,29.382,96.0,6,99.0,6.39,98.0,0.8,233.188,4678775.0,2.6,2.7,0.716,14.7,56.8
178.0,23,0.24,84.623,82.0,30,83.0,6.43,82.0,0.2,592.184,2723137.0,16.1,16.7,0.515,11.1,16.4
142.0,0,1.24,471.831,82.0,0,84.0,4.59,82.0,0.1,3547.6,14137.0,0.1,0.1,0.707,14.4,72.7
14.0,0,12.19,1109.855,97.0,0,96.0,7.8,96.0,0.1,8787.614,428622.0,1.6,1.5,0.808,14.5,61.3
364.0,46,0.5,43.573,39.0,80,45.0,2.95,45.0,3.2,896.57,1188722.0,9.4,9.3,0.36,6.7,17.1
382.0,56,5.9,68.707,84.0,87,82.0,5.18,84.0,3.2,1233.524,18978.0,6.4,6.5,0.466,8.8,24.9
63.0,0,7.38,335.518,86.0,0,73.0,8.33,73.0,0.1,2675.583,412477.0,0.8,0.7,0.815,14.4,67.1
193.0,12,0.6,10.681,39.0,15,84.0,4.48,85.0,0.3,189.388,6447688.0,4.0,4.0,0.543,9.8,32.1
147.0,0,1.08,4.784,84.0,0,86.0,4.67,84.0,0.1,37.847,1364.0,0.1,0.1,0.703,14.5,72.1
7.0,0,11.72,1109.855,95.0,0,95.0,8.15,95.0,0.1,8787.614,4576794.0,0.3,0.2,0.909,18.5,59.7
464.0,30,3.8,38.001,63.0,46,65.0,1.68,64.0,2.2,322.313,5848692.0,9.1,9.1,0.348,8.0,19.7
118.0,4,0.59,668.745,98.0,4,98.0,9.54,98.0,0.1,3492.14,6821116.0,3.8,3.8,0.742,13.6,6.9
17.0,4,1.34,321.769,92.0,4,95.0,5.36,95.0,0.1,2761.969,9939678.0,6.4,6.3,0.667,13.5,5.6
113.0,4,0.41,63.878,98.0,4,98.0,7.45,98.0,0.1,466.948,88936.0,3.9,3.9,0.737,13.1,64.8
118.0,0,5.77,339.719,95.0,0,95.0,8.74,95.0,0.1,1592.682,3396777.0,1.5,1.5,0.784,15.5,62.3
23.0,7,0.03,8.595,42.0,11,58.0,5.26,51.0,1.1,477.476,279359.0,1.9,1.7,0.443,6.4,21.1
364.0,48,0.01,63.079,89.0,73,88.0,4.29,89.0,3.2,1365.344,17153357.0,5.8,5.8,0.501,10.4,27.8
284.0,58,0.1,13.358,71.0,87,45.0,6.1,45.0,1.5,158.456,11352973.0,12.8,12.9,0.27,4.4,13.6
195.0,15,2.13,48.354,92.0,17,95.0,6.36,94.0,0.6,738.233,14928.0,11.1,11.4,0.52,10.5,15.9
26.0,16,7.92,63.787,97.0,23,93.0,7.91,97.0,2.3,563.491,1246842.0,6.5,6.3,0.454,10.0,18.3
192.0,16,5.93,27.638,95.0,19,97.0,3.7,96.0,0.7,296.546,6473164.0,9.2,9.5,0.657,11.5,2.2
69.0,0,6.9,1109.855,42.0,0,99.0,9.31,99.0,0.1,8787.614,8958229.0,1.3,1.3,0.882,15.9,54.4
95.0,0,11.28,507.306,64.0,1,96.0,9.3,95.0,0.1,3743.957,1376133.0,0.8,0.8,0.878,18.6,59.4
3.0,64,0.01,16.887,64.0,87,45.0,7.76,45.0,0.1,187.846,17153357.0,16.1,2.2,0.341,6.2,13.0
177.0,0,6.58,670.092,95.0,0,95.0,5.79,95.0,0.2,4852.224,351694.0,3.4,3.4,0.705,12.8,5.1
79.0,2,11.22,1109.855,88.0,3,95.0,11.4,96.0,0.1,8787.614,819237.0,1.1,1.1,0.906,16.7,59.5
139.0,1,10.99,851.451,95.0,1,95.0,7.11,95.0,0.1,7378.255,735888.0,1.9,1.9,0.778,14.3,63.9
198.0,14,0.37,8.943,39.0,17,86.0,4.64,83.0,0.3,138.437,621625.0,4.2,4.1,0.529,9.6,31.3
127.0,1,6.87,1092.155,85.0,2,85.0,7.56,85.0,0.1,7429.628,3579385.0,2.0,1.9,0.755,12.8,53.4
73.0,0,7.53,1109.855,96.0,0,99.0,8.8,99.0,0.1,8787.614,1892413.0,0.8,0.7,0.862,17.2,66.0
138.0,1,12.03,153.14,95.0,1,88.0,8.44,88.0,0.1,7853.335,7223938.0,1.9,1.9,0.787,14.8,65.1
161.0,0,3.24,582.514,97.0,0,96.0,4.24,97.0,0.1,6574.654,123963.0,7.5,7.4,0.72,13.5,29.1
152.0,64,0.01,42.33,86.0,87,95.0,2.8,94.0,0.1,494.515,1453684.0,16.1,2.3,0.506,8.4,13.0
189.0,0,6.12,1109.855,95.0,0,95.0,5.31,95.0,0.5,8787.614,1296934.0,6.3,6.7,0.745,12.3,37.6
336.0,3,4.46,14.955,18.0,4,45.0,2.73,45.0,1.9,172.685,614323.0,1.7,1.6,0.27,4.4,18.3
24.0,0,0.01,147.455,94.0,0,92.0,1.37,94.0,0.1,1763.815,16613.0,0.1,0.1,0.581,11.9,76.2
139.0,0,2.15,558.721,58.0,0,45.0,5.8,65.0,0.1,3942.983,187665.0,0.2,0.1,0.693,12.9,72.9
165.0,2,0.09,36.199,72.0,3,78.0,1.2,72.0,0.1,757.311,19221.0,11.6,11.6,0.599,12.1,15.1
221.0,8,0.01,55.798,68.0,12,68.0,3.21,68.0,1.3,944.135,322653.0,9.6,9.4,0.466,7.2,24.8
491.0,7,0.83,0.736,86.0,10,82.0,4.43,81.0,1.9,28.197,339281.0,1.2,1.1,0.27,4.4,12.6
155.0,64,0.01,38.055,45.0,87,94.0,2.68,93.0,0.1,484.155,14343111.0,16.1,2.5,0.499,8.2,12.5
73.0,0,6.6,1109.855,42.0,0,99.0,8.86,99.0,0.1,8787.614,889596.0,1.3,1.3,0.877,15.9,53.4
213.0,3,2.77,440.603,89.0,3,89.0,7.19,89.0,0.2,2835.281,628961.0,1.9,1.8,0.644,12.7,49.4
12.0,0,4.56,45.714,93.0,0,95.0,8.5,93.0,0.1,2968.412,378153.0,2.9,2.9,0.27,12.5,5.5
36.0,5,3.22,21.534,18.0,8,74.0,5.87,71.0,3.2,418.945,1412669.0,8.9,8.8,0.388,8.3,2.7
181.0,64,0.09,22.848,85.0,87,86.0,2.93,85.0,0.3,362.664,17153357.0,1.5,1.3,0.677,12.9,25.6
491.0,3,7.19,25.217,83.0,4,87.0,5.26,84.0,3.2,1637.457,161468.0,9.4,9.6,0.516,9.4,25.9
126.0,1,9.38,742.511,97.0,1,93.0,9.89,91.0,0.1,5659.382,719977.0,2.1,2.1,0.767,14.0,58.3
98.0,64,3.28,29.743,91.0,87,94.0,4.52,93.0,0.1,299.23,13112.0,4.8,4.3,0.646,11.0,24.9
273.0,23,1.43,30.911,18.0,29,54.0,5.95,54.0,2.1,339.677,12634729.0,11.6,11.8,0.427,8.2,12.8
283.0,44,1.16,35.661,51.0,68,58.0,5.8,57.0,0.6,245.94,1576686.0,8.7,8.6,0.27,8.0,13.9
386.0,25,6.61,9.697,83.0,41,71.0,4.98,45.0,3.2,135.998,6476.0,9.0,8.9,0.27,4.5,12.8
155.0,26,0.46,71.116,84.0,30,93.0,4.44,96.0,0.1,1336.775,17153357.0,6.7,6.5,0.53,8.5,45.7
242.0,23,0.33,96.037,84.0,40,84.0,5.35,84.0,0.7,773.87,11251266.0,11.4,11.3,0.415,6.4,19.5
65.0,0,11.12,1109.855,94.0,0,99.0,6.94,99.0,0.1,8787.614,556319.0,1.0,0.9,0.892,13.9,6.9
11.0,4,1.19,257.288,94.0,5,98.0,5.29,98.0,0.1,2254.933,978571.0,6.5,6.4,0.654,13.1,48.9
328.0,37,0.17,2.216,57.0,60,47.0,3.46,46.0,3.0,34.517,888546.0,1.3,1.3,0.316,4.8,16.6
188.0,0,1.1,29.521,18.0,0,94.0,7.47,45.0,0.1,1272.448,52779.0,1.2,1.2,0.492,9.3,46.4
283.0,25,1.12,7.493,82.0,39,82.0,4.55,82.0,2.0,76.535,8454791.0,8.3,8.2,0.438,8.9,21.5
272.0,1,0.09,35.029,28.0,2,45.0,3.56,45.0,0.1,375.853,542357.0,7.9,7.9,0.27,8.2,17.3
218.0,0,0.01,5.348,18.0,0,93.0,5.28,93.0,0.1,47.328,1396985.0,2.5,2.5,0.764,14.4,54.0
214.0,7,5.16,182.616,82.0,8,66.0,4.28,79.0,2.1,2421.966,912998.0,3.6,3.5,0.666,12.5,47.2
83.0,3,11.8,683.919,74.0,3,99.0,11.33,99.0,0.1,4381.288,17153357.0,0.6,0.6,0.882,16.1,6.6
67.0,0,6.41,1109.855,85.0,0,94.0,8.83,92.0,0.1,8787.614,43834.0,0.7,0.7,0.805,14.8,65.0
26.0,3,0.36,7.127,79.0,3,55.0,1.5,55.0,0.1,478.332,126484.0,12.0,11.9,0.492,10.6,13.5
61.0,2,7.25,1109.855,96.0,2,96.0,9.41,96.0,0.1,8787.614,5995365.0,0.5,0.5,0.868,16.3,6.5
272.0,64,0.01,78.184,67.0,87,67.0,8.52,67.0,0.1,669.959,3696958.0,16.1,16.7,0.463,9.8,17.6
251.0,26,0.34,6.064,54.0,49,49.0,4.98,52.0,0.6,481.287,1134497.0,12.1,12.1,0.381,5.4,17.9
127.0,9,0.92,116.259,83.0,10,83.0,4.11,45.0,0.1,1577.457,17153357.0,6.5,6.3,0.624,11.0,47.6
124.0,0,13.39,11.636,95.0,0,95.0,6.19,95.0,0.1,653.716,444.0,2.0,2.0,0.759,12.6,55.8
216.0,17,2.03,51.504,18.0,21,45.0,4.48,45.0,1.1,539.879,13474489.0,11.4,11.6,0.483,10.1,14.3
279.0,64,0.01,79.679,66.0,87,66.0,9.2,66.0,0.1,553.329,2883167.0,16.1,16.7,0.448,9.2,16.7
16.0,0,5.16,8.24,94.0,0,95.0,8.37,95.0,0.1,418.292,3774.0,2.8,2.8,0.703,12.9,51.5
334.0,3,7.13,309.783,18.0,4,46.0,2.23,45.0,3.2,3577.176,694611.0,1.2,1.1,0.554,8.4,19.5
113.0,0,3.85,143.295,36.0,0,92.0,7.16,91.0,0.1,1524.412,3771284.0,3.2,3.2,0.27,11.6,48.2
14.0,19,0.45,220.394,81.0,23,86.0,3.54,86.0,0.1,2598.982,3283196.0,6.2,6.1,0.673,11.7,47.9
338.0,3,8.34,1109.855,18.0,4,55.0,2.31,45.0,3.2,8787.614,868418.0,9.3,9.3,0.592,9.1,21.3
491.0,2,5.48,306.953,87.0,4,97.0,5.73,97.0,3.2,3128.978,1754935.0,11.8,11.8,0.56,11.8,3.5
81.0,0,1.76,1077.712,98.0,0,98.0,9.3,98.0,0.1,5828.621,362.0,14.2,14.3,0.641,11.8,2.3
147.0,64,0.01,42.489,96.0,87,96.0,2.85,96.0,0.1,615.778,14885814.0,16.1,16.7,0.52,8.6,14.0
163.0,0,2.95,0.108,99.0,0,99.0,5.29,99.0,0.2,8.376,1254.0,7.2,7.2,0.74,14.0,3.7
183.0,10,0.38,2.626,88.0,12,76.0,5.7,83.0,0.3,44.287,7557.0,3.8,3.9,0.579,10.7,34.1
26.0,20,0.32,1.431,92.0,31,89.0,4.42,92.0,0.4,18.253,13391.0,1.2,1.1,0.455,7.9,22.2
131.0,1,9.85,820.811,93.0,1,97.0,9.9,95.0,0.1,5821.354,73287.0,2.3,2.3,0.754,13.6,56.4
6.0,1,2.78,1109.855,97.0,1,94.0,7.73,94.0,0.1,8787.614,7915.0,1.2,1.1,0.889,15.9,63.8
16.0,1,3.58,1109.855,89.0,1,93.0,9.66,88.0,0.1,8199.415,454528.0,1.8,1.8,0.749,13.3,55.5
57.0,2,7.56,1109.855,95.0,2,95.0,9.25,95.0,0.1,8787.614,678914.0,0.6,0.6,0.877,16.3,63.1
85.0,0,11.98,1109.855,95.0,0,99.0,7.75,99.0,0.1,8787.614,472637.0,0.9,0.9,0.88,13.5,57.5
175.0,0,3.43,199.412,89.0,0,83.0,5.16,85.0,0.1,1555.475,175566.0,0.2,0.2,0.645,12.0,66.5
37.0,60,0.47,23.945,79.0,87,53.0,6.29,45.0,2.5,269.348,196769.0,11.0,1.9,0.291,4.4,15.6
157.0,0,1.35,330.101,91.0,0,91.0,5.66,89.0,0.1,1837.977,98611.0,0.1,0.1,0.674,13.2,66.2
39.0,64,1.06,30.465,47.0,87,61.0,4.69,45.0,2.8,243.327,8149.0,11.3,11.0,0.362,7.1,14.5
153.0,9,6.5,788.687,99.0,10,99.0,4.0,99.0,0.1,6171.262,6814365.0,7.9,7.9,0.733,13.6,31.3
176.0,0,1.24,171.137,66.0,0,67.0,3.52,45.0,0.1,1353.935,193956.0,1.7,1.6,0.27,10.2,42.6
263.0,40,1.64,225.222,91.0,58,91.0,4.81,91.0,1.3,1574.979,17153357.0,6.9,6.8,0.554,10.9,26.1
266.0,2,0.24,69.968,68.0,2,67.0,4.32,68.0,0.1,621.934,611627.0,7.5,7.4,0.434,9.7,19.2
15.0,3,1.36,379.766,96.0,4,97.0,5.63,97.0,0.1,3112.835,11761.0,6.4,6.3,0.673,13.6,51.4
37.0,46,0.47,4.983,24.0,80,45.0,3.31,45.0,3.2,84.456,1152786.0,9.6,9.5,0.343,6.3,16.7
121.0,25,1.39,22.673,92.0,29,96.0,6.7,96.0,0.1,185.69,74432.0,5.0,4.8,0.705,12.5,6.2
126.0,42,4.93,998.35,98.0,49,98.0,6.4,98.0,0.1,7986.798,17153357.0,1.8,1.7,0.719,12.2,56.4
183.0,11,0.01,8.758,83.0,13,66.0,5.93,83.0,0.2,128.42,1522692.0,11.0,11.1,0.546,10.8,18.2
96.0,1,3.42,386.138,94.0,1,95.0,9.47,95.0,0.1,1569.666,47641.0,1.7,1.7,0.762,13.7,58.5
161.0,3,5.61,26.181,92.0,4,98.0,6.43,98.0,0.2,189.715,5882796.0,2.2,2.2,0.648,12.1,43.5
199.0,16,2.24,53.1,91.0,18,91.0,5.55,91.0,0.7,745.788,138859.0,11.2,11.4,0.511,10.5,15.3
323.0,49,4.54,56.961,76.0,87,83.0,6.45,79.0,2.5,371.324,133569.0,1.5,1.1,0.27,4.4,13.7
24.0,0,13.4,1109.855,96.0,0,95.0,6.22,95.0,0.1,8787.614,3231294.0,2.9,3.0,0.812,16.4,59.0
158.0,0,3.03,918.807,98.0,0,98.0,5.2,98.0,0.1,8787.614,125244.0,7.1,7.1,0.748,14.1,31.3
158.0,2,10.4,14.964,95.0,3,95.0,5.56,95.0,0.1,822.183,2367487.0,3.0,3.3,0.795,15.4,56.3
148.0,16,4.26,42.18,89.0,19,89.0,5.37,89.0,0.1,274.249,17153357.0,2.4,2.2,0.658,11.3,49.8
34.0,7,1.07,5.065,96.0,9,96.0,2.97,96.0,1.6,276.759,39697.0,9.4,9.5,0.27,5.4,13.9
26.0,0,1.95,81.047,99.0,0,99.0,3.68,99.0,0.1,4177.658,84334.0,4.0,3.7,0.7,14.3,57.3
145.0,0,0.91,471.863,62.0,0,66.0,4.71,65.0,0.1,2965.824,236295.0,1.5,1.4,0.59,10.8,49.1
58.0,17,1.47,31.594,42.0,25,45.0,4.16,45.0,3.2,253.768,397612.0,1.2,1.2,0.315,5.4,17.2
165.0,64,0.04,59.659,72.0,87,72.0,2.76,72.0,0.1,1261.29,17153357.0,16.1,2.2,0.529,7.6,23.2
258.0,9,0.01,45.049,76.0,11,75.0,9.25,76.0,1.1,454.122,4286291.0,6.8,6.7,0.419,9.8,26.1
28.0,8,0.01,8.88,18.0,12,45.0,3.63,45.0,1.1,145.578,394617.0,8.1,7.9,0.501,8.2,29.4
186.0,27,1.47,24.994,62.0,32,99.0,5.44,99.0,0.2,383.349,2527185.0,3.3,3.3,0.6,11.0,35.9
199.0,0,11.84,253.402,93.0,0,94.0,6.63,94.0,0.1,8787.614,2177322.0,2.3,2.4,0.819,16.3,58.1
11.0,0,3.84,151.14,36.0,0,86.0,7.1,45.0,0.1,1761.538,377587.0,3.1,3.1,0.27,11.9,48.8
145.0,0,1.1,569.626,84.0,0,88.0,5.13,86.0,0.1,3392.647,135.0,0.1,0.1,0.698,14.5,71.5
219.0,63,4.08,121.363,77.0,82,88.0,3.95,88.0,0.1,1391.772,8789419.0,1.0,9.7,0.646,11.5,2.6
6.0,1,8.68,1109.855,51.0,1,97.0,11.4,97.0,0.1,8787.614,1684432.0,1.0,0.9,0.922,18.1,61.0
12.0,3,1.37,53.085,99.0,3,99.0,5.63,99.0,0.1,431.933,147336.0,6.3,6.3,0.701,14.3,54.7
127.0,11,7.75,961.177,84.0,12,92.0,6.68,91.0,0.1,5878.761,3955889.0,1.1,0.9,0.782,16.1,57.5
9.0,2,7.39,209.488,92.0,2,95.0,6.35,96.0,0.1,1526.877,16491687.0,0.9,0.9,0.797,14.8,58.7
274.0,64,1.17,53.774,56.0,87,65.0,4.41,58.0,2.0,379.757,17153357.0,11.1,1.8,0.393,8.1,15.3
15.0,1,5.16,26.993,98.0,1,97.0,6.12,98.0,0.1,279.143,311487.0,1.8,1.8,0.685,10.8,49.9
273.0,1,0.52,19.157,95.0,1,96.0,4.9,95.0,0.2,997.742,623434.0,16.1,16.7,0.27,8.4,15.5
397.0,26,6.75,31.936,89.0,42,89.0,6.24,89.0,3.2,236.911,8818438.0,6.9,7.1,0.371,8.2,14.9
173.0,64,0.01,3.696,18.0,87,83.0,2.33,82.0,0.1,45.634,17153357.0,2.9,16.7,0.459,7.3,1.4
218.0,4,2.79,353.669,99.0,5,98.0,8.17,99.0,0.4,2238.412,5867626.0,2.1,2.0,0.607,11.3,45.3
213.0,30,0.07,0.0,63.0,37,73.0,4.36,75.0,0.1,1391.817,17153357.0,5.5,5.2,0.616,9.4,51.3
134.0,3,0.42,365.911,95.0,4,95.0,3.65,95.0,0.1,6222.983,17153357.0,8.8,8.6,0.732,12.7,31.6
39.0,14,4.46,12.197,64.0,20,56.0,5.91,46.0,3.1,183.415,2884522.0,9.2,9.2,0.338,8.7,2.2
141.0,1,2.86,53.194,69.0,1,97.0,5.94,94.0,0.1,694.435,35655.0,2.1,2.1,0.644,11.1,47.4
345.0,15,1.37,6.226,24.0,22,85.0,5.56,84.0,3.2,377.336,5837792.0,8.1,8.0,0.436,10.2,19.3
27.0,40,4.64,88.97,88.0,66,89.0,5.91,88.0,0.7,699.453,1772723.0,8.4,7.9,0.392,7.5,18.2
238.0,46,0.08,17.912,18.0,62,74.0,5.43,74.0,0.1,231.426,2374911.0,16.1,16.7,0.439,8.9,11.4
134.0,12,4.22,448.767,94.0,15,94.0,4.47,94.0,0.4,3171.499,17153357.0,1.2,1.2,0.693,13.0,49.5
333.0,14,4.4,16.721,64.0,20,54.0,6.41,45.0,3.1,174.182,2991132.0,9.0,9.0,0.386,10.5,2.4
355.0,15,1.01,3.99,24.0,22,71.0,5.6,71.0,3.2,349.994,5534598.0,8.6,8.5,0.432,10.0,18.4
125.0,1,6.13,221.483,91.0,1,91.0,7.42,91.0,0.1,4429.658,3727.0,2.7,2.8,0.759,13.5,55.3
283.0,57,0.11,1.818,71.0,87,45.0,7.1,45.0,1.6,165.257,11771976.0,12.7,12.7,0.27,4.4,13.9
129.0,30,1.29,832.955,85.0,36,45.0,5.45,45.0,0.1,7384.355,679346.0,5.0,4.9,0.681,11.9,57.6
162.0,64,0.01,62.294,72.0,87,72.0,2.61,72.0,0.1,1316.99,17153357.0,16.1,16.7,0.542,7.8,24.7
183.0,19,2.83,140.691,99.0,22,99.0,5.65,99.0,0.1,1564.967,293394.0,3.0,3.1,0.664,12.0,41.4
135.0,35,1.42,459.111,68.0,43,69.0,5.34,68.0,0.1,4718.513,668583.0,5.1,5.0,0.668,11.9,55.9
189.0,7,6.43,4.674,63.0,8,74.0,5.79,82.0,2.4,38.466,8832285.0,3.7,3.6,0.66,12.3,45.1
271.0,41,4.75,78.77,18.0,68,45.0,5.33,45.0,0.8,673.823,16571216.0,8.6,8.1,0.384,7.2,17.7
176.0,7,6.58,44.792,68.0,9,71.0,5.9,78.0,2.5,282.424,8562622.0,3.8,3.7,0.651,12.2,43.1
183.0,25,0.22,6.194,89.0,32,93.0,6.41,89.0,0.2,48.73,2674113.0,16.1,16.7,0.502,10.5,15.9
477.0,17,1.52,67.341,42.0,25,46.0,4.3,45.0,3.2,456.861,4345386.0,9.3,9.2,0.338,6.3,19.4
17.0,16,1.45,181.908,96.0,19,96.0,5.41,96.0,0.1,8787.614,773628.0,4.9,4.7,0.759,14.5,65.3
128.0,1,9.65,774.44,89.0,1,91.0,1.9,91.0,0.1,5411.877,7291436.0,2.2,2.3,0.755,13.6,57.0
291.0,2,9.02,545.439,75.0,3,78.0,2.86,81.0,3.2,8352.817,1489193.0,6.9,6.8,0.645,12.4,31.9
268.0,64,0.01,73.219,64.0,87,62.0,8.13,64.0,0.1,631.745,17153357.0,16.1,16.7,0.47,9.9,18.1
281.0,64,0.01,56.762,63.0,87,63.0,9.42,63.0,0.1,445.893,284331.0,16.1,16.7,0.434,8.9,16.2
227.0,1,0.01,241.196,98.0,1,98.0,4.21,98.0,0.1,4385.379,286917.0,2.2,2.3,0.72,14.7,5.4
152.0,0,3.81,150.743,18.0,0,91.0,5.19,45.0,0.8,1268.885,443716.0,9.4,9.3,0.562,11.0,22.1
194.0,4,3.81,36.816,79.0,4,45.0,6.13,79.0,0.3,191.552,53973.0,2.1,2.0,0.587,11.0,45.7
225.0,0,6.54,86.427,43.0,0,94.0,11.12,94.0,1.6,649.342,148372.0,7.4,7.4,0.504,9.7,22.2
28.0,41,1.25,3.181,94.0,61,94.0,5.3,94.0,2.6,19.687,227212.0,7.7,7.6,0.519,9.1,23.6
56.0,17,1.54,46.901,42.0,26,47.0,3.99,51.0,3.2,347.674,421758.0,9.6,9.6,0.323,6.0,18.6
314.0,28,0.01,196.668,86.0,41,78.0,4.99,86.0,3.2,1738.882,1562974.0,6.3,6.2,0.57,12.5,22.8
89.0,0,4.03,732.866,89.0,0,86.0,9.57,86.0,0.1,5193.949,35662.0,2.4,2.4,0.742,14.2,55.3
165.0,3,6.2,20.601,18.0,4,92.0,5.78,92.0,0.2,148.528,57374.0,2.3,2.2,0.639,12.1,42.0
15.0,1,3.73,104.517,96.0,1,98.0,6.3,98.0,0.1,1453.643,3511.0,2.0,2.1,0.67,10.7,46.9
152.0,3,5.65,359.976,89.0,3,85.0,9.1,89.0,0.1,3225.592,629877.0,2.1,2.0,0.664,12.4,46.4
197.0,2,2.37,549.278,89.0,2,45.0,6.81,89.0,0.3,3736.587,619256.0,1.7,1.6,0.666,13.0,53.4
185.0,0,6.41,1109.855,18.0,0,91.0,4.4,45.0,0.3,8787.614,1315372.0,6.1,6.4,0.767,12.4,4.2
9.0,0,11.84,1109.855,95.0,0,99.0,7.95,99.0,0.1,8289.696,465158.0,1.0,0.9,0.874,13.5,57.0
126.0,1,6.18,110.114,84.0,1,89.0,8.39,88.0,0.1,1872.684,4136.0,2.7,2.9,0.714,12.6,49.2
122.0,0,5.07,4.409,18.0,0,45.0,4.6,45.0,0.3,367.429,5867.0,7.3,7.2,0.632,13.1,28.2
289.0,4,3.57,40.454,86.0,7,85.0,5.46,86.0,3.2,692.7,1596154.0,7.8,7.7,0.41,9.0,23.7
198.0,12,2.14,445.442,92.0,15,92.0,6.79,92.0,0.4,2635.753,1431628.0,1.3,1.3,0.596,10.4,46.5
226.0,0,5.8,50.802,43.0,0,92.0,1.21,92.0,1.4,555.819,144889.0,7.6,7.6,0.501,9.6,21.7
177.0,11,0.38,2.094,81.0,13,82.0,5.7,86.0,0.3,39.282,6712841.0,3.9,3.9,0.563,10.5,33.0
37.0,2,7.72,353.244,28.0,3,45.0,2.76,45.0,3.2,6741.294,143126.0,7.2,7.1,0.64,12.4,3.8
287.0,64,0.03,25.874,64.0,87,64.0,8.33,64.0,0.1,373.361,2729431.0,16.1,16.7,0.433,8.7,15.7
176.0,64,7.0,140.982,92.0,87,99.0,7.13,99.0,0.1,2819.65,1815121.0,3.3,3.3,0.692,14.6,45.3
144.0,32,0.17,285.12,77.0,39,45.0,3.32,79.0,0.1,5854.614,3172753.0,5.3,5.1,0.649,10.4,56.5
17.0,1,4.54,221.843,99.0,1,98.0,6.38,97.0,0.1,2416.588,326939.0,1.8,1.9,0.681,10.9,48.9
4.0,58,5.03,73.033,79.0,87,79.0,4.75,45.0,3.2,952.187,1742795.0,6.9,7.0,0.456,8.3,23.3
225.0,0,0.01,88.629,18.0,0,94.0,4.85,94.0,0.1,4498.957,1388115.0,2.4,2.5,0.781,15.0,54.3
361.0,64,8.06,239.891,72.0,87,73.0,3.38,71.0,2.5,4299.129,17153357.0,8.9,8.8,0.495,9.4,21.0
183.0,0,6.37,128.09,18.0,0,45.0,6.47,45.0,0.2,1458.88,1321618.0,6.0,6.4,0.773,12.5,41.1
76.0,0,12.0,1109.855,83.0,0,83.0,1.6,83.0,0.1,8787.614,8321496.0,1.7,1.9,0.864,15.1,54.2
75.0,2,8.2,771.182,18.0,2,95.0,9.75,95.0,0.1,4386.699,325755.0,0.5,0.4,0.891,15.8,61.9
388.0,64,3.49,35.933,73.0,87,45.0,4.41,45.0,2.4,779.468,1823369.0,1.4,1.3,0.406,5.9,16.8
491.0,2,6.37,629.843,92.0,3,96.0,5.62,96.0,3.2,5351.254,1855852.0,1.0,9.9,0.593,11.9,32.7
29.0,1,0.14,8.574,89.0,1,88.0,5.91,88.0,0.1,87.939,5896.0,16.1,16.7,0.27,7.6,14.4
132.0,6,2.1,22.486,74.0,6,84.0,5.85,81.0,0.1,495.295,8947243.0,2.8,2.9,0.728,11.6,47.3
19.0,17,1.41,188.144,97.0,20,98.0,5.38,98.0,0.1,8787.614,17153357.0,4.9,4.7,0.754,14.4,64.5
112.0,0,1.75,491.498,98.0,0,98.0,5.9,98.0,0.1,3432.248,34.0,14.6,14.7,0.601,11.8,16.7
191.0,64,0.06,72.016,66.0,87,78.0,2.91,72.0,0.1,1586.254,17153357.0,1.8,1.8,0.632,10.9,19.7
137.0,12,7.68,1109.855,66.0,14,88.0,9.21,83.0,0.1,7669.274,3757452.0,1.2,1.1,0.764,15.0,54.0
213.0,0,0.6,111.739,18.0,0,74.0,1.6,79.0,0.1,1214.557,92325.0,0.2,0.2,0.27,12.2,72.1
14.0,30,0.15,0.0,65.0,37,76.0,4.36,77.0,0.1,1391.817,17153357.0,5.5,5.3,0.614,9.1,5.6
57.0,0,7.4,1109.855,53.0,0,98.0,11.79,98.0,0.1,8787.614,9519374.0,1.4,1.3,0.903,15.8,58.1
132.0,1,4.23,224.321,94.0,1,96.0,4.56,94.0,0.1,3218.382,2877311.0,2.0,2.1,0.72,12.3,51.2
98.0,1,1.67,69.139,81.0,1,75.0,8.7,81.0,0.1,712.776,411147.0,4.7,4.7,0.74,13.1,62.5
138.0,3,0.48,264.25,95.0,4,96.0,3.95,96.0,0.1,4463.676,2468873.0,9.3,9.1,0.724,12.1,28.8
355.0,64,8.1,35.959,77.0,87,67.0,4.26,77.0,2.3,484.617,2599834.0,8.6,8.5,0.523,11.4,22.1
141.0,3,2.37,42.731,99.0,3,99.0,3.5,99.0,0.1,382.55,2771.0,15.2,15.0,0.76,14.0,22.7
184.0,2,2.42,653.693,92.0,2,92.0,6.95,92.0,0.2,3895.664,625777.0,1.6,1.6,0.675,13.2,54.7
3.0,2,0.01,12.834,95.0,3,96.0,6.27,95.0,3.2,729.231,289315.0,7.3,7.0,0.687,12.5,36.2
69.0,2,11.03,941.756,88.0,3,94.0,11.3,95.0,0.1,4792.653,89825.0,1.1,1.1,0.92,17.0,61.9
218.0,64,4.45,13.399,48.0,86,85.0,3.23,88.0,0.1,179.372,17153357.0,1.0,9.7,0.636,11.6,19.6
181.0,10,0.35,2.272,84.0,12,85.0,5.35,86.0,0.3,52.36,7152385.0,3.8,3.8,0.586,10.9,34.7
166.0,0,2.83,624.236,99.0,0,99.0,4.97,99.0,0.1,7318.126,1247429.0,7.3,7.3,0.734,13.8,3.2
29.0,3,3.1,400.134,94.0,4,93.0,7.61,94.0,0.3,2519.737,5971535.0,2.0,1.9,0.628,12.0,47.8
64.0,1,9.78,578.742,97.0,2,97.0,9.56,97.0,0.1,3736.228,17153357.0,0.6,0.5,0.86,16.4,63.5
188.0,0,8.24,601.761,98.0,0,98.0,4.62,98.0,0.1,7578.852,81131.0,6.3,6.7,0.27,12.3,27.1
79.0,3,11.5,1109.855,83.0,3,98.0,11.54,98.0,0.1,8787.614,17153357.0,0.6,0.6,0.89,16.2,62.0
317.0,3,6.28,59.55,83.0,4,83.0,7.15,83.0,3.2,429.656,216375.0,11.5,11.4,0.589,11.3,3.2
12.0,9,8.35,1109.855,91.0,10,99.0,5.2,91.0,0.1,8787.614,4296739.0,1.0,0.9,0.822,17.2,61.0
16.0,27,0.45,63.421,43.0,32,95.0,4.18,95.0,0.1,1332.382,17153357.0,6.7,6.6,0.519,8.0,44.8
66.0,1,10.76,1109.855,94.0,1,92.0,8.78,92.0,0.1,8787.614,212492.0,0.7,0.6,0.921,18.6,62.9
288.0,41,1.7,129.026,84.0,62,84.0,4.64,84.0,2.9,922.935,17153357.0,7.9,7.9,0.51,8.7,23.0
313.0,48,4.88,8.77,76.0,87,94.0,6.87,82.0,2.3,46.999,1342193.0,1.3,9.8,0.27,4.4,14.2
129.0,3,0.53,101.609,97.0,4,97.0,4.1,97.0,0.1,1779.496,2917456.0,7.9,7.7,0.776,12.9,37.4
443.0,16,1.66,58.529,47.0,24,47.0,3.73,47.0,3.2,494.337,4476153.0,8.8,8.8,0.361,6.8,2.7
65.0,0,0.01,1109.855,99.0,0,99.0,9.16,99.0,0.1,6541.746,385.0,13.8,13.9,0.675,12.1,24.1
124.0,34,5.3,1109.855,98.0,39,97.0,6.4,97.0,0.1,8787.614,119917.0,1.6,1.6,0.745,12.6,6.8
61.0,2,7.96,66.378,96.0,2,96.0,8.89,96.0,0.1,464.185,17153357.0,0.5,0.5,0.866,16.3,59.9
374.0,64,8.9,133.123,49.0,87,54.0,3.47,54.0,3.2,2327.327,17153357.0,11.3,11.2,0.492,9.5,22.2
86.0,0,12.1,1109.855,83.0,0,83.0,1.56,83.0,0.1,8787.614,8171966.0,1.7,1.9,0.841,14.7,52.2
145.0,20,0.23,147.986,81.0,24,89.0,3.84,89.0,0.1,1732.858,17153357.0,6.4,6.3,0.644,10.9,45.3
154.0,6,0.62,8.597,18.0,8,78.0,7.92,77.0,0.1,145.216,8365.0,3.0,3.0,0.668,11.0,44.2
228.0,1,0.28,244.039,91.0,1,92.0,5.17,91.0,0.5,2178.921,727641.0,16.1,16.7,0.27,11.4,2.3
381.0,64,5.84,25.087,73.0,87,45.0,4.54,45.0,2.5,262.415,2262399.0,9.8,9.7,0.439,7.2,18.2
337.0,3,7.19,12.066,18.0,4,45.0,1.63,45.0,3.2,185.633,757317.0,9.8,9.8,0.563,8.7,2.2
13.0,11,7.63,719.366,81.0,12,91.0,6.84,98.0,0.1,4251.574,17153357.0,1.1,1.0,0.775,16.3,56.3
424.0,27,3.84,5.348,86.0,40,84.0,1.32,86.0,1.6,45.128,645872.0,8.3,8.2,0.384,8.7,21.7
172.0,0,2.88,42.124,44.0,0,45.0,5.4,49.0,0.1,335.113,184826.0,0.2,0.2,0.691,12.9,72.0
199.0,0,4.99,262.83,97.0,0,93.0,4.38,89.0,0.1,3556.562,26226.0,3.7,3.6,0.678,11.9,42.0
151.0,64,0.01,46.365,95.0,87,96.0,2.8,94.0,0.1,541.651,17153357.0,16.1,2.1,0.513,8.6,13.5
255.0,56,0.01,170.963,92.0,79,93.0,5.72,92.0,2.9,1335.646,462425.0,7.8,7.7,0.546,11.1,21.3
189.0,64,0.05,8.46,64.0,87,45.0,2.53,71.0,0.1,164.594,17153357.0,1.9,11.0,0.613,10.8,17.5
137.0,64,0.01,59.259,94.0,87,94.0,3.8,94.0,0.1,856.343,15572753.0,16.1,16.7,0.557,9.9,16.4
141.0,1,4.01,244.535,78.0,1,87.0,4.58,87.0,0.1,2158.299,29585.0,2.0,2.1,0.692,11.2,49.2
426.0,34,7.13,18.418,88.0,57,45.0,4.22,45.0,3.2,216.173,82573.0,7.6,7.7,0.318,6.6,13.2
34.0,3,7.97,115.069,18.0,4,57.0,5.32,45.0,3.2,1653.294,99111.0,9.2,9.2,0.59,9.1,21.7
134.0,1,7.42,462.708,89.0,1,96.0,8.24,88.0,0.1,3331.229,7463157.0,2.6,2.6,0.72,13.1,53.3
18.0,0,12.66,1109.855,95.0,0,92.0,6.86,92.0,0.1,8787.614,328115.0,2.7,2.8,0.826,16.7,6.5
89.0,0,12.27,1109.855,77.0,1,97.0,9.24,97.0,0.1,8787.614,1478617.0,0.8,0.8,0.861,15.7,6.2
154.0,54,7.52,1109.855,96.0,61,99.0,8.27,99.0,0.1,8787.614,17153357.0,2.9,2.9,0.716,13.8,52.0
96.0,1,4.07,24.887,87.0,1,45.0,9.69,86.0,0.1,689.396,4488263.0,1.9,1.8,0.747,13.1,54.4
282.0,56,0.55,81.841,74.0,87,76.0,6.97,74.0,1.7,595.637,1367566.0,9.4,9.3,0.363,6.4,19.0
139.0,1,3.58,33.175,92.0,1,93.0,5.21,92.0,0.6,513.549,2829493.0,1.8,1.7,0.722,12.8,51.2
124.0,44,4.9,920.828,98.0,52,98.0,6.11,98.0,0.1,7199.597,16995583.0,1.8,1.8,0.714,12.1,55.7
71.0,1,9.97,1109.855,95.0,1,92.0,8.32,93.0,0.1,8787.614,198954.0,0.7,0.7,0.905,18.6,6.3
328.0,29,2.41,20.623,79.0,42,74.0,4.99,79.0,3.2,185.793,1515321.0,6.4,6.2,0.565,12.5,22.3
232.0,1,7.2,362.87,94.0,1,94.0,6.45,94.0,1.9,2327.583,747869.0,5.7,5.5,0.62,11.2,4.3
128.0,21,0.56,157.643,95.0,25,95.0,5.48,95.0,0.1,2494.354,17153357.0,6.4,6.3,0.581,10.0,5.8
68.0,0,11.82,90.585,95.0,0,95.0,11.14,95.0,0.1,554.715,8479375.0,1.8,2.0,0.887,15.7,56.6
259.0,2,0.16,9.088,75.0,2,75.0,4.93,75.0,0.1,72.759,64162.0,7.3,7.2,0.459,10.0,2.1
123.0,1,3.79,279.429,95.0,1,96.0,4.55,95.0,0.1,3843.591,289359.0,2.1,2.1,0.736,12.7,53.3
276.0,3,0.5,49.07,79.0,4,45.0,3.26,54.0,0.1,422.286,87167.0,12.2,12.2,0.27,4.4,11.9
177.0,0,4.38,70.155,92.0,0,93.0,3.87,92.0,0.1,3792.182,1196287.0,8.0,8.0,0.673,12.2,25.8
28.0,0,0.54,162.29,86.0,0,84.0,11.79,86.0,0.1,1297.285,1568.0,0.1,0.1,0.576,11.9,74.6
183.0,20,2.73,119.457,99.0,23,99.0,5.34,99.0,0.2,1377.821,285624.0,3.0,3.1,0.657,11.9,4.7
86.0,2,11.12,1109.855,77.0,2,95.0,7.21,95.0,0.1,8787.614,4567864.0,0.6,0.5,0.82,15.7,57.6
441.0,29,3.91,5.38,77.0,44,75.0,1.29,77.0,1.9,46.376,6165372.0,8.7,8.7,0.367,8.3,2.7
157.0,4,3.08,286.121,97.0,5,97.0,8.84,97.0,0.5,1815.489,83521.0,2.3,2.2,0.603,11.3,45.9
22.0,0,11.29,80.997,95.0,0,91.0,6.46,94.0,0.1,555.536,3415213.0,3.2,3.2,0.78,15.8,57.8
84.0,2,6.76,1109.855,18.0,2,45.0,7.24,45.0,0.1,8787.614,1739746.0,0.8,0.8,0.826,15.5,61.8
427.0,2,6.56,476.863,94.0,3,96.0,5.55,96.0,3.2,5623.38,1946351.0,8.8,8.6,0.646,12.1,34.2
252.0,25,0.36,49.735,54.0,47,45.0,5.6,45.0,0.7,513.262,1396861.0,12.0,11.9,0.397,5.7,18.3
155.0,1,11.19,32.386,96.0,1,96.0,7.43,96.0,0.1,271.468,7775327.0,2.3,2.4,0.729,12.9,58.6
148.0,0,0.01,115.278,97.0,0,98.0,4.81,97.0,0.1,1153.938,126934.0,7.0,6.9,0.769,14.7,32.8
123.0,5,0.01,285.61,88.0,6,92.0,5.37,89.0,0.1,7496.336,9295784.0,2.8,2.8,0.742,11.8,49.7
184.0,0,6.33,701.853,99.0,0,99.0,2.64,99.0,0.1,8787.614,86956.0,5.9,6.3,0.739,13.2,31.8
74.0,0,7.46,1109.855,98.0,0,99.0,9.26,99.0,0.1,8787.614,1965211.0,0.8,0.7,0.86,17.1,65.4
157.0,57,7.33,564.523,99.0,64,99.0,8.65,99.0,0.1,8553.385,17153357.0,3.0,2.9,0.714,13.8,51.1
133.0,11,4.29,516.404,93.0,15,93.0,4.6,93.0,0.3,3611.215,17153357.0,1.2,1.2,0.696,13.2,5.2
66.0,1,10.31,1109.855,95.0,2,92.0,8.49,92.0,0.1,8787.614,26979.0,0.7,0.6,0.915,18.6,62.0
116.0,21,0.56,509.002,95.0,24,95.0,5.29,95.0,0.1,5432.252,17153357.0,5.9,5.8,0.724,14.0,55.0
218.0,58,4.85,198.256,77.0,74,78.0,4.37,79.0,0.1,2129.499,17153357.0,1.0,9.7,0.662,11.4,22.6
83.0,2,12.26,228.354,82.0,2,98.0,7.25,98.0,0.1,1719.535,17153357.0,0.6,0.5,0.828,15.7,58.8
93.0,1,4.2,150.889,89.0,1,89.0,8.37,89.0,0.1,612.623,4369469.0,1.9,1.9,0.734,12.8,52.4
279.0,4,0.01,8.201,87.0,6,87.0,6.14,87.0,3.2,61.566,1681495.0,7.5,7.3,0.415,9.1,25.0
375.0,61,0.01,54.912,79.0,84,79.0,6.98,79.0,3.2,623.287,17153357.0,3.6,3.5,0.409,9.1,22.2
278.0,16,12.04,161.73,98.0,18,98.0,6.22,98.0,0.3,8787.614,14274235.0,2.3,2.5,0.769,13.9,56.6
263.0,62,0.01,71.28,65.0,83,45.0,8.16,65.0,0.1,584.259,17153357.0,16.1,16.7,0.479,10.1,19.1
362.0,64,0.01,263.211,49.0,87,49.0,3.67,49.0,3.2,3221.678,1764652.0,1.1,9.9,0.521,10.0,24.7
132.0,1,3.81,97.741,91.0,1,93.0,5.5,91.0,0.1,1191.962,3612.0,2.0,2.1,0.668,10.9,48.4
22.0,61,0.28,4.633,75.0,83,82.0,1.78,82.0,0.6,296.973,17153357.0,13.2,13.5,0.474,8.0,17.0
76.0,0,9.0,1109.855,95.0,0,99.0,9.18,99.0,0.1,8787.614,11121341.0,0.8,0.7,0.859,16.4,63.7
138.0,11,4.85,58.499,93.0,14,93.0,4.73,93.0,0.3,428.878,2864198.0,1.2,1.2,0.7,13.2,5.8
149.0,4,0.54,23.372,97.0,5,98.0,3.4,98.0,0.1,445.175,2318568.0,9.8,9.6,0.715,11.6,26.0
174.0,6,2.61,28.808,93.0,8,88.0,6.63,94.0,1.7,188.783,6524283.0,2.8,2.7,0.551,9.8,38.8
23.0,22,0.32,8.309,94.0,36,93.0,4.72,94.0,0.7,95.398,11873557.0,11.0,1.9,0.425,6.8,2.3
21.0,40,0.01,45.338,88.0,52,88.0,2.28,88.0,0.3,1262.894,17153357.0,12.9,13.1,0.547,9.1,22.9
251.0,25,0.33,62.22,54.0,44,73.0,5.4,73.0,0.7,642.766,16799.0,11.8,11.7,0.401,5.9,18.7
81.0,0,11.96,331.457,98.0,0,98.0,9.74,98.0,0.1,2577.426,1514844.0,0.7,0.5,0.824,16.3,59.5
91.0,64,5.63,91.267,99.0,87,99.0,5.3,99.0,0.1,5633.796,134413.0,4.1,3.5,0.7,12.8,29.0
62.0,0,6.9,1109.855,42.0,0,98.0,9.23,98.0,0.1,8787.614,9219637.0,1.3,1.3,0.897,15.7,56.5
232.0,3,0.01,760.655,89.0,3,89.0,8.53,89.0,2.5,5488.132,231652.0,9.0,8.9,0.625,11.6,34.1
75.0,0,12.1,1109.855,86.0,0,86.0,11.17,86.0,0.1,8787.614,836344.0,1.7,1.9,0.872,15.4,55.2
189.0,11,2.02,484.719,96.0,13,94.0,6.33,96.0,0.4,3299.651,1527156.0,1.2,1.2,0.616,10.6,48.6
356.0,3,5.12,62.11,83.0,4,81.0,6.99,86.0,3.2,422.52,279915.0,12.0,12.0,0.578,11.3,29.4
94.0,0,14.07,1109.855,46.0,0,86.0,6.3,86.0,0.1,8787.614,385174.0,0.3,0.3,0.848,16.2,51.5
121.0,10,8.15,187.611,94.0,11,95.0,6.55,94.0,0.1,1276.265,17153357.0,1.0,0.9,0.802,16.8,59.8
72.0,2,9.3,1109.855,95.0,3,97.0,8.17,96.0,0.1,8787.614,5731323.0,0.5,0.5,0.841,15.4,57.0
17.0,3,3.69,21.411,88.0,4,88.0,6.33,88.0,0.3,124.993,545211.0,2.0,1.9,0.597,11.0,47.1
1.0,0,4.82,38.254,18.0,0,91.0,8.28,87.0,0.1,344.322,3779468.0,2.9,2.8,0.697,12.7,51.0
199.0,0,13.94,1109.855,97.0,0,97.0,5.69,97.0,0.1,8318.429,9474511.0,1.9,2.0,0.796,15.7,61.7
26.0,8,0.01,80.927,84.0,12,84.0,3.77,84.0,0.9,1326.669,46392.0,8.0,7.7,0.509,8.5,3.1
367.0,46,0.62,57.824,18.0,79,51.0,3.0,45.0,3.2,973.473,1275135.0,9.0,8.9,0.381,7.3,17.9
335.0,11,0.73,62.563,57.0,14,51.0,3.98,59.0,1.1,631.947,5572222.0,1.6,1.5,0.418,6.2,37.5
171.0,0,6.94,1109.855,92.0,0,94.0,5.93,92.0,0.3,8787.614,1354493.0,5.8,6.0,0.778,12.7,46.0
96.0,0,13.11,1109.855,97.0,0,97.0,9.67,97.0,0.1,8787.614,1522288.0,0.7,0.5,0.793,15.4,54.9
17.0,0,0.01,151.105,99.0,0,99.0,3.37,99.0,0.1,1557.779,91359.0,5.7,6.0,0.766,13.2,36.2
45.0,64,1.48,0.797,75.0,87,74.0,4.91,75.0,3.2,53.128,17153357.0,3.7,3.7,0.372,8.8,19.7
291.0,64,0.02,1.389,66.0,87,58.0,8.7,58.0,0.1,25.294,257798.0,16.1,16.7,0.396,7.9,14.2
16.0,1,4.15,1109.855,88.0,1,89.0,7.82,89.0,0.1,5245.187,438794.0,2.0,1.9,0.727,12.6,51.4
317.0,31,0.16,10.384,57.0,49,53.0,3.2,57.0,2.6,296.684,9881428.0,9.1,9.1,0.356,7.1,19.0
172.0,64,6.95,15.858,97.0,87,99.0,6.94,99.0,0.1,359.588,17153357.0,3.3,3.3,0.699,14.8,46.1
131.0,4,0.55,248.697,97.0,4,97.0,9.9,99.0,0.1,1728.266,5193482.0,4.0,3.9,0.706,12.7,54.8
86.0,2,7.26,211.614,94.0,2,93.0,7.0,94.0,0.1,1475.692,17153357.0,0.8,0.8,0.82,15.4,61.2
412.0,64,1.82,39.557,76.0,87,45.0,4.36,76.0,3.2,519.8,3648288.0,8.6,8.5,0.474,9.6,16.4
217.0,0,0.49,70.756,79.0,0,96.0,9.1,77.0,0.1,826.586,87343.0,0.2,0.2,0.27,11.7,69.7
382.0,2,0.01,574.39,98.0,3,98.0,9.25,98.0,3.2,3464.352,129597.0,4.3,4.3,0.541,11.4,31.8
19.0,0,0.01,707.145,18.0,0,94.0,6.43,94.0,0.1,7186.43,62127.0,1.8,1.9,0.799,15.1,6.7
19.0,0,12.21,1109.855,97.0,0,96.0,8.18,96.0,0.1,8787.614,442978.0,1.7,1.6,0.803,14.2,6.0
4.0,64,1.18,39.752,74.0,87,74.0,5.43,74.0,3.2,463.853,2352463.0,3.7,3.6,0.382,9.2,2.1
491.0,4,2.75,104.314,91.0,6,89.0,9.8,91.0,3.2,923.137,21929.0,7.6,7.4,0.453,10.8,29.2
164.0,6,6.05,74.822,81.0,8,86.0,4.34,85.0,1.6,4647.314,954353.0,3.4,3.4,0.685,12.7,5.4
238.0,1,7.35,17.464,93.0,1,93.0,5.83,93.0,1.8,198.455,75946.0,5.7,5.5,0.619,11.4,39.0
12.0,3,1.4,585.631,99.0,3,99.0,6.18,99.0,0.1,4129.977,1521834.0,6.3,6.3,0.706,14.4,55.6
171.0,1,3.46,24.828,36.0,1,95.0,5.81,93.0,2.2,336.874,2656864.0,2.0,1.9,0.682,11.4,41.6
218.0,0,7.56,345.904,98.0,1,98.0,5.1,98.0,0.3,3944.178,75881.0,5.5,5.3,0.633,10.3,45.0
344.0,3,10.99,1109.855,18.0,4,45.0,3.29,45.0,3.2,8787.614,99429.0,8.9,8.8,0.58,9.2,22.6
24.0,15,2.45,249.326,87.0,19,84.0,6.88,84.0,0.4,1753.349,125478.0,1.4,1.4,0.56,9.0,42.4
167.0,64,0.04,57.877,74.0,87,75.0,3.1,74.0,0.1,1226.215,17153357.0,2.0,2.4,0.525,7.5,22.5
367.0,64,8.3,194.203,46.0,87,46.0,3.7,46.0,3.2,2996.964,17153357.0,1.4,1.2,0.514,9.8,24.1
11.0,0,0.01,648.133,18.0,0,94.0,7.25,94.0,0.1,6586.719,6261.0,1.9,1.9,0.797,15.1,6.2
491.0,51,1.18,13.763,64.0,84,73.0,6.7,75.0,3.2,153.259,11376172.0,8.0,7.9,0.391,10.7,14.1
366.0,46,0.64,76.524,39.0,78,46.0,3.42,45.0,3.1,986.132,13133589.0,8.8,8.7,0.387,7.3,18.2
296.0,41,1.5,78.711,84.0,62,85.0,4.51,84.0,3.1,498.172,215429.0,8.1,8.1,0.499,8.1,22.4
123.0,1,6.48,421.48,94.0,1,94.0,7.46,94.0,0.1,6281.377,332713.0,1.8,1.7,0.742,14.2,55.7
451.0,16,0.01,52.378,23.0,23,45.0,3.82,45.0,3.2,337.485,4499653.0,8.5,8.5,0.37,7.1,21.6
261.0,9,0.01,48.099,18.0,12,45.0,1.19,45.0,1.2,415.362,4181563.0,7.0,6.9,0.416,9.6,25.6
222.0,64,1.0,19.003,18.0,87,58.0,4.5,59.0,0.3,447.139,17153357.0,16.1,16.7,0.494,8.3,11.8
218.0,0,7.49,466.669,98.0,1,97.0,7.32,98.0,0.3,2716.353,745693.0,5.6,5.4,0.618,10.5,41.6
13.0,3,0.51,9.23,96.0,4,96.0,3.89,96.0,0.1,145.126,17153357.0,8.0,7.8,0.774,13.0,36.3
277.0,10,3.75,5.592,64.0,13,84.0,11.79,81.0,2.1,33.667,3811528.0,7.6,7.4,0.4,9.7,24.0
37.0,22,10.18,224.46,81.0,26,97.0,5.42,96.0,0.2,1771.587,17153357.0,2.9,3.0,0.709,12.1,54.0
78.0,0,9.88,271.255,98.0,0,98.0,9.5,98.0,0.1,2277.536,14162.0,0.7,0.5,0.837,16.8,6.9
88.0,0,12.25,1109.855,97.0,0,97.0,1.44,98.0,0.1,8787.614,15731.0,0.7,0.5,0.812,16.0,58.1
196.0,0,5.13,885.074,87.0,0,85.0,6.14,87.0,0.6,7443.852,52619.0,3.5,3.4,0.696,12.1,54.1
491.0,3,5.52,131.042,88.0,4,87.0,5.16,85.0,3.2,1324.996,1893.0,8.6,8.8,0.502,9.2,26.7
28.0,5,6.48,26.407,99.0,6,98.0,4.3,98.0,0.1,1389.856,1735275.0,2.4,2.5,0.782,15.0,51.4
14.0,1,3.96,2.889,89.0,1,91.0,3.8,89.0,0.1,41.27,29822.0,2.0,2.1,0.721,12.3,5.1
66.0,0,10.75,746.367,95.0,0,96.0,7.78,96.0,0.1,5553.326,4617225.0,0.3,0.2,0.91,18.6,62.1
211.0,52,0.28,11.052,91.0,69,45.0,2.5,45.0,0.6,741.777,49869.0,13.1,13.4,0.504,8.5,19.1
39.0,42,1.49,25.56,18.0,64,81.0,3.56,79.0,3.2,273.66,1942165.0,9.0,9.0,0.485,8.0,2.1
282.0,18,6.39,0.662,97.0,28,97.0,7.66,97.0,3.2,5.669,978169.0,6.7,6.6,0.438,10.4,17.1
44.0,64,2.58,30.36,73.0,87,45.0,5.38,45.0,2.1,526.169,16983266.0,1.7,1.7,0.391,5.1,15.8
14.0,64,0.01,62.35,96.0,87,96.0,3.16,96.0,0.1,835.789,17153357.0,16.1,16.7,0.545,9.4,15.8
263.0,2,2.43,55.609,98.0,2,98.0,5.81,98.0,0.1,571.519,2443659.0,2.4,2.5,0.599,10.1,39.8
216.0,0,9.92,86.926,99.0,0,99.0,6.37,99.0,0.1,7558.743,2238799.0,2.5,2.5,0.791,15.9,57.0
146.0,5,1.69,72.428,32.0,5,98.0,3.95,99.0,0.1,989.455,1983.0,15.4,15.5,0.697,12.7,15.6
82.0,0,13.24,675.213,46.0,0,86.0,7.5,86.0,0.1,4117.155,3996521.0,0.3,0.2,0.87,16.8,53.6
22.0,7,6.32,293.02,79.0,8,65.0,5.53,79.0,2.3,2372.629,896776.0,3.6,3.5,0.665,12.4,46.1
189.0,15,6.14,282.836,96.0,18,98.0,3.58,98.0,0.6,2358.936,17153357.0,9.1,9.3,0.666,11.8,2.9
74.0,2,8.3,1109.855,28.0,2,89.0,1.3,92.0,0.1,8787.614,17153357.0,0.5,0.4,0.897,15.8,63.0
83.0,2,7.16,1109.855,95.0,2,95.0,7.79,95.0,0.1,8787.614,17153357.0,0.8,0.8,0.841,16.2,63.1
491.0,36,1.16,7.915,93.0,56,93.0,1.18,93.0,3.2,42.738,1471462.0,6.9,6.8,0.415,9.9,17.3
287.0,8,6.55,33.917,99.0,9,99.0,3.95,82.0,0.1,2874.288,1512985.0,2.5,2.6,0.725,13.5,45.8
61.0,1,2.69,1109.855,97.0,1,96.0,7.89,96.0,0.1,8787.614,8595.0,1.2,1.1,0.891,15.9,64.2
229.0,7,2.33,130.378,96.0,8,99.0,3.34,98.0,0.1,967.917,4612.0,3.5,3.5,0.27,10.2,38.7
64.0,0,11.47,1109.855,93.0,0,97.0,6.28,97.0,0.1,8787.614,14559.0,0.9,1.0,0.829,13.4,55.8
221.0,64,4.42,0.1,42.0,87,77.0,2.79,79.0,0.1,1.681,813526.0,1.0,9.7,0.625,11.4,18.7
178.0,64,0.03,3.913,75.0,87,75.0,3.35,75.0,0.1,95.433,16332974.0,2.8,16.7,0.505,6.7,2.1
84.0,3,11.76,1109.855,87.0,3,94.0,1.34,96.0,0.1,8787.614,17153357.0,1.1,1.1,0.892,16.5,58.0
18.0,0,6.56,629.202,95.0,0,95.0,5.79,95.0,0.2,4688.538,344181.0,3.4,3.4,0.706,12.9,49.3
121.0,0,6.17,709.131,93.0,0,95.0,6.13,95.0,0.1,7325.735,616969.0,2.1,2.1,0.774,14.2,57.8
132.0,20,0.36,270.24,18.0,23,95.0,3.36,95.0,0.1,3464.618,17153357.0,6.1,6.0,0.686,12.3,49.8
336.0,36,0.17,19.898,57.0,58,52.0,3.65,45.0,3.0,315.84,8971139.0,1.1,1.1,0.322,5.1,16.9
63.0,1,10.3,1109.855,92.0,1,92.0,9.2,92.0,0.1,8787.614,223424.0,0.6,0.6,0.927,18.6,64.4
123.0,1,6.35,152.545,96.0,1,96.0,11.15,96.0,0.1,522.951,3325612.0,1.6,1.6,0.753,15.5,58.3
119.0,4,0.61,535.279,97.0,4,98.0,8.78,97.0,0.1,3385.697,6489822.0,3.8,3.8,0.739,13.6,6.1
169.0,3,3.64,275.064,97.0,3,97.0,6.98,97.0,0.2,1518.854,559456.0,1.9,1.8,0.607,11.1,48.6
215.0,8,0.01,11.145,64.0,12,63.0,3.79,64.0,1.2,146.839,356288.0,8.9,8.7,0.476,7.1,26.8
144.0,0,0.01,274.547,18.0,0,92.0,7.32,92.0,0.1,1627.429,6495.0,2.6,2.7,0.27,4.4,51.9
232.0,49,0.01,29.755,71.0,87,71.0,6.11,71.0,0.7,391.516,17153357.0,1.3,1.1,0.331,5.1,18.1
189.0,30,1.6,48.509,62.0,36,99.0,5.29,99.0,0.1,558.221,24654.0,3.4,3.4,0.27,10.6,34.8
166.0,6,6.02,664.559,83.0,8,85.0,4.6,88.0,0.9,5451.67,9897985.0,3.3,3.3,0.697,12.9,53.6
412.0,60,4.64,67.639,79.0,87,72.0,4.97,73.0,3.2,824.869,16513822.0,7.2,7.3,0.452,8.1,22.3
29.0,49,0.3,17.483,92.0,65,45.0,1.92,45.0,0.5,987.737,5155896.0,13.1,13.3,0.515,8.8,19.8
14.0,1,4.25,96.206,96.0,1,97.0,6.0,97.0,0.1,1326.973,36173.0,2.1,2.1,0.662,10.6,46.0
22.0,38,0.2,2.791,18.0,50,76.0,5.48,78.0,0.1,253.724,2495623.0,16.1,16.7,0.457,9.2,12.9
487.0,32,2.08,10.851,18.0,51,77.0,4.37,45.0,3.2,114.588,12725974.0,6.9,6.8,0.492,11.1,19.2
98.0,1,1.72,8.907,18.0,1,75.0,8.9,45.0,0.1,614.271,486466.0,4.7,4.6,0.731,12.9,61.9
1.0,1,11.01,1109.855,18.0,1,96.0,8.29,95.0,0.1,8787.614,128657.0,0.8,0.8,0.873,18.2,58.5
117.0,1,6.58,1109.855,95.0,1,95.0,11.17,95.0,0.1,5877.877,333143.0,1.6,1.6,0.756,15.2,58.9
239.0,64,0.38,1.917,18.0,87,77.0,1.8,73.0,0.4,138.925,17153357.0,13.3,13.7,0.427,7.6,14.1
434.0,64,1.63,3.848,84.0,87,77.0,4.62,45.0,3.2,41.776,17153357.0,9.0,9.0,0.447,8.4,14.7
325.0,2,1.02,94.133,25.0,2,68.0,6.22,68.0,3.2,819.974,758615.0,6.1,5.9,0.378,4.4,29.4
491.0,4,0.01,162.128,93.0,6,45.0,1.62,93.0,3.2,1174.839,2145785.0,5.8,5.6,0.491,10.8,32.0
223.0,8,0.01,55.122,42.0,12,71.0,4.21,71.0,1.3,697.745,31372.0,9.8,9.6,0.461,7.2,24.2
126.0,4,0.52,721.366,96.0,4,97.0,4.17,97.0,0.1,8787.614,322817.0,7.6,7.4,0.783,13.0,39.5
372.0,64,0.85,1.186,47.0,87,55.0,4.26,45.0,3.2,12.179,17153357.0,11.8,11.7,0.283,4.4,12.6
259.0,16,5.95,63.832,68.0,22,64.0,5.92,63.0,2.4,674.756,97529.0,4.2,4.2,0.462,8.4,41.8
95.0,3,12.91,1109.855,84.0,4,94.0,1.1,45.0,0.1,8787.614,8221158.0,1.2,1.2,0.855,16.2,55.1
349.0,2,5.99,547.039,95.0,3,96.0,5.64,95.0,3.2,6346.156,214866.0,8.0,7.8,0.669,12.3,35.2
22.0,0,7.57,497.472,97.0,1,97.0,6.57,97.0,0.3,3785.936,75391.0,5.6,5.3,0.63,10.6,44.1
366.0,29,2.57,183.046,81.0,44,83.0,4.26,81.0,3.2,1644.62,14264756.0,6.6,6.4,0.543,12.0,21.2
96.0,18,0.43,198.734,99.0,21,99.0,5.91,99.0,0.1,3154.513,3431882.0,6.4,6.2,0.64,12.1,57.5
217.0,64,4.44,0.901,52.0,87,85.0,3.25,84.0,0.1,11.553,8331954.0,1.0,9.7,0.631,11.6,19.2
491.0,30,4.06,36.591,63.0,48,54.0,11.79,53.0,1.7,249.94,4957216.0,9.9,1.0,0.306,7.2,17.9
26.0,0,8.81,80.033,98.0,0,99.0,6.51,99.0,0.1,6351.812,2263122.0,2.5,2.6,0.776,15.5,56.6
483.0,3,4.8,368.285,83.0,4,81.0,6.47,81.0,3.2,3288.257,29228.0,13.7,13.7,0.559,11.7,27.2
273.0,54,0.6,9.586,72.0,87,77.0,6.35,73.0,1.5,78.378,157585.0,8.8,8.5,0.396,7.3,2.7
81.0,0,12.4,69.929,83.0,0,83.0,1.35,83.0,0.1,443.994,8268641.0,1.7,1.9,0.854,15.0,53.2
357.0,15,1.14,36.622,24.0,22,45.0,5.17,82.0,3.2,372.172,5683268.0,8.4,8.3,0.435,10.1,18.9
189.0,0,14.09,153.505,95.0,0,96.0,5.2,96.0,0.1,1338.313,1354775.0,2.1,2.2,0.812,15.9,55.5
146.0,24,0.58,88.165,18.0,28,91.0,5.25,91.0,0.1,1721.974,17153357.0,6.6,6.4,0.551,9.3,47.3
47.0,64,0.96,5.743,74.0,87,73.0,5.38,74.0,3.2,419.226,2422145.0,3.7,3.6,0.39,9.3,2.5
258.0,8,7.6,708.329,99.0,9,99.0,3.65,99.0,0.1,8513.565,15674.0,2.4,2.5,0.758,14.6,47.9
11.0,1,1.94,630.054,77.0,1,74.0,8.42,77.0,0.1,5339.441,3986852.0,4.7,4.6,0.27,13.7,6.8
64.0,0,0.01,1109.855,99.0,0,99.0,11.16,99.0,0.1,7112.336,393.0,13.7,13.8,0.683,12.4,25.1
63.0,0,6.9,1109.855,42.0,0,98.0,8.92,98.0,0.1,8787.614,914892.0,1.3,1.3,0.895,15.8,56.1
287.0,14,0.01,48.73,84.0,20,84.0,5.12,84.0,1.5,579.435,742948.0,6.8,6.6,0.47,12.0,23.1
125.0,8,0.01,973.729,88.0,10,78.0,5.47,88.0,0.1,6491.524,3973354.0,1.1,1.1,0.735,13.4,54.9
22.0,5,6.29,24.445,95.0,5,95.0,4.36,95.0,0.1,1286.565,17153357.0,2.4,2.5,0.789,15.0,52.3
142.0,3,2.56,41.621,99.0,3,99.0,3.68,99.0,0.1,361.289,2585.0,15.2,15.1,0.757,13.8,21.9
66.0,2,8.65,1109.855,96.0,2,97.0,8.71,95.0,0.1,8787.614,17153357.0,0.5,0.5,0.851,15.8,58.2
221.0,0,7.52,48.029,95.0,1,95.0,6.6,95.0,0.4,326.281,746556.0,5.6,5.3,0.618,10.2,42.4
285.0,4,0.01,0.949,87.0,6,87.0,5.96,87.0,3.2,67.752,1638139.0,7.7,7.5,0.416,9.1,24.3
1.0,1,4.29,868.371,18.0,1,92.0,7.25,91.0,0.1,3981.528,3996798.0,2.3,2.2,0.708,11.7,46.4
161.0,1,10.39,508.63,96.0,1,96.0,6.67,95.0,0.1,4513.136,76122.0,2.2,2.2,0.75,13.5,6.3
121.0,1,3.89,274.153,95.0,1,96.0,4.48,95.0,0.1,3684.848,2881922.0,2.0,2.1,0.732,12.7,52.6
98.0,1,3.41,1109.855,84.0,1,82.0,9.73,85.0,0.1,8787.614,46474.0,1.8,1.7,0.752,13.4,56.5
93.0,2,7.57,954.964,95.0,2,92.0,6.69,91.0,0.1,7615.347,1614764.0,0.9,1.0,0.79,14.6,57.4
184.0,0,6.85,549.81,97.0,0,98.0,5.81,97.0,0.3,4258.789,313929.0,3.5,3.4,0.7,12.7,46.3
137.0,3,0.49,315.664,94.0,4,95.0,3.74,95.0,0.1,4955.478,2517419.0,9.2,8.9,0.731,12.7,29.8
73.0,0,6.2,1109.855,42.0,0,99.0,8.18,99.0,0.1,8787.614,887219.0,1.4,1.3,0.873,15.9,52.8
224.0,7,2.9,88.244,96.0,9,98.0,3.94,97.0,0.1,643.175,4516131.0,3.6,3.6,0.27,4.4,37.5
386.0,64,9.3,105.591,41.0,87,45.0,4.0,53.0,3.2,1383.893,1534739.0,12.0,11.9,0.481,9.2,21.0
29.0,0,2.09,5.89,99.0,0,99.0,3.74,99.0,0.1,478.823,834812.0,4.1,3.8,0.698,14.2,56.6
12.0,9,8.11,1109.855,91.0,10,93.0,5.89,91.0,0.1,8787.614,17153357.0,1.0,0.9,0.816,17.1,6.4
116.0,4,0.43,68.866,98.0,4,98.0,8.39,98.0,0.1,387.324,7574943.0,3.8,3.9,0.737,13.1,62.4
85.0,0,11.92,1109.855,97.0,0,97.0,1.7,97.0,0.1,8787.614,155756.0,0.7,0.5,0.818,16.2,58.8
228.0,7,2.93,63.748,98.0,8,98.0,2.12,98.0,0.1,734.425,5366277.0,3.2,3.3,0.678,10.7,46.7
293.0,46,4.58,73.927,89.0,83,93.0,6.63,89.0,1.7,475.111,1425221.0,9.8,9.3,0.334,4.9,15.1
126.0,20,0.46,43.087,91.0,23,92.0,4.2,93.0,0.1,495.255,3486715.0,6.0,5.9,0.697,12.6,51.8
256.0,15,11.05,162.809,97.0,17,98.0,6.83,97.0,0.2,1674.988,17153357.0,2.3,2.5,0.773,13.7,57.5
267.0,40,1.69,195.982,94.0,59,94.0,5.33,94.0,1.9,1312.676,2451214.0,7.1,7.0,0.547,10.5,25.5
355.0,15,1.02,2.996,24.0,22,72.0,5.0,72.0,3.2,31.437,539141.0,8.8,8.7,0.428,9.9,17.9
17.0,4,6.66,233.849,86.0,5,45.0,7.61,89.0,0.1,1417.266,546624.0,2.5,2.4,0.624,11.8,39.8
371.0,13,4.27,10.424,64.0,19,51.0,5.43,45.0,3.1,177.285,362863.0,8.8,8.9,0.376,10.4,2.7
491.0,25,1.72,0.0,76.0,39,76.0,6.16,75.0,3.2,548.587,12366165.0,1.6,1.7,0.427,9.8,25.9
24.0,1,7.04,170.633,93.0,1,92.0,4.67,93.0,1.1,1945.64,74961.0,5.7,5.5,0.622,11.7,39.6
259.0,25,1.16,71.014,79.0,39,45.0,4.46,79.0,1.6,793.452,894476.0,7.9,7.8,0.448,9.3,22.5
21.0,0,0.46,167.62,83.0,0,74.0,11.79,82.0,0.1,1413.323,9844.0,0.2,0.1,0.572,11.6,74.1
97.0,0,12.14,1109.855,95.0,0,95.0,7.8,95.0,0.1,8787.614,4238389.0,1.5,1.5,0.82,15.1,63.1
76.0,0,8.02,1109.855,95.0,0,99.0,9.77,99.0,0.1,8787.614,1114899.0,0.8,0.7,0.86,16.7,64.3
151.0,4,3.11,363.572,97.0,4,97.0,9.78,97.0,0.4,2178.383,855646.0,2.2,2.1,0.614,11.6,48.4
351.0,15,1.0,1.995,24.0,22,58.0,4.7,59.0,3.2,28.832,5251472.0,9.0,8.9,0.428,9.7,17.5
32.0,5,2.55,0.869,18.0,9,56.0,5.4,53.0,3.2,39.487,1267512.0,1.0,1.0,0.27,6.7,17.9
16.0,64,2.91,106.359,18.0,87,86.0,4.79,86.0,0.1,1148.586,1284.0,5.5,4.9,0.6,9.7,21.9
224.0,8,0.01,5.004,42.0,12,68.0,4.7,45.0,1.3,62.547,342823.0,1.0,9.8,0.451,6.7,23.6
89.0,0,14.09,1109.855,46.0,0,84.0,6.6,84.0,0.1,8787.614,3866243.0,0.3,0.3,0.857,16.4,52.2
15.0,0,14.09,1109.855,94.0,1,96.0,9.54,99.0,0.1,8787.614,1458821.0,0.7,0.6,0.789,15.8,52.5
255.0,2,8.86,154.876,79.0,3,77.0,3.98,79.0,3.2,8787.614,1817271.0,6.2,6.1,0.678,12.5,35.2
96.0,0,13.2,1109.855,33.0,0,71.0,1.6,81.0,0.1,8787.614,811566.0,1.7,1.9,0.833,15.4,5.1
144.0,12,4.37,184.307,85.0,14,85.0,6.64,85.0,0.1,7227.74,4646646.0,2.2,2.0,0.7,13.0,55.0
491.0,64,10.57,26.976,29.0,87,56.0,7.26,55.0,3.2,234.985,17153357.0,6.9,6.9,0.396,10.8,13.3
272.0,9,3.64,41.911,47.0,13,71.0,11.79,45.0,1.8,327.426,3948125.0,7.4,7.2,0.403,9.6,24.5
81.0,3,11.1,1109.855,74.0,3,99.0,11.56,99.0,0.1,8787.614,6599857.0,0.6,0.6,0.887,16.2,61.6
231.0,5,8.71,324.549,66.0,6,74.0,7.8,71.0,0.3,2545.483,46533.0,2.5,2.6,0.734,14.9,58.0
61.0,1,10.03,1109.855,91.0,1,92.0,9.36,92.0,0.1,8787.614,17153357.0,0.6,0.6,0.93,18.6,65.0
63.0,2,8.37,1109.855,97.0,2,97.0,8.48,97.0,0.1,8787.614,5843831.0,0.5,0.5,0.862,16.1,59.4
146.0,0,3.97,47.353,18.0,0,54.0,4.52,45.0,0.1,359.822,183526.0,0.2,0.2,0.688,12.9,71.4
212.0,5,8.39,375.684,48.0,6,57.0,7.81,52.0,0.2,2965.142,45877.0,2.4,2.5,0.728,14.9,58.5
29.0,17,5.57,38.109,68.0,24,45.0,4.41,45.0,3.2,465.312,926344.0,4.4,4.4,0.452,8.2,38.5
16.0,6,5.91,843.788,18.0,7,84.0,4.22,84.0,0.7,5759.643,12795.0,3.3,3.2,0.703,13.0,54.7
396.0,64,9.66,10.358,27.0,87,46.0,3.66,45.0,3.2,119.743,14261494.0,12.6,12.6,0.466,9.0,19.9
295.0,64,0.01,11.089,65.0,87,45.0,8.82,45.0,0.1,198.729,2364851.0,16.1,16.7,0.373,6.5,13.4
97.0,2,6.32,78.786,95.0,2,94.0,6.93,93.0,0.1,621.828,15973778.0,0.9,1.0,0.781,14.3,56.8
348.0,48,3.71,19.839,76.0,87,45.0,5.6,45.0,3.2,226.476,1167942.0,11.4,11.1,0.27,4.4,12.2
276.0,55,0.59,84.634,71.0,87,77.0,6.85,73.0,1.6,697.153,1466597.0,9.0,8.8,0.385,7.1,2.2
217.0,58,0.26,0.531,85.0,78,84.0,1.68,86.0,0.6,41.451,17153357.0,13.2,13.5,0.484,8.1,17.6
136.0,10,1.41,81.727,79.0,12,86.0,4.92,84.0,0.1,1177.629,1641848.0,6.8,6.6,0.588,10.0,43.9
196.0,12,2.14,443.325,94.0,14,94.0,6.64,94.0,0.4,2825.525,1463417.0,1.3,1.3,0.602,10.5,47.2
183.0,0,0.01,3.718,88.0,0,94.0,5.5,88.0,0.1,29.653,57554.0,1.1,1.2,0.512,9.6,49.7
14.0,41,1.49,256.434,77.0,50,88.0,5.16,88.0,0.1,3119.637,17153357.0,5.2,5.1,0.653,11.1,54.3
193.0,11,2.16,457.775,88.0,14,88.0,6.28,88.0,0.4,3187.845,14948919.0,1.2,1.2,0.609,10.5,47.9
66.0,2,8.98,1109.855,96.0,3,97.0,8.49,94.0,0.1,8787.614,17153357.0,0.5,0.5,0.846,15.6,57.6
8.0,0,10.11,713.53,97.0,1,98.0,1.42,98.0,0.1,4772.774,1147744.0,0.9,0.9,0.884,16.1,62.3
282.0,8,6.58,23.434,99.0,9,99.0,3.7,99.0,0.1,268.124,149918.0,2.5,2.6,0.714,13.1,45.3
225.0,22,0.28,1.088,88.0,34,87.0,4.94,88.0,0.6,11.337,1223957.0,1.8,1.7,0.435,7.1,2.8
183.0,64,7.26,179.478,94.0,87,99.0,7.3,98.0,0.1,3739.119,17153357.0,3.4,3.4,0.677,14.1,43.7
394.0,58,5.22,0.962,81.0,87,78.0,4.69,81.0,3.2,12.989,17153357.0,6.7,6.8,0.456,8.2,23.8
22.0,7,2.75,579.413,98.0,8,98.0,1.96,97.0,0.1,6675.263,5267839.0,3.2,3.3,0.672,10.7,45.9
133.0,3,0.43,409.981,96.0,4,97.0,3.61,97.0,0.1,7269.171,17153357.0,8.7,8.5,0.736,12.3,32.5
144.0,8,3.52,19.14,96.0,9,92.0,5.86,96.0,0.3,335.787,1396748.0,1.4,1.3,0.693,12.8,47.9
268.0,40,0.93,37.129,61.0,60,65.0,4.81,66.0,0.7,316.8,17153357.0,8.3,8.3,0.457,8.5,15.0
169.0,6,3.09,154.864,94.0,7,95.0,7.28,95.0,1.5,1132.872,6863157.0,2.7,2.6,0.561,10.1,4.4
163.0,10,0.01,1.042,96.0,11,97.0,6.75,96.0,0.2,14.214,817789.0,3.6,3.7,0.617,11.2,39.0
156.0,4,3.1,302.106,97.0,5,97.0,8.45,97.0,0.4,1932.858,8194778.0,2.3,2.2,0.606,11.5,46.8
163.0,3,3.36,292.753,98.0,3,99.0,6.82,98.0,0.2,1464.498,5666581.0,1.9,1.8,0.613,11.3,49.4
299.0,3,7.58,719.554,83.0,4,83.0,7.89,83.0,3.2,5191.584,217317.0,1.4,1.4,0.604,11.4,31.8
223.0,64,4.22,105.731,49.0,84,45.0,3.91,89.0,0.1,1194.697,17153357.0,1.0,9.7,0.642,11.6,2.1
64.0,39,2.33,65.79,82.0,62,85.0,8.18,83.0,3.2,429.158,11421984.0,7.3,7.2,0.443,10.2,17.6
163.0,9,3.99,84.175,36.0,11,83.0,3.38,87.0,0.3,1451.298,12628596.0,1.6,1.5,0.668,12.4,43.6
9.0,1,5.58,32.247,98.0,1,99.0,6.1,98.0,0.1,363.137,29717.0,1.6,1.7,0.703,11.6,51.7
437.0,15,0.01,53.44,47.0,22,47.0,4.2,47.0,3.2,377.132,4515392.0,8.4,8.3,0.345,7.1,22.1
4.0,64,9.71,6.416,18.0,87,45.0,4.11,45.0,3.2,87.894,17153357.0,12.9,12.9,0.463,8.9,19.3
284.0,10,0.01,31.636,68.0,13,81.0,4.55,74.0,1.0,271.319,743836.0,1.3,1.3,0.501,9.9,46.4
197.0,6,1.56,15.353,62.0,10,97.0,4.28,97.0,0.1,174.669,19228.0,15.4,15.5,0.705,12.8,16.1
394.0,62,3.91,4.721,79.0,87,57.0,4.48,62.0,3.2,68.414,15274234.0,7.7,7.8,0.433,6.9,2.9
246.0,2,0.15,47.304,74.0,2,82.0,5.82,74.0,0.1,769.174,689692.0,7.1,6.9,0.476,10.5,21.6
6.0,0,10.8,230.252,96.0,0,99.0,7.4,99.0,0.1,3215.816,19876.0,0.9,1.0,0.849,14.1,57.3
92.0,0,4.61,693.823,92.0,0,87.0,9.94,92.0,0.1,4716.673,36482.0,2.5,2.5,0.728,13.9,54.2
437.0,64,1.66,32.737,84.0,87,83.0,4.54,84.0,3.2,395.849,332149.0,8.9,8.9,0.451,8.5,15.1
58.0,1,0.01,1109.855,92.0,1,96.0,1.9,96.0,0.1,8787.614,168658.0,1.0,0.9,0.923,18.1,61.6
491.0,44,2.62,45.617,82.0,72,85.0,7.16,85.0,3.2,341.956,1531221.0,7.5,7.5,0.418,9.6,16.8
261.0,35,0.71,55.43,84.0,51,83.0,4.98,84.0,0.6,377.848,17153357.0,7.9,7.8,0.483,9.1,16.7
184.0,22,2.36,13.89,91.0,25,98.0,5.92,98.0,0.3,182.286,27328.0,3.1,3.1,0.644,11.9,39.3
66.0,1,10.56,872.599,94.0,2,92.0,8.53,92.0,0.1,4991.983,28276.0,0.7,0.6,0.918,18.6,62.5
241.0,31,0.97,78.8,73.0,43,73.0,4.24,73.0,0.4,454.963,17153357.0,7.5,7.4,0.504,10.2,18.5
296.0,58,0.49,57.116,73.0,87,45.0,6.28,69.0,2.0,439.357,1239196.0,1.1,1.0,0.333,5.5,17.5
214.0,8,0.01,8.353,64.0,12,52.0,3.28,64.0,1.2,123.384,369543.0,8.7,8.5,0.484,7.6,27.4
122.0,1,9.16,880.64,91.0,1,97.0,1.12,95.0,0.1,6353.826,7164132.0,2.1,2.1,0.766,14.1,58.9
124.0,2,5.43,7.321,98.0,2,95.0,7.72,99.0,0.1,446.373,389684.0,2.3,2.3,0.721,12.4,46.9
21.0,15,2.4,288.402,87.0,18,88.0,6.77,87.0,0.4,1872.738,12796925.0,1.4,1.4,0.564,9.3,43.1
285.0,13,0.01,4.877,87.0,20,85.0,5.25,87.0,1.0,62.132,7228915.0,6.6,6.4,0.475,12.0,23.7
73.0,0,11.36,1109.855,94.0,0,96.0,7.68,99.0,0.1,8787.614,56953.0,0.9,0.9,0.884,13.7,59.2
252.0,1,11.01,45.65,99.0,1,98.0,6.89,99.0,0.1,3126.718,9663915.0,2.3,2.5,0.713,14.4,56.7
226.0,8,0.01,29.654,42.0,12,75.0,4.53,76.0,1.3,528.587,2957117.0,1.3,1.1,0.447,6.6,22.9
25.0,3,0.44,46.391,79.0,4,55.0,2.48,55.0,0.1,471.457,96852.0,12.1,12.1,0.485,9.8,12.9
73.0,25,4.43,0.0,73.0,40,73.0,6.53,71.0,3.2,57.348,125525.0,1.2,1.3,0.427,10.0,26.3
187.0,64,0.08,190.545,83.0,87,82.0,2.74,81.0,0.3,3113.486,17153357.0,1.6,1.5,0.656,12.1,22.9
289.0,64,1.13,38.558,52.0,87,63.0,4.28,54.0,2.4,325.383,17153357.0,11.2,1.9,0.378,7.6,14.9
29.0,28,0.22,42.255,63.0,43,63.0,4.73,63.0,2.0,459.291,113517.0,8.0,8.0,0.385,8.4,21.2
158.0,18,0.01,8.523,92.0,22,92.0,5.8,92.0,0.1,76.239,17153357.0,15.9,16.3,0.551,12.4,18.5
187.0,64,0.01,22.394,63.0,87,71.0,2.76,68.0,0.1,499.863,17153357.0,16.1,16.7,0.457,5.5,17.4
79.0,2,11.96,1109.855,97.0,2,97.0,8.5,97.0,0.1,8787.614,17153357.0,0.6,0.5,0.833,15.6,59.9
263.0,51,0.11,5.665,71.0,87,71.0,6.98,71.0,1.1,341.289,15813913.0,11.0,1.8,0.307,4.4,16.9
296.0,1,0.45,20.869,25.0,2,88.0,7.72,88.0,3.2,147.587,8942.0,5.8,5.7,0.416,4.5,3.9
122.0,0,0.01,1109.855,93.0,0,93.0,6.38,93.0,0.1,8787.614,1314545.0,1.9,1.9,0.86,16.5,59.4
266.0,2,2.87,61.849,95.0,3,95.0,5.45,95.0,0.1,524.146,2419776.0,2.5,2.6,0.588,9.4,39.1
12.0,32,5.23,150.409,82.0,37,83.0,6.3,83.0,0.1,1298.868,17153357.0,1.6,1.5,0.753,12.9,62.1
17.0,32,0.01,447.37,66.0,39,45.0,5.92,68.0,0.1,6925.224,17153357.0,5.3,5.1,0.659,10.3,57.8
134.0,7,3.95,367.929,18.0,8,88.0,5.9,91.0,0.1,4657.324,1493469.0,1.3,1.2,0.703,13.1,5.7
127.0,1,8.14,198.949,89.0,1,88.0,9.38,94.0,0.1,3725.632,3875.0,2.6,2.8,0.742,13.3,52.8
136.0,2,10.7,1109.855,98.0,3,96.0,7.12,99.0,0.1,8787.614,3815163.0,2.1,2.3,0.818,15.1,57.8
229.0,3,0.38,8.416,79.0,3,57.0,1.31,57.0,0.1,467.544,996698.0,12.0,12.0,0.484,10.2,13.2
125.0,0,4.98,678.519,18.0,0,92.0,6.74,92.0,0.1,5957.146,615875.0,2.1,2.2,0.762,13.6,57.2
189.0,64,0.08,125.798,82.0,87,85.0,2.83,78.0,0.3,2254.446,17153357.0,1.7,1.6,0.645,11.7,22.1
121.0,5,2.14,275.651,93.0,6,96.0,5.54,93.0,0.1,7875.757,941681.0,2.8,2.8,0.745,11.9,5.6
237.0,1,7.84,1.776,91.0,1,91.0,5.73,91.0,1.9,145.589,751652.0,5.8,5.6,0.613,11.2,38.4
65.0,0,7.45,1109.855,82.0,0,76.0,8.36,74.0,0.1,8787.614,46724.0,0.7,0.7,0.808,14.4,66.1
61.0,1,2.67,1109.855,98.0,1,94.0,7.39,94.0,0.1,8787.614,77658.0,1.2,1.1,0.883,15.8,63.4
13.0,5,1.98,246.569,18.0,6,85.0,5.33,81.0,0.1,5842.858,954332.0,2.8,2.9,0.737,11.7,48.0
92.0,3,12.46,1109.855,86.0,4,96.0,1.15,93.0,0.1,8787.614,17153357.0,1.2,1.1,0.86,16.2,55.6
485.0,64,9.89,36.606,62.0,87,58.0,8.9,62.0,3.2,288.237,17153357.0,6.6,6.6,0.427,11.6,14.2
133.0,1,6.66,18.531,54.0,1,93.0,1.19,88.0,0.1,276.589,3978.0,2.6,2.8,0.734,12.8,51.3
54.0,17,1.52,33.653,42.0,25,45.0,3.95,45.0,3.2,243.159,383223.0,1.4,1.4,0.314,5.3,16.8
157.0,1,10.2,33.268,88.0,1,94.0,7.41,93.0,0.1,287.535,7837161.0,2.4,2.4,0.723,12.9,58.1
91.0,3,12.25,437.106,87.0,4,97.0,1.4,93.0,0.1,2525.164,17153357.0,1.2,1.1,0.867,16.3,56.1
29.0,0,8.24,478.064,98.0,0,98.0,6.15,98.0,0.1,5134.957,2287955.0,2.6,2.6,0.761,15.2,56.3
82.0,0,13.32,1109.855,46.0,0,89.0,7.34,89.0,0.1,8787.614,47262.0,0.3,0.2,0.88,17.1,54.4
167.0,1,3.76,211.114,36.0,1,99.0,4.86,99.0,2.3,3596.496,2695446.0,2.0,1.8,0.69,11.7,43.5
358.0,64,8.24,256.123,75.0,87,75.0,3.3,75.0,2.6,4598.25,259615.0,8.8,8.6,0.508,10.3,21.5
145.0,3,8.02,516.055,98.0,3,98.0,6.32,99.0,0.1,5196.933,3823364.0,2.5,2.6,0.79,15.0,54.0
459.0,2,4.93,56.937,89.0,4,89.0,8.47,89.0,3.2,369.239,122843.0,5.4,5.6,0.523,11.0,29.7
21.0,0,10.2,42.872,95.0,0,97.0,6.26,95.0,0.1,353.147,347818.0,3.3,3.3,0.757,14.7,57.2
12.0,4,0.6,373.263,98.0,4,98.0,8.35,98.0,0.1,2762.864,6193191.0,3.8,3.8,0.736,13.6,59.3
19.0,64,3.1,64.97,73.0,87,79.0,4.39,82.0,0.2,1446.985,17153357.0,16.1,16.7,0.59,11.3,17.0
194.0,29,0.2,52.229,82.0,38,82.0,5.84,82.0,0.2,393.884,17153357.0,16.1,16.7,0.486,10.0,14.9
491.0,24,1.68,0.0,79.0,39,78.0,7.1,78.0,3.2,547.359,12222251.0,11.0,11.2,0.434,9.8,25.5
275.0,64,0.01,7.097,68.0,87,68.0,7.87,68.0,0.1,63.537,2978599.0,16.1,16.7,0.454,9.5,17.2
95.0,0,12.91,910.506,95.0,0,99.0,8.27,99.0,0.1,5293.641,446175.0,1.0,0.9,0.86,13.5,55.2
58.0,0,7.4,1109.855,42.0,0,98.0,11.7,98.0,0.1,8787.614,9449213.0,1.4,1.3,0.901,16.0,57.7
157.0,1,10.89,591.51,95.0,1,95.0,6.41,95.0,0.1,5932.9,7545338.0,2.1,2.2,0.755,13.5,6.9
192.0,19,0.26,12.805,89.0,27,85.0,4.66,89.0,0.3,152.444,14546111.0,9.7,9.5,0.483,9.1,23.8
176.0,0,6.5,144.985,18.0,0,91.0,5.6,45.0,0.4,1953.977,1334788.0,5.9,6.2,0.774,12.6,43.0
97.0,1,3.34,1109.855,91.0,1,45.0,9.56,91.0,0.1,8787.614,4654122.0,1.8,1.7,0.758,13.6,57.5
92.0,0,12.61,1109.855,95.0,0,99.0,7.67,98.0,0.1,8787.614,45163.0,1.0,0.9,0.865,13.6,55.8
59.0,0,6.91,1109.855,82.0,0,96.0,9.6,96.0,0.1,8787.614,416268.0,0.8,0.7,0.826,14.8,68.0
69.0,1,2.23,1109.855,99.0,1,95.0,7.35,95.0,0.1,8787.614,689.0,1.1,1.1,0.863,15.9,6.1
269.0,3,0.5,6.557,79.0,4,45.0,3.75,54.0,0.1,56.425,892531.0,12.1,12.2,0.47,9.8,12.3
124.0,0,4.45,339.978,98.0,0,99.0,4.24,99.0,0.4,3444.557,496963.0,7.6,7.6,0.621,12.4,26.8
12.0,2,10.71,243.808,96.0,2,94.0,6.35,98.0,0.1,8787.614,3811735.0,1.9,2.1,0.85,16.4,61.1
184.0,16,0.01,0.443,99.0,18,99.0,5.84,99.0,0.1,25.448,37577.0,3.0,3.1,0.69,12.1,43.9
179.0,11,0.01,12.18,88.0,12,87.0,5.68,88.0,0.2,198.687,152779.0,1.9,11.0,0.553,10.9,18.9
226.0,0,14.09,434.799,98.0,1,98.0,6.9,96.0,0.1,5176.173,956765.0,2.1,2.2,0.771,15.4,58.7
117.0,0,6.45,489.682,87.0,0,91.0,6.7,92.0,0.1,6698.794,618294.0,2.0,2.1,0.785,14.6,58.5
162.0,19,0.27,80.155,92.0,24,92.0,5.69,92.0,0.1,688.617,2798531.0,16.1,16.5,0.545,12.3,18.0
234.0,64,0.01,89.958,77.0,87,75.0,4.88,77.0,0.6,571.162,17153357.0,1.5,1.3,0.435,8.4,17.2
371.0,64,7.07,249.91,69.0,87,65.0,3.84,69.0,2.6,3868.579,2175942.0,9.5,9.4,0.468,8.1,19.3
174.0,0,3.3,208.169,86.0,0,85.0,5.1,86.0,0.1,1631.417,176582.0,0.2,0.2,0.653,12.1,67.4
38.0,5,2.16,2.527,18.0,8,65.0,5.62,45.0,3.2,36.572,132122.0,9.6,9.5,0.27,7.4,19.0
65.0,1,2.47,471.553,99.0,1,94.0,7.33,94.0,0.1,8787.614,7388.0,1.1,1.1,0.877,15.8,62.1
79.0,0,10.0,1109.855,98.0,0,98.0,9.55,98.0,0.1,8787.614,1457295.0,0.7,0.5,0.827,16.3,6.2
179.0,0,4.14,369.632,88.0,0,88.0,4.24,88.0,0.1,3957.513,124621.0,7.9,7.9,0.683,12.5,26.4
142.0,23,0.56,100.364,95.0,27,97.0,5.22,97.0,0.1,1948.812,3179285.0,6.5,6.4,0.561,9.6,48.2
54.0,0,9.04,212.086,96.0,0,99.0,7.46,99.0,0.1,2797.967,1143896.0,0.9,1.0,0.85,13.8,59.2
281.0,10,3.88,40.033,64.0,14,79.0,11.79,75.0,2.4,232.617,3662993.0,7.7,7.6,0.394,9.8,23.4
85.0,3,11.67,1109.855,18.0,3,95.0,1.52,96.0,0.1,8787.614,17153357.0,1.1,1.1,0.884,16.4,57.6
16.0,2,6.1,687.512,95.0,3,96.0,6.51,97.0,0.1,4595.666,15444969.0,1.0,1.0,0.761,13.7,54.7
131.0,7,3.99,344.741,88.0,8,85.0,5.92,88.0,0.1,5223.352,15177355.0,1.3,1.2,0.71,13.2,51.4
24.0,16,2.08,57.735,82.0,20,82.0,3.75,82.0,0.9,631.676,13676693.0,11.3,11.5,0.495,10.3,14.8
88.0,0,5.37,437.062,99.0,1,99.0,5.71,99.0,0.1,4437.179,295195.0,1.4,1.5,0.738,13.3,55.1
83.0,1,8.62,1109.855,18.0,1,45.0,8.47,91.0,0.1,8787.614,1862132.0,0.9,0.8,0.801,14.2,58.0
123.0,20,0.5,352.064,94.0,23,94.0,5.36,95.0,0.1,3868.831,3546576.0,6.0,5.9,0.705,13.1,52.8
278.0,60,1.8,109.705,96.0,86,97.0,5.23,96.0,3.2,987.445,17153357.0,8.1,7.9,0.53,11.1,19.5
6.0,1,2.62,1109.855,97.0,1,95.0,7.81,95.0,0.1,8787.614,82157.0,1.2,1.1,0.895,16.0,64.6
34.0,14,1.44,39.083,85.0,21,85.0,5.21,85.0,2.6,562.339,6679282.0,7.1,7.0,0.457,11.5,22.0
97.0,64,4.27,39.225,95.0,87,99.0,4.59,97.0,0.1,3471.248,1324655.0,4.5,4.0,0.672,11.9,26.5
211.0,0,0.68,188.711,96.0,0,93.0,11.79,94.0,0.1,1357.632,96311.0,0.2,0.1,0.574,11.8,73.4
32.0,3,0.01,13.405,18.0,4,45.0,3.8,45.0,3.2,192.597,1129424.0,8.5,8.4,0.582,9.2,24.0
149.0,3,2.87,345.378,97.0,4,97.0,8.72,97.0,0.3,2242.712,889216.0,2.1,2.1,0.618,11.4,5.2
272.0,52,0.01,46.562,73.0,85,74.0,6.86,73.0,1.6,825.573,16962846.0,7.9,7.7,0.43,8.2,23.2
242.0,2,0.01,751.398,88.0,3,88.0,8.93,88.0,2.2,5421.344,237992.0,8.6,8.5,0.632,11.7,34.9
146.0,46,7.24,916.271,96.0,52,96.0,8.48,97.0,0.1,8787.614,2248632.0,2.8,2.7,0.734,14.2,54.5
233.0,12,0.01,11.711,98.0,17,98.0,7.69,98.0,0.5,688.877,1165151.0,5.9,5.9,0.485,10.8,2.1
127.0,49,4.77,12.186,97.0,58,98.0,5.52,97.0,0.1,716.822,1435568.0,1.9,1.8,0.703,11.6,54.1
224.0,64,0.93,19.266,18.0,87,57.0,4.26,58.0,0.3,438.865,1535912.0,16.1,16.7,0.489,8.3,11.4
135.0,9,1.25,91.704,18.0,11,86.0,4.94,84.0,0.1,1263.135,178791.0,6.6,6.5,0.596,10.2,45.3
318.0,2,1.23,12.703,25.0,2,71.0,7.21,71.0,3.2,94.73,783254.0,5.9,5.8,0.396,4.4,3.2
247.0,1,12.05,42.334,99.0,1,99.0,6.59,99.0,0.1,2378.339,973146.0,2.4,2.5,0.703,14.1,56.2
491.0,5,2.61,71.156,91.0,6,88.0,7.12,89.0,3.2,915.776,1965662.0,8.8,8.7,0.437,10.7,27.9
72.0,2,9.25,1109.855,95.0,3,96.0,8.23,93.0,0.1,8787.614,57597.0,0.5,0.5,0.836,15.2,56.4
281.0,10,0.01,25.709,73.0,13,45.0,4.78,79.0,0.8,229.954,7592865.0,1.3,1.3,0.506,10.0,47.2
322.0,2,8.13,443.475,28.0,3,45.0,3.26,45.0,3.2,5685.578,136425.0,7.4,7.2,0.64,12.3,3.3
84.0,1,8.48,122.182,89.0,1,89.0,7.6,89.0,0.1,1242.954,18588.0,0.9,0.8,0.794,13.9,57.4
217.0,0,4.14,49.937,87.0,0,98.0,7.44,97.0,1.2,894.928,16311.0,6.7,6.6,0.527,10.3,24.7
195.0,0,14.09,101.12,18.0,0,95.0,5.13,94.0,0.1,885.465,136255.0,2.2,2.3,0.805,15.7,55.2
53.0,64,10.16,4.427,44.0,87,57.0,7.54,59.0,3.2,238.0,2662482.0,6.7,6.7,0.418,11.5,13.9
84.0,0,4.76,430.877,99.0,1,99.0,5.66,99.0,0.1,4414.723,289592.0,1.3,1.4,0.759,14.2,56.5
146.0,7,0.55,39.333,18.0,9,45.0,4.47,76.0,0.1,763.739,817195.0,3.1,3.1,0.651,10.6,43.1
148.0,13,4.44,411.565,94.0,16,66.0,4.72,77.0,0.4,2754.783,276141.0,1.3,1.3,0.692,13.0,48.8
41.0,64,9.75,30.196,18.0,87,45.0,4.5,45.0,3.2,512.657,17153357.0,13.5,13.6,0.27,8.1,18.3
169.0,0,0.85,334.167,63.0,0,67.0,4.12,69.0,0.1,1787.947,24143.0,1.6,1.5,0.27,10.7,44.1
163.0,0,10.21,1109.855,18.0,0,91.0,5.91,91.0,0.1,8787.614,234319.0,2.2,2.2,0.812,15.5,59.8
169.0,0,14.09,1109.855,94.0,0,93.0,6.55,93.0,0.1,8787.614,2932367.0,2.6,2.7,0.841,16.5,61.9
149.0,0,0.83,361.094,62.0,0,66.0,3.9,66.0,0.1,2643.441,23785.0,1.5,1.5,0.589,10.7,48.2
254.0,25,1.33,94.257,76.0,39,77.0,4.95,76.0,1.4,757.696,9199259.0,7.8,7.6,0.451,9.5,23.0
284.0,2,1.75,73.242,98.0,2,99.0,5.99,99.0,0.1,797.838,2496832.0,2.3,2.4,0.621,11.2,41.3
2.0,0,9.87,373.261,98.0,0,92.0,6.46,94.0,0.1,3297.355,3499536.0,3.4,3.4,0.745,14.0,56.9
183.0,25,1.54,28.521,99.0,30,99.0,5.17,98.0,0.3,396.13,2556765.0,3.3,3.3,0.607,11.3,36.4
397.0,51,7.3,45.964,73.0,73,71.0,8.7,73.0,3.2,337.225,17153357.0,16.1,16.7,0.635,13.0,4.1
86.0,3,11.7,72.8,65.0,3,99.0,11.2,99.0,0.1,473.343,6527512.0,0.6,0.6,0.879,16.0,6.1
191.0,0,6.25,365.8,96.0,0,96.0,4.45,96.0,0.8,3933.332,283277.0,3.6,3.5,0.695,12.8,43.8
121.0,0,0.01,33.559,94.0,0,94.0,4.61,94.0,0.3,348.483,513979.0,7.1,7.1,0.636,13.2,29.0
157.0,6,5.93,97.522,18.0,7,82.0,4.12,83.0,0.3,627.555,1281296.0,3.3,3.2,0.709,13.2,56.8
22.0,0,4.72,685.03,84.0,0,84.0,5.92,84.0,0.8,5761.395,5975.0,3.5,3.4,0.684,11.7,52.6
46.0,3,4.9,47.616,88.0,4,89.0,8.46,88.0,3.2,332.517,118675.0,5.8,5.9,0.519,10.8,29.3
66.0,2,9.99,1109.855,96.0,2,96.0,9.52,96.0,0.1,8787.614,17153357.0,0.6,0.5,0.858,16.3,62.9
24.0,0,0.9,25.312,83.0,0,45.0,7.83,89.0,0.1,88.875,469885.0,1.3,1.3,0.465,8.3,42.1
148.0,8,3.65,16.379,88.0,9,45.0,6.22,88.0,0.3,278.558,1359647.0,1.5,1.3,0.682,12.7,46.5
69.0,41,2.44,54.043,82.0,66,85.0,6.93,84.0,3.2,377.135,111249.0,7.4,7.3,0.433,10.0,17.3
29.0,57,0.55,60.212,83.0,87,78.0,6.34,77.0,1.9,487.943,12798763.0,9.9,9.7,0.338,5.8,18.0
65.0,0,11.41,1109.855,88.0,0,98.0,6.37,98.0,0.1,8787.614,127658.0,0.9,1.0,0.826,13.5,55.3
77.0,0,11.77,702.359,98.0,1,99.0,1.57,99.0,0.1,4651.386,11182817.0,1.0,0.9,0.889,16.3,63.0
157.0,2,3.63,334.817,98.0,3,99.0,8.4,98.0,0.1,1792.384,587718.0,1.8,1.7,0.625,11.5,51.7
231.0,64,0.4,3.824,18.0,87,86.0,1.97,78.0,0.5,219.782,17153357.0,13.3,13.6,0.445,7.7,15.2
8.0,0,4.51,428.749,98.0,1,98.0,5.88,98.0,0.1,4575.764,288914.0,1.2,1.3,0.761,14.2,57.2
31.0,60,0.53,3.676,79.0,87,65.0,6.32,61.0,2.3,334.224,11638929.0,1.5,1.5,0.308,4.9,16.5
18.0,0,1.21,21.901,18.0,0,67.0,3.28,71.0,0.1,1469.849,18563.0,1.7,1.7,0.27,9.6,41.1
336.0,3,6.28,44.548,18.0,4,48.0,2.4,45.0,3.2,685.349,724817.0,1.0,1.0,0.553,8.5,19.8
253.0,37,0.01,97.678,98.0,54,93.0,3.56,98.0,0.8,1432.228,17153357.0,6.4,6.3,0.576,11.7,28.0
491.0,30,3.99,38.525,63.0,47,69.0,11.66,65.0,2.1,263.146,5439695.0,9.5,9.5,0.332,7.6,18.8
377.0,27,0.01,59.487,91.0,40,87.0,11.38,91.0,3.2,354.725,1768838.0,6.5,6.3,0.466,10.7,19.2
72.0,2,11.05,510.933,96.0,2,96.0,8.36,96.0,0.1,3279.414,4522683.0,0.6,0.5,0.849,16.0,61.7
491.0,5,2.75,91.854,88.0,6,86.0,8.85,88.0,3.2,934.429,199993.0,8.0,7.8,0.447,10.7,28.8
211.0,7,2.48,385.325,96.0,8,96.0,1.99,96.0,0.1,4439.23,58721.0,3.2,3.3,0.27,10.6,44.2
344.0,48,4.56,23.102,76.0,87,62.0,4.85,62.0,3.2,235.491,11944587.0,11.2,1.8,0.27,4.4,12.5
189.0,64,0.05,43.179,63.0,87,45.0,2.27,45.0,0.1,899.556,2175859.0,11.0,11.1,0.608,10.6,16.7
57.0,30,4.07,38.615,63.0,47,66.0,11.69,73.0,1.9,263.762,5199549.0,9.7,9.8,0.322,7.4,18.4
99.0,0,4.25,3.48,36.0,0,87.0,9.4,84.0,0.1,265.643,3781287.0,3.0,3.0,0.27,12.3,49.9
18.0,1,4.29,14.719,97.0,1,97.0,6.27,97.0,0.1,189.682,339616.0,1.9,2.0,0.674,10.7,47.9
165.0,12,6.2,520.764,96.0,14,98.0,3.56,98.0,0.4,3972.265,17153357.0,8.6,8.8,0.687,12.3,24.6
271.0,2,0.26,45.09,28.0,2,45.0,3.65,45.0,0.1,544.567,583211.0,7.6,7.6,0.27,9.2,18.4
183.0,21,2.56,92.815,98.0,24,99.0,6.31,98.0,0.2,1213.265,277674.0,3.1,3.1,0.651,11.8,4.0
11.0,1,12.22,1109.855,18.0,1,96.0,9.1,97.0,0.1,8787.614,1362722.0,0.8,0.6,0.782,15.7,5.9
116.0,0,3.64,165.617,36.0,0,87.0,7.9,85.0,0.1,1461.755,376676.0,3.3,3.2,0.27,4.4,47.6
129.0,20,0.44,320.324,18.0,23,95.0,3.82,95.0,0.1,3935.183,34376.0,6.0,5.9,0.69,12.3,5.8
251.0,16,5.85,41.301,68.0,21,65.0,6.68,65.0,2.0,668.298,985287.0,4.1,4.1,0.466,8.5,43.0
144.0,4,0.53,210.242,95.0,5,95.0,3.4,96.0,0.1,3915.115,2369897.0,9.7,9.4,0.725,11.9,27.0
174.0,4,8.78,375.174,98.0,4,97.0,5.3,97.0,0.1,2774.956,17153357.0,3.5,4.0,0.722,12.5,52.9
127.0,0,12.73,649.391,95.0,0,94.0,7.66,93.0,0.1,4919.629,4426.0,2.1,2.1,0.739,12.2,54.7
19.0,0,5.26,99.081,86.0,0,96.0,5.81,96.0,0.5,833.313,52613.0,3.5,3.4,0.7,12.3,54.8
165.0,0,0.88,337.294,61.0,0,67.0,3.87,68.0,0.1,1886.433,2937.0,1.6,1.5,0.27,10.6,44.9
189.0,11,1.93,582.147,85.0,13,84.0,6.3,85.0,0.4,3452.829,15596214.0,1.2,1.2,0.611,10.7,49.3
185.0,28,1.53,43.664,62.0,34,99.0,5.28,99.0,0.2,456.735,2496445.0,3.4,3.3,0.594,10.7,35.3
134.0,1,3.74,7.133,64.0,1,66.0,8.53,78.0,0.1,127.367,4245.0,2.8,3.0,0.694,12.0,48.1
491.0,3,5.53,437.08,93.0,4,88.0,6.81,87.0,3.2,2937.367,112514.0,6.9,7.1,0.502,9.9,28.2
189.0,27,0.21,70.271,82.0,35,82.0,6.44,82.0,0.2,473.844,17153357.0,16.1,16.7,0.492,10.1,15.4
99.0,19,0.55,19.159,99.0,22,99.0,6.15,99.0,0.1,294.747,17153357.0,6.3,6.2,0.623,11.6,55.5
23.0,12,0.01,7.55,98.0,16,98.0,7.53,98.0,0.4,76.57,11345357.0,5.8,5.8,0.488,10.8,2.8
429.0,52,7.38,365.259,72.0,76,71.0,8.31,71.0,3.2,2681.781,17153357.0,15.4,16.7,0.629,13.0,4.9
12.0,1,6.95,201.749,85.0,1,87.0,7.25,85.0,0.1,1589.827,3772938.0,1.9,1.9,0.765,12.8,55.6
491.0,34,2.33,121.879,82.0,55,84.0,7.56,82.0,3.2,691.318,1252156.0,7.1,7.0,0.467,10.7,18.4
199.0,32,0.01,43.524,62.0,39,67.0,5.54,64.0,0.1,673.747,3568.0,5.3,5.1,0.658,10.1,58.5
81.0,0,10.22,665.736,97.0,1,98.0,1.17,98.0,0.1,4438.237,1895586.0,0.9,0.9,0.878,15.9,61.9
52.0,4,2.39,195.825,96.0,6,95.0,11.79,96.0,3.2,1352.384,264166.0,6.8,6.6,0.469,11.0,3.2
25.0,44,0.55,38.428,58.0,58,87.0,2.22,84.0,0.5,1171.583,5986514.0,13.0,13.2,0.533,9.1,21.3
78.0,0,13.31,973.681,46.0,0,45.0,7.27,45.0,0.1,5886.828,4159914.0,0.3,0.2,0.889,17.5,55.1
138.0,4,1.97,97.766,99.0,5,99.0,4.6,99.0,0.1,1259.876,19373.0,15.4,15.5,0.712,12.9,16.6
121.0,4,0.59,313.363,98.0,4,98.0,8.8,98.0,0.1,2537.349,5934232.0,3.9,3.8,0.733,13.7,58.6
428.0,64,1.51,0.682,84.0,87,45.0,4.68,82.0,3.2,43.98,3145483.0,9.2,9.1,0.448,8.4,14.4
243.0,1,12.6,364.426,98.0,1,97.0,6.34,99.0,0.1,3848.216,964924.0,2.2,2.4,0.723,14.6,57.2
188.0,0,6.35,103.371,89.0,0,89.0,4.49,92.0,0.6,1495.963,133144.0,6.2,6.6,0.751,12.3,38.4
194.0,18,5.88,0.276,95.0,21,97.0,3.4,97.0,0.8,27.565,6295821.0,9.4,9.7,0.64,10.9,18.7
121.0,6,3.77,59.129,87.0,8,87.0,7.29,87.0,0.1,674.983,15661547.0,1.3,1.1,0.725,13.4,52.8
225.0,2,4.26,181.012,96.0,2,95.0,5.58,96.0,0.1,2139.626,2628131.0,2.2,2.3,0.673,13.4,44.9
194.0,3,3.7,218.572,86.0,4,87.0,6.11,86.0,0.3,1175.116,5379328.0,2.0,1.9,0.592,11.0,46.4
73.0,2,11.86,1109.855,97.0,2,98.0,8.23,98.0,0.1,8787.614,17153357.0,0.6,0.5,0.844,15.9,61.1
73.0,0,12.04,1109.855,89.0,0,89.0,1.94,89.0,0.1,8787.614,8391643.0,1.7,2.0,0.88,15.7,55.7
198.0,0,5.69,7.495,96.0,0,96.0,5.44,96.0,0.5,134.326,1788.0,6.0,5.9,0.546,10.6,27.7
192.0,0,0.01,200.66,97.0,0,97.0,9.76,97.0,0.2,1619.533,18745.0,5.7,5.5,0.559,11.0,29.3
369.0,64,0.8,10.825,47.0,87,55.0,4.73,45.0,3.2,111.363,7497192.0,11.7,11.6,0.298,4.9,12.9
491.0,30,3.56,20.843,75.0,46,75.0,4.96,75.0,3.2,325.679,13558469.0,7.8,7.8,0.421,9.7,28.6
17.0,0,0.01,726.029,87.0,0,91.0,6.42,91.0,0.1,7378.345,62181.0,1.8,1.9,0.803,15.1,61.3
382.0,64,5.04,98.191,73.0,87,45.0,4.1,45.0,2.6,1443.992,17153357.0,1.0,9.9,0.426,6.8,17.7
226.0,1,14.09,464.078,91.0,1,45.0,6.44,95.0,0.1,4735.485,956953.0,2.2,2.3,0.739,14.9,57.7
89.0,64,5.74,94.434,99.0,87,99.0,5.26,99.0,0.1,6337.883,135695.0,3.9,3.3,0.703,12.4,3.0
131.0,1,6.65,645.958,92.0,1,92.0,7.82,45.0,0.1,6871.898,3321245.0,1.8,1.7,0.738,14.0,55.0
238.0,1,0.16,283.806,95.0,1,93.0,5.88,95.0,0.3,1741.143,686958.0,16.1,16.7,0.27,10.1,18.0
38.0,64,0.01,14.168,78.0,87,82.0,7.22,78.0,3.2,719.173,17153357.0,5.7,5.6,0.483,10.0,18.1
127.0,37,5.36,159.877,97.0,43,96.0,6.6,96.0,0.1,8787.614,11366189.0,1.7,1.6,0.735,12.3,58.7
171.0,10,0.32,43.341,93.0,12,95.0,6.4,93.0,0.2,738.348,764163.0,3.7,3.8,0.603,11.1,36.6
295.0,64,0.03,17.172,64.0,87,58.0,7.43,58.0,0.1,272.564,2589345.0,16.1,16.7,0.405,8.1,14.7
267.0,38,0.81,23.728,71.0,58,74.0,4.89,78.0,0.6,245.124,1782997.0,8.2,8.1,0.466,8.7,15.4
294.0,14,0.01,41.6,84.0,21,84.0,5.11,84.0,1.7,563.689,6859482.0,7.0,6.8,0.464,12.0,22.6
129.0,0,1.98,41.307,98.0,0,97.0,5.84,98.0,0.1,298.676,292.0,14.7,14.8,0.587,11.8,15.6
1.0,1,4.04,1070.269,86.0,1,88.0,8.45,88.0,0.1,4167.714,4125971.0,2.2,2.1,0.715,12.1,48.3
163.0,64,6.97,23.764,98.0,85,99.0,8.27,99.0,0.1,477.183,17153357.0,3.2,3.1,0.694,13.8,47.8
148.0,3,5.36,441.845,87.0,3,83.0,1.33,87.0,0.1,3855.538,6379219.0,2.0,2.0,0.679,12.3,47.9
276.0,8,5.99,145.102,95.0,9,95.0,3.61,95.0,0.1,1658.311,14858948.0,2.6,2.6,0.7,12.7,44.8
71.0,0,6.9,1109.855,42.0,0,99.0,9.23,99.0,0.1,8787.614,8924958.0,1.3,1.3,0.88,15.9,53.9
127.0,4,0.54,228.784,97.0,4,97.0,9.15,97.0,0.1,1889.214,5396774.0,3.9,3.9,0.717,13.2,56.3
248.0,6,2.85,2.199,99.0,8,99.0,3.51,99.0,0.1,174.515,4754641.0,3.4,3.4,0.27,10.3,4.7
288.0,2,8.01,40.537,52.0,3,45.0,2.88,45.0,3.2,727.777,1444844.0,7.1,6.9,0.646,12.4,31.4
7.0,2,8.4,1109.855,56.0,2,88.0,11.2,89.0,0.1,8787.614,345274.0,0.5,0.4,0.898,15.9,64.1
224.0,0,4.29,268.184,83.0,0,45.0,9.65,71.0,0.4,1888.618,47239.0,3.6,3.6,0.27,11.1,47.6
155.0,1,10.98,107.983,96.0,1,96.0,6.61,95.0,0.1,7296.122,7492561.0,2.1,2.1,0.761,13.8,61.5
321.0,11,0.59,124.379,67.0,14,62.0,6.79,68.0,1.4,588.358,61724.0,1.5,1.4,0.433,7.2,39.6
162.0,0,3.62,310.612,54.0,0,45.0,4.45,55.0,0.1,2351.338,178781.0,0.2,0.2,0.665,12.4,68.9
224.0,1,14.09,501.806,98.0,1,98.0,5.95,97.0,0.1,6376.183,9527985.0,2.1,2.3,0.755,15.1,58.2
59.0,0,11.32,283.33,96.0,0,99.0,7.23,99.0,0.1,3818.464,111267.0,0.9,1.0,0.853,14.6,57.8
132.0,1,3.36,70.542,48.0,2,74.0,8.49,75.0,0.1,928.182,431.0,2.9,3.0,0.684,11.8,47.5
491.0,36,2.46,8.37,82.0,59,84.0,7.33,83.0,3.2,53.277,11731746.0,7.2,7.1,0.456,10.5,18.0
215.0,6,2.35,37.885,97.0,8,97.0,1.88,96.0,0.1,436.459,5795.0,3.2,3.3,0.27,10.5,43.4
286.0,6,0.62,20.98,96.0,8,96.0,3.6,96.0,0.7,582.776,447469.0,8.8,8.7,0.405,5.0,16.5
169.0,0,10.14,24.708,89.0,0,92.0,6.1,92.0,0.1,1372.689,25979.0,2.2,2.3,0.81,15.8,59.4
39.0,2,1.02,121.481,25.0,2,72.0,7.5,72.0,3.2,965.669,79628.0,5.8,5.7,0.405,4.4,3.6
137.0,0,0.01,584.945,82.0,0,84.0,4.98,82.0,0.1,4266.557,15328.0,0.1,0.1,0.718,14.3,74.3
46.0,62,1.16,5.813,78.0,87,78.0,5.9,78.0,3.2,65.986,17153357.0,3.6,3.5,0.405,9.1,21.8
23.0,0,14.09,1109.855,98.0,1,98.0,6.7,98.0,0.1,7978.825,9465997.0,2.0,2.0,0.796,15.7,61.1
138.0,0,0.01,427.989,64.0,0,65.0,3.7,64.0,0.1,3158.587,247485.0,1.5,1.4,0.592,10.8,5.8
117.0,0,5.82,482.804,94.0,0,94.0,8.68,94.0,0.1,8787.614,3485.0,1.5,1.4,0.788,15.5,62.9
88.0,64,5.79,9.956,99.0,87,99.0,5.39,99.0,0.1,777.776,135738.0,3.8,3.2,0.713,12.7,3.9
491.0,4,0.01,153.344,93.0,6,45.0,11.7,93.0,3.2,1196.134,2117361.0,6.1,5.9,0.484,11.1,31.4
217.0,7,2.9,691.133,97.0,8,98.0,2.7,98.0,0.1,7962.366,5466241.0,3.3,3.3,0.683,10.8,47.7
254.0,38,0.01,28.669,18.0,55,91.0,4.63,45.0,0.9,1814.492,17153357.0,6.6,6.4,0.57,11.5,27.3
142.0,3,9.06,542.024,97.0,3,98.0,6.22,99.0,0.1,5693.524,382457.0,2.4,2.6,0.796,15.3,54.5
113.0,0,11.83,1109.855,95.0,0,96.0,6.95,96.0,0.1,8787.614,444.0,1.8,1.8,0.783,13.9,58.1
144.0,16,4.03,40.538,65.0,20,95.0,4.94,95.0,0.4,259.193,2661467.0,1.4,1.4,0.686,13.9,46.7
252.0,25,0.01,90.122,78.0,39,74.0,4.59,78.0,1.1,943.687,1286712.0,7.1,6.9,0.475,10.7,25.2
115.0,0,6.56,635.485,18.0,0,93.0,6.9,94.0,0.1,6682.281,619428.0,2.0,2.0,0.787,15.0,59.1
238.0,40,0.19,23.184,18.0,54,72.0,5.6,72.0,0.1,246.376,17153357.0,16.1,16.7,0.447,8.6,12.4
88.0,3,11.9,1109.855,47.0,3,98.0,1.57,98.0,0.1,8787.614,6437499.0,0.6,0.6,0.877,16.1,59.1
168.0,64,0.01,3.395,18.0,87,85.0,2.47,85.0,0.1,42.598,1341716.0,2.7,16.7,0.468,7.5,1.8
266.0,17,6.08,56.779,68.0,23,62.0,5.56,63.0,2.7,615.82,9556889.0,4.2,4.2,0.458,8.4,4.7
491.0,55,8.69,709.317,79.0,84,75.0,7.77,79.0,3.2,5414.634,476667.24,11.6,13.9,0.609,12.9,43.6
178.0,0,14.09,1109.855,93.0,0,93.0,6.59,93.0,0.1,8787.614,2957689.0,2.7,2.7,0.834,16.4,61.4
285.0,25,1.35,8.932,73.0,40,75.0,4.63,73.0,2.1,519.292,752555.0,9.1,9.0,0.416,7.7,19.7
133.0,4,0.49,227.297,93.0,4,94.0,9.65,91.0,0.1,1657.889,51313.0,4.0,4.0,0.7,12.6,54.0
32.0,47,4.73,64.24,76.0,86,94.0,6.58,86.0,2.0,422.633,13829177.0,1.0,9.6,0.325,4.7,14.6
361.0,24,4.5,21.249,92.0,36,88.0,11.49,92.0,3.2,165.879,7675338.0,8.1,8.2,0.29,5.9,14.5
155.0,0,1.51,310.82,88.0,0,85.0,5.3,84.0,0.1,1842.444,99184.0,0.1,0.1,0.679,13.5,67.0
13.0,2,6.24,74.148,95.0,3,91.0,6.4,91.0,0.1,511.368,15262754.0,1.1,1.1,0.755,13.5,54.0
14.0,6,1.02,176.011,62.0,7,81.0,5.1,79.0,0.1,3851.438,85813.0,2.8,2.9,0.708,11.6,45.9
431.0,3,4.94,459.157,83.0,4,74.0,7.2,86.0,3.2,3881.295,255734.0,12.6,12.6,0.57,11.4,28.7
223.0,0,0.01,188.737,97.0,1,97.0,3.7,97.0,0.6,2422.816,752967.0,16.1,16.7,0.581,12.3,21.9
219.0,21,0.3,1.177,86.0,33,83.0,4.81,86.0,0.5,12.566,1255917.0,1.6,1.5,0.444,7.5,21.2
68.0,1,2.23,33.586,96.0,1,94.0,7.38,95.0,0.1,2195.177,7537.0,1.1,1.1,0.87,15.7,61.1
148.0,49,7.55,843.195,96.0,54,96.0,8.26,95.0,0.1,8787.614,256983.0,2.8,2.8,0.73,14.2,53.6
169.0,0,4.17,24.997,83.0,0,82.0,4.71,83.0,0.1,197.294,177662.0,0.2,0.2,0.659,12.3,68.2
41.0,64,9.79,72.85,71.0,87,69.0,9.1,71.0,3.2,449.693,17153357.0,6.2,6.2,0.453,10.6,15.6
217.0,7,2.55,490.418,97.0,8,97.0,1.98,97.0,0.1,5649.978,517461.0,3.2,3.3,0.665,10.6,45.0
136.0,0,0.01,36.48,18.0,0,92.0,8.33,92.0,0.1,216.243,69828.0,2.5,2.5,0.27,4.4,53.5
48.0,29,6.66,33.303,96.0,46,96.0,6.34,96.0,3.2,212.662,868346.0,7.0,7.3,0.359,7.6,14.5
4.0,42,0.3,26.874,18.0,75,45.0,6.9,45.0,3.2,197.316,866312.0,11.3,11.2,0.3,4.9,14.1
182.0,11,0.36,13.257,58.0,14,82.0,4.46,85.0,0.3,236.314,6576877.0,4.0,4.0,0.553,10.1,32.5
75.0,2,9.69,3.122,95.0,3,96.0,8.11,93.0,0.1,24.819,569741.0,0.5,0.5,0.828,14.9,55.7
477.0,3,4.87,413.006,18.0,4,89.0,8.19,88.0,3.2,2842.438,1158897.0,6.1,6.3,0.514,10.6,28.9
94.0,0,4.54,630.388,89.0,0,45.0,9.58,89.0,0.1,4611.473,372284.0,2.6,2.6,0.717,13.3,53.1
142.0,2,2.72,60.558,51.0,2,89.0,8.72,84.0,0.1,779.385,4357.0,2.9,3.0,0.677,11.8,47.0
271.0,64,0.01,73.524,62.0,86,58.0,8.18,62.0,0.1,612.697,327582.0,16.1,16.7,0.476,10.0,18.6
9.0,0,12.5,1109.855,81.0,0,82.0,1.27,83.0,0.1,8787.614,881957.0,1.7,1.9,0.847,16.1,51.2
21.0,16,2.41,25.25,87.0,20,82.0,6.71,82.0,0.3,171.771,1228848.0,1.5,1.5,0.553,8.8,41.7
25.0,5,8.44,453.783,46.0,5,72.0,7.47,76.0,0.2,3855.421,455933.0,2.4,2.4,0.739,15.1,59.6
11.0,1,2.19,510.604,18.0,1,45.0,1.9,45.0,0.1,5253.123,3359859.0,4.9,4.7,0.27,15.0,58.6
166.0,10,0.32,51.992,96.0,12,97.0,5.98,96.0,0.2,834.541,7815949.0,3.7,3.7,0.608,11.1,37.4
327.0,18,11.57,625.508,97.0,20,98.0,5.21,98.0,0.3,5323.474,17153357.0,2.4,2.7,0.748,13.7,55.3
3.0,17,11.79,12.252,98.0,20,98.0,5.3,98.0,0.3,692.194,14349528.0,2.4,2.7,0.754,13.8,55.7
491.0,54,8.5,732.126,83.0,82,79.0,7.57,82.0,3.2,5631.735,4823384.48,1.6,12.8,0.609,12.9,44.3
179.0,64,0.03,40.368,78.0,87,77.0,3.4,78.0,0.1,873.773,15793993.0,16.1,16.7,0.501,6.5,19.5
345.0,14,0.95,2.049,24.0,22,51.0,4.29,45.0,3.2,26.639,511177.0,9.2,9.1,0.426,9.4,17.1
96.0,1,3.45,384.513,91.0,1,91.0,9.31,91.0,0.1,1647.442,4757575.0,1.7,1.7,0.768,13.9,59.5
2.0,0,0.99,240.485,99.0,0,99.0,6.66,99.0,0.1,948.659,481422.0,1.3,1.3,0.47,8.4,43.0
26.0,2,3.79,126.698,98.0,2,99.0,5.6,95.0,0.1,1634.814,259167.0,2.2,2.4,0.661,13.0,43.9
223.0,49,0.01,3.304,68.0,87,67.0,5.82,68.0,0.5,43.646,17153357.0,9.8,9.6,0.345,5.3,18.9
7.0,28,4.57,34.262,68.0,45,71.0,5.12,45.0,3.2,414.796,13124267.0,8.6,8.6,0.408,9.5,27.9
165.0,4,9.82,431.325,99.0,4,97.0,5.43,97.0,0.1,3552.925,17153357.0,3.4,3.9,0.733,12.9,53.4
271.0,41,1.76,30.723,94.0,60,94.0,5.17,94.0,2.1,186.765,2393831.0,7.3,7.2,0.542,10.4,24.9
19.0,4,1.17,262.818,93.0,5,96.0,5.32,96.0,0.1,2346.594,9864326.0,6.5,6.4,0.662,13.3,49.7
227.0,49,0.01,31.502,67.0,87,56.0,5.9,67.0,0.6,416.148,17153357.0,1.0,9.9,0.341,5.3,18.5
168.0,2,0.06,36.692,79.0,3,79.0,0.74,79.0,0.1,643.719,17811.0,11.7,11.7,0.566,11.7,14.7
192.0,14,2.2,56.884,89.0,16,88.0,5.95,89.0,0.5,785.693,143874.0,11.0,11.3,0.519,10.6,16.4
76.0,2,11.2,1109.855,88.0,3,94.0,11.25,95.0,0.1,8787.614,8177693.0,1.1,1.1,0.907,16.7,59.9
144.0,0,3.01,434.794,57.0,0,57.0,5.7,62.0,0.1,3453.487,18625.0,0.2,0.2,0.69,12.9,72.5
132.0,1,9.3,772.87,99.0,1,93.0,1.2,94.0,0.1,5458.122,7381579.0,2.4,2.4,0.743,13.5,55.1
327.0,32,0.21,1.1,57.0,51,59.0,2.82,59.0,2.7,33.424,9679745.0,9.3,9.3,0.346,6.6,18.5
92.0,0,12.35,1109.855,97.0,0,97.0,9.9,97.0,0.1,8787.614,1558177.0,0.7,0.5,0.804,15.8,56.5
45.0,64,9.23,22.482,18.0,87,45.0,2.84,45.0,3.2,379.119,1223529.0,14.3,14.4,0.27,7.6,16.9
286.0,10,4.03,3.687,64.0,14,67.0,1.24,65.0,2.8,21.373,3512932.0,7.9,7.8,0.383,9.9,22.9
315.0,2,8.34,22.69,28.0,3,45.0,3.22,45.0,3.2,412.553,129449.0,7.7,7.5,0.636,12.3,29.2
13.0,1,7.71,158.258,92.0,1,93.0,8.57,92.0,0.1,4142.869,3825.0,2.6,2.8,0.749,13.4,53.6
126.0,1,5.52,58.46,98.0,2,95.0,7.6,98.0,0.1,4267.136,329174.0,2.2,2.2,0.728,12.8,48.6
179.0,4,9.78,180.11,98.0,5,99.0,4.36,99.0,0.1,1839.729,2213197.0,3.8,4.2,0.708,11.7,51.9
282.0,16,12.19,11.026,98.0,19,98.0,5.38,98.0,0.3,911.254,1428588.0,2.4,2.6,0.761,13.8,56.1
173.0,3,3.83,253.001,93.0,4,93.0,6.91,93.0,0.2,1344.319,552216.0,2.0,1.9,0.601,11.0,47.9
192.0,24,1.78,40.133,99.0,28,99.0,5.11,99.0,0.3,546.777,26167.0,3.2,3.2,0.62,11.7,37.5
193.0,4,3.51,22.356,87.0,5,89.0,5.26,87.0,0.4,143.676,5175.0,2.2,2.1,0.57,10.4,43.5
186.0,0,11.15,562.36,99.0,0,99.0,4.21,99.0,0.1,8331.262,83723.0,6.1,6.6,0.712,12.1,28.1
144.0,2,9.5,79.415,98.0,3,99.0,6.2,99.0,0.1,821.252,17153357.0,2.3,2.5,0.797,14.8,55.5
428.0,43,7.28,1038.886,71.0,62,72.0,8.5,72.0,3.2,7362.761,5979432.36,7.3,8.9,0.63,12.8,47.2
218.0,57,4.96,191.495,87.0,72,87.0,4.29,87.0,0.1,2352.518,9527794.0,1.0,9.7,0.669,11.5,23.1
253.0,6,4.31,8.897,18.0,7,99.0,5.66,99.0,0.8,78.738,17153357.0,2.9,3.0,0.673,13.2,55.1
378.0,64,9.63,87.045,79.0,87,78.0,8.43,79.0,3.2,647.177,17153357.0,6.1,6.1,0.464,10.8,15.9
189.0,14,6.17,301.36,96.0,16,98.0,3.51,98.0,0.5,2659.839,652231.0,9.0,9.2,0.674,11.9,21.7
12.0,3,1.28,64.856,98.0,3,98.0,6.54,98.0,0.1,414.152,1639931.0,6.3,6.3,0.71,14.4,56.5
213.0,64,0.06,55.361,64.0,87,79.0,2.37,71.0,0.1,1148.57,17153357.0,1.9,1.9,0.624,11.0,18.2
71.0,2,10.94,895.878,88.0,3,94.0,11.16,95.0,0.1,4653.911,864565.0,1.1,1.1,0.919,16.9,61.4
263.0,36,0.68,38.419,82.0,54,83.0,5.11,85.0,0.6,292.157,1888268.0,8.0,7.9,0.478,9.0,16.3
19.0,0,5.82,11.851,94.0,0,94.0,5.22,94.0,1.0,129.519,129535.0,6.3,6.8,0.736,12.2,36.8
343.0,7,0.83,0.703,86.0,10,92.0,4.2,45.0,1.9,21.769,3614639.0,9.9,9.9,0.27,4.4,13.1
81.0,0,9.56,287.612,92.0,1,95.0,8.3,95.0,0.1,8787.614,1955141.0,0.8,0.8,0.83,15.3,59.9
249.0,64,1.32,67.776,65.0,87,45.0,6.55,65.0,1.4,354.846,946756.0,1.9,1.6,0.411,8.2,16.0
166.0,0,2.49,6.649,99.0,0,99.0,4.6,99.0,0.1,83.635,1244121.0,7.4,7.3,0.728,13.6,29.7
28.0,56,0.1,20.269,71.0,87,45.0,6.23,45.0,1.6,215.855,1265687.0,12.3,12.2,0.27,4.4,14.6
48.0,64,2.09,37.825,25.0,87,72.0,5.64,73.0,3.2,256.441,17153357.0,4.1,4.0,0.298,5.8,16.9
181.0,2,2.48,591.776,92.0,2,93.0,6.7,92.0,0.3,3827.786,6221246.0,1.6,1.6,0.67,13.2,54.1
124.0,0,1.95,4.299,98.0,0,98.0,5.78,98.0,0.1,32.372,297.0,14.6,14.7,0.597,12.0,16.2
339.0,3,9.93,1109.855,18.0,4,59.0,3.84,45.0,3.2,8787.614,95114.0,9.0,9.0,0.589,9.2,22.1
228.0,64,0.44,4.155,39.0,87,92.0,1.97,82.0,0.5,219.816,487377.0,13.3,13.6,0.455,7.8,15.7
491.0,23,5.76,36.293,68.0,58,66.0,8.9,66.0,1.9,662.28,9999617.0,4.0,4.0,0.47,8.6,44.2
12.0,3,1.24,469.628,98.0,4,98.0,5.64,98.0,0.1,3778.184,129887.0,6.3,6.3,0.695,14.3,53.9
128.0,0,0.01,660.278,56.0,0,58.0,7.22,63.0,0.1,4178.973,19229.0,0.2,0.1,0.701,12.9,74.3
273.0,1,0.44,187.496,88.0,2,88.0,8.84,88.0,3.1,1325.997,851146.0,5.6,5.6,0.441,5.5,32.2
67.0,1,10.3,579.133,95.0,2,92.0,8.45,92.0,0.1,3416.715,23948.0,0.7,0.6,0.91,18.6,61.5
394.0,29,0.01,55.831,89.0,42,89.0,1.96,89.0,3.2,332.922,16577147.0,6.5,6.4,0.459,10.7,18.8
137.0,0,14.09,1109.855,94.0,0,94.0,6.25,94.0,0.1,8787.614,1331475.0,1.9,2.0,0.833,16.2,57.6
278.0,55,0.11,3.752,71.0,87,46.0,7.15,45.0,1.6,25.384,13618449.0,11.9,11.8,0.278,4.4,15.4
247.0,1,6.71,15.55,85.0,1,45.0,5.82,85.0,1.7,925.583,752263.0,5.9,5.7,0.606,10.9,36.4
161.0,1,3.59,16.975,99.0,1,99.0,4.7,99.0,1.9,482.248,2744673.0,1.9,1.7,0.706,12.4,46.3
57.0,0,7.3,1109.855,67.0,0,98.0,11.79,98.0,0.1,6283.245,96379.0,1.4,1.3,0.904,15.8,58.5
135.0,1,7.53,222.507,89.0,1,93.0,6.89,93.0,0.1,1634.876,753433.0,2.8,2.8,0.709,13.1,51.7
288.0,8,7.44,499.73,94.0,9,94.0,3.19,93.0,0.1,6771.415,15484192.0,2.4,2.5,0.754,14.7,47.3
25.0,0,4.47,418.921,83.0,0,84.0,6.78,83.0,0.6,3595.886,498946.0,3.5,3.4,0.672,11.3,51.1
132.0,3,0.47,438.452,97.0,4,97.0,3.47,97.0,0.1,8513.63,2711169.0,8.5,8.3,0.747,12.5,33.4
234.0,1,0.21,302.668,96.0,1,96.0,6.58,96.0,0.4,1795.181,795.0,16.1,16.7,0.27,10.5,18.8
88.0,2,7.31,241.553,95.0,2,95.0,6.87,95.0,0.1,1781.367,16661942.0,0.9,0.9,0.804,15.2,59.3
19.0,64,0.06,5.382,65.0,87,79.0,2.79,72.0,0.1,126.929,17153357.0,1.9,1.9,0.629,11.1,19.0
114.0,4,0.4,546.624,98.0,4,98.0,7.23,98.0,0.1,3992.867,8413464.0,3.9,3.9,0.737,13.1,64.0
1.0,2,6.37,584.099,95.0,2,96.0,7.34,96.0,0.1,4787.7,15799542.0,1.0,1.0,0.775,14.0,56.1
163.0,5,3.23,203.713,97.0,6,98.0,7.81,98.0,0.9,1311.742,737343.0,2.5,2.4,0.577,10.6,42.8
192.0,0,5.12,72.039,18.0,1,96.0,5.0,96.0,2.0,749.627,1277837.0,6.5,7.0,0.721,11.9,35.2
148.0,2,3.55,473.124,98.0,3,99.0,9.4,98.0,0.1,1975.465,613997.0,1.8,1.7,0.636,11.6,53.2
491.0,43,1.08,4.375,84.0,70,85.0,6.35,84.0,3.2,26.153,12336687.0,7.6,7.5,0.362,10.3,15.2
121.0,2,2.76,57.103,61.0,2,83.0,7.82,87.0,0.1,733.974,43864.0,3.0,3.1,0.673,11.7,46.5
231.0,7,2.88,179.616,97.0,8,66.0,3.85,83.0,0.1,1283.886,4655741.0,3.5,3.4,0.27,10.3,39.4
11.0,3,13.78,1109.855,29.0,4,97.0,1.22,97.0,0.1,8787.614,6185267.0,0.7,0.6,0.851,15.5,55.8
491.0,4,2.69,9.184,18.0,6,87.0,8.47,88.0,3.2,918.433,1982287.0,8.4,8.3,0.44,10.6,28.3
178.0,0,5.73,1109.855,84.0,0,84.0,6.9,84.0,0.9,8787.614,53777.0,3.5,3.4,0.708,12.7,56.3
38.0,5,2.58,13.53,18.0,8,69.0,5.41,64.0,3.2,393.314,135345.0,9.4,9.3,0.27,7.7,19.6
81.0,1,8.09,160.89,91.0,1,92.0,8.72,92.0,0.1,1411.313,19222.0,0.8,0.8,0.811,14.6,58.6
73.0,1,9.84,46.387,95.0,2,92.0,8.39,92.0,0.1,281.818,196514.0,0.7,0.7,0.902,18.6,59.6
145.0,32,0.19,21.823,72.0,39,74.0,3.82,74.0,0.1,452.749,376271.0,5.3,5.1,0.646,10.4,55.8
54.0,0,7.3,1109.855,67.0,0,98.0,11.79,98.0,0.1,5918.199,969611.0,1.5,1.3,0.906,15.8,59.0
93.0,64,4.88,50.283,99.0,87,99.0,5.8,99.0,0.1,3838.434,133126.0,4.4,3.8,0.682,12.2,27.3
178.0,7,6.2,352.955,84.0,8,88.0,4.34,89.0,1.8,3836.469,9371338.0,3.5,3.4,0.677,12.6,49.3
299.0,59,0.54,6.66,79.0,87,67.0,6.25,63.0,2.2,391.791,125128.0,1.3,1.2,0.318,5.2,17.0
93.0,0,1.47,620.952,98.0,0,98.0,9.52,98.0,0.1,3488.494,321.0,14.4,14.5,0.625,12.1,18.0
18.0,0,9.8,1109.855,91.0,0,92.0,6.55,92.0,0.1,8787.614,297555.0,2.2,2.3,0.815,16.0,58.9
211.0,64,1.27,3.51,18.0,87,65.0,4.28,65.0,0.3,77.819,17153357.0,16.1,16.7,0.526,9.4,13.5
279.0,25,1.34,37.382,18.0,40,78.0,4.34,78.0,2.0,374.192,6865951.0,9.7,9.6,0.389,6.4,18.4
142.0,64,0.01,62.659,94.0,87,94.0,3.6,94.0,0.1,757.672,15214912.0,16.1,16.7,0.535,8.9,15.2
73.0,0,1.83,91.14,97.0,0,97.0,7.93,96.0,0.1,633.795,367.0,14.0,14.1,0.653,11.6,22.1
146.0,20,0.34,25.019,81.0,23,87.0,3.6,87.0,0.1,294.336,3243514.0,6.3,6.1,0.663,11.5,47.0
276.0,42,1.05,42.563,51.0,65,45.0,5.17,45.0,0.7,278.556,1626932.0,8.6,8.5,0.456,8.2,14.3
268.0,2,0.01,662.802,95.0,2,96.0,5.41,95.0,2.3,7497.762,2168573.0,6.7,6.4,0.697,12.6,37.3
491.0,29,3.97,20.396,63.0,48,46.0,11.79,45.0,1.2,139.315,4564297.0,1.3,1.4,0.292,6.7,17.2
394.0,46,0.42,5.963,18.0,80,45.0,3.35,45.0,3.2,81.684,177578.0,1.0,1.0,0.306,5.7,16.1
321.0,22,4.16,3.596,96.0,33,95.0,8.58,96.0,1.5,26.48,94358.0,7.6,7.6,0.385,9.9,16.6
15.0,12,4.28,113.244,88.0,15,88.0,6.76,88.0,0.1,625.655,4591897.0,2.2,2.0,0.695,12.8,54.2
187.0,0,6.37,136.884,89.0,0,45.0,4.82,88.0,0.7,1653.184,13926.0,6.1,6.5,0.76,12.4,39.3
91.0,2,7.67,181.526,94.0,2,94.0,7.39,94.0,0.1,1243.328,16829442.0,0.8,0.9,0.816,15.3,59.9
2.0,0,2.25,62.083,99.0,0,99.0,4.23,99.0,0.1,3651.967,85995.0,4.0,3.7,0.706,14.6,58.7
29.0,0,1.18,195.526,81.0,0,89.0,5.64,45.0,0.1,818.443,458324.0,1.3,1.3,0.459,8.1,41.3
123.0,21,0.51,171.366,97.0,24,99.0,5.41,99.0,0.1,2884.948,17153357.0,6.4,6.3,0.589,10.3,51.7
79.0,0,5.62,130.015,89.0,0,95.0,7.11,95.0,0.1,1121.786,39328.0,0.7,0.7,0.783,13.7,62.8
185.0,0,7.41,843.119,99.0,0,99.0,4.64,99.0,0.1,8524.961,82781.0,6.1,6.5,0.713,12.1,28.7
74.0,2,11.2,869.791,88.0,3,94.0,1.93,95.0,0.1,4681.328,8274983.0,1.1,1.1,0.912,16.8,6.4
134.0,0,0.01,495.078,18.0,0,92.0,8.91,92.0,0.1,2789.174,612267.0,2.4,2.4,0.27,4.4,54.2
125.0,2,10.81,230.04,97.0,2,95.0,6.62,99.0,0.1,8787.614,3863164.0,2.0,2.1,0.834,15.3,59.7
158.0,9,4.13,14.589,69.0,10,45.0,3.86,89.0,0.3,193.742,12852755.0,1.6,1.5,0.67,12.4,44.3
126.0,10,8.41,1109.855,18.0,11,94.0,6.66,93.0,0.1,8787.614,4382389.0,1.0,0.9,0.792,16.3,58.6
321.0,64,0.01,10.425,62.0,87,45.0,8.2,45.0,0.1,114.56,293756.0,2.3,2.5,0.338,5.5,12.2
429.0,64,1.54,46.582,76.0,87,69.0,5.91,83.0,3.2,336.332,231275.0,3.9,3.8,0.332,7.0,18.1
27.0,53,0.01,96.547,66.0,87,72.0,6.47,66.0,1.5,777.348,16667.0,8.3,8.1,0.411,7.7,21.9
322.0,2,1.03,13.467,25.0,2,62.0,5.45,62.0,3.2,792.154,746221.0,6.2,6.0,0.372,4.4,29.0
414.0,45,0.41,62.672,18.0,80,49.0,3.32,45.0,3.2,712.185,1421597.0,1.3,1.2,0.303,5.5,15.7
251.0,25,0.01,87.408,77.0,39,73.0,4.59,77.0,1.2,915.267,14451.0,7.2,7.1,0.466,10.3,24.6
159.0,4,3.14,231.911,92.0,5,93.0,8.4,93.0,0.6,1751.596,7872658.0,2.3,2.3,0.597,11.1,45.1
9.0,0,4.12,75.611,91.0,0,87.0,9.46,89.0,0.1,535.866,364999.0,2.4,2.4,0.735,14.2,54.7
189.0,64,0.07,10.263,82.0,87,83.0,2.81,77.0,0.2,216.528,17153357.0,1.7,1.7,0.641,11.7,21.3
58.0,0,7.67,343.123,93.0,0,99.0,9.95,99.0,0.1,2193.884,419455.0,0.8,0.7,0.821,14.1,68.4
127.0,4,0.55,27.443,95.0,4,95.0,8.88,95.0,0.1,223.838,5714111.0,3.9,3.8,0.73,13.8,57.8
412.0,59,4.71,7.177,79.0,87,72.0,4.73,73.0,3.2,93.212,1695981.0,7.0,7.1,0.455,8.2,22.8
287.0,4,3.21,53.308,83.0,7,82.0,6.7,83.0,3.2,543.957,155588.0,8.0,7.9,0.405,8.9,23.1
378.0,24,5.72,11.227,83.0,38,76.0,7.1,83.0,3.2,127.43,7182451.0,8.4,8.4,0.279,5.2,13.8
116.0,21,1.49,32.782,96.0,25,97.0,5.61,97.0,0.1,1672.569,17153357.0,4.9,4.7,0.715,13.0,61.9
271.0,41,0.9,47.526,51.0,63,61.0,5.29,62.0,0.7,262.286,16765117.0,8.5,8.4,0.462,8.3,14.7
388.0,64,9.55,104.475,42.0,87,54.0,4.47,45.0,3.2,1136.83,14641724.0,12.3,12.3,0.477,9.1,2.4
141.0,1,7.38,11.859,89.0,2,98.0,6.53,95.0,0.1,87.137,7516346.0,2.8,2.9,0.702,13.0,51.2
98.0,1,4.34,94.178,89.0,1,45.0,7.12,88.0,0.1,388.364,3925443.0,2.4,2.3,0.702,11.6,45.4
491.0,26,4.06,0.0,18.0,41,45.0,6.52,68.0,3.2,453.351,12633897.0,9.8,9.9,0.418,9.5,26.7
67.0,0,10.49,703.553,95.0,0,96.0,8.1,96.0,0.1,5234.767,4598294.0,0.3,0.2,0.902,18.6,61.3
16.0,1,10.72,25.063,93.0,1,94.0,7.23,94.0,0.1,1764.974,89142.0,2.4,2.5,0.713,12.9,57.5
72.0,0,11.5,1109.855,95.0,0,96.0,7.34,99.0,0.1,8787.614,518347.0,0.9,0.9,0.894,13.9,59.6
216.0,0,0.01,209.392,99.0,1,98.0,3.57,99.0,0.5,2522.797,776448.0,15.7,16.2,0.596,12.5,23.6
85.0,0,10.05,671.938,97.0,1,98.0,1.39,98.0,0.1,4488.562,1796493.0,0.9,0.9,0.876,15.8,61.6
223.0,0,4.53,32.366,83.0,0,74.0,6.62,75.0,1.0,263.14,488332.0,3.5,3.5,0.27,10.9,49.7
3.0,5,2.84,6.699,18.0,9,52.0,4.94,49.0,3.1,297.752,1243229.0,1.2,1.2,0.27,6.4,17.4
86.0,64,5.78,109.874,99.0,87,99.0,5.55,99.0,0.1,7683.524,136427.0,3.7,3.0,0.723,13.1,31.9
288.0,28,0.01,4.345,62.0,42,63.0,5.39,62.0,1.9,52.349,11281469.0,7.8,7.8,0.396,8.5,21.7
47.0,23,0.01,1.321,92.0,33,92.0,11.59,92.0,0.8,71.819,692279.0,7.7,7.6,0.413,9.3,23.3
129.0,55,4.99,10.228,97.0,66,97.0,4.98,97.0,0.1,672.921,11719673.0,2.0,1.9,0.694,11.4,52.4
167.0,0,14.09,225.072,94.0,0,95.0,6.6,95.0,0.1,1894.548,13379.0,2.0,2.1,0.835,16.1,56.7
313.0,20,10.87,266.542,81.0,24,97.0,5.99,97.0,0.3,2375.594,1453646.0,2.7,2.9,0.727,12.8,54.5
42.0,31,0.01,82.769,96.0,46,95.0,11.79,96.0,3.2,374.519,169735.0,6.6,6.5,0.454,10.7,18.4
491.0,36,1.27,74.345,91.0,58,92.0,1.7,91.0,3.2,372.843,14271234.0,7.0,6.9,0.4,9.6,16.9
321.0,19,11.5,46.516,96.0,21,98.0,5.19,97.0,0.3,412.372,1446754.0,2.5,2.8,0.741,13.6,55.0
412.0,2,0.01,720.233,95.0,3,92.0,8.76,95.0,3.2,3851.515,1248158.0,4.8,4.9,0.534,11.3,3.7
147.0,0,0.01,917.468,98.0,0,98.0,4.82,98.0,0.1,8787.614,1258653.0,7.0,7.0,0.765,14.7,32.3
232.0,1,0.17,27.489,93.0,1,93.0,6.3,93.0,0.4,177.234,714458.0,16.1,16.7,0.27,10.9,19.5
119.0,21,0.45,430.718,95.0,24,95.0,5.12,95.0,0.1,4463.395,17153357.0,5.9,5.8,0.714,13.6,53.9
196.0,64,2.77,57.734,38.0,87,76.0,4.28,79.0,0.2,1345.772,12398691.0,16.1,16.7,0.569,10.4,15.9
121.0,6,3.82,79.116,83.0,7,84.0,9.16,83.0,0.1,6432.217,1593112.0,1.2,1.1,0.737,14.0,53.5
222.0,0,5.27,10.814,96.0,0,97.0,1.4,97.0,1.6,81.862,15563.0,7.0,7.0,0.514,10.0,23.4
132.0,1,9.54,96.332,93.0,1,95.0,1.5,95.0,0.1,671.774,735222.0,2.3,2.4,0.749,13.5,55.8
179.0,0,0.91,163.105,68.0,0,67.0,3.37,45.0,0.1,1362.617,18929.0,1.7,1.6,0.27,10.1,41.9
138.0,2,9.59,1109.855,96.0,2,88.0,5.6,92.0,0.1,8787.614,17153357.0,2.7,2.9,0.794,14.7,59.2
66.0,1,10.62,1109.855,94.0,1,92.0,9.5,92.0,0.1,8787.614,216917.0,0.7,0.6,0.925,18.6,63.4
221.0,64,4.54,69.02,45.0,87,76.0,3.0,79.0,0.1,957.287,17153357.0,1.0,9.7,0.622,11.4,18.3
284.0,8,5.75,12.609,95.0,10,95.0,3.47,95.0,0.1,149.927,14858335.0,2.6,2.7,0.685,12.3,44.4
156.0,0,14.09,1109.855,95.0,0,95.0,6.93,95.0,0.1,8787.614,1334515.0,2.0,2.0,0.836,16.1,57.1
14.0,2,11.4,15.715,98.0,3,96.0,6.88,99.0,0.1,141.447,17153357.0,2.2,2.3,0.813,15.0,57.2
2.0,64,2.5,0.844,37.0,87,73.0,4.38,74.0,0.2,19.318,17153357.0,16.1,16.7,0.563,10.5,15.4
491.0,2,6.41,6.33,88.0,4,97.0,6.47,97.0,3.2,355.618,1779953.0,11.4,11.3,0.558,11.9,31.1
316.0,64,0.01,10.575,63.0,87,45.0,7.8,45.0,0.1,117.497,2966463.0,2.1,2.4,0.34,5.9,12.6
186.0,12,0.01,6.915,86.0,14,84.0,6.24,86.0,0.3,95.244,14776866.0,11.0,11.2,0.54,10.7,17.6
22.0,0,1.85,206.072,99.0,0,94.0,3.48,93.0,0.1,2259.558,815691.0,4.2,3.9,0.687,13.3,52.2
84.0,2,7.2,1109.855,18.0,2,45.0,7.53,91.0,0.1,8787.614,17153357.0,0.8,0.8,0.831,15.6,62.5
19.0,64,0.02,18.845,63.0,87,65.0,2.79,62.0,0.1,533.862,17153357.0,16.1,16.7,0.445,5.3,16.4
91.0,1,12.05,1109.855,64.0,1,96.0,9.32,95.0,0.1,8787.614,1421137.0,0.8,0.8,0.88,18.6,59.8
74.0,1,2.53,22.273,96.0,1,93.0,7.61,92.0,0.1,236.196,6439.0,1.1,1.1,0.85,15.1,58.7
91.0,1,5.28,41.823,99.0,1,99.0,5.34,99.0,0.1,494.359,291321.0,1.4,1.5,0.725,12.5,54.3
71.0,2,11.18,839.913,88.0,3,94.0,1.99,95.0,0.1,4465.249,8425823.0,1.1,1.1,0.916,16.9,6.9
48.0,30,3.83,42.089,63.0,47,67.0,11.79,65.0,2.2,287.689,5658379.0,9.3,9.3,0.341,7.8,19.2
136.0,0,0.01,33.67,18.0,0,92.0,8.23,92.0,0.1,199.584,67389.0,2.5,2.6,0.27,4.4,52.7
413.0,43,7.38,123.753,76.0,58,69.0,8.61,69.0,3.2,849.954,17153357.0,6.6,8.0,0.638,12.8,47.9
61.0,1,2.63,409.411,97.0,1,95.0,7.36,95.0,0.1,3661.994,76236.0,1.2,1.1,0.878,15.7,63.0
282.0,57,0.1,17.587,71.0,87,45.0,6.55,45.0,1.6,177.828,12262.0,12.5,12.5,0.27,4.4,14.3
51.0,3,5.55,43.366,92.0,4,88.0,7.5,87.0,3.2,347.488,1138434.0,6.5,6.7,0.508,10.5,28.5
138.0,0,0.01,1109.855,94.0,0,93.0,5.83,93.0,0.1,8787.614,1327439.0,1.9,2.0,0.838,16.4,58.0
185.0,23,1.96,77.271,98.0,27,94.0,5.49,96.0,0.4,654.284,2648825.0,3.2,3.2,0.626,11.8,38.1
187.0,10,1.88,657.528,73.0,13,65.0,6.2,73.0,0.4,3687.764,15923559.0,1.2,1.2,0.614,10.7,49.9
491.0,4,2.71,154.871,93.0,6,92.0,1.87,93.0,3.2,1173.262,24551.0,7.2,7.0,0.464,10.9,29.7
251.0,25,1.4,110.263,75.0,39,77.0,5.37,75.0,1.4,825.943,94682.0,7.6,7.5,0.454,9.8,23.5
329.0,12,4.24,17.859,64.0,17,47.0,8.77,45.0,3.2,149.445,3176414.0,8.5,8.5,0.335,10.2,21.5
211.0,16,2.53,225.062,87.0,20,78.0,6.76,77.0,0.3,1568.376,11924946.0,1.5,1.5,0.546,8.5,41.1
463.0,23,0.01,1.443,83.0,32,83.0,11.79,83.0,0.6,78.439,779162.0,7.5,7.4,0.426,9.5,23.8
197.0,0,4.68,43.595,18.0,1,45.0,4.17,45.0,0.9,643.947,1267984.0,6.7,7.2,0.709,11.7,33.6
127.0,7,3.92,41.881,88.0,8,85.0,6.48,87.0,0.1,572.143,15419666.0,1.3,1.2,0.717,13.3,52.1
66.0,0,8.84,1109.855,86.0,0,83.0,8.93,85.0,0.1,8787.614,4538.0,0.7,0.7,0.809,14.8,65.6
63.0,0,11.56,1109.855,93.0,0,97.0,6.5,97.0,0.1,8787.614,163712.0,0.9,1.0,0.836,13.5,56.3
393.0,2,0.01,708.956,98.0,3,98.0,9.66,98.0,3.2,3598.76,1271456.0,4.5,4.6,0.539,11.4,31.2
136.0,1,3.79,5.457,93.0,1,86.0,5.91,93.0,0.6,56.145,285187.0,1.8,1.7,0.727,12.8,52.7
259.0,15,5.68,4.106,68.0,20,67.0,1.41,68.0,1.5,74.936,114554.0,4.0,4.0,0.47,8.7,45.3
161.0,64,7.1,30.304,99.0,79,99.0,8.36,99.0,0.1,586.146,17153357.0,3.1,3.1,0.698,13.8,48.6
91.0,1,5.79,348.056,98.0,1,98.0,5.79,98.0,0.1,4114.137,2927519.0,1.5,1.6,0.721,12.2,53.5
172.0,4,6.78,273.576,86.0,5,86.0,8.1,86.0,0.1,1545.626,5327.0,2.5,2.4,0.625,11.6,39.1
16.0,0,12.1,206.887,97.0,0,97.0,8.25,97.0,0.1,1355.746,4417781.0,1.6,1.6,0.803,14.2,6.6
43.0,64,1.14,47.173,25.0,87,69.0,6.16,45.0,3.2,277.649,1867687.0,4.2,4.1,0.291,5.4,16.5
283.0,44,4.55,81.143,92.0,77,91.0,7.41,92.0,1.1,552.746,1514199.0,9.3,8.8,0.356,5.9,16.1
491.0,4,0.01,168.135,95.0,6,93.0,11.14,95.0,3.2,1281.516,289928.0,6.4,6.2,0.479,11.0,3.8
172.0,22,0.27,112.123,92.0,27,92.0,6.73,92.0,0.2,692.117,17153357.0,16.1,16.7,0.529,12.0,16.9
44.0,41,0.25,21.527,18.0,74,45.0,6.28,45.0,3.2,166.232,8342559.0,11.5,11.4,0.27,4.7,13.9
148.0,32,0.2,185.637,75.0,39,78.0,4.65,78.0,0.1,3735.145,17153357.0,5.4,5.1,0.643,10.3,55.2
16.0,0,3.63,287.467,41.0,0,55.0,4.47,49.0,0.1,2571.262,179929.0,0.2,0.2,0.671,12.6,69.7
182.0,0,0.01,24.733,94.0,0,99.0,5.42,94.0,0.1,188.516,563513.0,1.1,1.2,0.509,9.5,48.9
68.0,2,8.3,1109.855,18.0,2,99.0,1.78,95.0,0.1,8787.614,3475545.0,0.5,0.5,0.907,15.9,65.3
171.0,6,2.74,15.362,95.0,8,99.0,6.88,96.0,1.6,113.455,669361.0,2.7,2.7,0.557,9.9,39.6
163.0,3,6.38,20.68,92.0,4,96.0,6.7,96.0,0.2,157.146,5795494.0,2.3,2.2,0.646,12.3,42.8
15.0,0,1.57,689.944,89.0,0,45.0,6.52,89.0,0.1,2594.75,1141.0,0.1,0.1,0.694,14.6,69.4
132.0,64,0.01,10.446,97.0,87,97.0,2.82,97.0,0.1,184.565,15945279.0,16.1,16.7,0.57,10.0,17.7
153.0,0,1.79,45.851,85.0,0,91.0,5.9,45.0,0.1,229.715,99789.0,0.1,0.1,0.683,13.7,67.8
115.0,4,0.41,67.702,98.0,4,98.0,8.0,98.0,0.1,387.753,7992573.0,3.9,3.9,0.735,12.9,63.2
125.0,40,5.11,980.254,98.0,47,98.0,5.83,98.0,0.1,8767.923,1192378.0,1.8,1.7,0.723,12.2,57.2
157.0,3,8.51,665.643,99.0,4,97.0,5.6,97.0,0.1,5828.746,2119376.0,3.2,3.7,0.755,13.7,54.4
6.0,1,9.71,1109.855,91.0,1,92.0,9.42,92.0,0.1,8787.614,2346694.0,0.6,0.6,0.936,18.6,66.1
134.0,1,7.25,389.752,89.0,1,89.0,8.13,89.0,0.1,2832.497,748591.0,2.7,2.7,0.715,13.0,52.8
371.0,51,6.19,83.181,82.0,79,45.0,3.96,82.0,3.2,1295.65,252447.0,6.0,6.0,0.486,10.0,26.6
8.0,1,9.56,1109.855,18.0,1,98.0,8.46,98.0,0.1,8787.614,1622532.0,1.1,1.0,0.881,16.5,54.2
122.0,0,13.78,93.677,95.0,0,95.0,6.35,94.0,0.1,785.881,444.0,1.9,1.9,0.765,12.9,56.3
141.0,6,1.18,206.262,68.0,6,85.0,4.37,81.0,0.1,5574.638,87634.0,2.8,2.9,0.719,11.6,46.6
16.0,11,5.88,547.21,98.0,12,99.0,4.11,99.0,0.3,4212.549,17153357.0,8.3,8.5,0.706,13.0,26.8
14.0,4,0.49,216.703,95.0,4,94.0,3.4,94.0,0.1,4167.364,17153357.0,9.5,9.3,0.723,12.0,27.9
114.0,20,1.53,1109.855,96.0,23,97.0,5.29,97.0,0.1,8787.614,7349455.0,4.9,4.7,0.737,13.8,62.8
219.0,8,0.02,7.354,74.0,12,75.0,3.54,75.0,1.3,113.313,3312665.0,9.4,9.1,0.475,7.4,25.5
225.0,1,0.01,281.002,99.0,1,99.0,4.73,99.0,0.1,4181.583,2923896.0,2.2,2.3,0.729,14.8,51.5
185.0,64,0.01,24.235,63.0,87,69.0,2.61,67.0,0.1,563.594,1477341.0,16.1,16.7,0.465,5.6,17.9
142.0,1,3.33,235.707,18.0,1,45.0,5.16,45.0,0.6,4293.383,28482.0,1.9,1.7,0.721,12.7,49.7
2.0,20,0.28,10.207,91.0,29,83.0,4.31,91.0,0.4,136.452,1373513.0,1.0,9.9,0.463,8.3,22.7
127.0,46,4.88,781.206,98.0,55,98.0,6.2,98.0,0.1,6751.999,1564453.0,1.9,1.8,0.708,11.9,54.9
