year,fuel,seller_type,transmission,owner,brand,km_dr_gr,mpow_val
20,0,1,1,1,3,3,74
20,0,1,1,2,3,3,104
12,1,1,1,3,3,3,78
16,0,1,1,1,3,3,90
13,1,1,1,1,3,3,88
23,1,1,1,1,3,1,82
13,2,1,1,1,3,3,58
7,1,1,1,2,3,0,37
17,0,1,1,1,3,2,67
19,0,1,1,1,3,3,68
20,0,1,1,2,3,2,108
11,1,1,1,2,3,2,60
15,0,1,1,2,3,3,74
15,1,1,1,2,3,2,67
22,1,1,1,1,3,1,82
22,0,1,1,2,3,2,88
18,0,1,1,2,3,1,90
22,0,1,1,1,3,2,89
17,0,1,1,2,3,2,64
23,0,1,1,1,3,1,99
21,0,1,1,1,3,1,74
24,1,1,1,1,3,0,84
22,1,1,1,1,3,1,83
23,1,1,1,1,3,0,47
19,0,1,1,1,6,2,74
15,1,1,1,1,3,3,67
24,1,1,1,1,3,0,34
23,0,1,1,1,3,2,88
18,1,1,1,2,3,0,35
24,1,1,1,1,3,0,82
23,0,1,1,1,3,0,88
25,2,1,1,2,3,0,40
25,1,1,1,1,3,0,67
25,1,1,1,1,3,0,121
22,1,1,1,1,6,1,67
17,0,1,1,2,3,1,138
18,1,1,1,1,3,2,37
24,1,0,1,1,3,0,117
19,1,0,1,1,3,2,116
24,1,0,0,1,3,0,83
24,0,0,1,1,3,0,88
24,1,0,1,1,3,0,67
20,0,0,1,1,3,2,168
19,0,0,1,1,3,2,100
20,0,0,0,2,0,0,121
21,0,0,1,1,3,1,99
21,0,0,1,1,3,1,99
24,1,0,1,1,3,1,103
22,0,0,0,2,3,3,172
19,0,0,0,2,0,0,174
24,1,0,0,1,3,0,138
19,0,0,0,1,0,1,188
19,0,0,0,1,0,1,170
17,0,1,1,1,3,3,89
17,1,1,1,3,3,3,79
19,0,1,1,1,3,1,89
21,0,1,1,2,3,3,74
23,1,1,1,3,3,0,87
25,1,1,1,1,3,0,83
22,0,1,1,1,3,1,108
21,0,1,1,1,3,3,99
24,1,1,0,1,3,0,67
23,0,1,1,1,3,2,109
22,0,1,1,1,3,2,88
25,0,1,0,1,3,0,88
17,1,1,1,2,3,1,79
22,0,1,1,1,3,2,74
21,0,1,1,2,3,2,168
19,0,1,1,2,3,3,74
18,1,1,1,2,3,3,94
19,0,1,1,1,3,3,104
22,0,1,1,1,3,3,101
21,0,1,1,1,3,2,99
23,1,0,1,1,3,0,67
22,1,0,1,1,6,1,67
22,1,0,1,1,3,0,47
22,1,0,1,1,3,1,47
23,1,0,1,1,3,0,35
21,1,0,1,1,3,1,74
21,1,0,1,2,3,1,68
18,1,0,1,2,3,0,104
15,1,0,1,1,3,1,67
19,1,0,1,1,3,1,83
22,0,1,1,1,3,3,74
22,1,0,0,1,3,2,82
23,0,1,1,1,3,3,89
15,1,0,1,2,3,2,67
16,0,1,1,2,3,2,90
25,1,1,1,1,3,0,82
22,1,1,1,3,3,2,73
24,1,1,1,1,3,0,83
20,0,1,0,2,3,2,120
26,1,1,1,2,3,0,95
23,1,1,1,1,3,1,121
16,1,1,1,1,3,3,160
16,1,1,1,1,3,1,65
25,0,1,1,1,3,0,155
22,0,1,1,1,3,2,69
19,0,1,1,2,3,3,126
19,0,1,1,1,3,2,89
15,1,1,1,2,3,2,138
26,1,1,1,1,3,0,67
22,0,1,1,1,3,1,88
23,1,1,1,1,3,1,83
23,1,1,1,1,3,0,67
20,0,1,1,3,3,2,84
22,0,1,1,1,3,1,126
23,0,1,1,1,3,2,99
18,0,1,1,4,3,3,74
24,1,1,1,1,3,0,67
21,1,1,1,2,3,1,67
14,1,1,1,4,3,1,46
19,0,1,1,2,3,2,89
15,1,1,1,2,3,2,62
21,0,1,1,2,3,3,89
25,1,0,1,1,3,0,87
24,1,0,0,1,3,1,177
25,1,0,0,1,3,0,141
23,1,0,0,1,3,1,118
19,1,0,0,1,3,1,138
21,0,0,1,1,3,1,88
16,1,0,0,2,0,2,150
22,1,0,1,1,3,1,148
24,1,0,1,1,3,0,108
17,1,1,1,1,3,1,104
18,1,1,1,1,3,2,148
22,1,0,0,1,3,0,104
20,1,0,1,1,3,1,94
23,1,0,0,1,3,0,116
25,1,0,0,1,3,0,82
17,1,0,1,1,3,0,67
18,1,0,1,1,3,0,82
22,0,0,0,2,3,1,172
24,0,0,0,1,3,0,108
22,1,0,0,1,3,1,158
15,1,0,0,1,3,2,165
22,1,1,1,1,3,0,91
17,0,1,1,2,3,2,104
24,1,1,1,1,3,0,87
17,0,1,1,1,3,3,68
21,1,1,1,1,3,1,82
21,1,1,0,2,3,1,67
5,1,1,1,2,3,1,37
16,0,1,1,1,3,3,74
21,1,1,1,1,3,2,82
20,1,1,1,1,3,0,86
22,1,1,1,2,3,1,82
11,1,1,1,2,3,3,100
16,0,1,1,1,3,1,87
6,1,1,1,1,6,1,53
20,0,1,1,2,3,0,168
22,1,1,1,2,3,0,82
23,0,1,1,1,3,2,74
15,1,1,1,2,3,1,118
11,1,1,1,1,3,2,60
16,1,1,1,2,3,3,67
16,1,1,1,3,3,2,103
22,1,1,1,2,3,1,83
11,1,1,1,1,3,2,83
26,1,1,1,1,3,0,82
23,0,1,1,1,3,1,88
25,1,1,1,1,3,0,84
21,0,1,1,1,3,2,89
21,1,1,1,1,3,1,117
20,1,1,1,2,3,1,87
22,2,1,1,1,3,1,58
23,1,1,1,1,3,1,83
19,1,1,1,1,3,2,83
24,1,1,0,1,3,0,67
23,1,1,1,1,3,0,82
24,1,1,1,1,3,0,47
24,1,1,0,1,3,0,82
23,1,1,1,1,3,0,82
19,1,1,1,2,3,0,83
24,0,1,1,1,3,1,74
21,1,1,1,1,3,1,67
18,1,1,0,1,3,2,138
18,1,1,1,1,3,1,87
24,1,1,0,1,3,0,83
23,0,1,1,1,3,1,148
17,1,1,1,2,3,0,46
24,1,1,1,1,3,0,53
23,1,1,1,2,6,2,67
23,0,1,1,1,3,2,88
26,1,1,1,1,3,0,82
21,1,1,1,1,3,1,47
18,1,1,1,2,3,2,80
24,1,1,1,1,3,1,89
24,1,1,1,1,3,0,121
21,1,1,1,1,3,2,67
22,1,1,1,1,3,3,67
19,0,1,1,1,3,2,162
19,0,1,1,2,3,3,100
16,0,1,1,2,3,3,74
23,0,1,1,1,3,1,126
22,1,1,1,1,3,1,53
21,0,1,1,1,3,2,89
21,0,1,1,1,3,3,140
23,1,1,1,1,3,0,73
17,1,1,1,1,3,2,62
13,1,1,1,2,3,3,94
18,0,1,1,1,3,3,140
19,0,1,1,1,3,2,74
25,1,1,0,1,3,0,89
15,1,1,1,2,3,1,79
20,0,1,1,2,3,3,74
22,0,1,1,1,3,2,88
14,1,1,1,2,3,3,83
18,1,1,1,2,3,2,80
21,1,1,1,1,3,2,83
23,0,1,1,1,3,1,89
23,0,1,1,1,3,2,74
23,0,1,0,1,3,1,154
25,0,1,1,1,3,1,121
19,0,1,1,1,3,2,126
18,0,1,1,1,3,3,74
18,0,1,1,1,3,3,74
21,0,1,1,2,3,1,99
18,0,1,1,1,3,3,74
23,0,1,1,2,3,0,74
17,0,1,1,2,3,3,171
22,0,1,1,1,3,2,69
19,1,1,0,2,3,2,100
25,1,1,1,1,3,0,82
21,1,1,1,1,3,0,83
23,0,1,1,1,3,0,105
18,0,1,1,1,3,3,74
20,1,1,1,1,3,2,82
25,1,1,1,1,6,1,67
21,0,1,1,4,3,2,89
17,0,1,1,1,3,3,120
23,0,1,1,1,3,3,69
21,1,1,1,1,3,1,89
14,1,1,1,3,3,2,94
20,1,0,1,1,3,0,87
21,1,0,0,1,3,1,82
18,0,1,1,1,3,1,89
11,1,1,1,2,3,1,46
17,0,1,1,3,3,2,138
13,0,1,1,2,3,3,63
22,1,1,1,1,3,0,34
23,1,1,1,1,3,0,82
19,1,1,0,1,3,1,79
22,1,1,1,1,3,0,82
17,1,1,0,1,3,0,79
18,1,1,1,2,3,1,86
20,0,1,1,1,3,3,62
20,1,1,1,1,3,2,121
21,1,1,1,1,3,1,82
25,1,1,1,1,3,0,82
16,1,1,1,1,3,2,80
11,1,1,1,2,3,2,46
23,0,1,1,1,3,0,74
20,1,1,1,2,3,2,86
20,1,1,1,2,3,2,86
18,1,1,1,3,6,1,79
24,1,1,0,1,3,0,84
12,1,1,1,1,3,2,37
23,0,1,1,1,3,0,98
23,0,1,1,1,3,0,98
19,1,1,1,3,3,2,94
20,0,1,1,2,3,2,108
20,1,1,1,1,3,3,117
19,0,1,1,2,3,3,101
23,1,1,1,1,3,1,67
24,0,1,1,1,3,0,89
23,1,1,1,1,3,0,84
24,0,1,1,1,3,0,74
22,1,1,0,1,3,1,83
17,1,1,1,3,3,1,88
18,1,1,0,1,3,3,86
16,1,1,1,4,3,2,80
9,1,1,1,4,3,1,60
23,1,1,1,1,3,0,67
13,0,1,1,3,3,3,102
17,0,1,1,3,3,3,74
17,0,1,1,1,3,1,63
8,1,1,1,4,3,2,60
19,1,1,1,2,3,1,121
13,1,1,1,2,3,2,67
11,1,1,1,4,3,2,46
17,0,1,1,4,3,2,74
16,1,1,1,2,3,3,66
19,0,1,1,3,3,3,89
14,0,1,1,3,3,3,75
17,0,1,1,1,3,1,63
11,1,1,1,2,3,2,67
16,0,1,1,2,3,2,68
25,1,0,1,1,3,0,110
23,0,1,0,1,3,2,126
24,1,0,1,1,3,1,82
22,1,0,1,1,6,1,67
21,1,0,1,1,3,1,82
24,1,0,1,1,3,0,53
18,1,0,1,1,3,1,87
25,1,0,1,1,3,0,74
18,1,0,1,1,3,0,98
15,1,0,1,1,3,1,79
20,0,0,1,1,3,1,84
18,0,0,1,1,3,2,140
14,0,1,1,4,3,2,102
17,1,1,1,2,3,1,64
19,1,0,0,1,3,2,148
19,0,1,0,1,0,0,170
18,1,0,1,1,3,0,38
19,0,1,1,1,3,3,63
11,1,1,1,1,3,0,67
22,0,1,1,2,3,1,74
22,1,1,1,1,3,0,53
22,1,1,0,1,3,2,189
21,0,1,1,1,3,3,148
22,1,0,0,1,3,2,158
19,1,0,1,1,3,1,67
24,0,0,1,1,3,1,74
22,1,0,1,1,3,1,89
19,0,0,1,2,3,2,101
25,1,0,0,1,3,0,82
23,1,0,1,1,3,0,89
24,1,0,0,1,3,2,82
23,0,0,1,1,3,1,74
25,1,0,0,1,3,0,89
16,1,1,1,3,3,3,79
15,1,1,0,2,3,3,159
21,0,1,1,1,3,2,74
20,0,1,1,3,3,2,126
11,0,1,1,3,3,3,102
18,0,1,1,2,3,2,89
15,1,1,1,2,3,3,103
15,0,1,1,2,3,3,110
22,1,1,1,1,3,1,47
24,1,1,0,1,3,0,118
23,0,1,0,1,3,0,74
18,0,1,1,2,3,3,70
26,2,1,1,1,3,0,62
20,1,1,1,2,3,2,67
22,0,1,0,1,3,1,140
16,1,1,1,1,3,2,67
19,1,1,1,2,3,1,55
24,1,1,1,1,3,2,84
19,1,1,1,2,3,3,73
25,0,1,0,1,3,1,79
16,1,1,1,2,3,2,46
21,0,1,1,2,3,3,101
19,0,1,1,1,3,2,67
23,0,1,1,1,3,1,74
14,0,1,1,2,3,3,102
17,0,1,1,2,3,3,63
15,1,1,1,1,3,1,37
19,0,1,1,2,3,3,74
21,0,1,1,2,3,3,89
17,0,1,1,2,3,3,64
10,1,1,1,2,3,2,37
22,0,1,1,1,3,1,74
21,1,1,1,1,3,2,82
16,1,1,1,2,3,2,37
20,1,1,1,1,3,1,67
21,0,1,1,1,3,2,68
18,0,1,1,1,3,2,138
22,1,1,1,1,3,1,87
20,1,1,1,1,3,0,67
22,1,1,1,1,3,0,121
25,1,1,1,1,3,0,82
24,0,1,1,1,3,1,154
24,0,1,1,1,3,0,99
21,0,1,1,2,3,1,89
18,0,1,1,1,3,3,89
21,0,1,1,1,3,2,62
21,0,1,1,1,3,2,84
21,1,1,1,2,3,1,83
26,1,1,1,1,6,0,67
18,0,1,1,1,3,3,100
21,1,1,1,1,3,0,82
21,0,1,1,1,3,3,101
23,0,1,1,1,3,2,74
24,0,0,1,1,3,0,108
22,0,1,1,2,6,3,74
23,0,1,1,1,3,1,88
21,0,1,0,1,3,1,168
22,0,1,1,2,3,3,74
17,0,1,1,3,6,2,148
17,0,1,1,2,3,3,71
16,0,1,1,2,3,3,110
22,0,1,1,1,3,2,77
20,1,1,1,1,3,0,94
19,0,1,1,2,3,1,90
16,0,1,1,1,3,1,70
14,1,1,1,1,3,1,68
16,1,1,1,2,3,1,66
17,1,1,1,1,3,2,67
21,0,1,1,1,3,3,126
23,0,1,1,1,3,2,74
22,1,1,1,1,3,0,121
20,0,1,1,2,3,2,74
26,0,1,1,1,3,1,77
25,0,1,1,1,3,0,113
24,1,1,1,1,3,1,82
22,1,1,1,1,3,0,87
20,1,1,1,1,3,0,47
22,0,1,1,1,3,2,47
14,1,1,1,3,3,3,86
17,0,1,1,2,3,2,104
19,1,1,1,2,6,2,79
19,0,1,1,1,3,1,67
21,1,1,0,1,3,1,82
25,0,1,1,1,3,0,74
13,1,1,0,1,3,2,130
22,1,1,1,2,3,0,91
23,1,1,1,1,3,0,47
22,1,1,1,1,3,1,47
19,0,1,1,1,6,1,58
18,0,1,1,2,6,2,58
18,1,1,1,2,3,2,70
22,0,1,1,1,3,0,74
24,0,1,1,1,3,0,74
23,1,1,1,1,6,0,54
17,1,1,1,1,3,2,67
14,0,1,1,2,3,2,74
17,0,1,1,1,3,1,54
18,0,1,1,2,3,2,63
22,1,1,1,1,3,1,82
19,1,1,1,1,3,1,55
18,1,1,1,1,3,0,86
20,1,1,1,1,3,0,86
21,1,1,1,1,6,1,77
23,1,1,1,1,3,1,84
22,1,1,1,1,6,0,82
15,1,1,1,3,3,1,46
24,0,1,1,1,3,0,170
21,1,1,1,1,3,0,117
18,0,1,1,1,3,2,104
17,1,1,1,1,3,1,67
24,1,1,1,1,3,0,82
20,0,1,1,1,3,0,70
20,1,1,1,2,3,0,83
23,1,1,1,2,3,0,55
13,1,1,1,2,3,3,83
15,1,1,1,2,3,2,46
21,1,1,1,1,6,2,82
21,1,1,1,1,3,3,89
19,0,1,1,2,3,2,67
8,1,1,1,2,3,1,46
19,0,1,1,1,3,3,101
16,0,1,1,2,3,2,63
21,1,1,1,1,3,1,47
21,1,1,1,1,3,1,67
23,0,0,1,1,3,0,88
22,0,1,0,1,3,0,172
22,0,1,1,1,3,1,126
24,0,1,1,1,3,0,88
24,1,1,1,1,3,0,82
24,1,1,1,1,3,0,82
22,1,1,1,1,3,0,89
23,1,0,1,1,3,1,117
18,1,0,1,1,3,1,113
21,1,1,0,1,3,1,76
23,1,1,1,1,3,0,55
24,1,1,1,1,6,0,54
24,1,1,1,1,3,0,95
25,1,1,0,4,3,0,68
20,0,0,1,1,3,1,99
24,0,1,1,1,3,0,85
24,1,1,1,2,3,0,82
22,0,1,1,1,3,1,88
17,0,1,1,2,3,3,90
23,0,1,1,1,3,1,170
19,0,1,1,2,3,3,89
16,0,1,1,2,3,2,90
10,1,1,1,3,3,3,67
21,0,1,1,2,3,3,104
19,0,1,0,1,3,2,126
22,0,1,1,1,3,2,120
18,0,1,1,2,3,1,108
20,0,1,1,2,3,2,140
22,1,1,1,2,3,1,47
19,0,1,1,2,3,2,68
18,1,1,1,4,3,2,79
26,1,1,1,1,3,0,82
18,0,1,1,1,3,2,62
21,1,1,1,1,3,1,67
21,1,1,1,2,3,1,55
15,0,1,1,3,3,3,102
19,0,0,1,1,3,3,176
22,0,0,1,1,6,1,56
23,0,0,1,1,3,1,109
18,1,0,1,2,3,0,89
18,1,0,1,2,3,1,55
22,1,0,1,1,3,2,53
16,1,0,1,1,3,1,67
21,0,0,1,1,3,2,101
16,1,0,1,1,3,2,67
17,0,0,1,1,3,3,126
19,0,0,1,1,3,3,99
21,1,0,1,1,3,3,82
19,0,0,1,1,3,3,174
21,1,1,1,2,3,0,110
17,0,1,1,3,3,3,138
17,0,1,1,1,3,0,68
15,0,1,1,2,3,3,90
17,1,1,1,1,3,2,68
22,1,1,1,1,3,0,67
17,0,1,1,2,3,1,63
23,0,1,1,1,3,3,100
21,0,1,1,1,3,3,74
19,1,1,1,1,3,0,47
23,0,1,1,2,3,2,88
25,1,1,1,1,3,0,84
18,0,1,1,2,3,2,68
23,1,1,1,1,3,1,34
17,1,1,1,1,3,3,67
14,1,1,1,2,3,2,68
21,1,1,1,1,3,0,89
23,1,1,1,1,3,0,67
23,0,1,1,1,3,2,88
22,0,1,1,3,3,1,148
22,1,1,1,1,3,0,67
25,0,1,1,1,3,0,74
22,1,1,1,1,3,1,53
17,0,1,1,2,3,2,74
20,0,1,1,2,3,1,62
10,1,1,0,2,3,2,218
21,1,1,1,1,3,1,67
20,0,1,1,1,3,2,74
21,1,1,1,1,3,1,55
22,0,1,1,1,3,1,120
25,1,1,1,1,3,0,67
20,0,1,1,2,3,1,70
22,0,1,1,1,3,3,99
22,1,1,1,1,3,2,67
16,0,1,1,3,3,2,90
23,0,1,1,1,3,1,74
22,0,1,1,1,3,3,105
16,0,1,1,1,3,3,112
17,1,1,1,1,3,1,67
15,1,1,1,2,3,0,65
18,1,1,1,1,3,0,67
21,0,1,1,1,3,3,100
18,1,1,1,2,3,2,66
14,1,1,1,3,3,2,79
20,0,1,1,2,3,1,105
18,1,1,1,3,3,2,46
15,0,1,1,2,3,3,110
24,0,1,1,1,3,2,88
21,0,1,1,1,3,2,100
18,0,1,1,2,3,3,71
22,1,1,1,2,3,2,82
24,1,1,1,2,3,0,82
24,1,1,1,2,3,2,86
25,1,1,1,1,3,0,82
25,0,1,1,3,3,0,99
24,1,1,0,1,3,0,106
18,0,1,0,1,3,3,169
24,1,1,1,1,3,1,82
17,0,1,1,2,3,2,104
22,1,1,1,1,3,1,87
19,0,1,1,2,3,3,62
20,1,1,1,1,3,1,62
19,1,1,1,1,3,2,62
20,0,1,1,4,3,2,85
15,1,1,1,4,3,2,62
21,1,1,1,2,3,1,67
16,1,1,1,1,3,0,68
17,0,1,1,1,3,3,95
15,1,1,1,2,3,3,67
21,0,1,1,1,3,1,69
20,0,1,1,2,3,3,63
23,0,1,1,1,3,1,74
16,0,1,1,2,3,3,75
22,1,1,1,1,3,1,67
17,0,1,1,2,3,2,112
18,1,1,1,2,3,2,67
14,0,1,1,1,3,3,63
21,0,1,1,2,3,1,100
21,1,1,1,1,3,0,55
16,1,1,1,2,3,3,67
22,1,1,1,1,3,1,67
20,1,1,1,2,3,1,55
17,1,1,1,3,3,0,35
15,0,1,1,2,3,2,63
20,0,1,1,2,6,2,72
21,0,1,1,1,3,1,89
25,1,1,1,1,3,0,82
25,0,1,1,1,3,0,100
17,0,1,1,2,3,2,115
13,1,1,0,2,3,2,152
23,1,1,1,1,6,0,67
22,1,1,1,1,3,1,82
20,1,1,1,1,3,0,67
10,1,1,1,2,3,3,94
18,0,1,1,1,3,3,62
18,0,1,1,2,3,3,69
22,0,1,1,1,3,3,62
17,0,1,1,3,3,3,63
17,0,1,1,3,3,3,63
19,0,1,1,1,3,2,89
23,0,1,1,2,3,2,71
24,1,1,1,1,3,0,82
25,1,1,1,1,3,0,95
19,0,1,1,2,3,2,104
18,0,1,1,2,3,3,63
13,0,1,1,3,3,3,63
20,0,1,1,1,3,1,101
24,1,1,0,1,3,0,82
23,1,1,1,1,3,0,67
20,0,1,1,2,3,1,89
16,1,1,1,4,6,2,79
21,1,1,1,1,3,0,82
23,0,1,1,1,3,1,140
12,0,1,1,3,3,3,68
24,1,1,1,1,3,0,82
23,0,1,1,1,3,1,69
26,1,1,1,1,3,0,67
17,1,1,1,2,3,1,73
18,0,1,1,3,3,2,120
14,0,1,1,3,3,3,102
19,0,1,1,1,3,2,69
23,1,1,1,1,3,2,87
17,0,1,1,2,3,2,120
17,1,1,1,2,3,2,55
19,1,1,1,2,3,2,55
11,1,1,1,2,3,3,46
12,0,1,1,4,3,3,53
22,0,1,1,2,3,3,88
16,0,1,1,4,3,2,74
25,1,1,1,1,3,0,82
17,0,1,1,1,3,3,95
22,0,1,1,1,3,3,63
16,0,1,1,2,6,2,91
21,0,1,1,2,3,2,70
18,0,1,1,2,3,3,74
18,0,1,1,2,3,2,90
18,0,1,1,4,3,3,112
23,1,1,1,1,3,2,87
21,0,1,1,1,3,2,75
22,1,1,1,1,3,2,67
17,0,1,1,4,3,3,115
18,0,1,1,1,3,1,74
19,0,1,0,3,3,3,156
23,1,1,1,1,3,0,82
25,1,1,1,1,3,0,95
20,0,1,1,2,3,2,140
14,1,1,1,2,6,2,75
15,0,1,1,1,3,3,63
12,0,1,1,2,3,3,120
23,1,1,1,1,6,2,53
9,0,1,1,2,3,3,63
20,1,1,1,1,3,1,86
19,0,1,1,1,3,3,69
25,1,1,1,1,3,0,95
18,1,1,1,1,3,1,37
15,1,1,0,2,3,3,130
20,0,1,1,1,3,2,140
16,1,1,1,3,3,0,46
22,0,1,1,2,6,1,105
19,0,1,1,2,3,2,74
21,1,1,1,1,6,0,67
17,0,1,1,3,3,3,74
24,1,1,1,1,3,1,67
22,0,1,1,1,6,2,74
21,1,1,1,1,3,0,67
23,1,1,1,1,3,0,82
21,1,1,1,1,3,1,55
21,0,1,1,1,3,1,108
14,1,1,1,3,3,2,78
25,1,1,1,1,3,0,84
17,0,1,1,2,3,3,74
6,1,1,1,4,3,2,37
25,0,1,1,1,3,0,99
19,1,1,1,1,3,1,94
17,0,1,1,2,3,3,90
21,1,1,1,1,3,0,82
22,1,1,1,2,3,2,34
17,0,1,1,2,3,2,63
14,1,1,1,1,3,3,46
15,1,1,1,4,3,2,35
22,0,1,1,2,3,2,99
20,0,1,1,2,3,2,101
18,1,1,1,1,3,1,55
19,1,1,1,2,3,2,67
22,1,1,1,1,3,1,83
16,1,1,1,1,3,1,80
18,0,1,1,1,3,3,74
23,0,1,1,1,3,1,126
23,1,1,1,1,3,2,83
23,0,1,1,1,3,0,126
22,0,1,1,1,3,1,140
18,1,1,1,2,3,1,86
13,1,1,1,2,3,2,63
21,1,1,1,1,3,0,47
20,1,1,1,1,3,0,67
20,1,1,1,1,3,0,67
23,0,1,1,1,3,3,69
16,1,1,1,1,3,1,67
14,0,1,1,3,3,3,120
18,1,1,1,2,3,2,86
15,0,1,1,2,3,2,71
21,1,1,1,1,3,0,68
25,1,1,1,1,3,0,82
22,1,1,1,1,3,0,82
22,1,1,1,1,3,0,68
23,0,1,1,1,3,3,74
17,0,1,1,2,3,1,75
15,1,1,1,1,3,1,46
17,0,1,1,2,3,3,120
13,0,1,1,4,3,2,110
21,1,1,1,2,3,1,68
23,0,1,1,1,3,1,74
19,0,1,1,1,3,1,89
17,1,1,1,1,3,3,85
19,1,1,1,1,6,1,85
22,1,1,1,1,3,0,82
22,1,1,1,1,3,1,53
23,0,1,1,1,3,3,69
21,0,1,1,1,3,0,89
18,2,1,1,2,3,1,47
23,1,1,1,1,3,0,53
17,1,1,1,1,3,1,55
23,0,1,1,1,3,1,74
18,2,1,1,1,3,2,58
21,0,1,1,1,3,1,87
19,1,1,1,1,3,2,83
22,1,1,1,1,3,1,82
16,0,1,1,2,3,3,89
22,0,1,1,2,3,3,118
16,0,1,1,2,3,2,70
18,0,1,1,2,3,1,67
21,1,1,1,1,3,0,67
25,1,1,1,1,3,0,72
18,0,1,1,2,6,2,58
22,0,1,1,1,3,3,120
21,1,1,1,1,6,1,82
16,0,1,1,3,3,3,63
18,0,1,1,2,3,3,69
9,1,1,1,2,3,2,94
15,0,1,1,4,3,2,68
22,0,1,1,2,3,2,62
23,0,1,1,2,3,1,120
21,0,1,1,1,3,3,141
16,0,1,1,2,3,3,68
23,0,1,1,1,3,1,99
12,1,1,1,2,3,3,78
16,0,1,1,4,3,2,90
23,0,1,1,1,3,1,88
25,1,1,1,1,3,0,82
8,1,1,1,3,3,2,37
17,0,1,1,2,3,2,68
15,0,1,1,3,3,3,102
16,0,1,1,2,3,3,171
17,1,1,1,1,3,2,80
20,0,1,0,2,0,1,148
19,0,1,1,1,3,2,67
19,1,1,1,1,3,2,83
21,1,1,1,1,3,1,55
23,0,1,1,1,3,2,74
18,0,1,1,1,3,1,74
20,1,1,1,1,3,0,55
24,0,1,1,1,3,2,74
19,1,1,1,3,3,2,73
23,1,1,1,1,6,1,67
15,0,1,1,2,3,3,74
22,0,1,1,1,3,3,100
18,0,1,1,2,3,3,90
26,1,1,1,1,3,0,47
24,1,1,1,1,3,0,53
24,0,1,1,1,3,0,89
24,0,1,1,1,3,2,120
22,0,1,1,1,3,2,63
19,0,1,1,2,3,2,101
23,0,1,1,1,3,1,69
21,0,1,1,1,3,3,99
25,1,1,1,1,3,0,68
18,0,1,1,3,3,2,89
22,0,1,1,2,3,1,74
19,1,1,1,2,3,1,67
18,0,1,1,1,6,3,58
22,0,1,1,3,3,2,89
17,0,1,1,2,3,2,89
16,1,1,1,2,3,2,67
17,0,1,1,2,3,2,69
13,1,1,1,1,3,2,37
18,0,1,1,2,3,3,126
15,0,1,1,1,3,3,110
13,0,1,1,2,3,3,138
12,1,1,1,2,3,3,60
14,0,1,1,2,3,2,75
25,0,1,1,1,3,0,89
18,0,1,1,1,3,3,74
18,0,1,1,1,3,3,74
21,0,1,1,1,6,1,56
16,0,1,1,1,3,1,75
17,0,1,1,1,3,2,68
14,0,1,1,2,3,2,110
25,1,1,1,1,3,0,82
22,0,1,1,1,3,1,84
25,1,1,1,1,3,0,72
22,0,1,1,1,3,2,88
18,0,1,1,2,3,2,89
17,1,1,1,3,3,2,73
13,1,1,1,2,3,1,64
21,0,1,1,1,3,2,140
14,0,1,1,2,3,3,102
23,0,1,1,1,3,1,89
14,0,1,1,2,3,3,63
19,0,1,1,2,3,3,100
18,0,1,1,1,3,3,102
25,1,1,0,1,3,0,83
16,1,1,1,1,3,2,46
21,0,1,1,1,3,0,74
18,0,1,1,1,3,1,104
18,0,1,1,1,3,2,74
24,0,1,0,1,3,0,172
20,0,1,1,2,3,2,75
22,1,1,1,1,3,2,87
19,0,1,1,1,3,3,126
19,0,1,1,1,6,1,77
11,1,1,1,1,3,2,83
17,1,1,1,3,3,2,67
21,0,1,1,1,3,2,89
21,0,1,1,1,3,2,89
19,0,1,1,3,3,2,74
17,0,1,1,3,3,3,53
16,1,1,1,1,3,3,86
19,1,1,1,1,3,1,67
17,0,1,1,2,3,3,75
20,0,1,0,2,3,2,194
20,0,1,1,2,3,1,63
15,1,1,1,3,6,3,62
24,0,1,1,1,3,2,74
24,1,1,1,1,3,1,121
19,0,1,1,1,6,2,72
20,0,1,1,2,3,1,89
21,0,1,1,1,3,2,120
12,0,1,1,3,3,3,70
19,0,1,1,1,3,3,75
19,1,1,1,1,3,1,67
14,0,1,1,1,3,1,62
18,0,1,1,1,3,3,138
18,1,1,1,2,3,3,67
5,1,1,1,2,3,1,37
22,1,1,1,1,3,0,53
24,0,1,1,2,3,1,88
17,0,1,1,2,3,3,110
12,1,1,1,4,3,3,103
19,0,1,1,2,3,3,101
25,0,0,1,1,3,0,69
21,0,0,1,2,3,3,101
18,0,0,1,2,3,2,67
22,0,0,1,1,3,3,99
20,0,0,1,1,3,3,90
18,0,0,1,1,3,2,67
16,0,0,1,2,3,2,99
19,0,0,1,2,3,2,140
19,0,0,1,2,3,3,99
25,1,1,1,1,3,0,121
23,1,1,1,1,3,0,84
21,0,1,1,1,3,3,120
24,0,1,0,1,3,1,108
14,1,1,1,2,3,3,118
19,0,1,1,3,3,2,74
17,0,1,1,3,3,3,68
14,0,1,1,3,3,3,68
6,1,1,1,4,3,3,46
23,1,1,1,2,3,1,67
17,0,1,1,4,6,3,124
19,1,1,1,1,3,2,68
23,0,1,1,1,3,3,89
20,1,1,1,2,3,1,82
17,1,1,1,1,3,1,103
21,0,1,1,3,3,2,99
15,1,1,1,1,3,2,46
25,0,1,1,1,3,0,74
17,0,1,1,2,3,2,118
17,0,1,1,1,3,1,102
20,0,1,1,1,3,3,168
20,0,1,1,1,3,0,105
22,0,1,1,2,3,2,99
24,1,1,1,1,3,0,82
19,0,1,1,1,3,1,140
25,1,1,1,1,3,0,53
19,1,1,1,1,3,0,67
22,1,1,1,1,3,0,53
23,0,1,1,1,3,1,88
22,1,1,1,2,3,0,67
23,1,1,0,1,3,0,117
24,0,1,1,1,3,0,99
21,0,1,1,1,3,2,126
23,1,1,0,1,3,0,89
22,0,1,1,1,3,0,70
24,1,0,1,1,3,1,82
22,1,0,1,1,3,1,89
23,0,1,0,1,3,1,74
17,0,1,0,2,6,2,148
24,1,0,1,1,3,0,138
23,1,0,0,2,3,0,138
25,0,0,0,1,3,1,172
26,0,0,0,1,3,0,113
23,0,0,1,1,3,2,88
22,0,0,0,1,3,2,104
24,1,0,1,1,3,0,82
21,1,0,1,1,3,0,89
23,0,0,1,1,3,1,126
22,0,0,0,1,3,2,172
24,1,0,0,1,3,0,82
23,0,1,1,1,3,3,69
22,1,1,0,1,3,0,67
24,0,1,1,1,3,1,74
16,0,1,1,1,6,3,80
19,0,1,1,2,3,3,69
22,1,1,1,1,3,0,53
25,0,1,1,1,3,0,74
21,0,1,1,2,6,2,74
11,1,1,1,2,3,1,46
11,1,1,1,2,3,1,46
21,0,1,1,1,3,2,74
17,0,1,1,3,3,3,115
24,0,1,1,1,3,1,88
18,0,1,1,1,3,0,65
17,0,1,1,3,3,1,120
22,0,1,1,1,3,2,100
22,1,1,1,1,3,1,67
20,1,1,1,1,3,1,79
20,1,1,1,2,3,0,47
18,0,1,1,2,3,2,65
23,1,1,1,1,3,0,87
23,1,1,1,2,3,1,55
17,0,1,1,1,3,2,54
20,0,1,1,2,6,2,72
23,0,1,1,1,3,1,88
19,0,1,1,1,3,3,62
21,0,1,1,1,3,2,120
17,1,1,1,2,3,2,68
15,1,1,1,2,6,1,63
20,0,1,1,2,3,3,65
12,0,1,1,2,3,2,120
22,0,1,1,2,3,2,63
19,0,1,1,2,3,3,100
17,0,1,1,3,3,3,63
19,1,1,1,1,3,0,67
13,1,1,1,2,3,2,46
16,1,1,1,2,3,2,67
22,0,1,0,1,3,1,100
24,0,1,1,1,3,1,74
23,1,1,1,1,3,0,82
16,0,1,1,1,3,3,112
24,1,1,1,1,3,0,84
20,0,1,1,1,3,3,62
23,0,1,1,1,3,0,74
21,1,1,1,1,3,0,83
21,1,1,1,1,3,1,89
19,0,1,1,1,3,3,85
16,0,1,1,2,3,2,68
13,1,1,1,2,3,3,105
23,1,1,1,2,3,2,91
20,1,1,1,1,3,2,82
19,1,1,1,1,3,0,37
23,0,1,1,1,3,0,148
21,0,1,1,1,3,3,88
23,1,1,1,1,3,0,53
20,0,1,1,1,3,3,101
12,1,1,1,1,3,1,46
25,1,1,1,1,3,0,53
16,1,1,1,1,3,1,67
25,2,1,1,1,3,0,62
18,1,1,1,2,3,3,75
14,0,1,1,2,3,3,63
21,1,1,1,1,3,2,73
20,0,1,1,2,3,2,74
12,1,1,1,2,6,2,104
21,1,1,1,2,3,3,55
18,1,1,1,1,6,3,62
24,0,1,1,1,3,1,88
10,0,1,1,3,3,2,62
19,1,1,1,1,3,1,34
19,0,1,1,1,3,3,112
17,1,1,1,3,3,1,67
23,2,1,1,1,3,3,62
25,1,1,0,1,3,0,82
21,0,1,1,1,3,3,89
25,1,1,1,1,3,0,82
16,1,1,1,1,3,3,86
15,1,1,1,1,3,3,46
11,1,1,1,4,3,3,83
16,1,1,0,3,3,3,79
16,1,1,1,1,3,3,90
23,1,1,1,1,3,3,117
24,0,1,0,1,3,0,88
17,0,1,1,1,3,3,74
15,0,1,1,3,3,2,74
18,1,1,1,1,3,2,67
18,0,1,0,1,0,1,170
15,0,1,1,1,3,1,90
16,0,1,1,1,3,3,102
23,1,1,1,2,3,1,67
12,1,1,1,3,3,2,83
21,0,1,1,1,3,2,88
18,0,1,1,1,3,3,100
16,1,1,1,1,6,1,75
12,1,1,1,4,3,2,83
13,1,1,1,2,3,2,88
8,1,1,1,4,3,3,100
16,1,1,1,3,3,1,35
23,0,1,1,1,3,1,108
21,1,1,1,1,3,1,53
25,1,1,1,1,3,0,82
19,0,1,1,1,3,2,62
24,1,1,1,1,3,0,82
22,0,1,1,1,3,2,99
18,0,1,1,1,3,1,70
23,1,1,1,1,3,0,82
16,1,1,1,1,3,0,86
20,0,1,1,1,3,2,74
20,0,1,1,1,3,2,74
24,0,1,1,1,3,0,88
16,0,1,1,2,3,2,90
12,1,1,1,2,3,1,68
24,0,1,1,1,3,0,89
13,0,1,1,3,3,3,120
17,0,1,1,2,3,2,138
17,0,1,1,2,3,2,104
16,1,1,1,1,6,2,79
10,1,1,1,2,3,3,46
20,0,1,1,2,3,2,71
18,0,1,1,3,3,2,63
18,0,1,1,1,3,3,74
21,0,1,1,1,3,2,99
17,0,1,1,2,3,2,68
23,0,1,1,1,3,1,74
17,0,1,1,1,6,3,92
16,0,1,1,2,3,2,138
15,1,1,0,2,3,2,178
25,1,1,0,1,3,0,82
20,0,1,1,1,3,3,74
20,0,1,1,2,3,2,138
20,0,1,1,1,3,2,74
20,0,1,1,1,3,2,89
19,0,1,1,2,3,3,74
17,1,1,1,2,3,2,118
22,1,1,1,2,3,1,47
22,1,1,1,1,3,1,53
22,0,1,1,2,6,1,74
18,0,1,1,2,3,3,68
18,0,1,1,3,3,3,108
20,0,1,1,2,3,2,74
14,1,1,1,3,3,2,130
11,1,1,1,3,3,3,67
12,1,1,0,1,3,1,67
21,1,1,1,2,3,1,106
25,0,1,1,1,3,0,74
21,0,1,1,3,3,3,120
23,1,1,1,1,3,1,82
20,1,1,1,1,3,1,47
23,1,1,1,1,3,2,73
25,1,1,1,1,3,0,82
24,0,1,1,1,3,0,45
25,1,1,1,1,3,0,67
22,0,1,1,1,3,2,74
23,1,1,1,1,3,1,34
20,0,1,1,1,3,3,70
21,0,1,1,2,3,2,47
24,0,1,1,1,3,1,121
15,0,1,1,2,3,3,75
19,0,1,1,1,3,3,101
20,0,1,1,2,3,1,140
19,1,0,1,2,3,1,123
16,1,1,1,3,3,1,62
18,0,1,1,1,6,2,58
19,0,1,1,2,3,2,108
24,0,1,1,1,3,2,74
18,0,1,1,2,3,3,108
23,1,1,1,1,3,3,91
18,0,1,1,2,3,2,108
25,2,1,1,1,3,1,62
19,0,1,1,3,3,2,89
17,0,1,1,3,3,3,104
15,1,1,1,3,3,2,46
14,0,1,1,4,3,3,138
20,1,1,1,1,3,1,79
23,0,1,1,1,3,1,74
23,1,1,1,1,3,0,82
19,0,1,1,3,3,2,104
18,0,1,1,4,3,2,89
20,1,1,1,1,3,1,55
16,1,1,1,3,3,2,79
19,0,0,0,1,3,3,184
24,1,0,1,1,3,0,89
23,1,0,0,1,3,0,84
22,1,0,1,1,3,0,116
23,0,0,1,1,3,1,88
23,0,0,1,1,3,1,120
23,0,0,1,1,3,1,120
23,0,0,1,1,3,0,90
25,1,0,1,1,3,0,84
24,0,0,1,1,3,1,100
15,1,0,1,1,3,1,118
22,1,0,1,1,3,0,87
23,0,0,1,1,3,1,120
16,1,0,1,2,3,1,117
22,1,0,1,1,3,2,67
7,1,1,1,3,3,0,37
23,0,0,1,1,3,1,90
14,1,0,1,2,3,1,67
20,0,0,1,1,3,2,62
19,0,0,1,2,3,1,108
18,1,1,1,1,3,1,79
25,1,0,1,1,3,0,68
21,1,0,1,1,3,0,82
22,0,0,1,1,3,1,89
23,1,1,1,1,3,0,82
21,1,1,1,1,3,0,121
20,0,0,1,1,3,2,99
19,1,1,1,2,3,0,104
22,0,0,1,1,3,1,83
20,1,0,1,1,3,0,82
19,0,0,1,1,3,2,99
26,0,0,1,1,3,0,148
21,1,0,1,1,3,1,89
19,0,0,1,1,3,1,67
24,0,0,1,1,3,2,75
23,1,0,0,1,3,1,82
23,0,1,1,1,3,1,88
17,1,1,1,2,3,1,98
17,0,1,1,3,3,2,68
17,0,1,1,2,3,2,75
18,0,1,1,1,3,2,74
17,1,1,1,1,3,3,98
16,0,1,1,2,6,3,92
16,1,1,1,3,3,3,46
23,0,1,1,1,3,2,170
17,0,1,0,1,0,3,168
21,1,1,1,1,3,0,67
15,1,1,1,3,3,1,67
18,0,1,1,4,3,2,74
23,0,1,1,1,3,1,89
18,0,1,1,1,3,3,126
21,0,1,1,1,3,3,74
20,1,1,1,3,3,1,55
19,0,1,1,1,3,2,68
16,0,1,1,3,3,3,90
18,0,1,1,2,3,2,74
18,1,1,1,1,3,2,67
21,1,1,0,1,3,0,37
15,0,1,1,2,3,2,110
17,1,1,1,3,3,3,89
23,0,1,1,1,3,0,99
16,0,1,1,2,3,3,150
8,1,1,1,1,3,3,37
25,0,1,1,1,3,0,89
23,0,1,1,2,3,1,99
13,1,1,1,3,3,2,130
18,1,1,1,1,3,2,67
22,0,0,1,1,3,1,89
19,1,0,1,1,3,1,116
21,0,0,1,1,3,1,74
22,0,1,1,1,3,0,99
17,0,0,0,1,0,1,190
22,0,0,1,1,3,0,88
24,1,0,1,1,3,0,82
19,0,0,1,2,3,1,74
21,0,0,1,1,3,1,75
24,1,1,1,1,3,0,82
20,0,1,1,1,3,2,89
19,0,0,1,2,3,1,99
20,0,0,1,1,3,0,99
23,0,0,1,1,3,0,74
21,1,1,1,1,3,0,94
22,0,1,1,2,3,0,100
15,1,1,1,2,3,1,68
22,0,1,1,2,3,1,74
20,1,1,1,1,3,0,94
26,0,1,1,1,3,3,153
17,0,1,1,2,3,1,74
20,0,1,1,1,3,3,63
22,0,1,1,1,3,2,120
16,0,1,1,2,3,1,68
14,0,1,1,2,3,3,138
5,1,1,1,1,3,2,37
9,0,1,1,1,3,2,120
20,0,1,1,1,6,1,74
21,0,1,1,1,3,3,67
17,0,1,1,3,3,3,68
0,1,1,1,1,3,1,37
23,0,1,1,1,3,2,88
21,0,1,1,1,3,1,89
20,0,1,1,1,3,2,74
23,0,1,1,1,3,2,108
12,0,1,1,4,3,3,112
25,1,1,0,1,3,0,84
22,0,1,1,2,3,2,74
18,0,1,1,2,3,3,74
16,0,1,1,1,3,3,90
20,1,1,1,2,3,2,82
24,0,1,1,1,3,1,89
12,1,1,1,1,3,2,46
20,0,1,1,1,6,3,75
17,0,1,1,3,3,2,120
21,1,1,1,1,3,1,68
19,0,1,1,3,3,2,99
21,0,1,1,2,3,3,74
19,1,1,0,2,3,3,99
21,1,1,1,2,3,2,82
19,0,1,1,2,3,2,62
16,1,1,0,3,3,3,116
19,0,1,1,2,3,2,62
17,0,1,1,3,3,2,140
13,1,1,1,2,3,2,68
10,1,1,1,2,3,2,67
10,1,1,1,3,3,2,37
24,0,1,1,1,3,0,74
24,1,1,1,1,3,0,67
23,1,1,1,1,3,0,67
23,0,1,1,1,3,1,74
22,1,1,1,1,3,0,67
21,0,1,1,1,3,2,74
18,1,1,1,2,3,1,46
19,0,1,1,1,3,1,74
17,0,1,1,1,3,3,102
22,0,1,1,1,3,2,99
18,0,1,1,3,3,3,62
24,1,1,1,1,3,0,83
23,1,1,1,2,3,0,47
23,0,1,1,1,3,0,74
22,0,1,1,1,3,0,70
18,0,1,1,3,3,3,69
21,0,1,1,1,3,2,71
23,1,1,1,1,3,1,82
18,0,1,1,2,3,2,90
23,1,1,1,2,3,1,47
16,0,1,1,4,3,3,74
21,0,1,1,2,3,1,71
21,1,1,1,2,3,0,47
15,1,1,1,3,3,1,86
25,1,1,1,1,3,0,89
19,0,1,1,1,3,2,69
23,0,1,1,1,3,3,84
21,1,1,0,1,3,2,89
15,0,1,1,4,3,3,138
15,1,1,1,1,3,3,75
20,0,1,1,1,3,1,74
18,1,1,1,1,3,2,116
23,0,1,1,1,3,0,74
23,1,1,1,1,3,0,87
21,1,1,1,1,3,0,91
23,1,1,1,1,3,1,82
23,0,1,0,1,3,1,126
25,1,1,0,1,3,0,82
23,0,1,1,1,3,3,100
25,1,1,0,1,3,0,84
22,0,1,1,1,3,1,84
26,1,1,1,1,3,0,82
22,1,1,1,1,3,1,47
18,0,1,1,1,3,3,95
11,1,1,1,4,3,2,46
23,0,1,1,1,3,2,88
15,1,1,1,2,3,1,67
19,1,1,1,2,3,2,73
24,1,1,1,1,3,0,108
24,1,0,1,1,3,0,106
24,1,0,1,1,3,0,106
25,1,0,1,1,3,0,82
22,1,0,1,1,3,0,82
22,1,0,0,1,3,0,104
25,1,0,1,1,3,0,105
23,1,0,1,1,3,0,117
18,1,0,0,1,3,1,138
24,0,0,1,1,3,0,88
21,1,0,0,1,3,2,110
20,1,0,1,2,3,1,47
20,1,0,0,1,3,2,117
20,0,1,1,2,3,1,89
17,1,1,1,1,3,1,67
24,1,1,1,1,3,0,82
23,0,1,1,1,3,0,105
21,1,1,1,1,3,1,86
24,1,1,1,1,3,0,83
17,1,1,1,2,3,1,75
24,0,1,1,1,3,0,154
21,0,1,1,1,3,1,99
22,0,1,1,1,3,0,62
18,0,1,1,2,3,3,69
24,0,1,1,1,3,0,154
23,1,1,0,1,3,0,82
18,0,1,1,1,3,1,62
24,0,1,1,1,3,0,121
24,1,1,1,1,3,0,67
20,1,1,1,1,3,1,117
23,1,1,1,1,3,0,67
24,0,1,1,1,3,0,108
23,1,1,1,1,3,0,82
18,0,1,1,1,3,3,120
23,0,1,1,1,3,2,148
23,1,1,1,1,3,0,53
17,0,1,1,1,3,1,95
14,1,1,1,1,3,2,68
16,1,1,1,2,3,1,62
17,0,1,1,1,3,2,138
18,0,1,1,3,3,2,120
21,1,1,1,1,3,1,67
24,1,1,1,1,3,0,103
11,1,1,1,1,3,1,46
22,1,1,1,1,3,2,55
19,0,1,1,1,3,3,74
16,1,1,1,4,3,2,80
19,0,1,1,2,6,1,77
19,0,1,1,1,3,3,70
21,1,1,1,1,3,2,55
19,0,1,1,3,3,2,89
20,1,1,1,1,3,2,67
24,1,1,1,1,3,1,82
21,1,1,1,3,3,2,67
17,0,1,1,1,3,2,71
20,1,1,1,1,3,1,47
17,0,1,1,1,3,2,71
17,1,1,1,2,3,1,75
22,0,1,1,1,3,0,89
23,1,1,1,1,3,0,82
16,0,1,1,1,3,3,102
22,0,1,1,1,3,2,100
20,0,1,1,1,3,3,108
17,1,1,0,3,3,1,103
15,1,1,1,1,3,2,62
17,0,1,1,2,3,2,68
24,0,1,1,1,3,3,140
14,1,1,0,3,3,1,108
20,0,1,1,1,3,3,94
16,0,1,0,1,3,3,120
24,1,1,1,1,3,0,83
22,1,1,1,1,3,0,83
19,0,1,1,1,3,3,70
19,0,1,1,3,3,2,126
21,1,1,1,2,3,0,83
21,1,1,0,1,3,2,82
21,0,1,1,1,3,3,74
21,0,1,1,3,3,1,84
14,1,1,1,1,3,3,62
23,0,1,1,1,3,3,69
26,1,1,0,1,3,0,82
23,0,1,1,1,3,2,126
18,1,1,1,1,3,3,178
20,0,1,1,1,3,3,99
22,1,1,1,1,3,0,82
13,2,1,1,2,3,2,58
15,0,1,1,2,3,3,66
19,0,1,1,1,3,3,69
22,1,1,1,1,3,2,34
20,1,1,1,2,3,2,103
13,0,1,1,2,3,2,65
24,1,1,1,1,3,0,84
17,0,1,1,2,3,2,74
12,0,1,1,2,3,2,62
21,0,1,1,1,3,0,74
22,0,1,0,2,3,1,74
19,0,1,1,1,3,2,74
22,0,1,1,1,3,1,89
21,0,1,1,3,3,3,89
21,0,1,1,2,3,1,126
22,0,1,0,1,3,2,138
17,0,1,0,3,0,3,165
24,1,1,0,1,3,0,106
18,1,1,1,1,3,1,55
23,0,1,1,1,3,1,74
20,1,1,1,1,3,0,86
22,1,1,1,2,3,1,47
21,0,1,1,1,6,0,92
24,1,1,1,1,3,0,75
21,0,1,1,1,3,0,88
20,0,1,1,2,3,3,67
16,1,1,1,1,3,1,80
22,1,1,1,1,3,0,82
23,0,1,0,1,3,1,108
25,0,1,1,1,3,0,121
23,0,1,1,1,3,0,108
24,1,1,1,2,6,0,67
23,0,1,1,1,3,1,99
23,1,1,1,1,3,2,83
14,0,1,1,2,3,3,110
22,0,1,1,2,3,2,100
25,1,1,0,1,3,0,82
21,0,1,1,1,3,3,89
25,1,1,1,1,3,0,82
15,1,1,1,1,3,2,62
21,1,1,1,1,3,0,67
22,0,1,1,1,3,3,100
21,1,1,1,1,3,0,53
21,1,1,1,1,3,0,117
17,0,1,1,1,3,2,126
19,1,1,1,1,3,2,55
20,0,1,1,2,3,2,140
18,0,1,1,3,6,2,164
16,1,1,0,2,3,1,118
23,1,1,1,1,3,1,79
17,0,1,1,1,3,2,68
23,0,1,1,1,3,2,99
17,0,1,1,3,3,2,90
22,0,1,1,2,3,2,88
20,1,1,1,1,3,1,47
18,1,1,1,2,3,3,35
24,0,1,1,1,3,0,148
15,0,1,1,3,3,2,120
23,1,1,1,1,3,0,82
25,0,1,1,1,3,0,74
17,1,1,1,2,3,0,67
14,1,1,1,2,3,2,46
23,0,1,1,1,3,0,108
23,0,1,1,1,3,1,109
23,0,1,1,1,3,1,109
22,0,1,1,1,3,2,77
23,0,1,1,1,3,3,74
23,1,1,1,1,3,0,89
23,0,1,1,1,3,2,88
23,0,1,1,1,3,1,140
17,0,1,1,2,3,3,117
17,0,1,1,1,3,3,90
18,0,1,1,2,3,3,100
18,1,1,1,1,3,3,83
22,0,1,1,1,3,2,99
19,1,1,1,1,3,3,94
14,1,1,1,4,3,2,103
25,1,1,1,1,3,2,82
17,0,1,1,2,3,3,102
16,0,1,1,3,6,3,148
22,0,1,1,2,3,3,67
17,0,1,1,2,3,2,68
25,1,1,1,1,3,2,82
24,0,1,1,1,3,2,170
25,1,0,1,1,3,0,95
20,1,1,1,1,6,0,82
18,0,1,1,1,3,2,70
23,1,1,1,1,3,0,82
19,1,1,1,1,3,1,55
21,1,1,1,1,3,0,117
6,1,1,1,2,3,1,37
22,0,1,1,1,3,2,99
20,0,1,1,2,3,2,74
21,1,1,1,2,3,1,67
17,0,1,1,3,3,2,126
17,0,1,1,2,3,2,90
17,1,1,1,1,6,1,62
20,0,0,1,1,3,3,67
19,0,1,1,2,3,2,68
16,0,1,1,4,3,3,115
21,1,1,0,1,3,0,91
19,0,1,1,3,3,3,74
17,1,1,1,2,3,2,103
21,0,1,1,2,3,1,120
22,1,1,1,1,3,0,121
21,0,1,1,2,3,2,126
17,0,1,1,3,6,2,124
21,1,1,1,1,6,1,67
23,1,1,1,1,3,1,83
20,0,1,0,2,3,2,104
22,1,1,1,1,3,0,53
21,1,1,1,2,3,1,47
20,0,1,1,2,6,3,74
22,1,1,1,1,3,2,82
20,0,1,1,2,6,2,56
25,1,1,1,1,3,0,82
13,1,1,1,2,3,1,37
13,1,1,1,2,3,3,127
18,1,1,1,2,6,1,62
18,0,1,1,1,3,3,140
17,1,1,1,3,3,2,46
18,0,1,1,2,3,2,74
17,1,1,1,2,6,3,62
22,1,1,1,1,3,0,67
11,0,1,0,2,0,3,198
19,0,1,1,1,3,2,63
23,1,1,1,1,3,1,67
13,0,1,1,1,3,1,53
19,0,1,1,1,3,1,100
18,0,1,1,1,3,1,70
22,1,1,1,1,3,0,55
20,0,1,1,1,3,3,62
17,0,1,0,2,3,2,154
16,1,1,1,2,3,2,102
19,0,1,1,1,3,2,69
18,0,1,1,1,3,0,69
21,1,1,0,1,3,1,110
17,0,1,1,1,3,2,90
16,0,1,1,1,3,3,89
14,0,1,1,2,3,3,120
18,0,1,1,1,3,2,69
18,0,1,1,2,3,0,69
24,1,1,1,1,3,0,34
24,0,1,1,1,3,2,89
22,1,1,1,1,3,0,82
23,0,1,1,1,3,2,69
22,1,1,1,1,3,1,117
23,1,1,1,1,3,0,84
25,1,1,1,1,3,0,73
9,1,1,1,4,3,0,37
20,1,1,0,2,3,2,180
16,1,1,1,1,6,1,79
14,0,1,1,1,3,2,62
24,1,0,1,1,3,0,67
22,1,0,1,2,3,1,117
23,1,0,1,1,3,0,82
23,0,0,1,1,3,1,88
24,1,0,1,1,3,0,121
19,0,1,1,1,3,2,69
24,0,1,1,1,3,0,108
23,1,1,1,1,3,0,121
23,0,1,1,2,3,1,89
16,0,1,1,3,3,3,75
24,0,1,1,1,3,1,88
6,1,1,1,4,3,2,60
14,1,1,1,2,3,3,78
21,0,1,1,1,3,1,74
15,1,1,1,1,3,1,67
10,1,1,1,2,3,1,46
22,0,1,1,1,3,2,74
19,0,1,1,2,3,2,84
12,1,1,1,4,3,3,46
12,1,1,1,2,3,2,46
15,1,1,1,4,3,2,46
10,0,1,1,3,3,3,82
12,0,1,1,3,3,3,120
11,0,1,1,3,3,2,82
19,0,1,1,2,3,1,89
16,0,1,1,3,6,3,148
22,1,1,1,1,3,2,82
19,0,1,1,2,3,2,74
11,0,1,1,2,3,3,101
21,1,1,0,2,3,2,76
17,0,1,0,2,3,3,120
18,1,1,1,2,3,2,100
24,1,1,1,1,3,0,67
21,0,1,1,2,3,3,168
17,2,1,1,2,3,2,62
15,1,1,0,3,3,1,130
16,0,1,1,1,3,2,95
22,0,1,1,1,3,3,148
20,1,1,1,1,3,1,67
25,0,1,1,1,3,0,63
18,0,1,1,1,3,2,75
21,0,1,1,1,3,3,94
15,0,1,1,2,3,2,138
17,0,1,1,1,3,2,70
19,0,1,1,1,3,3,140
16,0,1,1,1,3,1,75
14,0,1,1,2,3,3,69
14,1,1,1,2,3,2,79
19,0,1,1,2,3,3,108
21,0,1,1,1,3,2,70
23,0,1,1,1,3,2,100
21,1,1,1,2,3,1,83
18,0,1,1,2,3,2,85
21,0,1,1,2,3,2,84
23,0,1,1,1,3,1,120
19,1,1,1,1,3,1,86
23,0,1,1,2,3,1,74
15,1,1,1,2,3,2,67
18,0,1,1,1,3,3,112
17,1,1,1,2,3,3,68
20,0,1,1,2,3,2,99
13,1,1,1,3,3,2,46
18,1,1,1,2,3,2,98
16,1,1,1,2,3,3,64
22,1,1,1,1,3,0,47
18,0,1,1,2,3,2,65
20,1,1,1,1,3,1,86
24,1,1,1,1,3,0,55
17,0,1,1,2,3,1,64
18,0,1,1,1,3,2,62
19,1,1,1,1,3,0,73
21,0,1,1,1,3,3,71
16,1,1,1,2,3,3,46
20,1,1,1,2,3,1,46
18,1,1,1,1,3,1,46
23,1,1,1,1,3,0,117
24,0,1,1,1,3,1,74
20,0,1,1,1,3,2,89
22,0,1,1,1,3,1,89
23,0,1,1,1,3,3,99
17,0,1,1,1,3,2,68
16,0,1,1,3,3,3,90
23,0,1,1,2,3,2,100
17,0,1,1,4,6,2,58
21,1,1,1,1,3,1,138
23,0,1,0,1,3,0,108
10,1,1,1,3,3,3,100
11,1,1,1,2,3,3,67
18,1,1,1,2,3,2,116
23,1,1,0,1,3,0,82
24,1,1,1,1,3,0,67
24,0,0,0,1,3,0,172
24,0,0,1,1,3,0,81
25,1,0,1,1,3,0,67
26,0,0,0,1,3,0,126
24,0,0,1,1,3,1,88
21,0,0,1,1,3,3,99
24,0,0,1,1,3,0,105
23,0,0,1,1,3,0,108
26,1,0,0,1,3,0,141
25,0,0,1,1,3,0,121
23,1,0,1,1,3,0,82
22,0,0,1,1,3,1,88
25,1,0,1,1,3,0,74
20,0,1,1,3,3,3,120
21,0,1,1,1,3,2,99
17,1,1,1,2,3,2,90
21,1,1,1,1,3,1,67
24,1,1,1,1,3,0,67
25,1,1,1,1,3,0,73
21,0,1,1,1,3,1,100
18,0,1,1,1,3,2,68
17,0,1,1,1,3,3,102
19,0,1,1,3,3,3,89
20,0,1,1,2,3,2,104
10,1,1,1,3,3,1,37
21,0,1,1,2,3,2,69
21,0,1,1,1,3,3,62
24,0,0,1,1,3,0,99
19,0,1,1,1,3,3,120
15,0,1,1,3,3,3,112
21,1,1,1,1,3,1,82
18,1,1,1,1,3,1,98
23,1,1,0,1,3,1,82
24,1,1,1,1,3,0,89
22,1,1,1,1,3,1,47
17,0,1,1,1,3,2,141
21,1,1,1,2,3,1,94
11,1,1,1,2,3,2,85
17,0,1,1,2,3,1,138
17,1,1,1,3,3,2,66
21,1,1,1,1,3,2,87
15,1,1,1,2,3,3,79
22,0,1,1,1,3,2,89
24,0,1,1,1,3,1,94
26,1,1,1,1,3,0,67
20,1,1,1,1,3,1,47
21,0,1,1,1,3,0,47
15,0,1,1,1,3,3,112
22,0,1,1,1,3,3,99
23,0,1,1,1,3,1,170
18,0,1,1,1,3,3,63
20,0,1,1,2,3,3,88
23,1,1,1,1,3,0,82
25,1,1,1,1,3,0,82
18,0,1,1,1,3,3,141
19,0,1,1,1,3,2,74
18,1,1,1,1,3,1,35
20,0,1,1,1,3,3,140
21,0,1,1,2,6,2,72
8,1,1,1,2,3,2,60
19,0,1,1,1,3,2,74
21,0,1,1,1,3,3,63
25,0,1,1,1,3,0,74
23,0,1,1,1,3,2,77
18,0,1,1,1,3,3,126
9,1,1,1,4,3,3,67
23,0,1,1,1,3,1,100
17,1,1,1,1,6,2,62
19,0,1,1,1,3,3,89
20,0,1,0,2,3,2,103
18,0,1,0,2,0,3,184
22,1,1,1,1,3,1,67
19,0,1,0,2,0,3,184
20,0,1,1,1,3,1,89
18,0,1,1,1,3,3,140
22,0,1,1,1,3,0,84
21,0,1,1,1,3,0,84
17,0,1,1,1,3,3,138
19,1,1,1,1,3,2,47
14,0,1,1,3,3,1,70
22,0,1,1,1,3,0,108
23,1,1,1,2,3,0,55
12,0,1,1,1,3,3,117
24,1,1,1,1,3,0,53
18,0,1,1,1,3,3,62
25,1,1,1,1,3,0,82
18,0,1,1,1,3,2,68
23,0,1,1,1,3,0,154
22,0,1,1,1,3,1,77
22,0,1,1,1,3,2,100
22,0,1,1,1,3,3,63
21,0,1,1,1,3,3,140
18,1,1,1,1,3,0,47
17,1,1,1,1,3,1,46
16,0,1,1,2,3,3,95
14,0,1,1,2,6,3,124
21,1,1,1,2,3,1,47
18,0,1,1,1,3,2,89
21,1,1,1,1,6,2,67
21,0,1,1,3,6,2,75
14,1,1,1,4,3,2,86
21,1,1,1,1,3,1,83
13,0,1,1,3,3,3,63
21,0,1,1,1,3,3,126
24,0,1,1,1,3,1,138
21,0,1,1,1,3,3,74
14,2,1,1,2,3,3,58
22,0,1,1,1,3,3,74
24,0,1,1,1,3,0,74
18,0,1,0,3,3,3,120
22,1,1,1,1,3,2,67
18,0,1,1,2,3,3,102
18,0,1,1,2,3,3,62
16,1,1,1,2,3,2,46
16,0,1,1,3,3,3,74
16,1,1,1,3,3,3,118
15,1,1,1,4,6,2,62
18,1,1,1,2,3,2,55
20,0,0,1,1,3,2,85
17,0,0,1,1,3,3,140
21,0,0,1,1,3,2,84
24,1,1,1,2,3,0,103
20,0,1,0,1,0,2,241
24,1,1,1,2,3,0,82
24,0,1,1,1,3,1,75
19,0,1,1,1,3,2,74
11,1,1,0,2,3,2,218
18,0,1,0,1,0,2,241
23,0,0,1,1,3,1,88
19,0,0,0,1,0,1,115
24,1,1,1,1,3,0,89
24,1,1,1,1,3,0,75
6,1,1,1,1,6,1,53
22,1,1,1,1,6,0,67
22,0,1,1,1,3,1,99
21,0,1,1,1,3,1,126
19,0,1,1,2,3,2,108
18,0,1,1,2,3,1,74
20,1,1,1,2,3,2,67
15,1,1,0,2,3,2,103
16,1,1,1,2,6,2,62
16,1,1,1,2,3,2,67
21,1,1,1,1,6,0,77
23,0,1,1,1,3,2,98
20,0,1,1,2,3,2,101
24,1,1,1,1,3,0,82
23,0,1,1,1,3,0,74
22,1,1,1,1,3,0,82
25,1,1,1,1,3,0,67
23,1,1,1,1,6,3,67
22,0,1,1,1,3,3,89
18,1,1,1,1,3,1,67
18,0,1,1,2,3,2,74
24,1,1,1,2,3,2,82
22,0,1,1,1,3,1,120
16,2,1,1,4,3,1,58
11,1,1,1,2,3,2,60
19,0,1,1,1,3,3,120
13,0,1,1,2,3,2,138
23,0,1,1,1,3,1,88
21,0,1,1,1,3,1,62
23,1,1,1,1,3,0,84
17,0,1,1,2,3,2,74
18,0,1,1,3,3,1,74
16,1,1,1,3,3,2,68
22,0,1,1,1,3,2,99
22,0,1,1,1,3,2,88
15,1,1,1,4,3,3,67
20,0,1,1,1,3,2,62
18,0,1,1,3,3,2,74
14,1,1,1,1,3,0,46
15,1,1,1,3,3,2,118
23,0,1,1,1,3,1,70
20,0,1,1,2,3,1,62
18,1,1,1,2,3,1,116
22,1,1,1,1,3,0,67
18,1,1,1,1,3,0,67
24,1,1,1,1,3,0,121
22,1,1,1,2,3,1,47
22,1,1,1,2,3,0,53
18,1,1,1,1,3,2,47
17,1,1,1,2,6,1,93
22,0,1,1,2,3,1,89
17,0,1,1,1,3,3,70
23,1,1,1,1,3,0,121
19,0,1,1,1,6,1,75
23,1,1,1,2,3,0,83
23,1,1,1,1,3,0,82
20,0,1,1,2,3,2,148
24,0,1,1,1,3,1,69
16,0,1,1,2,3,3,95
24,1,1,1,1,3,0,55
24,1,1,1,1,3,0,83
24,1,1,1,1,3,0,91
23,1,1,1,1,3,0,121
19,0,1,1,1,3,1,74
24,1,1,1,1,3,1,82
18,0,1,1,1,3,1,74
21,1,1,0,1,3,1,82
23,1,1,1,1,3,0,121
23,1,1,1,1,3,0,47
22,0,1,1,1,3,1,88
24,0,1,1,1,3,1,108
21,1,1,1,1,3,0,121
23,1,1,1,2,3,0,121
21,1,1,1,1,3,0,67
25,0,1,1,1,3,0,115
23,1,1,1,1,3,1,67
24,1,1,0,1,3,1,99
17,0,1,1,2,3,3,102
18,0,1,1,1,3,3,65
18,0,1,1,1,3,2,70
26,1,1,1,1,3,2,88
17,0,1,1,2,3,2,105
17,0,1,1,3,3,2,110
24,1,1,0,1,3,0,121
20,0,1,1,2,3,1,65
25,1,1,1,1,3,0,103
19,0,1,1,1,3,2,74
22,0,1,1,1,3,3,140
20,0,1,1,1,3,1,70
11,0,1,1,3,3,2,70
17,0,1,1,2,3,3,138
9,1,1,1,2,3,2,70
14,1,1,1,4,6,1,75
23,1,1,1,2,3,1,34
17,1,1,1,3,3,3,80
21,1,1,1,1,3,2,47
11,1,1,1,2,3,1,83
21,1,1,1,1,6,1,82
15,1,1,1,1,3,3,86
24,1,1,1,1,3,0,82
19,0,1,1,2,3,1,62
16,1,1,1,2,3,3,86
21,0,1,1,2,3,1,89
17,1,1,1,2,3,2,46
17,1,1,1,2,3,3,37
22,1,1,1,1,3,0,53
16,1,1,1,3,3,3,80
21,0,1,1,1,3,2,89
21,0,1,1,1,3,2,71
19,0,1,1,1,3,2,68
20,0,1,1,2,3,3,108
17,1,1,1,1,6,2,62
19,1,1,1,1,3,0,37
22,1,1,1,2,3,0,47
23,0,1,1,1,3,2,88
23,1,1,1,1,3,0,67
22,1,1,1,1,3,2,82
16,0,1,1,2,3,3,63
24,1,1,1,1,3,0,74
15,0,1,1,2,3,3,68
16,1,1,1,3,3,3,35
13,0,0,1,1,3,3,74
19,0,0,1,2,3,3,70
12,1,1,1,3,3,2,67
18,1,1,1,3,6,3,79
17,0,1,1,1,3,3,63
16,1,1,0,1,3,0,103
24,1,1,1,1,3,2,108
21,1,1,1,1,3,1,82
12,1,1,1,2,3,0,46
21,1,1,1,1,3,0,67
17,1,1,1,1,3,0,94
16,1,1,1,1,3,0,105
12,1,1,1,1,3,2,67
24,0,1,1,1,3,2,70
11,0,1,1,2,3,3,120
17,0,1,1,1,3,3,138
25,1,1,1,1,3,0,82
18,1,1,1,1,3,1,67
19,0,1,1,1,3,1,62
25,1,1,0,1,3,0,89
23,0,1,1,1,3,2,109
23,1,1,1,1,3,0,89
22,1,1,1,1,3,3,55
22,0,1,1,1,3,2,88
13,0,1,1,4,3,3,75
19,0,1,1,2,3,3,100
20,0,1,1,2,6,2,56
16,1,1,1,3,3,3,70
22,0,1,1,1,3,1,101
15,1,1,1,2,3,2,79
19,0,1,1,1,3,3,89
19,2,1,1,2,3,2,58
11,1,1,1,2,3,2,60
19,0,1,1,2,3,2,74
18,0,1,1,2,3,2,69
23,1,1,1,1,3,0,55
18,1,1,1,1,3,0,80
17,1,1,1,1,3,1,80
17,0,1,1,1,6,0,91
24,1,1,1,1,3,0,103
26,1,1,1,2,3,3,67
22,1,1,1,1,3,2,67
4,1,1,1,1,3,2,35
23,0,1,1,1,3,3,75
13,1,1,1,3,6,2,62
20,0,1,1,1,6,3,72
13,1,1,1,1,3,1,46
11,1,1,1,1,3,3,94
15,1,1,1,1,3,3,86
17,0,1,1,1,3,2,69
5,1,1,1,4,3,1,60
19,0,1,1,1,3,2,99
14,1,1,1,1,3,0,79
14,0,1,1,3,3,2,75
17,1,1,1,1,3,2,80
19,1,1,1,1,3,0,83
22,1,1,1,1,3,0,82
17,1,1,1,2,3,1,46
16,1,1,1,4,3,2,46
25,1,1,1,1,3,0,84
21,1,1,1,1,3,0,47
24,0,1,1,1,3,2,74
21,1,1,1,1,3,0,83
24,1,1,1,1,3,0,82
22,1,1,1,1,3,0,53
17,1,1,1,1,3,1,68
25,0,1,1,1,3,0,99
21,1,1,1,1,3,0,53
19,1,1,1,2,3,1,83
19,0,1,1,1,3,1,89
12,1,1,1,2,3,2,67
18,0,1,1,2,3,2,112
16,1,1,1,2,3,2,62
18,0,1,1,1,3,3,62
22,0,0,1,1,3,2,90
24,0,0,1,1,3,0,99
25,1,0,1,1,3,0,105
18,0,0,1,2,3,2,68
23,0,0,1,1,3,1,99
23,1,0,0,1,3,0,82
18,0,0,1,1,3,3,68
18,1,0,1,1,3,2,67
24,0,0,1,1,3,0,99
21,0,0,1,1,3,3,99
21,0,0,1,1,3,2,84
19,1,0,1,1,3,2,86
20,0,0,1,1,3,2,70
18,0,0,1,2,3,3,74
23,0,1,1,1,3,2,138
14,0,1,1,2,3,3,110
20,0,1,1,1,3,3,74
24,0,1,1,1,3,1,88
19,0,1,1,1,3,3,74
23,1,1,1,1,3,0,84
23,1,1,1,1,3,0,87
22,0,1,1,1,3,0,88
18,0,1,1,1,3,2,100
21,1,1,1,1,3,0,79
24,0,1,1,1,3,0,120
22,0,1,1,1,3,1,100
17,0,1,1,1,6,2,124
17,0,1,1,2,3,3,194
24,0,1,1,1,3,2,99
12,0,1,1,3,3,3,102
18,1,1,1,2,3,1,87
23,1,1,1,1,3,0,84
22,1,1,1,1,3,0,121
16,1,1,1,2,3,2,68
19,0,1,1,1,3,0,101
20,0,1,1,1,3,2,99
20,1,1,1,2,3,1,55
19,1,1,1,1,6,0,85
16,1,1,1,2,3,2,79
11,1,1,1,2,3,2,94
18,0,1,0,2,6,1,184
25,0,1,1,1,3,0,74
21,1,1,1,2,3,3,117
18,0,1,1,1,3,2,140
24,1,1,1,1,3,0,82
23,1,1,1,1,3,0,87
18,0,1,1,3,3,1,126
25,1,1,1,1,6,0,67
15,1,1,1,2,3,2,92
21,1,1,1,1,3,1,37
12,1,1,1,2,3,2,78
3,1,1,1,3,3,0,37
12,1,1,1,3,3,2,103
21,0,1,1,1,3,2,126
24,1,1,1,1,3,0,84
24,1,1,1,1,3,0,84
19,1,1,1,4,3,1,47
14,1,1,1,1,6,2,62
22,0,1,1,2,3,2,88
19,0,1,1,1,3,3,120
14,0,1,1,2,3,3,68
20,0,1,1,2,3,2,148
25,1,1,1,1,3,0,82
17,1,1,1,1,3,1,79
22,1,1,1,4,3,2,82
15,1,1,1,2,3,2,79
22,0,1,1,1,3,1,74
26,1,1,0,1,3,0,108
19,0,1,1,2,3,2,62
20,1,1,1,2,3,0,79
20,1,1,1,2,3,1,47
16,1,1,1,2,3,2,67
15,1,1,1,2,3,1,67
25,0,1,1,1,3,2,154
21,0,1,1,3,3,2,89
22,1,0,1,1,3,1,34
12,1,0,1,1,3,1,64
18,0,0,1,1,6,1,56
17,1,0,1,1,6,1,62
10,1,0,1,1,3,1,37
8,1,0,1,2,3,1,37
13,1,0,1,2,3,1,46
19,0,1,0,1,3,1,184
16,1,0,1,1,3,1,67
14,1,0,1,2,3,1,35
22,0,1,0,2,3,2,140
22,0,1,1,1,3,2,88
23,1,1,1,1,3,2,67
20,1,1,1,2,3,3,100
21,0,1,1,1,3,2,120
15,1,1,1,1,3,2,85
13,1,1,1,1,3,2,46
23,0,1,1,1,3,1,70
21,1,1,1,2,3,1,67
23,1,1,1,1,3,1,47
18,0,1,1,1,3,3,102
13,1,1,1,2,6,0,76
23,0,1,1,1,3,3,148
22,2,1,1,2,3,1,58
24,1,1,1,2,3,0,82
21,0,1,1,1,3,1,120
16,2,1,1,3,3,2,62
15,0,1,1,2,3,3,74
16,1,1,1,2,3,1,46
18,0,1,0,1,3,3,154
20,0,1,1,2,3,2,74
21,0,1,1,1,3,2,101
23,1,1,1,1,3,2,82
20,0,1,1,1,3,2,84
19,0,1,1,3,3,2,74
19,0,1,1,2,3,2,74
8,1,1,1,3,3,0,60
22,0,1,1,3,3,1,74
20,0,1,1,1,3,1,74
20,1,1,1,1,3,1,67
24,1,1,1,1,3,1,82
18,0,1,1,2,6,1,58
18,1,1,1,2,3,2,67
14,1,1,1,3,3,2,46
20,0,1,1,2,3,2,70
12,1,1,1,2,3,3,46
25,1,1,1,1,3,0,67
20,0,1,1,1,3,1,126
23,1,1,1,1,6,0,54
20,1,1,1,2,3,1,82
16,0,1,1,1,3,3,68
24,2,1,1,1,3,1,58
23,1,1,1,1,3,0,82
18,0,1,1,1,3,2,89
23,0,1,1,1,3,2,74
24,1,1,1,1,3,0,67
16,2,1,1,1,3,1,58
21,0,1,1,1,3,2,74
21,0,1,1,1,3,1,74
10,1,1,1,1,3,3,67
19,0,1,1,1,3,2,84
21,1,1,1,2,3,0,55
21,1,1,1,1,3,0,82
25,2,1,1,2,3,3,62
20,0,1,1,1,3,0,67
24,2,1,1,1,3,2,58
17,1,1,1,1,3,1,86
24,1,1,1,1,3,1,73
18,0,1,1,2,3,3,67
20,0,1,1,1,6,1,75
19,0,1,1,2,3,2,108
25,1,1,0,1,3,0,118
24,0,1,1,1,3,1,99
10,1,1,1,2,3,3,125
20,0,1,1,2,3,2,168
24,0,1,1,1,3,0,140
22,1,1,1,1,6,1,77
22,0,1,1,1,3,0,120
18,0,1,1,2,3,3,74
18,0,1,1,1,6,1,124
19,0,1,1,1,3,3,74
15,1,1,1,2,3,1,46
18,0,1,1,1,6,2,58
21,0,1,1,2,3,3,84
21,0,1,1,1,3,1,67
20,0,1,1,1,3,2,99
20,0,1,1,3,3,3,140
20,0,1,1,1,3,2,99
16,1,1,1,1,6,2,63
15,0,1,1,2,6,3,72
16,1,1,1,2,3,3,103
21,0,1,1,2,3,1,138
22,1,1,1,1,3,3,82
16,0,1,1,1,3,3,71
17,0,1,1,2,3,2,126
16,1,1,1,2,6,1,79
18,0,1,1,2,3,3,89
17,1,1,1,2,3,2,67
25,1,1,1,1,3,0,53
25,0,1,1,1,3,0,70
22,1,1,1,1,6,0,54
23,1,1,1,2,3,0,67
19,2,1,1,1,3,2,58
25,1,1,0,1,3,0,67
20,0,1,1,3,6,2,56
25,1,1,0,1,3,0,121
17,2,1,1,1,3,3,58
21,0,1,1,1,3,2,74
21,0,1,1,1,3,1,140
23,0,1,1,1,3,2,70
20,1,1,1,1,3,2,82
21,0,1,1,1,3,3,89
20,0,1,1,2,3,1,101
11,0,1,1,1,3,3,102
21,0,1,1,1,3,3,126
16,2,1,1,1,3,2,58
22,0,1,1,1,3,2,88
18,0,1,1,1,3,2,85
13,1,1,0,1,3,3,130
18,0,1,1,1,3,3,102
20,0,1,1,2,3,2,105
21,0,1,1,1,3,1,70
21,1,1,1,1,3,1,87
21,1,1,1,1,6,0,67
20,1,1,1,1,6,0,82
23,1,1,1,1,3,0,82
19,0,1,1,1,6,2,77
24,0,1,1,1,3,1,88
24,0,1,1,1,3,1,98
24,1,1,1,1,3,2,68
25,1,1,1,1,3,0,68
18,1,1,1,1,3,3,79
19,0,1,1,1,3,2,74
18,0,1,1,1,3,2,104
19,0,1,1,2,3,2,126
9,1,1,1,2,3,3,67
22,0,1,1,1,3,2,89
20,0,1,1,2,3,3,89
17,0,1,1,2,3,3,68
17,2,1,1,1,3,3,62
18,0,1,1,2,3,2,126
13,1,1,1,2,6,1,62
21,0,1,1,1,3,3,67
17,2,1,1,1,3,3,58
25,0,1,1,1,3,0,153
21,1,1,1,1,3,0,82
15,1,1,1,1,6,1,89
26,1,1,0,1,3,1,164
19,1,1,1,2,3,2,47
24,1,1,1,1,3,0,83
23,1,1,1,1,3,0,67
21,0,1,1,1,3,2,74
24,0,1,1,1,3,0,139
18,0,1,1,1,3,3,69
17,1,1,1,1,6,2,79
17,1,1,1,3,3,1,62
16,0,1,1,1,3,1,69
22,1,1,0,1,3,0,67
24,1,1,0,1,3,1,82
15,0,1,1,2,3,3,70
24,1,1,1,1,3,0,53
26,1,1,1,2,3,2,82
17,1,1,1,2,3,1,103
22,0,1,1,1,3,3,71
20,0,0,1,1,3,2,67
21,0,1,1,1,3,0,120
18,0,1,1,2,3,2,89
21,0,1,1,2,3,3,99
21,0,1,1,1,3,1,138
16,0,1,0,2,3,2,120
17,0,1,1,2,3,2,95
21,1,1,1,1,3,0,82
25,0,1,1,1,3,0,89
26,1,1,1,1,3,0,73
19,1,1,1,2,3,1,47
24,0,1,1,1,3,3,74
19,1,1,1,2,3,1,47
19,0,1,1,1,3,3,120
22,1,1,1,2,3,1,47
14,1,1,1,3,3,2,68
24,1,1,1,1,3,0,91
23,1,1,1,1,3,0,47
23,0,1,1,2,3,2,70
23,1,1,1,2,3,0,55
21,0,1,0,2,3,2,168
22,1,1,1,1,3,1,82
14,1,1,1,2,3,1,100
15,0,1,0,2,0,1,181
17,0,1,1,2,3,3,104
23,1,1,1,1,3,0,91
23,1,1,1,1,3,0,83
22,1,1,1,1,3,0,67
22,0,1,0,1,3,1,140
21,1,1,1,1,3,1,82
20,1,1,1,1,3,0,47
21,0,1,0,1,3,1,126
25,1,1,1,1,3,0,82
25,1,1,1,1,3,0,75
21,1,1,0,1,3,0,110
13,0,1,0,2,0,1,258
16,1,1,1,2,6,2,62
22,1,1,1,1,3,1,47
19,1,1,1,1,3,0,62
23,1,1,1,2,3,1,82
23,0,1,1,1,3,2,89
23,0,1,0,1,3,1,100
23,2,1,1,1,3,0,62
18,0,1,1,2,3,3,87
18,1,1,1,1,3,3,68
19,0,1,1,2,3,0,89
20,0,1,1,2,3,3,89
22,0,1,1,1,3,0,100
22,1,1,1,2,3,2,82
11,1,1,1,1,3,3,67
18,0,1,1,2,3,2,70
21,0,1,1,1,3,0,99
17,2,1,1,1,3,2,67
20,0,1,1,2,3,1,89
19,1,1,1,1,3,2,105
22,1,1,1,1,6,1,67
23,0,1,1,1,3,0,74
23,0,1,1,1,3,3,74
18,0,1,1,2,3,3,74
22,0,1,1,1,3,3,88
18,0,1,1,1,3,1,74
26,1,1,1,1,3,0,88
19,1,1,1,2,3,3,86
24,0,1,1,1,3,2,99
23,1,1,1,2,3,1,68
14,1,1,1,2,3,2,62
16,1,1,1,1,3,2,62
25,0,1,0,1,3,0,88
24,0,1,1,1,3,1,74
22,1,1,1,1,3,3,67
21,2,1,1,2,3,1,55
25,0,1,1,1,3,1,88
19,0,1,1,3,3,3,89
10,1,1,1,2,3,3,37
18,1,1,1,1,3,2,47
19,1,1,1,1,3,1,55
20,1,1,1,1,3,2,68
21,1,1,1,1,3,1,121
20,1,1,1,2,3,2,82
18,0,1,1,1,3,2,112
15,1,1,1,1,3,0,35
23,0,1,1,2,3,2,62
19,1,1,1,1,3,3,100
20,1,1,1,2,3,2,67
20,0,1,1,2,3,2,69
15,1,1,1,1,3,2,46
17,0,1,1,1,3,2,126
16,0,1,1,1,3,3,138
23,1,1,1,2,3,2,84
21,0,1,1,2,3,3,118
18,0,1,1,1,3,1,112
14,1,1,1,3,3,2,67
14,1,1,1,2,3,2,37
14,1,1,1,3,3,2,46
21,0,1,1,2,3,3,70
18,0,1,1,1,3,3,68
23,1,1,1,1,3,0,82
15,0,1,1,2,3,2,70
21,0,1,1,2,3,2,99
21,0,1,1,1,3,3,74
19,1,1,1,2,3,2,83
13,1,1,1,1,3,1,85
16,0,1,1,2,3,3,95
23,0,1,1,1,3,0,170
23,0,1,1,1,3,0,89
24,1,1,1,1,3,0,82
22,1,1,1,1,3,0,82
22,1,1,1,1,3,2,53
23,0,1,1,3,3,2,88
23,1,1,1,1,3,0,89
22,0,1,1,1,3,3,84
21,0,1,1,1,3,1,88
14,1,1,1,2,3,3,78
13,0,1,1,3,3,3,102
17,1,1,1,1,3,0,46
18,1,1,1,1,3,0,64
17,1,1,1,1,6,1,79
22,1,1,1,1,3,1,53
24,1,1,1,1,3,0,34
24,0,1,1,1,3,1,99
24,1,1,1,1,3,0,82
23,0,1,1,1,3,1,70
18,0,1,1,1,3,3,120
23,0,1,1,1,3,1,74
23,0,1,1,2,3,2,99
15,0,1,1,3,3,3,74
13,0,1,1,3,3,2,70
23,0,0,1,1,3,2,88
21,0,0,0,2,3,2,168
24,0,0,1,1,3,1,88
22,0,0,1,2,3,2,88
20,0,1,0,1,0,1,271
19,0,0,1,1,6,1,74
25,1,0,0,1,3,0,160
23,1,0,0,1,3,0,117
21,0,0,1,1,3,1,109
21,0,0,1,1,3,1,88
25,1,0,0,1,3,0,67
20,0,0,1,1,3,1,69
19,0,0,1,1,3,1,141
22,0,0,0,1,0,1,181
21,0,0,0,1,3,2,126
23,0,1,1,3,3,0,126
19,0,1,1,3,3,3,84
19,0,1,1,3,3,3,74
23,0,1,1,1,3,2,120
22,0,1,1,1,3,2,62
21,1,1,1,1,3,0,38
16,1,1,1,2,3,1,86
18,1,1,1,2,3,2,86
12,1,1,1,3,3,0,127
22,0,1,1,1,3,3,89
20,0,1,1,3,6,3,75
17,0,1,1,2,3,3,74
24,1,1,1,1,3,3,82
20,0,1,1,2,3,3,140
22,0,1,1,3,3,3,74
17,0,1,1,1,3,2,90
15,0,1,1,3,3,3,65
12,1,1,0,1,3,3,127
19,0,1,1,1,3,1,99
24,1,1,1,1,3,0,47
25,1,1,1,1,3,0,82
16,0,1,1,1,3,3,171
23,0,1,1,1,3,1,170
24,1,1,0,1,3,0,82
23,0,1,1,1,3,2,74
20,1,1,1,1,3,2,55
16,0,1,1,2,3,3,71
19,0,1,1,2,3,3,104
20,0,1,1,1,3,3,140
20,0,1,1,2,3,2,89
9,1,1,1,3,3,1,92
21,0,1,1,1,3,3,101
23,1,1,1,2,3,0,47
24,0,1,1,1,3,1,74
18,1,1,1,1,3,1,66
6,1,1,1,2,3,2,37
17,0,1,1,2,3,3,65
21,1,1,1,1,3,0,67
22,0,1,1,1,3,1,88
21,0,1,1,2,3,3,88
23,0,1,1,1,3,2,74
23,0,1,1,2,3,2,85
24,1,1,1,1,3,2,84
17,0,1,1,2,6,2,124
20,0,1,1,1,3,3,99
25,0,1,1,1,3,0,89
15,1,1,1,3,3,3,118
14,0,1,1,1,3,2,68
23,1,1,1,1,3,1,67
23,0,1,1,1,3,2,88
18,0,1,1,1,3,2,104
19,0,1,1,2,3,1,89
18,0,1,1,1,3,3,75
19,0,1,1,1,3,1,74
21,1,1,1,1,3,1,110
19,1,0,1,1,3,1,47
24,0,1,1,1,3,0,153
21,0,1,0,2,3,1,140
20,0,1,1,2,3,1,99
24,0,1,1,1,3,2,99
20,1,0,1,1,3,3,82
18,0,1,1,2,3,3,120
24,0,1,1,1,3,3,74
16,0,0,1,1,3,2,68
25,1,1,0,1,3,0,83
20,1,1,1,1,3,0,68
13,1,1,1,4,3,1,62
25,1,1,1,1,3,0,82
20,0,1,1,1,3,1,62
20,1,1,0,1,0,1,121
20,0,1,1,4,6,1,74
24,1,1,1,1,3,0,67
25,0,1,1,1,3,0,89
21,0,1,1,1,3,0,74
17,1,1,1,1,3,1,86
23,1,1,1,1,3,0,73
25,0,1,1,1,3,0,88
18,1,1,1,1,3,2,86
22,0,1,1,2,3,0,148
19,0,1,1,2,3,2,74
19,1,1,1,1,3,0,116
24,1,1,1,2,3,0,84
25,0,1,1,1,3,1,88
11,0,1,1,2,3,2,63
25,1,1,0,1,3,0,89
19,1,1,0,1,3,1,158
19,0,1,1,1,3,3,74
17,0,1,1,2,3,1,71
14,0,1,1,2,3,3,102
21,1,1,1,1,3,0,82
21,1,1,1,1,3,0,82
17,0,1,1,1,3,3,89
24,1,1,1,1,3,0,82
20,0,1,1,2,3,3,99
22,0,1,1,1,3,1,63
18,0,1,1,3,3,2,75
26,1,1,0,1,3,0,82
25,1,1,0,1,3,0,103
16,1,1,1,1,3,1,101
25,1,1,1,1,3,0,82
22,1,1,1,1,3,1,83
24,1,1,1,1,3,0,67
23,1,1,1,1,3,1,87
24,0,1,1,1,3,0,153
20,1,1,1,1,3,1,82
12,1,1,1,1,3,1,46
17,1,1,1,1,3,0,74
15,1,1,1,1,3,0,118
17,0,1,1,3,3,3,171
21,1,1,1,1,3,2,82
20,0,1,1,2,3,3,101
23,0,1,1,1,3,2,70
23,0,1,1,1,3,3,126
20,0,1,1,2,3,2,89
16,0,1,1,1,3,3,102
22,1,1,1,1,3,1,53
21,0,1,1,1,3,1,74
18,1,1,1,3,3,1,104
16,1,1,1,2,3,2,70
25,1,1,1,1,3,0,82
18,1,1,1,1,3,1,55
22,0,1,1,1,3,2,99
25,1,1,1,1,3,0,84
24,1,1,1,1,3,0,84
20,1,1,1,1,3,2,67
23,0,1,1,1,3,2,63
14,1,1,1,1,3,2,86
19,0,1,1,1,6,1,75
17,0,1,1,2,3,3,74
16,1,1,1,2,3,1,86
11,0,1,1,3,3,3,63
20,0,1,1,3,3,3,74
18,0,1,1,3,3,3,90
25,1,1,1,1,3,0,53
16,1,1,1,3,3,2,46
16,0,1,1,1,3,2,74
23,1,1,1,1,3,0,82
20,0,1,1,1,3,2,74
22,0,1,1,1,3,1,89
17,0,1,1,1,3,2,70
17,0,1,1,1,3,3,70
16,2,1,1,2,3,2,62
17,1,1,1,2,3,3,46
23,1,1,1,1,3,0,82
25,1,1,0,1,3,0,82
15,1,1,1,2,3,2,80
19,0,1,1,1,6,2,58
18,1,1,1,2,3,2,46
13,1,1,1,2,3,3,46
13,0,1,1,2,3,3,110
15,1,1,1,2,3,3,64
24,0,1,1,1,3,1,74
13,1,1,0,3,3,1,67
22,0,1,1,3,3,3,74
23,1,1,1,1,3,0,82
23,1,1,1,1,3,0,82
16,1,1,1,1,3,3,79
15,0,1,1,1,3,3,74
13,1,1,1,3,3,2,67
17,1,1,1,1,3,2,79
23,1,1,0,1,3,0,121
22,1,1,1,1,6,0,67
24,0,1,1,1,3,1,74
24,1,1,1,1,6,0,67
23,0,1,1,1,3,1,109
23,0,1,1,1,3,2,62
23,0,1,1,1,3,2,62
22,0,1,1,1,3,3,62
21,2,1,1,1,3,1,68
21,0,1,1,1,3,1,138
19,0,1,1,2,3,2,74
4,1,1,1,4,3,2,37
16,0,1,1,2,3,3,102
25,1,1,1,1,3,0,72
17,2,1,1,1,3,2,58
19,0,1,1,1,3,2,74
24,0,1,0,1,3,0,88
24,1,1,1,1,3,0,82
18,1,1,1,1,3,0,86
22,1,1,1,2,3,2,34
25,0,1,1,1,3,1,126
19,0,1,1,1,3,3,62
21,0,1,1,1,3,3,126
17,0,1,1,2,3,3,105
16,1,1,1,4,3,1,62
14,0,1,1,1,3,3,138
18,1,1,1,1,3,3,87
12,1,1,1,1,3,1,67
17,0,1,1,2,3,3,138
22,0,1,1,1,3,2,140
15,0,1,1,3,3,2,143
23,0,1,1,1,3,1,74
21,1,1,1,1,3,1,67
25,1,1,1,1,3,0,82
23,0,1,1,1,3,0,88
23,1,1,0,1,3,0,117
22,0,1,1,1,3,1,89
20,1,1,1,1,3,1,55
24,1,1,1,1,3,0,82
23,1,1,0,2,3,0,67
23,0,1,1,1,3,1,99
20,1,0,1,2,3,1,87
19,1,0,1,1,3,1,79
13,1,0,0,1,0,1,186
21,1,0,1,1,3,0,74
23,1,0,1,1,3,0,82
21,0,0,0,1,0,1,188
23,0,0,0,1,3,2,172
25,1,0,1,1,3,0,121
24,1,0,1,1,3,1,82
22,0,0,1,1,3,1,126
24,0,0,0,1,3,0,74
23,0,0,1,1,3,1,126
24,1,0,0,1,3,0,82
24,0,1,1,1,3,1,74
17,0,1,1,4,3,3,120
21,0,1,1,2,3,3,84
17,0,1,1,1,3,3,74
20,1,1,1,3,3,2,55
19,1,1,1,2,3,1,86
13,1,1,1,1,3,2,46
11,1,1,1,2,3,2,83
13,0,1,1,1,3,3,110
15,1,1,1,2,3,2,46
21,0,1,1,3,3,1,88
23,1,1,0,1,3,0,76
17,0,1,1,2,3,3,95
23,1,1,1,1,3,0,82
20,1,1,1,1,3,3,86
15,1,1,1,2,3,2,94
22,0,1,1,2,3,2,88
22,0,1,1,1,3,2,88
24,0,1,1,1,3,2,67
22,0,1,1,1,3,3,74
21,0,1,1,2,3,2,99
21,1,1,1,1,6,1,67
22,0,1,1,1,3,3,100
17,0,1,1,2,3,2,70
19,0,1,1,1,3,3,63
20,1,1,1,2,3,0,79
21,0,1,1,1,3,2,99
22,1,1,1,1,3,0,83
23,0,1,1,1,3,0,89
19,1,1,1,2,3,0,79
21,0,1,1,2,3,2,89
19,1,1,1,1,3,1,86
21,0,1,1,2,3,3,69
17,1,1,1,1,3,0,70
21,0,1,1,2,3,1,62
18,0,1,1,1,3,1,74
17,0,1,1,2,3,2,68
19,0,1,1,2,3,2,140
23,0,0,1,1,3,1,74
17,1,1,1,1,3,0,90
22,0,0,1,1,3,1,84
21,0,0,1,1,3,1,75
18,0,0,1,1,3,2,138
16,1,0,1,1,3,0,67
22,0,0,1,1,3,1,89
21,0,0,1,1,3,2,99
24,1,0,1,1,3,0,85
26,1,1,1,1,3,1,89
23,0,0,1,1,3,2,140
25,1,1,1,1,3,0,95
24,0,1,1,1,3,1,138
24,1,1,1,1,3,0,82
23,0,1,1,1,3,1,74
19,1,1,1,2,3,1,55
22,1,1,1,1,3,0,117
20,0,1,1,2,3,2,69
22,1,1,1,1,3,0,82
22,1,1,1,1,3,0,82
23,0,1,1,1,3,1,88
23,0,1,1,1,3,1,108
15,0,1,1,2,3,2,67
23,0,1,1,1,3,1,89
19,0,1,1,2,3,1,69
21,0,1,1,1,6,1,56
23,2,1,1,1,3,3,58
22,0,1,1,1,3,3,88
20,0,1,1,1,3,2,68
22,0,1,1,2,3,2,101
20,1,1,1,1,6,0,67
25,1,1,1,1,3,0,82
20,1,1,1,1,3,0,79
18,0,1,1,2,3,1,75
23,0,1,1,1,3,1,148
16,0,1,1,2,3,3,75
16,0,1,1,3,3,3,90
21,0,1,1,2,3,3,100
24,0,1,1,1,3,0,74
18,2,1,1,2,3,1,63
24,0,1,0,1,3,1,126
26,1,1,1,1,3,0,47
25,1,1,1,1,3,0,82
21,0,1,1,1,3,2,89
22,0,1,1,1,3,2,88
25,1,1,0,1,3,0,82
18,0,1,1,4,3,3,102
26,1,1,1,2,3,1,82
17,0,1,1,1,3,3,74
23,0,1,1,1,3,1,109
18,0,1,1,3,3,3,69
23,0,1,1,1,3,1,88
19,1,1,1,1,3,2,67
23,0,1,1,1,3,0,74
22,1,1,1,1,3,1,67
22,1,1,1,1,3,0,47
25,0,1,0,1,3,1,74
23,1,0,0,1,3,2,187
23,0,0,1,1,3,0,88
23,1,0,0,1,3,1,187
20,0,0,1,1,3,2,84
21,0,0,0,1,3,1,126
17,0,1,1,1,3,3,62
22,1,1,1,1,3,0,82
19,1,1,1,2,3,0,79
22,1,1,1,1,3,0,55
16,1,1,1,1,3,1,46
22,1,1,1,1,3,1,34
20,0,1,1,1,3,3,140
20,0,1,1,1,3,3,140
16,1,1,1,1,3,1,65
21,0,1,0,1,3,1,100
15,1,1,1,3,3,2,46
18,0,1,1,2,3,2,68
23,0,1,1,1,3,1,89
24,0,1,1,1,3,0,89
23,1,1,1,1,3,0,83
23,0,1,1,1,3,0,89
20,0,1,1,1,3,1,140
19,1,1,1,2,3,1,55
14,0,1,1,3,3,3,70
22,1,1,0,2,3,2,121
19,1,1,1,1,3,0,67
23,0,1,1,1,3,1,88
21,0,1,1,3,3,1,88
18,0,1,1,3,3,3,78
22,0,1,1,2,3,2,99
25,1,1,1,1,3,0,80
20,0,1,1,1,3,2,74
22,0,1,1,1,3,1,99
21,0,1,1,2,6,3,72
25,1,1,1,1,3,0,82
20,0,1,0,1,3,2,120
17,1,1,1,1,3,0,66
20,0,1,1,3,3,3,140
22,1,1,1,1,3,0,55
23,1,1,1,1,3,1,84
20,1,1,1,1,3,1,82
14,0,1,1,4,3,2,74
23,1,1,1,1,6,0,67
23,1,1,0,1,3,1,67
16,0,0,1,2,3,3,68
25,0,1,1,1,3,0,115
21,0,1,1,1,3,1,101
24,0,1,1,1,3,1,153
21,1,1,1,2,3,0,82
18,1,1,1,1,3,2,86
22,0,1,1,2,3,1,77
14,1,1,1,2,3,0,68
22,0,1,1,1,6,3,74
25,1,1,0,1,3,0,83
26,2,1,1,1,3,0,62
23,1,1,1,1,3,0,82
23,1,1,1,1,3,1,91
18,0,1,1,3,3,2,74
20,1,1,1,1,3,0,67
23,0,1,1,1,3,3,88
19,0,1,1,2,3,3,108
18,0,1,1,4,3,3,68
9,1,1,1,2,3,2,125
23,0,1,1,1,3,2,99
17,0,1,1,4,3,3,89
18,0,1,1,2,3,3,74
17,1,1,1,3,3,1,67
17,0,1,1,1,3,2,68
15,0,1,0,4,0,2,241
15,0,1,1,2,3,3,62
10,1,1,1,2,3,2,46
15,0,1,1,2,3,3,53
19,0,1,1,2,3,3,115
15,0,1,1,4,3,3,102
17,1,1,1,2,3,1,67
18,1,1,1,2,3,1,79
11,1,1,1,2,3,3,88
17,1,1,1,3,3,2,67
18,0,1,1,2,3,2,84
20,0,1,1,2,3,2,89
12,1,1,1,2,3,3,100
15,1,1,1,1,3,2,46
24,1,1,1,1,3,0,84
25,1,1,1,1,3,0,72
22,0,1,1,1,3,3,88
23,1,1,1,1,3,0,82
24,1,1,1,1,3,0,108
20,1,1,1,2,3,1,67
22,1,1,1,1,3,1,89
17,0,1,1,2,3,2,63
13,0,1,1,3,3,3,63
18,0,1,1,3,3,3,67
14,1,0,1,1,3,0,67
23,1,0,1,1,6,0,54
20,0,0,1,1,3,1,71
17,1,0,1,1,3,2,89
20,0,0,1,1,3,1,67
24,0,1,0,1,3,0,126
23,0,0,0,1,3,0,172
19,0,0,0,1,3,2,148
18,0,0,1,1,3,2,63
25,1,0,0,1,3,0,82
24,1,0,1,1,3,0,75
24,0,0,1,1,3,0,153
16,0,0,1,1,3,2,87
20,1,0,0,2,3,0,104
22,0,0,1,1,3,2,148
23,0,0,1,1,3,1,84
22,0,0,1,1,3,1,89
21,1,0,1,1,3,0,83
22,1,0,0,1,3,0,89
11,1,1,1,1,3,0,70
23,1,1,1,1,3,0,47
20,0,1,1,1,6,1,72
19,0,1,1,2,6,1,58
24,0,1,1,1,3,0,84
6,0,1,1,2,6,2,36
21,1,1,1,1,3,1,83
21,0,1,1,1,3,3,99
21,0,0,1,1,3,2,74
15,1,1,1,1,3,0,46
24,1,1,1,1,3,0,82
23,1,1,0,1,3,0,67
24,1,1,1,1,3,0,82
23,1,1,1,1,3,1,53
15,1,1,1,1,3,0,46
18,0,1,1,1,3,3,89
22,1,1,1,1,3,1,83
22,0,1,1,3,3,1,120
25,0,1,1,1,3,0,138
21,0,1,1,2,3,2,90
20,0,1,1,1,3,2,62
22,1,1,1,1,3,0,47
21,1,1,1,3,3,1,67
22,1,1,1,1,6,0,82
18,0,1,1,2,3,2,140
17,1,1,1,1,3,2,64
15,0,1,0,2,3,3,120
23,1,1,0,1,3,0,67
16,1,1,1,1,3,3,79
19,0,1,1,2,3,2,126
23,1,1,1,1,3,3,89
19,0,1,1,1,3,3,89
19,0,1,1,2,3,1,89
21,1,1,1,1,3,0,47
10,1,1,1,3,3,2,46
21,0,1,1,2,3,2,99
19,0,1,1,3,3,3,89
18,0,1,1,3,3,1,105
25,1,1,1,1,3,0,89
18,0,1,1,2,3,3,65
14,0,1,1,1,3,2,70
23,1,1,1,1,3,0,82
19,1,1,1,2,6,3,85
19,0,1,1,1,3,0,101
24,0,1,1,1,3,0,99
21,0,1,1,1,3,2,88
14,1,1,1,1,3,1,79
19,0,1,1,1,3,3,89
23,0,1,1,1,3,3,88
22,0,1,0,1,3,1,172
19,0,1,1,1,3,2,100
21,0,1,1,1,3,2,89
21,0,1,1,2,3,0,99
22,0,1,1,2,3,2,74
15,1,1,1,2,6,2,62
13,0,1,0,4,0,3,181
13,1,1,1,2,3,2,64
17,1,1,0,2,0,2,204
24,0,1,1,1,3,0,99
21,0,1,1,1,3,1,89
21,0,1,1,1,3,1,120
16,2,1,1,2,3,3,33
15,1,1,1,3,3,1,80
23,1,1,1,1,3,0,87
20,0,1,1,1,3,3,126
18,0,1,1,3,3,2,104
21,0,1,1,2,3,2,89
24,0,1,1,2,3,0,88
19,0,1,1,3,3,2,126
21,0,1,1,1,3,1,88
22,1,1,1,2,3,1,87
17,1,1,1,2,3,2,79
17,1,1,1,2,3,2,64
20,0,1,1,1,3,3,108
15,1,1,1,1,3,2,80
17,0,1,1,2,3,2,90
17,1,1,1,2,3,2,79
16,1,1,1,1,3,0,46
17,0,1,1,1,3,2,89
13,1,1,1,2,3,3,82
17,0,1,1,3,3,3,104
23,1,1,1,1,3,0,84
19,0,1,1,2,3,3,140
24,1,1,1,1,3,0,47
16,2,1,1,2,3,2,58
18,0,1,1,1,3,1,70
8,1,1,1,4,3,3,94
19,0,1,1,3,3,3,74
15,1,1,1,2,3,2,79
24,0,1,1,1,3,0,75
17,0,1,1,1,3,2,68
24,1,1,1,1,3,1,53
20,0,1,1,3,3,3,62
17,1,1,1,1,6,0,62
25,1,1,1,1,3,0,82
21,1,1,1,2,3,3,53
24,0,1,1,2,3,2,74
17,1,1,1,2,3,3,62
22,0,1,1,1,3,3,70
16,1,1,1,2,3,3,67
12,1,1,1,2,3,2,46
21,1,1,0,1,3,1,87
21,1,1,0,1,3,1,87
20,1,1,1,3,3,1,87
23,1,1,1,1,3,2,55
14,1,1,1,2,3,3,35
21,0,1,1,1,3,2,89
19,0,1,1,1,3,1,89
24,0,1,1,2,3,0,105
24,1,1,0,1,3,0,82
24,1,1,1,2,3,0,83
18,0,1,1,1,3,2,74
23,0,1,1,1,3,2,70
21,0,1,1,1,3,1,176
15,0,1,1,2,3,1,53
21,0,1,1,2,3,0,140
16,1,1,1,2,3,2,70
12,1,1,1,3,3,2,130
16,1,1,1,1,3,0,67
17,0,1,1,2,3,3,87
15,1,1,1,2,6,3,67
22,0,1,1,1,6,2,92
14,1,1,1,2,3,3,78
16,0,1,1,2,3,2,106
14,0,1,1,2,3,3,106
17,0,1,1,2,3,3,68
24,1,1,1,1,3,0,121
24,1,1,0,1,3,0,83
25,1,1,0,2,3,0,82
25,1,1,1,1,3,0,82
19,0,1,1,1,3,2,70
23,1,1,0,1,3,0,67
20,1,1,1,1,3,0,55
20,0,1,1,2,3,2,89
22,0,1,1,1,3,2,88
21,0,1,1,1,3,1,70
19,0,1,1,2,3,3,74
17,0,0,1,1,3,3,102
22,1,1,1,1,3,0,84
20,0,1,1,1,3,2,95
19,0,0,1,2,3,3,84
19,1,0,1,1,3,2,79
22,1,1,1,1,3,0,82
23,0,1,1,1,3,1,74
17,0,0,1,2,3,2,102
17,0,1,1,2,3,3,102
17,0,1,1,2,3,3,102
25,1,0,1,1,3,0,87
24,0,0,1,1,3,0,99
24,0,0,1,1,3,0,99
16,0,1,1,1,3,3,102
24,1,1,1,1,3,0,82
14,1,1,1,3,3,1,67
17,0,0,1,1,3,2,68
17,0,1,1,4,3,2,126
9,1,1,1,1,3,0,37
20,0,1,1,1,3,1,89
24,0,1,1,1,3,1,88
26,1,1,1,1,6,0,67
14,0,1,1,2,3,1,75
25,1,1,1,1,3,0,82
24,0,1,1,1,3,0,88
17,0,1,1,2,3,0,126
20,0,1,1,1,3,2,194
25,0,1,1,1,3,0,153
23,0,1,1,1,3,0,99
23,0,1,1,1,3,0,170
9,1,1,1,1,3,1,67
25,0,1,0,2,3,0,153
22,1,1,1,1,3,1,67
18,0,1,1,1,3,3,74
21,0,1,0,2,3,2,140
24,1,1,1,1,3,0,47
24,1,1,1,2,3,0,108
19,1,1,1,1,3,2,86
19,0,1,1,1,3,3,70
25,1,1,1,1,3,0,73
13,0,1,1,2,3,2,75
22,1,1,0,1,3,1,82
14,0,1,1,3,3,3,120
23,1,1,1,1,3,0,67
23,1,1,1,1,3,0,83
24,1,1,1,1,3,0,84
25,0,1,1,2,3,0,74
24,0,1,1,1,3,0,120
17,0,1,1,1,3,2,63
17,0,1,1,1,3,2,63
19,0,1,1,1,3,2,89
22,1,1,1,1,3,1,82
18,0,1,1,2,3,3,70
25,1,1,1,1,3,1,82
23,1,1,1,1,3,0,67
17,0,1,1,1,3,3,69
17,1,1,1,2,3,3,67
23,0,1,1,1,3,1,120
17,0,1,1,1,3,3,171
21,0,1,1,1,3,2,75
22,0,1,1,2,3,2,89
21,0,1,1,1,3,2,75
22,0,1,1,1,3,2,74
21,0,1,1,3,3,2,71
21,0,1,1,1,3,2,89
20,0,1,1,2,3,3,89
25,1,1,1,1,3,2,67
24,1,1,1,1,3,1,84
22,0,1,1,1,3,1,100
19,1,1,1,1,3,0,47
18,0,1,1,1,3,2,104
21,0,1,1,2,3,2,71
17,0,1,1,2,3,3,68
15,1,1,1,2,3,2,66
23,0,1,1,1,3,0,62
13,1,1,1,2,3,1,65
20,1,1,1,2,3,1,117
23,0,1,1,1,3,1,89
20,1,1,1,2,3,2,55
20,1,1,1,1,3,0,47
21,0,1,1,1,3,3,140
20,1,1,1,1,3,1,117
19,0,1,1,1,3,3,138
16,0,1,1,1,3,3,102
19,0,1,1,2,3,3,140
26,1,1,1,1,3,0,47
19,1,1,1,2,3,1,47
19,0,1,1,1,3,0,69
20,1,1,1,1,6,2,99
20,1,1,1,1,3,0,47
19,1,1,1,1,3,2,55
22,0,1,1,1,3,2,75
23,1,1,1,1,3,1,55
18,0,1,1,1,3,3,62
24,0,1,1,1,3,1,74
24,0,1,1,1,3,1,45
25,0,1,1,1,3,0,62
25,1,1,1,1,3,0,103
23,0,0,1,1,3,1,88
16,0,1,1,1,3,3,74
22,0,1,1,1,3,0,71
18,1,1,1,2,3,2,86
19,1,1,1,1,3,2,100
23,0,1,1,2,3,1,140
22,1,1,1,2,3,0,82
17,1,1,1,3,3,2,80
18,1,1,1,1,6,1,79
16,1,1,1,1,3,3,73
23,1,1,1,3,3,2,37
21,1,1,1,2,3,0,67
18,0,1,1,2,3,2,138
14,0,1,1,1,3,2,63
14,1,1,0,2,3,3,80
11,0,1,1,1,6,3,80
15,0,1,1,2,3,2,75
23,1,1,1,1,3,0,89
10,1,1,1,2,3,3,165
17,0,1,1,4,3,3,63
18,1,1,1,1,3,3,73
23,1,1,1,1,3,1,53
23,0,1,1,1,3,0,89
22,0,1,1,1,3,1,74
24,1,1,1,1,3,1,87
19,0,1,1,2,3,2,126
26,0,1,1,1,3,1,140
18,0,1,1,2,3,2,126
25,0,1,1,1,3,1,89
23,1,1,1,2,3,0,82
13,1,1,1,2,3,2,68
20,1,1,1,2,3,1,55
20,1,1,1,2,3,2,79
17,0,1,1,2,3,2,74
18,0,1,1,2,3,2,126
25,1,1,0,1,3,0,82
23,0,1,1,2,3,0,74
20,0,1,1,1,3,3,67
22,0,1,1,3,3,1,70
25,0,1,1,1,3,0,109
17,1,1,1,1,3,1,67
22,0,1,1,2,3,2,77
23,0,1,1,1,3,1,126
23,1,1,1,2,3,0,82
21,0,1,1,1,3,0,67
22,1,1,1,3,3,2,86
18,0,1,1,1,3,2,89
21,1,1,1,2,3,2,67
18,0,1,1,3,3,3,108
17,0,1,1,2,3,3,89
24,0,1,1,1,3,1,140
17,1,1,1,1,3,2,94
18,2,1,1,2,3,2,62
14,1,1,1,2,3,1,37
16,0,1,1,1,3,3,70
18,0,1,1,1,3,1,67
17,0,0,1,1,3,2,90
20,0,0,1,1,3,2,74
23,0,0,1,1,3,0,99
18,0,0,1,2,3,2,140
21,0,0,1,1,3,2,99
17,1,0,1,1,3,1,89
20,0,0,1,1,3,2,74
20,0,0,1,1,3,2,74
22,1,0,1,1,3,1,55
23,1,0,1,1,3,1,84
24,0,0,1,1,3,2,89
18,0,0,1,1,3,3,67
19,0,0,1,2,3,2,74
19,0,0,1,2,3,2,74
23,0,0,1,1,3,0,74
22,0,0,1,2,3,3,104
19,0,0,1,2,3,2,74
17,1,0,1,3,3,2,118
18,1,0,1,1,3,0,82
22,0,0,1,1,3,2,74
24,1,1,1,1,3,0,87
13,1,1,1,1,3,2,68
18,0,1,1,1,3,2,138
23,1,1,1,1,3,0,82
21,1,1,1,1,3,1,82
22,1,1,1,1,3,0,67
23,1,1,1,1,3,0,80
18,0,1,1,1,3,1,74
21,0,1,1,1,3,0,89
17,0,1,1,1,3,2,138
14,1,1,1,2,3,1,68
22,0,1,1,1,3,1,74
21,0,1,1,1,3,1,62
23,0,1,1,2,3,2,88
22,0,1,1,1,3,3,99
19,0,1,1,1,6,1,58
23,0,1,1,1,3,2,70
19,0,1,1,1,3,3,67
12,0,1,1,1,6,2,80
21,0,1,1,2,3,2,89
12,2,1,1,3,3,3,58
13,1,1,1,4,3,3,67
15,0,1,1,3,3,3,74
16,0,1,1,2,3,2,75
13,1,1,1,3,3,2,67
23,1,1,1,2,3,0,55
21,0,1,1,1,3,1,120
17,1,1,1,1,3,2,68
12,1,1,1,4,3,3,67
25,1,1,0,1,3,0,82
16,1,1,1,4,3,2,79
21,1,1,1,1,3,3,82
18,0,1,1,2,3,3,102
20,0,1,1,1,3,0,74
23,0,1,1,1,3,1,74
19,1,1,1,1,3,2,87
22,0,1,1,1,3,2,74
12,0,1,1,2,3,3,68
19,0,1,1,1,3,3,70
18,0,1,1,2,3,3,120
20,0,1,1,1,3,3,67
18,2,1,1,1,3,0,68
23,1,1,1,1,3,0,55
23,0,1,1,1,3,3,67
20,2,1,1,2,3,2,62
19,1,1,1,2,3,2,148
16,1,1,1,3,3,2,118
11,1,1,1,4,3,3,67
14,1,1,1,3,3,2,68
23,1,1,1,1,3,1,82
20,0,1,1,2,3,0,89
18,1,1,1,2,3,3,198
23,2,1,1,1,3,1,58
22,0,1,1,2,3,2,67
21,0,1,1,1,3,3,101
17,1,1,1,2,3,2,46
12,0,1,1,2,3,3,102
21,1,1,1,2,3,2,86
16,0,1,1,2,3,3,74
21,0,1,1,2,3,2,101
18,0,1,1,2,3,2,84
15,1,1,1,3,3,2,86
19,0,1,1,3,3,3,99
16,1,1,1,1,6,3,62
25,0,1,0,1,3,0,88
20,1,1,1,2,3,1,67
23,0,1,1,1,3,2,89
20,0,1,1,3,3,2,74
22,1,1,1,1,3,2,86
20,0,1,1,2,3,2,141
17,0,1,1,2,3,3,102
16,0,1,1,2,3,3,102
24,0,1,1,1,3,0,63
23,0,1,1,1,3,1,88
23,0,1,1,1,3,2,69
19,1,1,1,2,3,0,86
19,1,1,1,2,3,1,67
15,1,1,1,2,3,2,62
13,1,1,1,2,3,2,63
20,0,1,1,1,3,3,89
18,1,1,1,1,3,2,55
24,1,1,1,1,3,0,55
25,0,1,1,1,3,0,99
23,0,1,1,1,3,2,74
17,0,1,1,1,3,3,102
12,1,1,1,2,3,2,64
1,1,1,1,1,3,2,37
21,0,1,1,1,3,3,140
15,1,1,1,1,3,1,46
23,1,1,1,1,3,1,84
16,0,1,1,2,3,3,102
22,1,1,1,2,3,0,67
16,1,1,1,3,3,3,67
21,1,1,0,1,3,1,89
23,1,0,1,1,3,0,82
23,1,0,1,1,3,0,82
18,0,0,1,1,3,2,74
18,0,1,1,1,3,1,68
18,0,0,1,1,3,2,89
22,0,1,1,2,3,1,140
22,1,1,1,1,3,0,91
24,0,1,0,1,3,1,126
21,1,1,1,3,6,0,67
17,0,1,1,1,3,2,74
19,1,1,1,2,3,1,55
22,2,1,1,2,3,1,58
22,1,1,1,1,3,0,82
18,0,1,1,2,3,3,102
19,0,1,1,2,3,3,75
17,0,1,1,2,3,3,74
24,0,1,1,1,3,0,108
16,0,1,1,2,3,2,69
9,1,1,1,3,3,3,60
17,0,1,1,3,3,3,64
20,0,1,1,2,3,3,74
23,0,1,1,2,3,1,99
14,1,1,1,2,3,3,46
22,1,1,1,2,3,0,67
16,1,1,1,3,3,2,66
13,1,1,1,3,3,3,103
24,1,1,1,1,3,2,121
17,1,1,1,2,3,1,74
22,1,1,1,1,3,0,55
24,1,1,1,1,3,0,67
23,0,1,1,1,3,1,88
21,0,1,1,2,3,3,74
23,0,1,1,1,3,0,170
24,1,1,1,1,3,0,108
22,1,1,1,2,6,1,62
22,0,1,1,2,6,1,56
18,1,1,1,2,3,1,38
20,1,1,1,1,3,2,86
18,0,1,1,2,3,3,89
18,1,1,1,1,3,2,55
19,0,1,1,1,3,2,63
18,1,1,1,2,3,2,55
21,1,1,1,1,3,0,82
22,0,1,1,1,3,1,74
18,0,1,1,1,3,2,89
17,1,1,1,1,3,0,67
19,0,1,1,1,3,2,63
24,0,1,1,1,3,0,105
13,0,1,1,1,3,3,102
20,0,1,1,1,3,3,75
23,2,1,1,1,3,1,58
17,0,1,1,2,3,2,126
20,1,1,1,1,3,0,67
20,0,1,1,1,3,2,70
22,0,1,1,1,3,3,100
22,1,1,1,1,3,0,67
23,0,1,1,1,3,1,99
19,0,1,1,2,3,3,74
20,0,1,1,2,3,3,108
21,0,1,1,1,3,1,89
18,0,1,1,3,3,3,140
21,0,1,1,1,3,3,142
16,0,1,1,4,3,3,138
21,0,1,1,1,6,2,92
23,1,0,1,1,3,1,67
19,0,0,1,2,3,2,99
24,0,1,1,1,3,0,99
14,1,1,1,2,3,2,67
21,0,1,1,1,6,2,92
16,1,1,1,1,3,2,116
22,0,1,1,1,3,1,100
18,0,1,1,2,6,1,75
24,1,1,1,1,3,0,89
21,0,1,1,1,6,3,92
25,1,1,0,1,3,0,82
23,1,1,1,1,3,0,82
19,2,1,1,2,3,2,47
22,1,1,1,1,3,0,47
15,1,1,1,1,3,1,46
25,1,1,1,1,3,0,82
22,1,1,1,1,3,0,55
23,1,1,1,1,3,1,89
20,0,1,1,2,3,3,120
19,0,1,1,2,6,3,75
25,1,1,1,1,3,0,110
9,1,1,1,4,3,2,67
21,0,1,1,2,3,2,99
18,1,1,1,1,3,2,67
20,1,1,1,3,3,1,103
8,1,1,1,1,3,1,80
15,1,1,1,1,3,1,46
16,0,1,0,2,0,3,241
19,0,1,1,1,3,1,120
21,0,1,1,1,3,2,89
19,0,1,1,2,3,2,89
18,0,1,1,1,6,2,58
23,0,1,1,2,3,0,89
22,0,1,1,1,3,2,126
16,0,1,1,2,3,2,90
17,1,1,1,2,6,0,62
18,1,1,1,1,3,3,98
20,1,1,1,2,3,1,82
21,1,1,1,2,3,2,82
20,1,1,1,2,3,1,86
7,1,1,1,1,6,3,53
21,1,1,1,1,3,1,82
23,0,1,1,1,3,0,74
22,0,1,1,1,3,2,126
15,0,1,1,3,3,3,69
23,1,1,1,1,3,0,82
15,0,1,1,3,3,3,69
22,1,1,1,1,3,1,84
18,0,1,1,2,3,2,71
17,0,1,1,2,3,2,90
18,2,1,1,1,3,3,55
19,0,1,0,1,3,3,184
13,0,1,1,2,3,3,54
23,1,1,1,2,3,1,84
23,1,1,1,2,3,0,84
18,0,1,1,2,3,3,78
18,0,1,1,2,3,3,108
16,0,1,1,1,3,3,75
15,0,1,0,2,3,3,120
23,0,1,1,2,3,2,63
16,0,1,1,2,3,3,63
17,1,1,1,1,3,2,67
21,0,1,1,2,3,3,99
18,0,1,1,1,3,3,70
17,0,1,1,2,3,3,53
20,1,1,1,1,3,0,82
25,0,1,1,1,3,0,99
20,0,1,1,1,3,3,120
24,0,1,1,1,3,0,99
17,1,1,1,3,3,2,68
22,0,1,0,1,3,3,126
22,0,1,1,1,3,3,126
20,0,1,1,2,3,2,105
17,0,1,1,2,3,1,74
17,1,1,1,1,3,1,68
21,0,1,1,1,3,1,99
20,0,1,1,1,3,2,74
21,1,1,1,1,3,0,82
22,0,1,1,1,3,0,74
23,0,1,1,1,3,0,140
24,0,1,1,1,3,1,109
23,0,1,1,1,3,0,126
23,1,0,1,1,3,0,82
21,0,0,1,1,3,1,140
19,0,1,1,1,3,1,74
16,1,1,1,1,6,2,79
20,1,1,1,1,3,1,86
14,0,1,1,4,3,3,120
22,0,1,1,2,3,2,77
21,0,1,1,2,3,2,99
2,1,1,1,2,3,0,37
24,1,1,0,2,3,0,67
21,0,1,1,1,3,3,67
6,0,1,1,4,3,3,68
16,0,1,1,3,3,3,75
22,0,1,1,1,3,2,140
15,0,1,1,2,3,3,68
14,0,1,1,4,3,3,120
17,0,1,1,2,3,3,75
14,0,1,1,2,3,2,75
24,1,1,0,1,3,1,89
14,1,1,1,2,3,1,103
13,1,1,1,2,3,2,46
20,0,1,1,1,3,3,103
19,0,1,1,2,3,3,112
23,1,1,1,1,3,0,83
23,1,1,1,1,3,1,67
21,0,1,1,1,3,1,126
14,1,1,1,2,3,1,70
24,1,1,1,2,3,1,84
22,0,1,1,2,3,0,69
15,0,1,1,1,3,2,138
18,0,1,1,1,3,3,112
20,0,1,1,2,3,2,140
23,0,1,1,1,3,2,70
17,0,1,1,3,3,3,74
24,1,1,1,1,3,0,121
23,1,1,1,1,3,0,47
23,1,1,0,1,3,0,82
23,0,1,1,1,3,2,99
21,0,1,1,1,3,3,99
18,0,1,1,2,3,2,104
17,0,1,0,2,6,2,148
23,1,1,1,1,3,0,82
16,1,1,1,1,3,2,67
18,0,1,1,1,3,3,74
25,1,1,0,1,3,0,82
15,1,1,1,3,6,3,63
15,1,1,1,1,3,3,105
13,0,1,1,3,3,2,70
24,0,1,1,1,3,1,89
20,0,1,1,1,6,1,56
20,1,1,1,2,3,1,47
18,0,1,1,1,3,3,74
23,1,1,1,1,3,1,84
24,1,1,1,1,3,0,121
20,0,1,1,1,3,3,99
16,1,1,1,1,3,1,80
11,1,1,1,4,3,1,67
20,0,1,1,1,3,2,112
25,1,1,1,1,3,0,68
24,0,1,1,1,3,0,99
23,1,1,1,1,3,0,82
19,0,1,1,1,3,2,74
21,1,1,0,2,3,2,82
12,1,1,1,1,3,1,46
18,1,1,1,1,3,0,79
19,0,1,1,2,3,2,138
12,0,1,1,1,3,2,117
16,0,1,1,4,3,2,74
19,0,1,1,2,3,3,62
19,1,1,1,3,3,1,37
24,0,1,1,1,3,1,153
18,0,1,1,4,3,3,84
16,1,1,1,2,3,2,132
22,1,1,1,1,3,0,67
23,0,1,1,1,3,1,84
16,0,1,1,2,3,2,70
14,1,1,1,2,3,1,103
19,0,1,1,1,3,3,89
21,1,1,1,1,3,2,82
12,0,1,1,2,3,3,83
25,0,1,1,1,3,0,99
24,1,1,1,1,3,0,95
25,1,1,0,1,3,0,118
24,0,1,1,1,3,1,99
25,1,0,0,1,3,0,141
20,0,1,1,1,3,3,89
17,0,1,1,1,3,2,74
21,0,1,1,1,3,1,74
8,0,1,1,1,3,3,83
21,0,1,1,1,3,2,90
22,0,1,1,2,3,3,71
23,1,1,1,1,3,0,82
21,0,1,1,2,3,3,70
14,0,1,1,2,3,3,102
23,1,1,1,1,3,2,47
22,0,1,1,1,3,2,88
22,1,1,1,2,3,0,83
19,0,1,1,1,3,3,89
22,0,1,1,1,3,2,126
18,1,1,1,1,3,2,62
4,1,1,1,2,3,2,37
11,1,1,1,2,3,2,70
18,0,1,1,2,3,3,100
25,1,1,1,1,3,0,83
22,0,1,1,1,3,2,69
25,1,1,1,1,3,0,84
12,1,1,1,2,3,3,60
19,0,1,1,2,3,2,74
23,1,1,1,1,3,0,82
24,1,1,1,1,3,0,82
24,0,1,1,1,3,0,108
20,0,1,0,1,3,3,120
20,0,1,1,2,3,1,140
12,1,1,1,1,0,1,178
21,1,1,1,1,3,0,110
16,1,1,1,2,3,1,138
21,1,1,1,1,3,0,110
17,1,1,1,1,3,0,86
18,0,1,1,1,3,3,74
13,1,1,1,1,3,3,63
13,1,1,1,3,3,3,105
13,1,1,1,1,3,0,64
24,1,1,1,1,3,0,47
21,0,1,1,1,3,1,74
22,1,1,1,1,3,0,82
17,1,1,1,2,3,3,73
25,1,1,1,1,3,0,88
19,1,1,1,2,3,1,37
20,1,1,1,3,3,2,82
18,0,1,1,2,3,3,100
14,1,1,1,3,3,2,64
14,1,1,1,2,3,2,68
18,0,1,1,2,3,3,115
21,0,1,1,1,3,2,108
21,0,1,1,1,3,2,63
17,0,1,1,2,3,3,75
25,1,1,0,1,3,0,82
16,1,1,1,1,3,2,80
14,0,1,1,3,3,2,120
21,0,1,1,2,3,3,67
18,1,1,1,2,3,3,55
4,1,1,1,3,6,3,77
12,0,1,1,3,3,3,66
24,0,1,1,1,3,1,84
22,0,1,0,2,0,1,136
21,0,0,1,1,3,3,90
21,0,0,1,1,3,3,74
23,1,0,0,2,3,0,178
20,0,0,1,3,3,3,70
19,0,0,1,1,3,3,89
25,0,0,1,0,3,0,109
22,0,0,0,2,3,1,183
24,1,0,0,1,3,0,67
24,1,0,1,1,3,0,67
20,0,0,1,1,3,3,126
16,0,0,0,1,0,3,188
18,0,0,0,1,3,3,175
21,1,0,1,1,3,2,82
17,0,0,0,1,0,2,170
19,0,0,1,1,3,3,99
25,0,1,0,1,3,0,108
23,0,1,1,1,3,1,148
23,0,1,1,2,3,0,170
26,1,1,1,1,3,0,109
20,1,1,1,1,3,0,86
16,1,1,1,1,3,1,46
22,1,1,1,1,3,0,87
17,1,1,1,2,3,1,46
18,0,1,1,1,3,1,104
21,0,1,1,1,3,0,104
18,0,1,1,1,3,3,138
17,0,1,1,2,3,2,120
22,0,1,1,1,3,2,88
23,1,1,1,1,3,0,67
23,1,1,1,1,3,0,82
14,1,1,1,3,3,2,62
17,0,1,1,2,3,3,120
20,1,1,1,1,3,0,67
19,0,1,1,1,6,2,77
13,1,1,1,1,3,1,65
24,0,1,1,1,3,0,88
24,1,1,0,1,3,0,99
24,1,1,1,1,3,0,47
23,0,1,1,1,3,1,88
19,0,1,1,1,3,2,74
21,1,1,1,1,3,2,94
21,0,1,1,1,3,2,62
19,0,1,1,1,3,1,74
20,0,1,1,1,3,1,75
20,0,1,1,2,3,1,75
12,0,1,1,1,3,2,68
20,0,1,1,1,3,3,108
15,1,1,1,1,3,1,46
19,1,1,1,1,3,1,64
25,1,1,1,1,6,0,67
24,1,1,0,1,3,0,68
24,0,1,1,1,3,1,99
23,0,1,1,1,3,3,70
19,0,1,1,1,3,1,62
24,0,1,1,1,3,0,74
21,0,1,1,1,3,1,89
22,1,1,0,1,3,1,110
17,1,1,1,3,3,2,103
23,0,1,1,1,3,1,99
24,1,1,1,1,3,0,83
19,1,1,1,2,3,1,67
23,1,1,1,1,3,0,91
18,1,1,1,1,6,2,62
21,1,1,1,1,3,1,67
24,0,1,1,1,3,0,105
21,1,1,1,2,3,1,55
17,1,1,1,2,3,3,90
15,1,1,1,2,6,2,67
22,1,1,1,1,3,1,82
23,0,1,1,1,3,2,84
19,0,1,1,1,3,2,84
25,1,1,1,1,3,0,67
25,1,1,1,1,3,0,67
13,0,1,1,2,3,3,70
23,0,1,1,1,3,1,74
21,0,1,1,2,3,1,71
21,0,1,1,1,3,2,89
9,0,1,1,2,3,3,82
21,0,1,1,1,3,3,101
21,1,1,1,1,3,0,67
18,1,1,1,2,3,2,74
9,0,1,1,1,3,0,57
18,0,1,1,2,3,2,84
20,0,1,1,1,3,0,126
17,0,1,1,1,3,3,68
13,1,1,1,2,3,2,68
20,0,1,1,2,3,2,101
24,1,0,1,1,3,0,89
20,0,0,1,1,3,2,74
21,0,1,1,1,3,3,108
19,1,1,1,1,3,0,86
25,1,1,1,1,3,0,53
18,0,1,1,3,6,1,58
22,0,1,1,2,3,1,148
20,0,1,1,2,3,2,74
11,1,1,1,3,3,1,94
19,0,1,1,1,3,2,74
12,1,1,1,2,3,2,85
23,0,1,1,1,3,3,99
17,0,1,1,2,3,3,68
22,0,1,0,1,3,1,109
21,1,1,1,1,3,1,67
16,1,1,1,2,3,3,118
25,0,1,1,1,3,0,88
18,0,1,1,2,6,2,92
18,2,1,1,1,3,1,68
22,0,1,1,1,3,2,88
23,0,1,1,1,3,2,88
22,1,1,1,1,3,0,47
18,1,1,1,2,3,1,62
17,0,1,1,1,3,2,69
18,1,1,1,2,3,2,103
25,1,1,0,1,3,0,82
22,1,1,1,1,3,1,55
21,1,1,1,1,3,2,89
22,1,1,1,1,3,2,82
22,1,1,1,1,3,0,82
25,0,1,1,1,3,1,98
21,0,1,1,1,3,1,99
11,1,1,1,3,3,2,85
20,0,1,1,1,3,3,99
24,0,1,1,1,3,3,67
18,0,1,1,2,3,3,102
23,1,1,1,1,3,0,67
22,1,1,1,1,3,1,68
12,0,1,1,4,3,3,102
15,0,1,1,3,3,3,138
22,0,1,1,1,3,0,88
24,0,1,1,1,3,0,65
16,0,1,1,1,3,1,90
23,0,1,1,1,3,2,99
22,0,1,1,1,3,1,70
22,0,1,1,1,3,1,74
21,0,1,1,1,3,3,104
17,0,1,1,2,3,3,102
23,0,1,1,1,3,2,99
21,0,1,1,1,3,3,138
20,0,1,1,1,3,2,69
24,0,1,1,1,3,2,88
21,0,1,1,2,3,3,89
8,1,1,1,2,3,2,67
23,0,1,1,2,3,2,100
23,0,1,1,1,3,3,148
21,0,1,1,1,3,1,74
18,0,1,1,2,3,2,74
19,0,1,1,1,6,1,184
21,0,1,1,1,3,3,74
21,1,1,1,1,3,0,67
21,1,1,1,1,3,2,94
22,0,1,1,1,3,2,89
21,1,1,1,2,3,3,117
17,0,1,1,2,3,2,74
18,0,1,1,1,3,3,75
21,0,1,1,4,3,1,70
22,0,1,1,2,3,2,70
18,1,1,1,3,3,3,67
24,1,1,1,1,3,0,68
19,0,1,1,1,3,2,104
18,0,1,1,2,3,3,68
17,0,1,1,1,3,2,104
23,1,1,1,1,3,0,118
23,1,1,1,1,3,0,117
20,0,1,1,2,3,3,84
11,1,1,1,2,3,2,85
10,0,1,1,3,3,1,70
22,0,1,1,1,3,2,140
19,0,1,1,2,3,2,62
14,0,1,1,2,3,3,138
9,1,1,1,1,3,1,37
15,1,1,1,3,3,3,86
25,0,1,1,1,3,0,74
22,0,1,0,1,3,3,140
23,0,1,1,1,3,1,99
17,0,1,1,2,3,2,74
19,0,1,1,1,3,2,74
17,0,1,1,2,3,2,74
18,0,1,1,4,3,2,140
16,0,1,1,2,3,2,102
13,1,1,1,3,3,1,46
15,1,1,1,3,3,3,105
12,0,1,1,1,3,3,102
16,0,1,1,4,3,3,112
20,0,1,1,1,3,2,74
23,0,1,1,1,3,1,88
23,0,1,1,1,3,1,88
21,0,1,1,1,3,2,89
17,1,1,1,1,3,3,67
23,1,1,1,1,3,0,47
16,1,1,1,2,3,2,67
24,0,1,1,1,3,0,74
22,1,1,1,2,3,0,67
20,1,1,1,1,3,1,34
21,1,1,1,1,3,1,47
13,1,1,1,2,3,1,37
17,0,1,1,1,3,2,70
16,0,1,1,3,3,3,89
24,1,1,1,1,3,1,86
16,1,1,0,1,3,0,118
24,0,1,1,2,3,3,81
20,0,1,1,2,3,3,140
24,0,1,0,2,3,1,88
16,0,1,1,2,3,3,74
19,0,1,1,3,3,1,89
14,0,1,1,2,3,3,74
25,1,1,1,1,3,0,68
19,0,1,1,2,3,2,70
21,1,1,1,1,3,1,79
22,0,1,1,1,3,2,69
19,0,1,1,1,3,3,62
20,0,1,1,1,3,3,138
11,1,1,1,3,3,2,159
21,1,1,1,3,3,2,82
16,0,1,1,1,3,3,141
21,0,1,1,1,3,1,99
22,0,1,1,1,3,2,120
25,0,0,1,1,3,1,88
24,0,0,1,1,3,1,74
22,0,0,1,1,3,2,74
26,0,0,1,1,3,0,168
23,0,0,1,2,3,0,74
19,0,1,1,2,3,1,140
22,0,0,1,2,3,3,120
23,0,0,1,1,3,1,100
24,0,0,1,1,3,0,88
22,1,0,1,1,3,1,67
14,1,1,1,1,3,3,159
21,1,0,1,1,3,1,47
24,0,0,1,1,3,1,88
23,0,1,1,1,3,1,88
22,1,1,1,1,3,0,121
21,1,1,1,1,3,1,67
16,1,1,0,2,0,0,204
22,0,1,0,2,3,2,100
17,0,1,1,2,3,2,74
15,0,1,1,2,3,2,74
20,0,1,1,1,3,2,126
20,0,1,1,2,3,2,74
22,0,1,1,1,3,2,89
18,0,1,1,1,3,2,108
13,0,1,1,3,3,2,54
16,0,1,1,2,3,3,87
23,0,0,0,1,3,1,172
22,0,0,1,1,3,2,126
22,0,0,1,2,3,1,148
21,0,1,1,1,3,0,168
10,0,1,1,2,3,3,70
13,0,1,1,2,3,3,120
15,0,1,1,1,3,2,74
16,0,1,1,2,3,2,110
0,0,1,1,2,6,2,52
19,0,1,1,1,3,3,89
12,1,1,1,3,3,3,150
20,1,1,1,2,3,0,64
25,1,1,1,1,3,0,71
20,0,1,1,1,3,1,140
8,0,1,1,2,3,1,58
22,0,1,1,1,3,2,64
22,1,1,1,1,3,1,82
24,0,1,1,3,3,3,148
21,0,1,1,1,3,0,62
24,1,1,1,1,6,0,67
21,1,1,1,2,3,0,67
21,1,1,1,2,3,0,73
25,1,1,1,1,3,0,68
19,0,1,1,1,3,1,89
19,0,1,1,1,3,2,69
15,0,1,1,4,3,3,102
23,0,0,0,1,3,0,74
25,1,0,1,1,3,0,82
23,1,0,1,1,3,0,89
22,0,0,1,1,3,0,148
23,0,0,1,1,3,1,99
21,1,0,0,1,3,1,110
18,1,0,1,1,3,1,87
24,0,0,1,1,3,1,100
21,0,0,0,1,3,1,154
25,1,0,0,1,3,0,103
22,1,0,0,1,3,2,104
23,1,0,1,1,3,2,82
22,0,0,1,1,3,1,99
23,0,0,1,1,3,2,126
22,0,1,1,1,3,2,74
17,0,1,1,1,3,2,62
15,1,1,1,2,3,2,46
24,0,1,1,1,3,0,154
24,0,1,1,1,3,0,100
24,1,1,1,1,3,1,67
21,1,0,1,1,3,1,82
23,1,0,1,1,3,0,74
23,0,0,1,1,3,0,148
23,1,0,0,1,3,0,116
23,0,0,1,1,3,1,88
19,0,1,1,2,3,2,100
22,0,1,1,2,3,1,48
10,1,1,1,2,3,2,60
21,1,1,1,2,3,1,82
19,0,1,1,1,3,2,99
17,1,1,1,1,3,1,46
19,0,1,1,2,3,2,120
16,1,1,1,1,3,3,46
24,0,1,1,1,3,0,89
17,1,1,1,1,3,0,67
17,1,1,1,1,3,2,79
16,1,1,1,2,6,2,62
10,1,1,1,1,3,3,37
25,0,1,1,2,3,1,99
22,0,1,1,2,3,2,71
17,0,1,1,2,3,3,138
20,1,1,1,1,3,1,47
17,0,1,1,1,3,2,74
22,0,1,1,1,3,3,77
23,0,1,1,1,3,1,84
24,0,1,1,1,3,2,99
19,0,1,1,4,3,3,74
23,1,1,1,1,3,1,82
19,0,1,1,3,6,2,74
14,1,1,0,1,3,1,165
22,1,1,1,2,3,1,53
14,1,1,1,4,3,2,67
22,0,1,1,1,3,2,88
24,0,1,1,1,3,0,88
19,1,1,1,3,3,2,55
23,0,1,1,1,3,0,74
19,0,1,1,2,3,1,99
16,1,1,1,1,3,0,65
19,0,1,1,2,6,2,58
24,1,1,0,1,3,0,89
20,0,1,1,1,3,2,74
21,0,1,1,3,3,3,87
17,0,1,1,3,3,3,102
21,0,1,1,2,3,2,99
21,0,1,1,3,3,3,87
16,1,1,1,2,3,1,68
25,0,1,1,1,3,1,99
23,1,1,1,2,3,0,82
14,1,1,1,2,3,1,125
22,1,1,1,1,3,0,47
17,0,1,1,2,3,2,70
20,0,1,1,1,3,3,74
24,0,1,1,1,3,0,88
22,0,1,1,2,3,1,148
10,1,1,1,2,3,1,90
17,1,1,1,2,3,3,74
19,0,1,1,3,3,3,70
23,0,1,1,1,3,2,89
23,0,1,1,1,3,2,89
16,0,1,0,1,0,1,218
16,1,1,1,2,3,2,67
20,0,1,1,2,3,3,139
19,0,1,1,1,3,2,104
22,0,1,0,1,3,2,74
22,1,1,0,1,3,0,37
20,0,1,1,1,3,3,69
19,0,1,1,2,6,2,77
14,0,1,1,2,3,3,69
20,0,1,1,2,3,2,74
21,0,1,1,1,3,0,140
14,1,1,1,3,6,2,62
25,1,1,1,1,3,0,82
23,0,0,1,1,3,1,140
25,0,0,1,1,3,0,99
18,0,0,1,1,3,3,68
10,0,0,1,1,3,2,141
14,0,1,0,2,0,3,177
23,0,1,1,1,3,0,74
23,1,1,1,1,3,1,82
22,1,1,1,3,3,1,103
23,1,1,1,1,3,1,47
25,0,1,1,1,3,0,99
17,0,1,1,1,3,2,68
18,1,1,1,1,3,2,86
16,1,1,1,4,3,2,38
20,1,1,1,2,3,2,86
24,1,0,1,1,3,0,84
20,0,1,1,2,3,2,62
18,0,1,1,2,3,2,74
14,1,1,1,2,3,2,46
20,1,1,1,1,3,0,55
17,1,1,1,1,3,1,46
16,1,1,1,1,3,1,46
12,1,1,1,2,3,2,100
24,0,1,1,1,3,1,70
25,1,1,1,1,3,0,82
25,0,1,1,1,3,1,62
17,0,1,1,2,3,3,115
18,1,1,1,1,3,3,46
22,0,1,1,1,3,2,62
16,1,1,1,3,3,1,46
18,0,1,1,1,3,2,89
19,0,1,1,1,3,3,67
8,1,1,1,1,3,2,37
18,0,1,1,3,3,2,89
23,1,1,1,2,3,1,67
22,0,1,1,1,3,1,88
15,1,1,0,2,3,1,100
14,0,1,1,1,3,3,75
20,0,1,0,2,0,1,201
21,0,1,0,1,3,3,168
23,1,1,1,1,3,0,89
23,0,0,1,1,3,2,170
18,1,1,1,1,3,0,87
23,0,0,1,1,3,2,90
20,1,0,1,2,3,1,83
24,0,0,1,1,3,1,74
16,0,1,1,2,3,3,171
21,0,1,1,2,3,3,140
24,1,1,0,1,3,0,83
21,0,1,1,2,3,0,74
23,1,1,1,1,3,1,83
21,1,1,1,1,3,2,83
17,1,1,1,1,3,1,67
19,0,1,1,1,3,3,74
19,1,1,0,2,3,0,104
14,0,1,1,1,3,3,68
14,0,1,1,2,6,1,52
15,1,1,1,3,3,0,68
13,1,1,1,2,3,3,46
20,0,1,1,1,3,2,74
17,0,1,1,3,3,2,110
13,1,1,1,2,3,1,46
21,0,1,1,2,3,2,126
16,0,1,1,2,3,3,171
25,0,1,1,1,3,0,74
16,1,1,1,1,3,1,105
15,1,1,1,1,3,2,37
23,1,1,1,1,3,0,82
13,1,1,1,3,3,2,46
23,0,1,1,1,3,2,120
21,0,1,1,1,3,2,101
24,1,1,1,1,3,0,100
18,1,1,1,1,3,0,83
19,0,1,1,2,3,3,101
16,1,1,1,1,3,3,75
22,0,1,1,1,3,2,88
8,0,1,1,1,3,3,75
16,1,1,1,2,3,2,178
21,0,1,1,1,3,3,99
13,1,1,1,1,3,3,78
23,1,1,1,1,3,1,82
25,1,1,0,1,3,0,83
26,0,1,1,1,3,0,88
25,1,1,1,1,3,0,84
11,1,1,1,1,3,3,90
18,0,1,1,2,3,3,138
12,1,1,1,2,3,1,88
19,0,1,1,2,3,1,89
22,1,1,1,1,3,1,73
20,1,1,1,2,3,3,82
10,0,1,1,2,3,1,62
20,1,1,1,3,3,2,86
23,0,1,1,1,3,1,88
21,0,1,1,2,3,1,47
16,0,1,1,3,3,1,74
8,1,1,1,2,3,2,60
22,0,1,1,1,3,1,88
24,1,1,1,1,3,0,67
22,1,1,1,1,3,0,89
18,0,1,1,1,3,2,70
12,1,1,1,2,3,3,67
21,0,1,1,2,3,3,84
18,0,1,1,1,3,3,120
23,0,1,1,1,3,1,74
14,1,1,1,4,3,2,105
24,1,1,1,1,3,0,82
23,0,1,1,1,3,0,88
20,0,1,1,1,3,1,108
22,2,1,1,2,3,0,58
24,1,1,1,1,3,0,67
25,0,1,1,1,3,0,140
24,1,1,0,1,3,0,82
23,1,1,0,1,3,1,67
21,0,1,1,1,3,0,126
25,0,1,1,1,3,0,105
24,1,1,0,2,3,0,67
21,0,1,1,2,3,0,89
26,0,1,1,1,3,0,89
13,1,1,1,3,3,2,64
22,1,1,1,1,3,0,82
17,1,1,1,1,3,2,89
26,1,1,0,1,3,0,82
15,1,1,1,1,3,1,66
13,1,1,1,2,3,2,67
18,2,1,1,1,3,3,62
24,1,1,1,1,3,3,68
13,1,1,1,2,3,3,78
16,1,1,1,3,3,2,86
19,0,1,1,2,3,3,140
25,1,1,1,1,3,0,109
15,1,1,1,2,3,2,67
18,1,1,1,1,3,1,67
17,1,1,1,2,3,2,86
18,1,1,1,1,3,3,86
18,0,1,1,1,3,2,126
25,1,1,1,1,3,0,75
23,1,1,1,1,3,2,73
23,0,1,1,1,3,0,99
17,0,1,1,3,3,3,90
17,1,1,1,1,6,2,62
17,1,1,1,1,3,3,118
18,1,1,1,2,3,3,94
19,0,1,1,1,3,3,85
24,0,1,1,1,3,0,170
21,0,1,1,2,3,2,74
24,1,1,1,1,3,0,84
5,1,1,1,3,3,2,37
23,0,1,1,2,3,2,88
10,0,1,1,4,3,2,120
23,1,1,1,1,3,1,67
21,1,1,0,1,3,0,67
17,0,1,1,1,6,1,75
17,0,1,1,3,3,3,115
15,1,1,1,2,3,2,64
21,1,1,1,2,3,1,67
23,0,1,1,2,3,0,74
20,0,1,1,1,3,3,140
24,1,1,1,1,3,0,84
21,0,1,1,2,3,2,62
12,1,1,1,2,3,2,78
17,0,1,1,1,3,3,95
12,1,1,1,2,3,2,78
22,1,1,1,1,3,0,82
15,1,1,1,2,3,1,67
19,0,1,1,1,3,1,74
15,1,1,1,2,3,2,66
23,1,1,1,1,3,1,84
17,1,1,1,1,3,0,46
17,0,1,1,1,3,2,63
16,0,1,1,2,3,3,68
23,0,1,1,1,3,1,74
19,1,1,1,1,3,2,37
24,1,1,1,1,6,2,67
23,0,1,1,2,3,0,126
24,1,1,1,1,3,1,82
17,1,1,1,1,3,3,67
23,2,1,1,1,3,1,62
14,1,1,1,2,3,0,37
22,0,1,1,1,3,0,99
20,0,1,0,1,3,3,126
24,0,1,1,1,3,1,74
17,1,1,1,1,6,0,62
16,1,1,1,2,3,2,46
20,0,1,1,1,3,3,67
19,0,1,1,1,3,1,62
10,1,1,1,2,3,0,37
12,0,1,1,2,3,3,58
11,1,1,1,2,3,2,46
12,1,1,1,2,3,3,78
15,0,1,0,3,0,3,241
23,0,1,0,1,3,1,154
24,0,1,1,1,3,0,109
23,0,1,1,1,3,2,88
24,0,1,1,1,3,0,153
22,1,1,1,1,3,2,83
25,0,1,1,1,3,0,99
23,0,1,0,1,3,1,140
23,1,1,1,2,3,0,55
20,0,1,1,1,3,1,74
23,1,1,0,1,3,0,67
21,0,1,1,1,3,3,99
14,0,1,1,3,3,3,68
13,0,1,1,3,3,3,63
13,0,1,1,2,3,2,63
25,0,1,1,1,3,1,121
24,1,1,1,1,3,0,87
19,0,1,1,2,3,3,138
20,0,1,1,2,3,2,101
23,0,1,0,1,3,1,108
16,0,1,0,1,3,3,120
19,0,1,1,1,3,2,99
25,0,1,0,1,3,0,126
18,0,1,1,1,3,3,62
20,0,1,1,1,3,1,69
19,0,1,1,2,3,2,74
13,1,1,0,1,0,3,178
24,0,1,1,1,3,0,74
23,0,1,1,1,3,1,108
20,0,1,1,3,3,3,101
15,0,1,1,2,3,3,120
12,1,1,1,3,3,2,125
20,2,1,1,2,3,2,67
24,1,1,1,1,3,0,67
21,0,1,1,1,3,1,84
19,0,1,1,2,3,3,101
21,1,1,1,1,3,3,67
22,0,1,1,1,3,3,89
19,0,1,1,1,3,2,62
24,1,1,1,1,3,1,108
17,0,1,1,1,3,3,74
22,1,1,1,1,3,1,87
20,2,1,1,1,3,2,63
23,2,1,1,1,3,0,63
22,0,1,1,1,3,2,101
23,1,1,1,1,3,0,74
18,0,1,1,3,3,3,74
18,0,1,1,2,3,3,104
18,0,1,1,1,3,3,90
21,0,1,1,2,3,3,126
16,2,1,1,2,3,3,94
18,0,1,1,4,3,2,84
22,0,1,1,1,3,3,89
21,1,1,1,1,3,1,89
18,0,1,1,2,3,3,104
25,0,1,1,1,3,0,120
19,0,1,1,1,3,3,68
16,1,1,1,1,6,1,79
21,1,1,1,1,3,1,82
18,1,1,1,1,3,1,38
22,1,1,1,1,3,0,89
20,1,1,1,1,3,0,82
24,1,1,1,1,3,0,67
25,1,1,1,1,3,0,82
18,1,1,1,1,3,0,79
20,0,1,1,1,3,2,62
23,1,1,1,1,3,0,84
24,0,1,1,1,3,1,83
15,0,1,1,1,3,3,120
18,0,1,1,2,3,3,74
16,1,1,1,2,3,3,68
14,1,1,1,2,3,3,79
10,1,1,1,2,3,2,125
23,0,1,1,1,3,1,88
24,1,1,1,1,3,0,68
22,1,1,1,2,3,0,67
12,0,1,1,2,3,3,110
14,1,1,1,3,3,2,46
12,1,1,1,3,3,1,144
13,0,1,1,2,3,3,138
22,1,1,1,1,3,0,91
19,0,1,1,1,3,0,70
23,0,1,1,1,3,1,74
14,0,1,1,1,3,2,68
20,1,1,1,1,3,2,34
25,1,0,0,1,3,0,118
22,0,0,0,1,0,1,188
23,1,0,0,1,3,1,187
17,1,1,1,2,3,0,86
25,1,1,1,1,3,0,84
12,1,1,1,2,3,2,85
20,0,1,1,1,3,1,140
26,1,1,1,1,3,0,82
24,0,1,1,1,3,0,88
16,1,1,1,1,3,2,46
23,0,1,1,1,3,0,77
19,0,1,1,2,3,2,126
16,1,1,1,1,3,1,79
20,0,1,1,2,3,3,89
23,0,1,1,2,3,2,89
14,1,1,1,1,3,1,62
16,2,1,1,2,3,2,103
18,0,1,1,1,3,2,104
17,0,1,1,2,3,3,63
21,0,1,1,1,3,0,74
19,0,1,1,2,3,2,88
20,0,1,0,2,3,2,169
18,0,1,1,3,3,2,74
22,1,1,1,1,6,0,77
24,0,1,1,1,3,0,99
20,1,1,1,1,3,0,82
22,1,1,1,1,3,0,89
25,0,1,1,1,3,0,74
19,1,1,1,1,3,1,79
14,1,1,1,1,3,2,46
24,1,1,1,1,3,0,68
20,0,1,1,1,3,1,138
22,1,1,1,1,3,0,84
19,0,1,1,2,3,3,62
22,1,1,1,1,3,1,82
23,0,1,1,4,3,1,99
23,1,1,1,1,3,0,84
22,1,1,1,1,6,0,77
15,1,1,1,1,3,0,86
24,1,1,0,1,3,0,104
16,1,1,1,1,3,1,67
23,1,1,1,1,3,1,121
25,1,1,1,1,3,0,67
25,1,1,1,1,3,0,89
22,1,1,1,2,3,0,68
22,0,1,1,1,3,3,148
24,1,1,1,1,3,0,89
21,0,1,1,1,3,0,140
13,0,1,1,4,3,3,110
14,1,1,1,4,3,3,68
24,0,1,1,1,3,1,153
12,1,1,1,3,3,3,88
21,1,1,1,2,3,1,47
22,0,1,1,2,3,3,148
15,0,1,1,3,3,3,102
21,1,1,1,1,3,1,117
20,0,1,1,2,3,2,74
18,0,1,1,2,3,3,89
17,0,1,1,2,3,2,90
24,0,1,1,1,3,1,70
16,0,1,1,3,3,2,70
25,1,1,1,1,3,0,82
18,1,1,1,1,3,0,79
20,0,1,1,2,3,3,140
21,0,1,1,2,3,2,71
17,1,1,1,1,3,0,67
26,1,1,0,1,3,0,103
20,1,1,1,1,3,2,67
14,0,1,1,1,3,3,70
16,0,1,1,2,3,3,110
23,0,0,1,1,3,3,99
5,0,1,1,2,3,3,68
16,1,1,1,1,3,1,64
24,0,1,1,1,3,0,88
22,1,1,1,1,3,1,74
24,1,1,1,1,3,0,53
23,0,1,1,1,3,2,170
20,0,1,1,1,3,3,126
24,1,1,0,1,3,0,82
19,0,1,1,3,3,3,89
21,1,1,1,1,3,0,121
22,0,1,1,1,3,0,89
11,0,1,1,3,3,3,90
24,1,1,0,1,3,0,67
20,0,1,1,1,3,3,95
21,0,1,1,1,3,3,84
22,0,1,1,1,3,2,89
17,1,1,1,3,3,3,116
16,0,1,1,2,3,2,110
20,0,1,1,2,3,2,126
17,0,1,1,2,3,2,104
16,0,1,1,1,3,2,63
24,1,1,0,1,3,0,82
21,0,1,1,1,3,2,120
25,1,1,1,1,3,0,83
22,1,1,1,1,3,2,67
26,1,1,1,1,3,0,82
22,0,1,1,2,3,2,108
16,0,1,1,2,3,3,74
23,1,1,1,2,3,2,82
20,0,1,1,3,3,3,126
22,0,1,1,2,3,2,74
16,0,1,1,2,3,2,110
23,1,1,1,2,3,1,84
18,0,1,1,1,3,3,89
13,0,1,1,4,3,3,117
16,0,1,1,1,3,3,90
25,0,1,1,1,3,0,69
20,0,1,1,2,3,2,74
21,1,1,0,2,3,1,67
20,0,0,1,1,3,3,94
18,0,0,0,2,0,2,190
23,1,0,0,1,3,0,67
21,1,0,1,1,3,0,86
19,1,0,1,1,3,0,80
17,1,0,1,1,3,0,87
21,1,0,1,2,3,0,113
17,0,0,0,1,0,2,204
19,1,0,1,1,3,1,79
18,1,0,1,1,3,1,113
16,1,0,1,1,3,1,79
19,1,0,1,1,6,1,99
18,1,0,1,2,3,1,47
18,1,0,1,1,3,1,113
20,1,0,1,1,3,1,80
19,0,0,1,1,3,2,74
3,1,1,1,2,3,3,37
20,0,1,1,1,3,0,120
11,0,1,1,1,3,3,90
16,1,1,1,3,3,3,46
18,1,1,1,1,3,1,55
20,0,1,1,1,3,3,108
17,1,1,1,3,3,2,79
23,0,1,1,1,3,1,89
12,0,1,1,1,3,3,102
24,1,1,1,1,6,0,67
22,1,1,1,1,3,0,67
16,0,1,1,1,3,2,75
17,1,1,1,3,3,1,94
16,0,1,1,2,6,2,148
16,1,1,1,3,3,2,79
25,0,1,1,1,3,0,121
25,0,1,1,1,3,0,115
25,0,1,1,1,3,0,89
23,0,1,1,1,3,2,69
20,0,1,1,3,3,1,89
25,0,1,1,1,3,0,74
14,2,1,1,3,3,2,36
13,2,1,1,3,6,2,60
18,0,1,1,2,3,2,104
23,1,1,1,2,3,0,68
16,1,1,1,2,6,1,102
18,0,1,1,1,3,2,67
21,0,1,1,2,6,1,92
22,0,1,1,2,3,0,99
18,0,1,1,2,3,3,75
22,0,1,1,1,3,2,74
22,0,1,1,1,3,2,74
17,0,1,1,2,3,3,63
15,0,1,1,1,3,2,74
22,0,1,1,1,3,3,126
19,0,1,1,2,3,3,108
22,0,1,1,2,3,3,74
15,0,1,1,1,3,3,138
11,0,1,1,2,3,3,82
22,1,1,1,3,3,1,67
20,0,1,1,1,3,2,104
16,0,1,1,2,3,3,75
24,0,1,1,1,3,2,69
9,1,1,1,4,3,2,37
16,0,1,1,1,3,3,102
23,0,1,1,1,3,0,74
22,0,1,1,1,3,3,71
15,1,1,1,1,3,3,79
15,1,1,1,1,3,1,66
18,0,1,1,1,6,2,92
13,1,1,1,2,3,3,78
14,1,1,1,2,3,3,103
19,0,1,1,2,3,3,74
19,0,1,1,2,3,3,120
16,1,1,1,1,3,0,70
23,0,1,1,1,3,1,74
25,1,1,1,1,3,1,82
22,0,1,1,1,3,3,89
16,0,1,1,2,3,2,110
21,0,1,1,2,3,3,99
18,0,1,1,2,3,3,120
20,1,1,1,2,3,1,79
23,1,1,1,1,3,0,82
25,0,1,1,1,3,1,88
19,0,1,1,1,6,2,58
19,0,1,1,1,3,2,69
17,1,1,1,2,6,1,63
22,1,1,1,2,3,3,86
18,0,1,1,1,3,3,120
17,1,1,1,2,3,2,55
18,0,1,1,2,6,2,58
22,1,1,1,1,3,0,82
18,1,1,1,1,3,0,67
11,1,1,1,3,3,1,67
21,1,1,1,2,3,3,82
17,0,1,1,2,3,1,74
17,0,1,1,3,3,3,138
18,0,1,1,1,3,2,126
15,1,1,1,2,3,3,46
19,0,0,1,1,3,2,104
19,0,0,0,1,0,2,170
17,0,0,1,2,3,2,69
21,0,0,1,1,3,1,74
23,0,0,1,1,3,1,88
25,0,0,1,1,3,0,99
23,0,0,1,1,3,1,89
24,1,0,1,1,3,0,82
23,0,0,0,1,3,0,104
23,0,0,1,1,3,1,99
25,0,0,1,1,3,0,121
22,0,0,1,1,3,1,88
19,1,0,1,1,3,1,82
18,0,0,1,1,3,3,102
22,0,0,1,1,3,2,89
22,0,0,0,1,3,2,104
24,0,0,1,1,3,2,88
21,1,0,0,1,3,0,67
22,0,0,1,1,3,1,74
18,0,1,1,3,3,3,74
24,0,1,1,2,3,2,100
21,1,1,1,2,3,0,34
20,0,1,1,1,3,3,99
16,1,1,1,1,3,1,67
19,1,1,0,2,3,2,76
18,2,1,1,1,3,1,94
20,0,1,1,2,6,2,74
23,0,1,1,1,3,1,77
16,0,1,0,4,3,3,110
17,0,1,1,4,3,3,104
12,1,1,1,3,3,3,78
23,0,1,1,1,3,2,140
18,0,1,1,2,3,3,63
17,0,1,1,4,3,3,104
15,1,1,1,2,3,1,67
21,0,1,1,1,3,0,74
24,1,1,1,1,3,0,89
22,1,1,1,2,3,1,87
16,1,1,1,3,3,3,73
21,0,1,1,1,3,2,88
19,0,1,0,1,0,3,174
25,1,1,0,1,3,1,82
16,0,1,1,2,3,1,112
22,0,1,1,1,6,0,74
22,0,1,1,1,3,1,100
9,0,1,1,4,3,3,82
21,0,1,1,1,3,3,99
21,0,1,1,1,3,2,74
24,1,1,1,1,3,1,67
24,0,1,1,1,3,0,89
23,2,1,1,1,3,0,62
18,0,1,1,2,3,3,102
19,0,1,1,1,3,2,63
24,0,1,1,1,3,1,74
18,0,1,1,4,3,2,69
19,0,1,1,2,3,2,70
24,1,1,1,2,3,0,82
23,0,1,1,1,3,1,89
23,0,1,1,1,3,2,89
17,0,1,1,2,3,3,71
24,0,1,1,1,3,0,126
13,0,1,1,1,3,3,66
17,1,1,1,1,3,3,89
21,0,1,1,1,3,3,85
23,0,1,1,2,3,2,74
17,1,1,1,2,3,1,62
13,1,1,1,2,3,2,46
14,2,1,1,2,3,2,58
14,0,1,0,1,3,3,140
17,0,1,1,2,3,3,90
19,1,1,1,1,3,1,79
20,0,1,1,2,3,3,140
20,0,1,1,2,3,2,74
24,0,1,1,1,3,0,99
23,0,1,1,1,3,1,69
23,0,1,1,1,3,1,69
17,0,1,1,2,3,1,68
18,0,1,1,1,3,2,68
16,0,1,1,3,3,3,74
17,0,1,1,2,6,2,148
19,0,1,1,2,6,3,74
19,0,1,1,1,3,3,108
16,0,1,1,2,3,3,74
23,0,1,1,1,3,3,100
16,0,1,1,4,6,3,105
21,0,1,1,1,3,2,89
13,1,1,1,2,3,3,88
13,1,1,1,3,3,3,78
16,0,1,1,2,3,3,90
21,0,1,1,2,3,3,74
21,0,1,1,1,3,2,99
16,0,1,1,1,3,2,171
21,1,1,1,1,3,1,55
4,1,1,1,2,3,1,60
23,0,1,1,2,3,2,62
20,1,1,1,1,3,0,55
19,1,1,1,2,3,3,62
22,1,1,1,2,3,2,83
14,1,1,1,3,3,3,105
21,0,1,1,1,3,2,88
26,1,1,1,1,3,0,82
13,1,1,1,2,3,2,63
20,1,1,1,1,3,2,55
20,0,1,1,2,3,2,84
17,1,1,1,2,3,2,86
19,0,1,1,2,3,3,69
11,0,1,1,1,3,2,63
19,0,1,1,2,3,3,140
23,1,1,1,1,3,0,47
20,0,1,1,1,3,3,89
19,0,1,1,2,3,3,74
14,0,1,1,2,3,2,54
21,0,1,1,1,3,2,99
14,1,1,1,1,3,1,35
24,1,1,1,1,6,1,67
24,1,1,1,2,3,0,47
17,0,1,1,2,3,2,71
23,0,1,1,1,3,1,99
23,0,1,1,2,3,3,67
6,1,1,1,4,3,3,60
22,1,1,1,1,3,2,82
19,0,1,1,1,3,3,84
25,1,1,1,1,3,0,68
21,1,1,1,1,3,2,82
17,1,1,1,2,3,2,65
22,1,1,1,1,3,0,67
22,0,1,1,1,3,2,120
13,1,1,1,3,3,2,63
21,0,1,1,1,3,3,84
21,0,1,1,1,3,3,74
17,0,1,1,1,3,3,126
14,1,1,1,1,3,3,68
22,0,1,1,1,3,2,99
18,0,1,1,2,3,2,70
18,0,1,1,4,3,2,89
24,1,1,1,1,3,0,82
17,1,1,1,2,3,1,79
3,1,1,1,2,3,2,60
23,1,1,1,1,3,0,82
21,1,1,1,1,3,3,67
20,1,1,1,1,3,1,73
22,1,1,1,1,3,2,84
16,0,1,0,2,0,2,258
15,0,1,1,2,6,3,80
12,0,1,1,3,3,2,120
22,0,1,1,1,3,2,88
18,1,1,1,1,3,0,86
19,1,1,1,1,3,3,86
19,0,1,1,2,3,2,74
22,0,1,0,1,3,1,140
15,1,1,1,3,3,1,101
13,0,1,1,1,3,3,120
14,0,1,1,1,3,3,120
17,0,1,1,2,3,2,68
20,0,1,1,1,3,3,99
3,1,1,0,4,3,2,85
18,1,1,1,1,3,2,46
24,0,1,1,1,3,0,88
21,0,1,1,1,3,3,99
16,1,1,1,2,3,2,46
22,0,1,1,3,3,2,99
21,0,1,1,2,3,2,99
13,1,1,1,3,3,3,46
12,1,1,0,2,3,2,64
20,0,1,1,1,3,3,74
16,0,1,1,3,3,3,110
17,0,1,1,2,3,3,75
18,1,1,1,1,3,2,46
12,1,1,1,2,3,2,46
22,1,1,1,1,3,3,67
23,1,1,1,2,3,0,82
15,1,1,1,4,3,2,80
17,1,1,1,2,6,2,79
7,1,1,1,2,3,1,37
13,1,1,1,3,3,2,65
20,2,1,1,1,3,0,81
25,0,1,1,1,3,0,88
21,0,1,0,2,3,2,140
20,0,1,1,1,3,1,140
22,1,1,1,1,3,0,84
22,1,1,1,1,3,1,47
25,0,1,1,1,3,0,88
15,1,1,1,1,3,2,130
22,0,1,1,2,3,1,77
19,0,1,1,1,3,3,62
19,0,1,1,1,6,1,77
14,0,1,1,3,3,3,69
19,0,1,1,1,3,2,126
17,0,1,1,2,3,3,68
18,0,1,1,2,3,3,65
23,1,1,1,1,3,0,55
21,0,1,1,1,3,0,99
19,2,1,1,2,3,2,68
19,1,1,1,2,3,3,68
16,1,1,1,1,3,3,67
20,1,1,1,1,3,2,55
20,0,1,1,1,3,2,99
13,0,1,1,2,3,3,54
24,0,1,1,1,3,0,148
22,1,1,1,1,3,1,82
21,0,1,1,1,3,3,99
24,1,1,1,1,3,0,87
19,1,1,1,1,3,3,94
18,0,1,1,2,3,2,126
23,0,1,1,2,3,0,69
17,1,1,1,3,3,1,46
22,2,1,1,1,3,1,63
13,0,1,1,2,3,3,66
21,0,1,1,1,3,2,74
15,0,1,1,2,6,2,148
17,1,1,1,2,3,2,79
25,2,1,1,1,3,0,58
19,0,1,1,2,3,2,120
19,0,1,1,1,3,2,74
22,2,1,1,1,3,2,62
14,2,1,1,3,3,3,94
19,0,1,1,1,3,3,126
19,0,1,0,1,3,2,138
16,1,1,1,2,3,3,160
22,0,0,1,1,3,1,99
23,0,1,0,2,3,1,126
18,1,1,1,2,3,2,198
19,0,1,1,1,6,3,75
17,0,1,1,2,6,3,75
21,0,1,1,1,3,3,140
17,1,1,1,1,3,0,118
9,1,1,1,2,3,2,94
17,1,1,1,3,3,1,46
22,1,1,1,2,3,3,74
17,0,1,1,1,3,3,74
19,0,1,1,2,3,2,101
19,0,1,1,1,3,3,74
18,1,1,1,2,3,3,198
23,1,1,1,1,3,0,82
26,2,1,1,1,3,0,47
22,1,1,1,2,3,0,82
18,0,1,1,1,3,3,100
21,1,1,1,1,3,0,68
24,1,1,1,1,3,0,67
21,0,1,1,1,3,2,101
18,0,1,1,2,3,3,104
24,0,1,1,2,3,1,100
18,0,1,1,2,3,2,126
16,1,1,1,2,3,2,118
23,0,1,1,1,3,1,170
21,0,1,1,1,6,2,92
21,1,1,1,1,3,1,82
19,0,1,1,2,3,2,74
14,1,1,1,2,3,3,78
19,0,1,1,1,3,3,74
22,0,1,0,3,3,2,140
21,0,1,1,3,3,2,70
25,0,1,0,1,3,0,148
26,1,1,1,1,3,0,108
25,1,1,1,1,3,0,75
18,0,1,1,1,3,3,89
25,1,1,1,1,3,0,82
23,0,0,1,1,3,1,88
20,1,0,0,1,3,0,103
20,1,0,1,1,3,0,82
24,1,0,1,1,3,0,53
20,1,0,0,1,3,0,103
20,0,1,1,2,3,3,99
22,0,1,1,1,3,2,89
25,0,1,0,1,3,0,74
15,1,1,1,2,3,2,90
24,0,1,0,1,3,1,74
20,1,1,1,1,3,1,106
22,0,1,1,1,3,1,88
18,1,1,1,2,3,2,80
20,0,1,1,1,3,3,120
19,0,1,1,1,6,2,58
21,0,1,0,1,0,2,184
17,0,1,1,2,3,3,102
21,1,1,1,1,3,0,67
26,0,1,0,1,3,0,88
17,1,1,1,3,3,2,86
15,1,1,1,1,3,2,67
15,0,1,1,3,3,3,68
18,0,1,1,2,3,3,89
14,0,1,1,3,3,3,70
20,0,1,1,1,3,3,126
23,0,1,1,1,3,0,69
24,1,1,0,2,3,0,67
15,0,1,1,1,3,3,75
21,0,1,1,2,3,2,74
17,1,1,1,1,3,2,67
17,1,1,1,1,3,1,35
14,0,1,1,3,3,3,102
10,1,1,1,2,3,3,94
19,0,1,1,2,3,3,89
19,0,1,1,1,3,3,84
23,0,1,1,1,3,0,77
20,0,1,1,2,3,2,74
22,0,1,1,1,3,2,120
18,0,1,1,2,3,1,90
16,0,1,1,3,3,3,120
17,1,1,1,3,3,2,79
15,1,1,1,3,3,2,67
19,1,1,1,1,3,1,55
16,1,1,1,2,3,1,86
12,1,1,1,2,3,3,60
11,1,1,1,2,3,2,125
25,1,1,1,1,3,0,82
22,1,1,1,1,3,1,83
24,0,1,0,1,3,0,138
23,1,1,1,1,3,0,79
22,1,1,1,1,3,1,82
26,0,1,1,1,3,0,70
23,0,1,1,2,3,1,126
23,0,1,1,1,3,2,74
23,0,1,1,1,3,1,98
21,0,1,1,1,3,1,89
16,1,1,1,1,3,1,67
20,0,1,1,1,3,1,74
20,1,1,1,1,3,1,86
21,0,1,1,1,3,1,89
17,1,1,1,1,3,1,66
21,1,1,0,1,3,0,117
21,0,1,1,2,3,3,89
13,0,1,1,2,3,3,102
19,0,1,1,3,3,2,74
21,0,1,1,2,3,2,88
13,1,1,1,1,3,2,78
20,0,1,1,1,3,3,94
19,1,1,1,2,3,2,55
16,1,1,1,2,3,2,118
18,0,1,1,3,3,2,74
23,0,1,1,1,3,0,108
20,0,1,1,2,3,1,141
18,0,1,0,1,3,2,126
21,0,1,0,1,3,1,100
21,0,1,1,1,3,3,99
22,0,1,1,1,3,2,74
25,1,1,1,2,3,0,75
19,0,1,1,3,3,3,126
21,0,1,1,2,3,3,99
19,0,1,1,2,3,3,74
21,1,1,1,1,3,0,89
18,0,1,1,1,3,2,84
19,0,1,1,2,3,2,126
23,0,1,1,1,3,1,67
24,1,1,1,1,3,0,89
20,0,1,1,1,3,2,90
17,0,1,1,2,3,3,108
23,0,1,1,1,3,0,74
11,0,1,1,2,3,3,102
14,0,0,1,1,3,2,120
24,1,0,1,1,3,0,86
22,0,0,1,1,3,1,126
23,1,1,1,1,3,0,55
15,1,1,0,3,0,2,272
24,0,1,1,1,3,1,126
19,0,1,1,2,3,2,74
24,1,1,1,1,3,1,82
21,1,1,1,1,3,1,47
22,0,1,1,1,3,3,88
22,0,1,1,1,3,3,74
23,1,1,0,1,3,3,82
21,0,1,1,2,3,3,62
18,0,1,1,2,3,2,63
20,0,1,1,1,3,1,74
18,0,1,1,2,3,2,126
21,0,1,1,2,3,2,67
17,0,1,1,1,3,1,68
13,1,1,1,3,3,2,85
17,1,1,1,2,3,2,35
23,0,1,1,1,3,1,88
23,0,1,1,2,3,1,84
18,0,1,1,2,3,3,89
24,0,1,1,1,3,0,88
23,0,1,1,2,3,1,84
19,1,1,1,2,3,0,86
19,0,1,0,1,0,1,235
15,1,1,1,1,3,2,85
23,1,1,1,1,3,0,67
18,1,1,1,2,3,1,46
14,0,1,0,2,0,2,170
17,1,1,1,2,3,2,75
23,1,1,1,1,3,0,82
6,1,1,1,3,3,2,37
24,0,1,1,1,3,0,99
18,0,1,1,1,3,3,62
16,0,1,1,2,3,3,75
20,1,1,1,1,3,2,55
22,0,1,1,1,3,3,74
16,0,1,1,2,3,3,69
23,0,1,1,1,3,1,100
23,0,1,1,1,3,1,100
18,0,1,1,1,3,2,104
17,1,1,1,3,6,2,79
20,1,1,1,1,6,0,67
23,1,1,1,1,3,0,67
13,2,1,1,2,3,3,33
20,1,0,0,1,3,1,82
18,0,0,0,1,3,2,126
22,0,1,1,2,3,1,69
19,1,0,1,1,3,0,83
19,1,0,0,2,3,1,104
22,1,0,1,1,3,0,74
16,1,0,0,1,3,1,79
18,1,0,1,1,3,1,116
17,1,0,1,1,3,1,79
19,1,0,1,1,3,1,74
21,1,0,1,1,3,1,75
17,1,0,1,1,3,1,89
17,1,0,0,1,3,1,79
18,1,0,1,1,3,1,86
17,1,0,1,1,3,1,86
24,1,1,1,1,3,0,84
21,1,1,1,1,3,2,67
19,1,1,1,1,3,2,121
20,0,1,1,2,3,2,70
25,1,1,1,1,3,0,82
17,0,1,1,2,3,2,138
18,0,1,1,1,3,3,70
22,0,1,1,2,3,3,69
11,0,1,1,3,3,3,68
18,0,1,1,3,3,3,67
20,1,1,1,2,3,2,82
16,1,1,1,2,3,1,68
20,0,1,1,2,3,1,99
23,0,1,1,1,3,1,100
19,1,1,1,1,6,2,79
22,0,1,1,1,3,3,126
20,1,1,1,1,3,2,67
24,1,1,0,2,3,0,82
22,0,1,1,2,3,3,148
18,0,1,0,1,0,1,184
16,0,1,1,3,3,3,68
18,0,1,1,1,3,2,108
15,1,1,1,2,3,3,46
17,1,1,1,3,3,2,118
21,0,1,1,1,3,3,140
20,0,1,1,2,3,1,74
20,0,1,1,2,3,3,74
14,0,1,1,2,3,2,70
21,0,1,1,1,3,2,74
14,1,1,1,2,3,2,67
22,0,1,1,1,3,0,89
14,1,1,1,2,3,3,46
23,0,1,1,1,3,1,89
10,1,1,1,1,3,1,37
18,0,1,1,2,3,2,126
21,0,1,1,1,6,2,92
22,1,1,1,1,3,0,67
26,1,1,1,1,3,0,82
18,0,1,1,2,3,3,89
19,1,1,1,2,3,2,116
24,0,1,1,1,3,2,70
20,0,1,1,1,3,3,65
25,0,1,1,1,3,0,148
21,0,1,1,1,3,1,74
20,0,1,1,2,3,1,89
20,0,1,1,2,3,1,89
20,0,1,1,1,3,3,84
20,0,1,1,1,3,3,84
24,0,1,1,1,3,1,99
17,0,1,0,2,0,2,168
17,0,1,0,1,0,2,170
25,0,1,1,1,3,0,115
17,0,1,1,1,3,1,74
22,1,1,1,2,3,1,74
22,1,1,1,2,3,1,74
15,1,1,1,2,3,2,67
15,1,1,1,1,3,0,68
18,0,1,1,3,3,1,69
25,1,0,1,1,3,0,95
21,1,0,1,1,3,1,82
18,1,0,1,1,3,0,70
18,1,0,1,1,3,1,55
21,1,0,1,1,3,1,67
19,1,0,1,2,3,2,82
22,0,0,1,2,3,3,99
19,1,1,1,2,3,2,87
23,1,1,1,1,3,0,82
24,1,1,1,1,3,0,118
24,0,1,1,1,3,1,70
23,1,1,1,2,3,0,67
23,0,1,1,1,3,1,140
19,1,1,1,2,3,1,55
18,1,1,1,1,3,3,46
20,0,1,1,2,3,2,74
16,1,1,1,3,3,2,67
23,1,1,1,1,3,0,68
17,1,1,1,1,3,2,100
22,0,1,1,1,3,0,77
24,0,1,1,1,3,0,74
25,1,1,1,1,3,0,95
25,1,1,1,1,6,0,67
3,1,1,1,2,3,3,37
20,1,1,1,1,3,0,67
22,1,1,1,1,3,0,53
20,0,1,1,1,3,3,108
24,1,1,1,1,3,0,67
21,0,1,1,1,3,2,126
23,0,1,1,1,3,2,74
21,0,1,1,1,3,1,74
20,0,1,1,3,3,2,126
19,0,1,1,2,3,3,74
21,1,1,1,3,6,1,67
14,0,1,1,3,3,3,74
12,0,1,1,4,3,3,102
17,1,1,1,1,3,2,104
17,0,1,1,2,3,3,63
24,1,1,0,1,6,0,67
19,1,1,1,3,3,2,82
17,0,1,1,3,3,3,120
23,0,1,0,1,3,1,109
16,1,1,1,1,3,0,46
20,1,1,1,1,3,2,55
22,0,1,1,1,3,0,108
22,1,1,1,1,3,2,53
19,1,1,1,1,3,2,86
14,1,1,1,2,3,3,68
25,0,1,1,1,3,0,88
20,0,1,1,2,3,2,99
25,1,0,0,0,3,0,139
23,1,1,1,1,3,0,68
23,1,1,1,1,3,0,91
16,1,1,1,2,3,0,46
21,0,1,1,1,3,2,89
11,1,1,1,1,3,1,46
23,1,1,0,1,3,0,67
19,0,1,1,1,3,1,85
23,1,1,0,1,3,1,89
21,1,1,1,1,3,0,82
25,1,1,0,1,3,0,82
21,1,1,1,1,3,0,82
19,0,1,1,1,3,2,63
22,0,1,1,1,3,2,126
26,1,1,1,1,3,0,82
23,1,1,1,1,3,1,87
23,0,1,1,1,3,1,74
23,0,1,1,1,3,0,74
21,0,1,1,1,3,2,99
22,0,1,1,1,3,2,74
22,1,1,1,1,3,0,53
17,0,1,1,1,3,3,68
23,0,1,1,1,3,0,140
15,0,1,1,2,3,3,90
17,0,1,1,2,3,3,102
22,0,1,1,2,3,2,99
18,2,1,1,3,3,2,68
22,1,1,1,1,3,0,53
11,1,0,1,2,3,1,46
24,0,0,1,1,3,1,71
25,1,0,1,1,3,0,82
22,0,0,1,1,3,1,77
25,0,0,1,1,3,0,105
25,1,0,1,1,3,0,82
25,1,0,1,1,3,0,82
24,0,0,1,2,3,1,99
24,0,0,1,1,3,1,88
23,1,0,1,1,3,0,82
24,1,0,1,1,3,0,82
24,0,0,1,1,3,1,88
24,0,0,1,1,3,1,74
15,0,1,1,2,3,3,71
23,0,0,1,1,3,1,126
25,0,0,1,1,3,1,88
22,0,0,1,1,3,2,89
19,0,0,1,1,3,1,89
20,0,0,1,1,3,2,89
19,0,0,1,1,3,2,102
19,1,0,1,2,3,1,118
23,1,0,1,1,6,1,67
23,0,0,1,1,3,2,88
24,1,0,1,2,3,1,94
23,0,0,1,1,3,2,74
20,0,0,1,1,3,2,74
22,0,0,1,1,3,2,148
19,0,1,1,1,3,1,74
23,0,1,1,1,3,2,74
22,1,1,1,1,3,1,55
15,1,1,1,2,3,3,130
14,1,1,1,2,3,1,68
21,1,1,1,2,3,3,73
10,1,1,1,3,3,3,46
13,1,1,1,2,3,2,67
12,1,1,1,2,3,3,67
24,0,1,1,1,3,0,140
21,0,1,1,1,3,1,70
22,0,1,1,1,3,3,74
13,0,1,1,2,3,3,65
18,0,1,1,2,3,1,74
22,1,1,1,2,3,0,67
20,0,1,1,1,3,2,140
25,1,1,0,1,3,0,68
16,0,1,1,1,3,2,89
17,0,1,1,2,3,3,68
4,1,1,1,2,3,2,37
24,1,1,1,1,3,0,82
13,1,1,1,2,3,0,46
9,1,1,1,1,3,3,60
21,0,1,1,2,3,3,99
16,0,1,1,2,3,3,68
16,0,1,1,3,3,3,75
24,0,1,1,1,3,0,140
16,0,1,1,1,3,2,95
17,0,1,1,3,3,3,63
22,0,1,1,1,3,3,62
21,1,1,1,1,3,1,94
22,1,1,1,1,3,0,83
18,1,1,1,2,3,1,67
17,0,1,0,1,0,1,184
18,2,1,1,1,3,1,58
19,0,1,1,1,6,2,75
24,0,1,1,2,3,0,99
17,0,1,1,3,6,2,148
21,0,1,1,2,3,2,74
23,0,1,1,1,3,2,89
20,1,1,1,2,3,1,67
21,1,1,1,3,3,0,47
20,0,1,1,1,3,2,108
22,0,1,1,2,3,2,88
23,1,1,1,1,3,0,89
19,0,1,1,1,6,3,58
11,1,1,0,2,3,2,46
14,1,1,1,1,3,2,78
17,0,1,1,1,3,2,104
13,0,1,1,2,3,3,63
23,0,1,1,2,3,1,74
23,1,1,1,1,3,2,82
21,1,1,1,2,3,1,47
22,0,0,1,1,3,0,88
25,0,1,1,1,3,0,138
25,1,1,1,1,6,0,67
20,0,1,1,1,3,0,74
19,1,1,1,1,3,0,86
23,1,1,1,1,3,0,83
24,1,1,1,1,3,1,82
23,1,1,1,1,3,0,82
23,1,1,1,1,3,2,82
15,0,1,1,1,3,0,69
25,1,1,1,1,3,0,73
19,1,1,1,1,3,2,47
24,1,1,0,1,3,1,82
25,1,1,1,1,3,0,82
23,1,1,1,1,3,0,67
24,1,1,1,1,3,0,108
20,1,1,1,1,3,1,86
17,0,1,1,4,3,3,90
15,1,1,0,1,3,2,138
25,1,1,1,1,3,2,89
14,0,1,1,2,3,3,67
19,1,1,1,2,3,1,47
18,0,1,1,3,3,2,74
5,1,1,1,3,3,2,60
20,1,1,1,2,3,2,55
20,0,1,1,1,3,0,63
19,1,1,1,1,3,3,83
21,0,1,1,1,3,1,94
18,1,1,1,1,3,3,116
16,0,1,1,2,3,2,68
10,1,1,1,2,3,1,37
22,1,1,1,1,3,1,55
23,1,0,0,1,3,1,110
23,1,1,1,2,3,2,47
24,0,1,1,2,3,1,89
23,0,1,1,1,3,1,99
18,1,1,1,3,3,0,68
22,0,1,1,2,3,2,99
22,0,1,1,1,6,2,74
18,0,1,1,2,3,2,126
22,0,1,1,1,3,1,120
18,1,1,1,2,3,2,86
25,1,1,1,1,3,0,82
18,0,1,1,1,3,2,120
18,0,1,1,2,3,2,74
12,1,1,1,2,3,1,46
22,1,1,1,1,3,0,47
25,0,1,1,1,3,2,99
14,1,1,1,2,3,0,64
9,1,1,1,1,3,3,46
11,1,1,1,1,3,3,100
9,0,1,1,2,3,3,66
15,0,1,1,1,3,1,71
23,1,1,0,1,3,1,82
26,1,1,1,2,3,2,67
24,1,1,1,1,3,1,84
23,1,1,1,1,3,0,67
19,0,1,1,2,3,2,74
20,1,1,1,1,3,1,82
15,0,1,1,1,3,3,71
17,0,1,1,2,3,3,74
23,1,1,1,1,3,1,84
15,1,1,1,1,6,0,63
24,0,1,1,1,3,0,109
9,1,1,1,3,3,1,37
18,0,1,1,1,3,2,108
18,0,1,1,3,3,2,140
20,0,1,1,2,3,2,88
20,0,1,1,1,3,1,90
4,1,1,1,2,3,1,60
17,1,1,1,2,3,1,79
21,0,1,1,1,3,2,140
19,0,1,1,1,3,2,62
20,0,1,1,2,3,2,62
20,0,1,1,1,3,2,62
17,0,1,1,1,3,2,75
16,0,1,1,1,3,3,112
22,1,1,1,2,3,2,89
20,0,1,1,1,3,2,74
16,0,1,1,2,3,3,89
20,0,1,1,2,6,3,74
21,1,1,1,1,3,2,117
16,1,1,1,2,3,3,79
20,0,1,1,2,3,2,99
21,0,1,1,1,3,2,89
18,0,1,1,1,3,3,68
19,0,1,1,1,3,3,68
24,0,1,1,1,3,2,89
21,0,1,1,1,3,1,140
18,0,1,1,3,3,2,138
22,1,1,1,1,3,1,47
24,1,1,1,1,3,0,55
21,1,1,1,1,3,0,47
17,1,1,1,4,3,1,62
19,0,1,1,3,3,2,74
21,1,1,1,1,6,2,67
23,0,1,1,1,3,1,89
17,0,1,1,1,3,2,75
17,0,1,1,2,3,2,104
22,1,1,1,1,3,0,82
25,1,1,1,1,3,0,82
17,0,1,1,1,3,2,75
12,1,1,1,2,3,2,64
23,1,1,1,1,3,2,47
23,1,1,1,1,3,0,67
20,1,1,1,1,3,2,67
25,1,1,0,1,3,2,82
22,0,1,1,1,3,1,89
21,0,1,1,1,3,2,99
23,1,1,1,1,6,1,67
25,1,1,1,1,3,0,121
25,1,1,0,1,3,0,82
20,0,1,1,1,3,1,70
21,1,1,1,1,3,0,47
16,0,1,1,2,3,2,138
19,0,1,1,1,6,2,77
25,2,1,1,1,3,0,58
19,0,1,1,2,3,3,74
21,0,1,1,1,3,2,74
24,0,1,1,1,3,2,99
17,0,1,1,3,3,2,68
17,0,1,1,1,3,3,90
21,1,1,1,1,3,0,91
21,0,1,1,1,3,1,126
18,0,1,1,2,3,3,120
24,0,1,1,1,3,0,74
24,0,1,1,1,3,1,99
13,1,1,1,1,3,1,46
18,0,1,1,2,3,3,120
20,0,1,1,2,3,2,126
17,1,1,1,1,3,2,98
18,0,1,1,2,3,2,74
23,1,1,1,1,3,0,82
17,0,1,1,1,3,2,138
16,1,1,1,2,3,0,46
19,0,1,1,3,3,3,74
23,1,1,1,1,3,1,83
25,1,1,1,2,3,0,121
26,0,1,1,1,3,1,77
24,0,1,1,1,3,0,74
19,1,1,1,1,3,1,62
18,0,1,1,2,3,1,89
25,1,1,0,1,3,0,84
10,1,1,1,1,3,1,46
5,1,1,1,2,3,1,37
21,0,1,1,1,6,3,74
15,1,1,1,2,3,3,116
19,1,1,1,2,3,1,55
23,0,1,1,1,3,1,154
18,0,1,1,1,3,2,102
19,0,1,1,2,3,3,89
23,0,1,1,1,3,2,120
18,0,1,1,2,3,3,126
24,1,1,0,2,3,0,82
20,0,1,1,1,3,2,108
20,1,1,1,2,3,1,38
21,0,1,1,1,3,1,140
16,1,1,1,1,3,3,62
14,1,1,1,3,3,2,46
16,0,0,1,2,3,3,68
19,0,0,1,1,3,2,67
21,0,0,1,1,3,3,99
24,0,0,1,1,3,0,99
20,0,0,1,2,3,3,90
23,0,0,1,1,3,2,99
17,0,1,1,1,3,3,64
22,0,1,1,1,3,0,89
17,0,1,1,1,3,3,64
18,0,1,1,1,3,3,67
17,0,1,1,2,3,1,104
13,1,1,1,3,3,3,78
23,1,1,0,1,3,0,67
22,1,1,1,1,6,0,67
17,0,1,1,2,3,2,67
25,0,1,1,1,3,2,74
16,1,1,1,3,3,1,62
18,0,1,1,2,3,2,89
18,0,1,1,1,3,2,140
14,0,1,0,3,0,1,235
20,0,1,1,2,3,1,104
19,0,1,1,1,6,1,74
24,0,1,1,1,3,2,88
19,0,1,1,2,3,2,138
23,1,1,1,2,3,0,82
20,0,1,1,1,3,3,108
23,1,1,1,2,3,0,89
23,1,1,1,1,3,0,89
23,0,1,1,1,3,1,89
20,0,1,1,2,3,2,62
13,0,1,1,4,3,3,120
19,0,1,1,2,3,2,126
15,0,1,1,2,3,2,54
23,1,1,1,1,3,1,53
23,1,1,1,1,3,1,82
22,1,1,1,1,3,1,67
24,1,1,1,1,3,1,82
21,0,1,1,1,3,1,99
18,0,1,1,1,3,2,74
20,0,1,1,1,3,2,74
20,1,1,1,2,3,1,67
19,0,1,1,4,3,2,74
18,0,1,1,1,3,3,120
24,1,1,1,1,3,1,84
19,0,1,1,1,3,2,140
14,1,1,1,3,3,2,63
13,1,1,1,1,3,2,37
25,0,1,1,1,3,2,70
26,1,1,1,1,3,0,84
13,0,1,1,2,3,3,110
24,0,1,1,1,3,1,109
19,0,1,1,1,3,3,85
24,0,1,1,1,3,0,74
24,1,1,1,1,3,0,68
23,1,1,1,2,3,0,82
23,1,1,1,1,3,0,84
5,1,1,1,1,3,0,37
16,0,1,1,2,3,3,90
14,1,1,1,3,3,2,130
23,1,1,1,1,3,3,73
17,0,1,1,1,3,3,112
22,1,1,1,2,3,1,67
18,0,1,0,2,0,2,181
16,0,1,1,2,3,3,74
22,1,1,1,1,3,3,73
19,0,1,1,2,3,3,101
21,1,1,1,1,3,0,67
16,1,1,1,3,3,3,67
21,0,1,1,1,3,2,140
24,1,1,0,2,3,0,67
22,1,1,1,3,3,1,82
21,0,1,1,1,3,2,101
21,0,1,1,1,3,3,100
21,0,1,1,1,3,1,74
14,0,1,1,2,3,3,74
18,1,1,1,1,3,0,67
24,1,1,1,1,3,0,82
21,1,1,1,2,3,0,83
20,1,1,1,2,3,0,67
13,1,1,1,3,3,1,46
18,0,1,1,1,6,3,58
17,0,1,1,1,3,3,70
17,0,1,1,2,3,3,68
19,0,1,1,3,3,2,75
18,0,1,1,1,3,3,104
13,0,1,1,1,3,3,70
18,0,1,1,1,3,3,70
24,1,1,1,1,3,0,82
26,0,1,1,1,3,1,88
23,1,1,1,1,3,0,82
22,1,1,1,1,3,0,67
12,1,1,1,2,3,2,130
17,0,1,1,2,3,2,90
26,1,1,1,1,3,0,108
17,0,1,1,1,3,3,90
18,0,1,1,4,3,2,68
18,0,1,1,2,3,0,89
12,1,1,1,2,3,3,37
19,0,1,1,1,6,2,74
17,0,1,1,2,3,3,140
20,0,1,1,2,3,3,138
18,0,1,1,2,3,2,74
16,1,1,1,4,3,3,90
21,0,1,1,1,3,0,74
17,0,1,1,3,3,3,95
16,0,1,1,1,3,3,75
14,0,1,1,3,3,3,102
21,0,1,1,1,3,2,99
16,1,1,1,1,3,2,68
23,0,1,1,2,6,1,74
25,0,1,1,1,3,0,170
20,0,1,1,1,3,3,108
22,0,1,1,2,6,1,92
24,0,1,0,1,3,2,109
19,0,1,0,3,0,2,188
23,0,1,1,2,6,1,74
12,1,1,1,3,3,1,37
23,1,1,1,1,3,1,82
24,0,1,1,1,3,1,89
18,0,1,1,2,3,1,74
23,0,1,1,1,3,1,89
22,1,1,1,2,3,0,67
22,0,1,1,1,3,0,99
18,1,1,1,2,3,2,87
20,1,1,1,2,3,3,47
20,1,1,1,1,3,1,55
16,1,1,1,4,3,0,35
18,0,1,1,3,3,3,85
14,0,1,0,2,0,3,170
16,0,1,1,2,3,3,75
18,0,1,1,2,3,3,104
17,1,1,1,2,3,2,67
18,0,1,1,3,3,3,138
17,0,1,1,1,3,2,120
24,0,1,0,1,3,2,74
19,0,1,1,1,3,0,68
15,0,1,1,2,3,2,74
15,0,1,1,2,3,3,74
19,1,1,1,2,3,3,87
16,1,1,1,2,3,2,66
16,0,1,1,1,3,3,138
17,0,1,1,2,3,3,126
17,0,1,1,2,3,3,126
23,1,1,1,1,3,0,67
14,0,1,1,2,3,2,117
22,1,1,1,2,6,2,67
16,0,1,1,2,3,0,89
24,0,1,1,1,3,1,70
20,1,1,1,2,3,0,47
20,0,1,1,2,3,2,74
13,1,1,1,2,6,1,62
23,0,1,1,1,3,1,88
18,1,1,1,2,3,2,116
19,0,1,1,2,3,3,75
13,1,1,1,2,3,3,64
10,1,1,1,3,3,0,92
23,0,1,0,2,3,0,109
24,0,1,1,1,3,1,74
18,0,1,1,1,3,3,74
21,0,1,1,1,3,3,74
22,0,1,1,2,6,3,74
18,0,1,1,2,3,3,126
24,1,1,1,1,3,1,47
19,1,1,1,1,3,2,79
10,0,1,1,1,3,3,62
12,1,1,1,3,3,3,46
21,0,1,1,1,3,1,62
24,1,1,1,1,3,1,91
24,1,1,1,1,3,0,55
25,1,1,1,1,3,0,82
23,1,1,1,1,3,0,47
23,0,1,1,2,3,0,74
20,1,1,1,1,3,1,66
20,1,1,1,3,3,1,47
18,0,1,1,1,3,3,69
22,1,1,1,1,3,1,68
20,1,1,1,1,3,1,55
14,1,1,1,2,3,2,46
17,0,1,1,2,3,2,70
18,0,1,1,2,3,2,126
19,0,1,1,1,3,0,140
16,0,1,1,1,3,3,69
16,1,1,1,2,3,2,79
17,0,1,1,2,3,2,62
14,1,1,1,1,3,2,65
22,1,1,1,1,3,0,53
24,0,1,1,1,3,0,88
19,0,1,1,2,3,3,68
22,1,1,1,1,3,0,82
22,1,1,1,1,3,1,53
20,1,1,1,1,3,2,67
19,1,1,1,2,3,2,79
22,0,1,1,1,3,3,89
22,0,1,1,1,3,3,89
16,0,1,1,3,3,3,104
25,1,1,1,1,3,0,75
18,1,1,1,1,3,0,70
18,1,1,1,1,3,2,37
15,1,1,1,3,3,3,66
23,0,0,1,1,3,3,98
23,0,0,1,1,3,0,148
21,0,0,1,1,3,3,99
21,0,1,1,1,3,0,89
15,1,1,1,2,3,2,46
17,1,1,1,4,3,1,62
14,1,1,1,4,3,1,100
17,0,1,1,1,3,2,71
21,0,1,1,1,3,2,88
19,0,1,1,1,3,2,101
15,0,1,1,2,3,2,112
18,0,1,1,2,3,3,68
17,1,1,1,1,3,1,132
21,0,1,1,2,3,1,71
18,0,1,1,1,3,2,89
19,0,1,1,1,3,2,100
22,0,1,1,2,3,1,126
22,0,1,1,2,3,1,88
17,1,1,1,1,3,0,70
25,0,1,1,1,3,0,99
24,1,1,1,1,3,1,82
22,1,1,1,1,3,2,82
23,0,1,1,1,3,3,63
20,0,1,1,2,3,2,138
21,0,1,1,2,3,2,74
25,1,1,1,1,3,0,53
22,1,1,1,1,3,1,34
23,1,1,1,2,3,0,82
10,1,1,1,2,3,2,46
15,1,1,1,1,3,2,86
20,0,1,1,2,3,2,101
24,0,1,1,1,3,0,74
21,0,1,1,1,3,1,74
21,0,1,1,1,6,3,72
12,0,1,1,1,3,3,63
24,1,1,1,1,3,0,82
17,2,1,1,1,3,2,62
24,0,1,1,4,3,1,99
11,1,1,1,2,3,2,67
21,0,1,1,1,3,3,68
9,0,1,1,3,3,3,117
23,1,1,1,1,3,1,84
20,1,1,1,3,3,2,47
24,1,1,1,1,6,0,67
18,0,1,1,1,3,2,102
22,0,1,0,1,3,3,100
25,1,1,1,1,3,0,67
26,1,1,1,1,3,0,47
23,1,1,1,1,3,0,53
19,1,1,1,2,3,2,47
21,1,1,1,2,6,1,67
13,1,1,1,3,3,3,46
24,1,1,1,1,6,0,67
20,0,1,1,1,3,3,120
20,0,1,1,1,3,3,120
14,0,1,1,1,3,3,117
22,1,1,1,3,3,0,53
21,0,1,1,2,3,2,120
19,0,1,1,1,3,2,74
21,0,1,1,1,3,2,67
22,0,1,0,2,3,1,172
23,0,1,1,1,3,1,88
19,0,1,1,2,3,2,138
23,1,1,1,2,3,1,87
23,1,1,1,1,3,0,67
24,0,1,1,1,3,0,88
25,1,1,1,1,3,0,160
20,1,1,1,1,3,1,67
17,0,1,1,2,3,2,63
22,0,1,1,1,3,0,140
19,1,1,1,1,3,2,62
21,0,1,1,1,3,3,71
24,1,1,1,1,3,1,67
18,0,1,1,1,3,2,126
19,0,1,1,3,6,2,58
20,1,1,1,1,6,1,82
15,1,1,1,2,3,2,94
21,1,1,1,3,3,3,89
16,1,1,1,2,3,2,62
9,1,1,1,3,3,2,92
5,1,1,1,4,3,1,85
20,0,1,1,2,3,3,90
21,1,1,1,1,3,0,67
20,0,1,1,1,3,1,70
18,0,1,1,3,3,3,126
17,0,1,1,1,3,3,126
17,1,1,0,3,3,1,79
19,0,1,1,1,3,2,89
15,0,1,1,1,3,2,69
20,0,1,1,1,3,3,70
18,0,1,1,3,6,2,58
13,0,1,1,2,3,2,53
2,1,1,1,3,3,2,37
12,0,1,1,4,3,3,112
13,0,1,1,3,3,3,62
22,1,1,1,1,3,1,83
22,0,1,1,1,3,2,99
17,0,1,1,1,3,1,74
19,0,1,1,1,3,2,62
13,0,1,1,2,3,2,138
18,1,1,1,1,3,1,79
20,0,1,1,1,3,2,74
15,0,1,1,3,3,2,90
20,0,1,1,1,3,1,75
16,1,1,1,3,3,2,90
20,1,1,1,2,3,1,55
19,0,1,1,1,3,3,62
23,0,1,1,1,3,3,74
17,0,1,1,1,3,3,75
25,0,1,1,1,3,1,89
22,0,1,1,1,3,3,74
13,1,1,1,2,3,3,88
24,1,1,1,1,3,0,82
21,0,1,1,2,3,2,120
9,1,1,1,2,3,1,94
20,0,1,1,2,3,3,74
24,0,1,1,1,3,0,88
25,1,1,1,1,6,0,67
14,0,1,1,2,3,3,110
23,1,1,1,1,3,0,67
21,0,1,1,2,3,2,67
19,0,1,1,3,3,3,62
23,1,1,1,1,3,0,89
19,1,1,1,2,3,1,67
21,0,1,1,2,3,2,89
21,0,1,1,2,3,3,120
24,0,1,1,2,3,0,148
20,1,1,1,1,3,1,79
21,0,1,0,1,3,2,140
17,1,1,1,1,3,2,80
19,0,1,1,2,3,2,74
20,1,1,1,1,3,1,86
23,0,1,1,1,3,1,77
23,1,0,1,1,3,0,121
19,0,0,1,1,3,2,140
18,0,0,1,1,3,3,171
24,1,1,1,1,6,0,54
20,1,1,1,1,3,0,79
23,1,1,0,1,3,0,67
19,1,1,1,2,3,1,83
16,0,1,1,1,3,3,90
18,1,1,1,2,3,0,55
14,1,1,1,2,3,1,64
17,0,1,1,2,3,1,63
17,0,0,1,2,3,1,68
20,1,1,1,1,3,0,67
16,1,1,1,1,3,1,70
18,1,1,1,1,3,1,83
22,0,0,1,1,3,0,140
18,1,0,1,3,3,1,80
21,1,1,1,1,3,0,91
24,0,1,1,1,3,0,99
23,1,1,1,2,3,0,84
19,0,1,1,2,3,1,84
22,1,1,1,1,3,0,67
23,1,1,0,1,3,0,118
24,1,1,1,1,3,0,82
20,1,1,0,1,3,0,76
18,1,1,1,1,3,0,55
25,1,1,1,1,3,0,82
25,1,1,1,1,3,0,89
23,0,1,1,1,3,0,88
24,0,1,1,1,3,0,99
16,0,1,1,1,6,1,148
23,1,1,0,1,3,0,118
21,0,1,0,1,6,3,164
24,2,1,1,1,3,1,62
22,1,1,1,1,3,0,91
14,0,1,1,1,3,3,102
24,0,1,1,1,3,1,74
20,0,1,1,2,3,2,118
22,1,1,1,2,3,1,91
22,0,1,1,1,3,3,176
19,0,1,1,1,3,3,138
21,0,1,1,1,3,3,101
15,0,1,1,1,3,1,90
25,1,1,1,1,3,0,84
18,0,1,1,2,6,2,58
19,0,1,1,3,3,2,140
21,0,1,1,1,3,3,120
18,0,1,1,2,3,2,70
21,0,1,1,1,3,1,105
19,1,1,1,2,3,3,83
19,0,1,1,3,3,3,74
22,1,1,1,1,3,3,117
18,0,1,1,1,3,3,70
8,1,1,1,2,3,2,37
13,0,1,1,4,3,3,102
23,1,1,1,2,3,0,67
22,1,1,1,1,3,0,67
18,1,1,1,3,3,2,46
16,1,1,1,2,6,2,90
26,1,1,1,1,3,0,88
22,0,1,1,1,3,2,88
25,0,1,1,1,3,0,105
24,0,1,0,1,3,2,108
17,0,1,1,1,3,3,74
18,0,1,1,2,3,3,90
24,0,1,0,1,3,2,108
21,0,1,1,1,3,2,89
21,0,1,1,1,3,1,101
18,0,1,1,2,3,2,78
23,0,1,1,2,3,1,105
15,0,1,1,1,3,2,110
15,0,1,1,3,3,3,63
17,0,1,1,2,3,3,63
21,0,1,1,1,3,1,89
21,1,1,1,1,3,0,47
19,0,1,1,1,3,0,74
19,0,1,1,2,3,2,126
17,0,1,1,2,3,2,74
21,1,1,1,2,3,2,83
23,0,1,1,1,3,1,88
24,1,1,1,1,3,0,47
25,0,1,1,1,3,0,89
23,1,1,1,1,3,3,64
23,0,1,1,1,3,0,99
23,0,1,1,1,3,1,100
22,0,1,1,1,3,1,63
21,1,1,1,1,3,1,102
22,0,1,1,1,3,1,69
16,2,1,1,1,3,2,94
13,0,1,1,2,3,3,102
20,1,1,1,3,3,2,94
18,1,1,1,1,3,2,62
18,1,1,1,3,3,2,67
20,0,1,1,1,3,3,63
24,0,1,1,1,3,0,88
23,0,1,1,1,3,0,99
19,0,1,1,1,3,3,74
20,0,1,1,2,3,2,74
19,2,1,1,1,3,1,62
15,0,1,1,2,3,3,74
18,1,1,1,2,3,2,86
20,0,1,1,1,3,3,67
22,0,1,1,1,6,2,72
19,0,1,1,2,3,3,84
20,1,1,1,1,3,0,82
14,1,1,1,1,3,1,46
23,1,1,1,1,3,1,47
20,0,1,1,1,3,1,99
24,0,1,1,1,3,0,83
16,0,1,1,2,3,2,138
22,0,1,1,1,3,1,100
24,1,1,1,1,3,0,82
23,0,1,1,1,3,0,170
22,0,1,1,1,3,2,63
22,0,1,1,1,3,2,63
13,1,1,1,2,6,1,75
20,0,1,1,2,3,2,140
16,1,1,1,3,6,2,76
21,1,1,1,1,3,1,83
18,1,1,1,1,3,1,74
20,1,1,1,1,3,0,82
24,1,1,1,1,3,0,47
21,1,1,1,1,3,1,117
23,1,1,1,1,3,1,67
19,1,1,1,4,3,1,86
19,1,1,1,1,3,2,86
16,1,1,1,2,3,1,86
23,1,1,1,1,6,1,67
22,1,1,1,1,3,0,84
24,0,1,1,1,3,1,99
22,1,1,1,2,3,1,79
12,1,1,0,3,3,3,141
22,1,1,1,2,3,0,82
21,0,1,1,1,6,2,72
16,0,1,1,2,3,2,75
21,0,1,1,1,6,3,72
21,0,1,1,2,3,2,99
14,0,1,1,2,3,3,66
25,0,1,1,1,3,0,121
24,1,1,1,1,3,0,67
24,1,1,1,1,3,0,82
22,1,1,1,1,3,1,53
13,1,1,1,3,3,2,67
23,0,1,1,1,3,3,154
23,0,1,1,1,3,0,154
22,0,1,1,1,3,1,89
23,1,1,1,1,3,1,87
18,0,1,1,2,3,3,70
23,1,1,1,1,3,0,67
22,0,1,1,1,3,3,74
16,0,1,1,1,3,2,70
15,0,1,1,2,3,3,54
21,1,1,1,2,3,0,82
23,0,1,1,1,3,2,148
23,0,1,0,1,3,1,154
22,0,1,1,1,3,1,99
22,1,1,0,1,0,2,183
21,0,1,1,1,3,1,99
24,1,1,1,1,6,1,67
22,0,1,1,2,3,1,140
23,1,1,0,1,3,0,82
22,0,1,1,1,3,0,100
13,1,1,1,1,3,2,67
21,1,1,1,2,3,2,68
24,1,1,0,1,3,1,121
19,0,1,1,2,3,2,101
22,1,1,1,1,3,1,106
19,1,1,1,2,3,3,67
19,1,1,1,2,3,1,55
20,1,1,1,1,3,2,55
22,0,1,1,2,3,1,99
18,1,1,1,2,3,2,62
10,1,1,1,4,3,2,46
18,0,1,1,1,3,2,90
15,0,1,1,1,3,2,74
24,0,1,1,1,3,0,77
15,0,1,1,2,3,3,74
22,1,1,1,1,3,1,82
21,0,1,1,1,3,3,74
17,1,1,1,2,3,2,67
14,1,1,1,2,3,3,78
12,1,1,1,2,3,1,67
11,1,1,1,2,3,2,67
15,0,1,1,1,3,3,71
19,0,1,1,1,3,3,64
16,0,1,1,2,3,3,171
13,0,1,1,2,6,3,124
19,0,1,0,2,3,3,126
15,0,1,1,2,3,2,53
20,0,1,1,2,3,2,126
23,1,1,1,1,6,0,67
3,1,1,1,2,3,1,37
17,0,1,1,3,3,3,74
24,0,1,1,1,3,1,88
13,1,1,1,3,3,1,78
15,0,1,1,1,3,3,102
23,1,1,1,1,3,0,47
23,1,1,1,1,3,1,67
23,1,1,1,1,3,0,67
17,1,1,1,2,3,2,66
23,0,1,1,2,3,3,74
21,0,1,1,1,3,3,140
13,0,1,1,2,3,3,54
21,0,1,1,1,3,0,63
17,0,1,1,2,3,2,74
23,0,1,1,1,3,1,77
23,1,1,1,1,3,1,87
21,2,1,1,1,3,2,62
22,1,1,1,2,3,1,73
19,0,1,1,1,3,2,105
20,1,1,1,1,3,1,82
23,0,1,1,1,3,3,77
19,1,1,1,2,3,1,62
24,1,1,0,1,3,0,67
20,1,1,1,2,3,1,67
17,0,1,1,2,6,2,58
24,0,1,1,2,3,3,89
9,1,1,1,3,3,1,67
19,0,1,1,1,3,2,89
23,0,1,1,2,3,1,70
20,0,1,1,2,3,2,67
14,0,1,1,1,3,3,63
20,0,1,1,2,3,2,67
18,0,1,1,2,3,2,68
23,0,1,0,1,3,1,100
22,1,1,1,1,3,1,67
21,0,1,1,1,3,1,88
21,1,1,1,1,3,3,67
17,0,1,1,2,3,1,70
24,0,1,1,1,3,0,100
23,1,1,1,1,3,1,53
12,1,1,1,2,3,2,37
18,1,1,1,3,3,2,67
22,1,1,1,1,3,0,82
10,0,1,1,2,3,3,63
22,0,0,0,1,3,2,104
20,0,0,1,1,3,2,101
24,0,0,1,1,3,1,153
21,0,0,1,1,3,2,89
23,1,0,0,1,3,2,118
20,0,0,1,1,3,1,74
24,0,0,1,1,3,1,99
17,0,0,1,2,3,2,68
25,0,0,1,1,3,0,121
19,0,0,0,1,3,1,113
20,0,0,1,1,6,2,56
19,0,0,1,2,3,2,74
22,0,0,0,1,3,2,126
21,0,0,0,1,3,2,109
21,0,0,1,1,3,1,88
23,0,0,1,1,3,2,104
18,0,0,0,1,3,1,140
16,0,1,1,1,3,3,66
21,0,1,1,1,3,2,126
24,0,1,1,1,3,0,74
24,0,1,1,1,3,2,74
18,2,1,1,2,3,2,38
23,0,1,1,1,3,2,74
18,0,1,1,2,3,3,140
24,1,1,0,1,3,0,67
23,1,1,1,1,3,0,82
21,0,1,1,1,3,2,89
16,2,1,1,2,3,2,38
14,0,1,1,1,3,3,75
20,0,1,1,3,3,2,70
20,0,1,1,2,3,2,70
14,0,1,1,2,3,3,54
15,1,1,1,3,3,2,94
25,1,1,1,1,3,0,82
19,1,1,1,2,3,1,100
17,0,1,1,1,3,3,74
19,0,1,1,2,6,3,72
23,0,1,1,2,3,0,100
17,0,1,1,2,3,2,104
13,0,1,1,2,3,3,65
22,0,1,1,1,3,2,88
22,1,1,1,1,3,1,82
21,0,1,1,1,3,1,99
23,0,1,1,1,3,0,74
24,0,0,0,1,3,0,109
26,1,0,1,1,3,0,82
23,0,0,1,1,3,0,84
24,1,0,0,1,3,0,82
22,0,0,0,2,6,1,197
22,0,0,0,1,3,3,161
24,1,0,1,1,3,0,68
22,1,0,0,1,3,0,67
21,0,0,1,1,3,1,126
20,0,1,1,1,3,1,99
24,0,1,1,1,3,3,94
17,0,1,1,2,3,3,74
19,0,1,1,1,3,3,89
19,0,1,1,1,3,3,89
21,0,1,1,2,3,3,101
25,0,1,1,1,3,0,74
23,0,1,1,2,3,1,126
18,0,1,1,1,3,2,74
14,0,1,1,2,3,1,68
12,0,1,1,1,3,3,68
20,0,1,1,2,3,2,74
21,1,0,1,1,3,1,89
23,0,0,1,1,3,1,74
22,0,0,1,1,3,1,99
23,1,1,1,1,3,0,117
21,0,0,1,1,3,1,74
24,1,0,0,1,3,0,67
24,1,0,0,1,3,0,83
24,0,0,0,1,3,0,74
23,0,0,1,1,3,0,148
23,1,0,1,1,3,1,82
22,0,0,1,1,3,1,47
20,0,0,1,1,3,2,140
23,1,0,0,1,3,1,82
24,1,0,1,1,3,0,82
14,0,1,1,2,3,2,75
19,0,1,0,2,0,0,174
22,0,1,0,3,3,2,140
23,1,1,1,1,3,1,67
23,1,1,1,1,3,1,82
22,1,1,1,2,3,0,47
20,1,1,1,1,3,0,106
21,1,1,1,1,3,0,83
18,1,1,1,1,3,2,67
13,1,1,1,2,3,3,46
23,0,1,0,1,3,2,74
24,0,1,1,1,3,3,74
20,0,1,1,2,3,3,69
24,0,1,1,1,3,2,67
18,0,0,1,2,3,2,89
15,0,1,1,1,3,3,142
18,0,1,1,1,3,2,89
21,0,1,0,1,3,2,140
15,0,1,1,1,3,3,75
18,1,1,0,1,3,2,121
22,0,1,0,1,6,2,164
21,0,1,1,2,3,3,178
20,1,1,1,2,3,2,55
19,0,1,1,1,3,2,99
16,0,1,1,1,3,2,105
16,0,1,1,2,3,2,90
18,0,1,1,1,3,3,104
24,1,1,1,1,3,0,82
24,0,1,1,1,3,0,148
18,1,1,1,1,3,0,37
24,1,1,1,1,3,0,95
24,1,1,1,1,3,1,82
18,1,1,1,1,3,0,67
25,1,1,1,1,3,0,72
19,1,1,1,2,3,1,55
17,0,1,1,1,3,1,90
17,0,1,1,2,3,3,70
17,0,1,1,2,3,3,69
20,0,1,1,3,3,3,74
18,1,1,1,2,3,3,86
16,1,1,1,3,3,2,118
21,0,1,1,1,3,1,140
22,0,1,1,1,6,3,72
24,0,1,1,1,3,3,67
26,1,1,1,1,3,0,82
24,1,1,0,1,3,0,82
24,0,1,1,1,3,0,88
25,1,1,1,1,3,0,84
23,0,1,1,1,3,1,99
19,0,1,1,1,3,3,100
18,0,1,1,1,3,1,140
19,0,1,1,2,3,3,74
9,0,1,1,2,3,3,120
23,1,0,1,1,3,0,87
23,1,0,1,1,3,0,117
23,0,1,1,1,3,0,126
23,0,1,1,1,3,1,109
23,1,1,1,1,3,0,55
22,0,1,1,2,3,1,88
22,0,1,0,2,0,1,134
18,1,1,1,1,6,3,79
24,1,1,1,1,3,0,108
23,0,1,0,1,3,1,108
17,0,1,1,2,3,2,68
17,1,1,1,1,3,1,118
21,0,1,1,1,3,1,99
25,1,1,1,1,3,0,68
18,0,1,1,1,3,1,69
23,1,1,1,1,6,0,67
22,1,1,1,1,3,0,89
19,0,1,1,1,3,3,69
18,0,1,1,1,3,1,69
17,0,1,1,2,3,2,120
20,1,0,1,1,3,1,123
21,0,1,1,1,3,3,108
23,0,1,1,1,3,0,99
14,1,1,1,2,3,2,68
11,1,1,1,4,3,2,46
16,0,1,1,1,3,3,71
11,0,1,1,2,3,2,82
24,1,1,1,1,3,0,87
26,1,1,1,1,3,0,68
13,1,1,1,2,3,1,37
21,0,1,1,1,3,2,84
19,1,1,1,2,3,3,65
16,0,1,1,3,6,3,92
13,0,1,1,3,3,3,102
19,0,1,1,2,3,2,138
25,0,1,1,1,3,0,74
19,0,1,1,1,3,3,74
21,1,1,1,1,3,1,53
20,0,1,1,1,3,3,108
19,0,1,1,1,3,3,68
24,0,1,1,1,3,0,77
26,0,1,1,1,3,0,109
13,0,1,1,2,3,3,110
16,0,1,1,2,3,3,110
13,0,1,1,2,3,3,110
17,1,1,1,1,3,3,74
19,0,1,0,2,3,2,138
10,1,1,0,3,3,3,152
19,0,1,1,3,3,2,74
21,0,1,1,1,3,2,126
22,0,1,1,2,3,0,71
25,0,1,1,1,3,0,108
14,0,1,1,3,3,3,68
17,0,1,1,2,6,3,124
25,0,1,1,1,3,0,98
6,0,1,1,2,3,3,68
19,0,1,1,2,3,3,104
16,0,1,1,1,3,3,68
14,1,1,1,1,3,2,78
22,0,1,1,1,3,2,99
20,0,1,1,2,3,3,99
13,0,1,1,3,3,3,53
13,0,1,1,2,3,3,66
23,1,1,1,1,3,0,47
18,0,1,1,2,3,2,74
15,1,1,1,2,3,2,67
21,1,1,1,2,3,2,67
16,1,1,1,2,3,1,70
17,1,1,1,1,3,0,68
13,0,1,1,2,3,2,122
24,1,1,1,2,3,0,68
22,1,1,1,2,3,0,83
21,0,1,1,2,3,3,65
20,1,1,1,2,3,1,89
18,1,1,1,1,3,3,104
18,0,1,1,2,3,3,126
19,0,1,1,2,3,2,140
17,0,1,1,3,6,2,75
21,1,1,1,1,3,0,82
24,0,1,0,1,3,1,74
22,0,1,1,2,3,0,99
18,0,1,1,1,3,2,63
10,1,1,1,4,3,3,94
15,0,1,1,2,3,1,71
20,1,0,1,1,3,2,82
21,1,0,1,1,3,1,82
23,1,0,1,1,3,0,82
21,1,0,1,1,3,0,82
17,0,0,1,1,3,2,74
24,0,0,1,1,3,1,74
25,0,1,1,1,3,0,74
24,1,1,1,1,3,0,53
21,0,1,1,1,3,2,120
20,0,0,1,1,3,2,140
24,0,1,1,1,3,0,88
25,0,0,1,1,3,0,74
18,0,1,1,3,3,3,126
19,0,1,1,1,3,3,74
19,0,1,1,1,3,2,74
16,1,1,1,1,3,3,67
23,0,1,1,1,3,0,74
20,0,1,1,1,3,3,67
23,1,1,1,1,3,0,34
18,1,1,1,2,3,1,37
25,1,1,1,1,3,0,67
17,0,1,1,2,3,3,112
16,0,1,1,1,3,2,68
24,1,1,1,1,3,0,108
18,1,1,1,1,3,2,74
14,0,1,1,2,3,3,75
17,1,1,1,1,3,2,35
21,1,1,1,1,3,0,79
22,0,1,1,1,3,1,126
13,0,1,1,2,3,3,122
23,0,1,1,1,3,3,99
13,0,1,1,1,3,3,68
17,0,1,1,2,6,3,80
18,0,1,1,4,6,2,164
16,0,1,1,4,6,3,80
21,1,1,1,1,3,0,89
22,1,1,1,1,3,1,82
17,1,1,1,2,3,0,73
21,0,1,1,2,3,1,74
24,0,1,1,1,3,0,69
18,1,1,1,1,3,1,94
18,0,1,1,1,3,3,104
17,1,1,1,2,3,2,70
18,2,1,1,1,6,2,60
24,1,1,1,1,6,1,54
17,0,1,1,2,3,3,74
20,0,1,1,2,3,3,70
24,0,1,1,1,3,0,108
24,0,1,1,1,3,0,108
22,0,1,1,1,3,3,77
20,0,1,1,1,3,2,70
18,0,1,1,1,3,1,62
22,0,1,1,1,6,2,74
24,1,1,1,1,3,0,84
25,0,1,1,1,3,1,120
23,1,1,1,1,3,0,47
24,1,1,1,1,3,1,47
24,0,1,1,1,3,0,108
11,1,1,1,2,3,1,37
19,0,1,1,1,3,2,62
22,0,1,1,1,3,3,100
20,1,1,1,1,3,2,103
21,0,1,1,1,3,1,126
19,0,1,1,1,3,1,89
18,0,1,1,2,3,2,74
19,0,1,1,2,3,1,89
24,1,1,0,1,3,0,84
19,1,1,1,1,3,0,82
23,1,1,1,2,3,0,67
23,0,1,1,1,3,0,74
21,1,1,1,1,3,0,73
17,0,1,1,3,3,2,74
13,1,1,1,2,3,2,67
13,1,1,1,2,3,2,64
19,0,1,1,3,3,3,89
18,0,1,1,1,3,3,74
23,0,1,1,1,3,1,74
14,1,1,1,1,6,2,63
20,1,1,1,1,3,0,82
23,1,1,1,1,3,1,83
21,0,1,1,1,3,1,74
12,1,1,1,2,3,3,67
21,0,1,1,1,3,1,71
18,0,1,1,4,3,2,87
17,1,1,1,2,6,1,62
16,1,1,1,1,3,2,46
9,1,1,1,3,3,3,46
17,0,1,1,2,3,2,63
22,1,0,0,1,3,2,154
24,0,0,1,1,3,0,105
23,0,0,1,1,3,0,148
22,1,0,0,1,3,1,82
25,0,1,1,1,3,0,70
24,1,1,1,1,3,0,82
24,1,1,1,1,3,0,67
25,1,1,1,1,3,0,110
23,1,0,1,1,3,2,67
22,1,0,1,1,3,1,84
18,1,1,1,2,6,2,62
21,1,0,1,1,3,2,67
20,1,1,1,2,3,0,82
24,1,1,1,1,3,0,53
22,0,1,1,2,3,2,84
17,0,0,1,1,3,2,90
14,1,1,1,4,3,2,35
20,1,1,1,1,3,0,79
20,0,1,1,1,3,2,120
21,2,1,1,1,3,0,62
20,1,1,1,1,3,1,55
14,1,1,1,1,3,0,37
18,0,0,1,1,3,2,138
16,1,1,1,2,6,1,79
24,1,1,1,1,3,0,67
21,1,1,1,1,3,2,82
14,1,1,1,4,3,1,37
19,1,1,1,1,3,0,55
15,1,1,1,2,3,3,105
23,0,1,1,1,3,1,134
20,0,1,0,1,0,1,148
25,1,0,0,1,3,0,118
24,1,0,0,1,3,0,82
25,0,0,1,1,3,0,63
24,1,0,1,1,3,0,82
23,1,0,1,1,3,1,118
24,0,0,1,1,3,1,88
24,0,0,1,1,3,0,88
24,0,0,1,1,3,1,88
23,1,1,1,1,3,2,82
4,1,1,1,3,3,2,60
18,1,1,1,1,3,1,79
21,0,1,1,1,3,2,120
23,1,1,1,2,3,0,53
24,1,1,1,1,3,0,84
23,1,1,1,1,3,2,67
22,0,0,0,1,3,1,168
23,0,0,1,1,3,1,74
21,0,0,1,2,3,1,88
19,0,0,1,1,3,1,74
21,0,0,1,1,3,1,71
20,0,0,1,2,3,2,148
13,0,0,1,2,3,1,110
17,0,0,1,2,6,1,58
16,0,0,1,2,6,1,92
19,0,0,1,2,3,1,85
14,0,0,1,2,3,1,110
17,0,0,1,2,3,1,104
21,0,0,1,2,3,1,85
15,1,1,1,1,6,0,62
17,0,1,1,2,3,3,71
20,0,1,0,1,0,3,174
22,1,1,1,1,3,2,68
17,0,1,0,2,3,2,120
12,1,1,1,3,3,3,78
23,1,1,1,1,3,2,117
22,1,1,1,1,3,1,53
16,0,1,1,1,3,2,90
18,0,1,1,4,3,3,140
18,0,1,1,2,3,1,140
18,0,1,0,2,0,3,181
11,1,1,1,2,3,2,67
19,1,1,1,3,3,2,98
20,0,1,1,1,3,1,74
21,0,1,1,1,3,1,126
20,0,1,1,1,3,1,74
23,0,1,1,2,3,1,99
23,0,1,1,1,3,1,108
21,1,1,1,1,3,1,82
19,1,1,1,1,3,0,47
24,0,0,1,1,3,1,90
22,0,1,1,1,3,2,126
18,1,1,1,2,3,0,38
19,1,1,0,2,3,2,121
20,0,1,1,2,3,3,89
19,0,1,1,2,6,2,74
16,1,1,1,2,3,2,67
13,0,1,1,2,3,2,102
25,1,1,0,1,3,0,82
18,0,1,1,1,3,2,74
20,1,1,1,1,6,1,82
18,1,1,1,1,3,0,55
23,0,0,1,1,3,1,99
23,0,0,1,1,3,1,99
24,0,0,1,1,3,1,99
22,0,1,1,2,3,3,89
24,1,1,1,2,3,1,100
21,0,1,1,1,3,2,84
23,1,1,1,1,3,2,87
21,0,1,1,1,3,1,74
20,0,1,1,3,3,2,67
22,0,1,1,1,3,3,148
17,1,1,0,2,3,3,104
25,1,1,1,1,3,0,84
15,1,1,1,2,3,2,138
14,0,1,1,3,6,2,52
23,0,1,1,1,3,1,88
23,0,1,1,1,3,3,88
23,0,1,1,1,3,1,88
16,0,1,1,2,3,2,74
23,0,1,1,2,3,1,126
20,0,1,1,1,3,3,101
14,1,1,1,2,3,2,46
19,0,1,1,3,3,2,89
20,0,1,1,4,3,3,74
22,0,1,0,1,3,3,172
22,1,1,1,1,6,0,54
21,1,1,1,1,3,1,87
24,0,1,1,1,3,0,108
25,1,1,1,1,3,0,73
23,1,1,1,1,3,0,53
15,1,1,1,1,3,3,65
17,2,1,1,4,3,0,73
16,1,1,1,2,3,2,90
20,0,1,1,1,3,1,70
20,0,1,1,4,3,2,89
23,1,1,1,1,3,0,73
24,0,1,1,1,3,1,99
17,0,1,0,1,0,2,203
23,0,1,1,1,3,2,154
23,1,1,0,1,3,0,83
21,0,1,1,1,3,0,74
25,1,1,0,1,3,0,82
22,0,1,1,1,3,0,148
23,0,1,1,1,3,0,74
24,1,1,1,1,3,0,95
22,0,1,1,1,3,0,74
22,1,1,1,1,3,2,82
23,1,1,1,1,3,1,47
21,0,1,1,1,3,2,100
5,1,1,1,3,3,2,37
24,0,1,1,1,3,2,74
24,0,1,1,1,3,1,74
24,0,1,1,1,3,1,126
18,1,1,1,1,3,1,79
25,1,1,1,1,3,0,84
18,1,1,1,3,6,2,79
23,1,1,1,1,3,0,55
22,1,1,1,2,3,2,82
19,0,0,1,1,3,2,113
22,0,0,1,1,3,3,88
21,0,1,1,1,3,3,101
23,1,1,1,1,3,0,82
24,1,1,1,1,3,0,121
25,1,1,0,1,3,0,67
20,0,0,1,1,3,3,99
18,1,1,1,1,3,1,86
20,0,1,1,1,3,2,74
24,1,1,1,1,3,0,47
24,1,1,1,1,3,0,118
6,1,1,1,2,3,2,46
18,1,1,1,1,3,1,55
20,0,1,1,1,3,1,126
21,0,1,1,1,3,3,74
25,1,1,1,1,3,0,87
24,0,1,1,1,3,0,108
25,0,1,1,1,3,0,88
15,1,1,1,1,3,1,46
23,0,1,1,1,3,2,100
17,0,1,0,1,0,2,181
13,1,1,1,2,3,3,63
23,1,1,1,1,3,1,82
20,0,1,1,2,3,1,69
19,1,1,1,1,3,2,94
18,0,1,1,1,3,2,89
21,1,1,1,1,3,3,83
14,1,1,1,2,3,2,78
14,1,1,1,3,3,2,88
22,1,1,1,1,3,0,47
23,1,1,1,1,3,0,47
10,1,1,1,1,3,1,46
21,1,1,1,2,3,1,67
17,1,1,1,2,3,2,68
22,0,0,1,1,3,0,84
22,0,0,1,1,3,2,99
24,0,1,1,1,3,2,126
23,0,1,1,1,3,1,74
18,0,1,1,2,3,2,89
23,1,1,1,1,3,1,67
17,1,1,1,2,3,1,68
21,0,1,1,1,3,2,89
17,0,1,1,2,3,3,68
18,0,1,1,2,3,2,74
24,0,1,1,1,3,0,74
19,0,1,1,2,3,3,74
14,0,1,1,4,3,3,53
12,0,1,1,2,3,3,138
13,0,1,1,3,3,3,54
18,0,1,1,2,3,3,67
20,0,1,1,1,3,2,62
17,0,1,0,2,3,1,194
18,1,1,1,2,3,0,55
14,0,1,1,1,3,3,69
18,1,1,1,2,3,2,79
22,1,1,1,1,3,1,47
20,1,1,1,1,6,0,77
20,0,1,1,1,3,3,84
20,0,1,1,1,6,3,74
17,1,1,1,2,3,2,65
18,0,1,1,2,3,3,126
24,1,1,1,1,3,0,47
24,1,1,1,1,3,0,67
18,0,1,1,3,3,2,70
22,0,1,1,2,3,2,88
17,1,1,1,3,3,3,67
13,1,1,1,4,3,3,67
3,1,1,1,2,3,3,80
13,1,1,1,3,6,1,76
12,1,1,1,3,3,2,46
23,0,0,0,1,3,0,108
23,0,0,1,1,3,1,99
21,1,0,1,1,3,1,117
16,1,0,1,1,3,1,74
22,1,0,1,1,3,0,89
22,1,0,1,1,3,1,121
21,1,0,1,1,3,1,117
18,1,0,0,1,3,1,159
17,1,0,1,1,3,1,118
22,1,0,1,1,3,1,117
18,1,0,1,1,3,0,87
22,1,0,1,1,3,1,117
19,1,0,0,1,3,1,178
23,1,0,0,1,0,0,178
24,1,0,1,1,3,0,121
21,1,0,1,1,3,0,117
23,1,0,1,1,3,0,80
22,1,0,0,1,3,1,121
21,1,0,1,1,3,0,117
16,1,1,1,2,6,1,62
16,1,1,1,2,6,1,62
17,0,1,1,4,3,2,115
23,1,1,1,2,3,3,86
21,0,1,1,1,3,1,99
16,0,1,1,2,3,3,102
20,0,1,1,2,3,2,84
20,1,1,1,1,3,0,82
19,1,1,1,3,3,1,103
20,0,1,1,2,3,2,88
12,1,1,1,3,3,1,64
17,1,1,1,2,6,2,62
13,0,1,1,3,3,3,70
16,0,1,1,1,3,2,138
11,1,1,0,2,3,2,100
13,0,1,1,3,3,3,68
14,0,1,1,2,6,2,148
23,1,1,1,1,3,0,82
17,0,1,1,1,6,1,148
24,1,1,0,1,3,0,67
21,1,1,1,1,3,0,89
24,1,1,1,2,3,0,67
17,1,1,1,2,3,0,35
19,0,1,1,1,3,3,84
16,1,1,1,2,6,1,90
23,0,1,1,1,3,0,89
17,0,1,1,1,3,2,126
18,1,1,1,3,3,2,89
18,0,1,1,1,3,3,68
24,0,1,1,1,3,1,99
15,0,1,1,2,3,2,75
19,0,1,1,1,3,3,140
24,0,1,1,2,3,2,108
17,0,1,1,2,3,3,126
12,1,1,1,2,3,2,100
10,1,1,1,2,3,3,90
19,0,1,1,3,3,2,84
25,0,1,0,1,3,0,113
24,0,1,1,1,3,0,99
23,1,1,1,1,3,0,67
20,0,1,1,1,3,1,67
24,0,1,1,1,3,0,99
16,0,1,1,1,3,3,102
17,1,1,1,1,3,2,46
3,1,1,1,1,3,3,37
23,1,1,1,1,3,1,67
19,1,1,1,1,3,0,83
23,1,1,1,1,3,2,67
14,1,1,1,1,3,3,62
19,1,1,1,2,3,1,67
20,0,1,1,2,3,2,89
19,1,1,1,1,3,3,83
13,0,1,1,4,3,3,110
15,0,1,1,1,3,3,74
