year,fuel,seller_type,transmission,owner,brand,km_dr_gr,mpow_val
20,0,1,1,1,21,5.162862993321926,74
20,0,1,1,2,15,5.079181246047624,104
12,1,1,1,3,14,5.146128035678237,78
16,0,1,1,1,19,5.103803720955956,90
13,1,1,1,1,21,5.079181246047624,88
23,1,1,1,1,19,4.653212513775343,82
13,2,1,1,1,21,5.243038048686294,58
7,1,1,1,2,21,3.6989700043360187,37
17,0,1,1,1,11,4.954242509439324,67
19,0,1,1,1,16,5.227886704613673,68
20,0,1,1,2,20,4.832508912706236,108
11,1,1,1,2,21,5.0,60
15,0,1,1,2,21,5.146128035678237,74
15,1,1,1,2,21,4.954242509439324,67
22,1,1,1,1,13,4.602059991327962,82
22,0,1,1,2,21,4.845098040014256,88
18,0,1,1,2,19,4.724275869600789,90
22,0,1,1,1,19,5.0,89
17,0,1,1,2,13,5.0,64
23,0,1,1,1,14,4.698970004336019,99
21,0,1,1,1,21,4.602059991327962,74
24,1,1,1,1,22,4.544068044350275,84
22,1,1,1,1,21,4.653212513775343,83
23,1,1,1,1,21,4.4471580313422185,47
19,0,1,1,1,26,4.845098040014256,74
15,1,1,1,1,21,5.079181246047624,67
24,1,1,1,1,21,4.3979400086720375,34
23,0,1,1,1,21,4.845098040014256,88
18,1,1,1,2,21,4.544068044350275,35
24,1,1,1,1,19,3.3780343224573315,82
23,0,1,1,1,21,4.209515014542631,88
25,2,1,1,2,21,4.0,40
25,1,1,1,1,21,4.176091259055681,67
25,1,1,1,1,19,3.6989700043360187,121
22,1,1,1,1,23,4.6232492903979,67
17,0,1,1,2,22,4.778151250383643,138
18,1,1,1,1,21,4.8808135922807905,37
24,1,0,1,1,14,4.460897842756547,117
19,1,0,1,1,14,4.936010795715209,116
24,1,0,0,1,21,4.367355921026018,83
24,0,0,1,1,21,4.5132176000679385,88
24,1,0,1,1,21,4.012837224705172,67
20,0,0,1,1,11,4.886490725172481,168
19,0,0,1,1,11,4.99563519459755,100
20,0,0,0,2,8,4.444044795918076,121
21,0,0,1,1,14,4.697229342759718,99
21,0,0,1,1,14,4.73798732633343,99
24,1,0,1,1,21,4.806179973983887,103
22,0,0,0,2,11,5.1061908972634145,172
19,0,0,0,2,5,4.530199698203082,174
24,1,0,0,1,11,4.3979400086720375,138
19,0,0,0,1,5,4.698970004336019,188
19,0,0,0,1,8,4.770852011642144,170
17,0,1,1,1,22,5.079181246047624,89
17,1,1,1,3,19,5.0413926851582245,79
19,0,1,1,1,19,4.778151250383643,89
21,0,1,1,2,21,5.167317334748176,74
23,1,1,1,3,16,4.3979400086720375,87
25,1,1,1,1,21,4.477121254719662,83
22,0,1,1,1,17,4.602059991327962,108
21,0,1,1,1,14,5.130333768495006,99
24,1,1,0,1,21,4.477121254719662,67
23,0,1,1,1,17,4.903089986991943,109
22,0,1,1,1,21,4.845098040014256,88
25,0,1,0,1,21,3.993436230497611,88
17,1,1,1,2,19,4.778151250383643,79
22,0,1,1,1,21,4.845098040014256,74
21,0,1,1,2,11,4.89209460269048,168
19,0,1,1,2,21,5.079181246047624,74
18,1,1,1,2,21,5.079181246047624,94
19,0,1,1,1,17,5.230448921378273,104
22,0,1,1,1,11,5.146128035678237,101
21,0,1,1,1,16,4.954242509439324,99
23,1,0,1,1,21,4.0,67
22,1,0,1,1,23,4.690196080028513,67
22,1,0,1,1,21,4.505149978319905,47
22,1,0,1,1,21,4.579783596616809,47
23,1,0,1,1,21,4.505149978319905,35
21,1,0,1,1,17,4.6232492903979,74
21,1,0,1,2,19,4.653212513775343,68
18,1,0,1,2,17,4.079181246047624,104
15,1,0,1,1,21,4.744292983122676,67
19,1,0,1,1,19,4.788875115775416,83
22,0,1,1,1,21,5.1760912590556805,74
22,1,0,0,1,19,4.857332496431268,82
23,0,1,1,1,19,5.0413926851582245,89
15,1,0,1,2,21,4.886490725172481,67
16,0,1,1,2,22,5.0,90
25,1,1,1,1,21,4.0,82
22,1,1,1,3,21,5.0,73
24,1,1,1,1,21,4.544068044350275,83
20,0,1,0,2,13,4.845098040014256,120
26,1,1,1,2,16,3.6989700043360187,95
23,1,1,1,1,19,4.577491799837225,121
16,1,1,1,1,17,5.056904851336473,160
16,1,1,1,1,22,4.681241237375587,65
25,0,1,1,1,13,4.505149978319905,155
22,0,1,1,1,22,5.0,69
19,0,1,1,2,19,5.1760912590556805,126
19,0,1,1,1,19,4.838849090737255,89
15,1,1,1,2,11,5.0,138
26,1,1,1,1,21,4.113943352306836,67
22,0,1,1,1,21,4.778151250383643,88
23,1,1,1,1,21,4.602059991327962,83
23,1,1,1,1,21,4.544068044350275,67
20,0,1,1,3,18,4.845098040014256,84
22,0,1,1,1,19,4.698970004336019,126
23,0,1,1,1,16,4.881607168546986,99
18,0,1,1,4,21,5.243038048686294,74
24,1,1,1,1,20,4.3979400086720375,67
21,1,1,1,2,21,4.602059991327962,67
14,1,1,1,4,21,4.812913356642856,46
19,0,1,1,2,21,4.954242509439324,89
15,1,1,1,2,19,4.903089986991943,62
21,0,1,1,2,21,5.0413926851582245,89
25,1,0,1,1,14,3.1149444157125843,87
24,1,0,0,1,15,4.698970004336019,177
25,1,0,0,1,3,4.278753600952828,141
23,1,0,0,1,14,4.6127838567197355,118
19,1,0,0,1,11,4.591064607026499,138
21,0,0,1,1,21,4.602059991327962,88
16,1,0,0,2,9,4.858537197569639,150
22,1,0,1,1,19,4.698100545623389,148
24,1,0,1,1,22,4.0413926851582245,108
17,1,1,1,1,17,4.690196080028513,104
18,1,1,1,1,19,4.977723605288848,148
22,1,0,0,1,15,4.0413926851582245,104
20,1,0,1,1,21,4.663700925389648,94
23,1,0,0,1,14,4.255272505103306,116
25,1,0,0,1,11,3.9847072944826727,82
17,1,0,1,1,21,4.0413926851582245,67
18,1,0,1,1,21,4.385606273598311,82
22,0,0,0,2,11,4.624931504412577,172
24,0,0,0,1,22,3.9030899869919433,108
22,1,0,0,1,11,4.6127838567197355,158
15,1,0,0,1,11,4.8512583487190755,165
22,1,1,1,1,21,4.30102999566398,91
17,0,1,1,2,17,5.0,104
24,1,1,1,1,16,3.977723605288847,87
17,0,1,1,1,16,5.079181246047624,68
21,1,1,1,1,21,4.56348108539441,82
21,1,1,0,2,21,4.698970004336019,67
5,1,1,1,2,21,4.602059991327962,37
16,0,1,1,1,21,5.079181246047624,74
21,1,1,1,1,19,4.845098040014256,82
20,1,1,1,1,21,4.544068044350275,86
22,1,1,1,2,19,4.643452676486187,82
11,1,1,1,2,14,5.079181246047624,100
16,0,1,1,1,11,4.778151250383643,87
6,1,1,1,1,29,4.778151250383643,53
20,0,1,1,2,11,4.477121254719662,168
22,1,1,1,2,13,4.176091259055681,82
23,0,1,1,1,22,4.954242509439324,74
15,1,1,1,2,14,4.672097857935717,118
11,1,1,1,1,21,4.954242509439324,60
16,1,1,1,2,21,5.081347307804132,67
16,1,1,1,3,19,5.0,103
22,1,1,1,2,21,4.778151250383643,83
11,1,1,1,1,19,4.934498451243567,83
26,1,1,1,1,19,3.6989700043360187,82
23,0,1,1,1,21,4.568201724066994,88
25,1,1,1,1,22,4.146128035678237,84
21,0,1,1,1,21,4.845098040014256,89
21,1,1,1,1,14,4.698970004336019,117
20,1,1,1,2,14,4.778151250383643,87
22,2,1,1,1,21,4.698970004336019,58
23,1,1,1,1,21,4.698970004336019,83
19,1,1,1,1,19,4.845098040014256,83
24,1,1,0,1,21,4.544068044350275,67
23,1,1,1,1,21,4.30102999566398,82
24,1,1,1,1,21,4.30102999566398,47
24,1,1,0,1,21,3.89209460269048,82
23,1,1,1,1,21,4.30102999566398,82
19,1,1,1,2,19,4.49661141771717,83
24,0,1,1,1,21,4.698970004336019,74
21,1,1,1,1,21,4.778151250383643,67
18,1,1,0,1,11,5.0,138
18,1,1,1,1,14,4.778151250383643,87
24,1,1,0,1,21,3.6989700043360187,83
23,0,1,1,1,22,4.778151250383643,148
17,1,1,1,2,21,4.3979400086720375,46
24,1,1,1,1,20,4.477121254719662,53
23,1,1,1,2,23,4.903089986991943,67
23,0,1,1,1,21,4.875061263391699,88
26,1,1,1,1,19,4.505149978319905,82
21,1,1,1,1,21,4.602059991327962,47
18,1,1,1,2,19,4.968482948553935,80
24,1,1,1,1,22,4.778151250383643,89
24,1,1,1,1,16,4.176091259055681,121
21,1,1,1,1,18,4.903089986991943,67
22,1,1,1,1,21,5.146128035678237,67
19,0,1,1,1,13,4.845098040014256,162
19,0,1,1,2,13,5.079181246047624,100
16,0,1,1,2,21,5.0413926851582245,74
23,0,1,1,1,19,4.568201724066994,126
22,1,1,1,1,20,4.643452676486187,53
21,0,1,1,1,21,4.903089986991943,89
21,0,1,1,1,13,5.096910013008055,140
23,1,1,1,1,21,4.130333768495006,73
17,1,1,1,1,19,4.875061263391699,62
13,1,1,1,2,19,5.079181246047624,94
18,0,1,1,1,13,5.079181246047624,140
19,0,1,1,1,21,4.845098040014256,74
25,1,1,0,1,14,4.176091259055681,89
15,1,1,1,2,19,4.724275869600789,79
20,0,1,1,2,21,5.079181246047624,74
22,0,1,1,1,21,4.845098040014256,88
14,1,1,1,2,19,5.079181246047624,83
18,1,1,1,2,19,5.0,80
21,1,1,1,1,21,5.0,83
23,0,1,1,1,19,4.591064607026499,89
23,0,1,1,1,21,4.875061263391699,74
23,0,1,0,1,22,4.698970004336019,154
25,0,1,1,1,13,4.602059991327962,121
19,0,1,1,1,19,4.9661417327390325,126
18,0,1,1,1,21,5.198657086954422,74
18,0,1,1,1,21,5.079181246047624,74
21,0,1,1,2,14,4.698970004336019,99
18,0,1,1,1,21,5.0413926851582245,74
23,0,1,1,2,19,3.301029995663981,74
17,0,1,1,2,11,5.257678574869184,171
22,0,1,1,1,22,4.845098040014256,69
19,1,1,0,2,18,4.954242509439324,100
25,1,1,1,1,19,3.301029995663981,82
21,1,1,1,1,21,4.30102999566398,83
23,0,1,1,1,13,4.544068044350275,105
18,0,1,1,1,21,5.285557309007773,74
20,1,1,1,1,21,4.903089986991943,82
25,1,1,1,1,23,4.602059991327962,67
21,0,1,1,4,19,4.845098040014256,89
17,0,1,1,1,13,5.0876323696197465,120
23,0,1,1,1,22,5.079181246047624,69
21,1,1,1,1,22,4.602059991327962,89
14,1,1,1,3,19,4.978636948384474,94
20,1,0,1,1,14,4.518948017357205,87
21,1,0,0,1,19,4.7997746269329005,82
18,0,1,1,1,22,4.778151250383643,89
11,1,1,1,2,21,4.653212513775343,46
17,0,1,1,3,22,4.903089986991943,138
13,0,1,1,2,13,5.317833599243588,63
22,1,1,1,1,21,4.544068044350275,34
23,1,1,1,1,19,4.544068044350275,82
19,1,1,0,1,19,4.698970004336019,79
22,1,1,1,1,21,4.30102999566398,82
17,1,1,0,1,19,4.30102999566398,79
18,1,1,1,2,21,4.698970004336019,86
20,0,1,1,1,13,5.079181246047624,62
20,1,1,1,1,19,4.845098040014256,121
21,1,1,1,1,19,4.698970004336019,82
25,1,1,1,1,21,4.217483944213906,82
16,1,1,1,1,19,4.845098040014256,80
11,1,1,1,2,21,4.997215953729208,46
23,0,1,1,1,21,4.3979400086720375,74
20,1,1,1,2,21,4.845098040014256,86
18,1,1,1,3,26,4.778151250383643,79
24,1,1,0,1,22,4.0,84
12,1,1,1,1,21,4.903089986991943,37
23,0,1,1,1,14,4.477121254719662,98
23,0,1,1,1,14,4.518513939877887,98
19,1,1,1,3,21,4.954242509439324,94
20,0,1,1,2,18,4.903632516084238,108
20,1,1,1,1,14,5.079181246047624,117
19,0,1,1,2,11,5.204119982655924,101
23,1,1,1,1,21,4.672097857935717,67
24,0,1,1,1,19,4.3979400086720375,89
23,1,1,1,1,22,4.414973347970817,84
24,0,1,1,1,19,4.462397997898956,74
22,1,1,0,1,21,4.698970004336019,83
17,1,1,1,3,21,4.763427993562937,88
18,1,1,0,1,21,5.079181246047624,86
16,1,1,1,4,19,4.903089986991943,80
9,1,1,1,4,21,4.778151250383643,60
23,1,1,1,1,21,4.556302500767287,67
13,0,1,1,3,11,5.079181246047624,102
17,0,1,1,3,21,5.267171728403014,74
17,0,1,1,1,18,4.698970004336019,63
8,1,1,1,4,21,5.0,60
19,1,1,1,2,19,4.698970004336019,121
13,1,1,1,2,21,4.903089986991943,67
11,1,1,1,4,21,4.903089986991943,46
17,0,1,1,4,21,4.954242509439324,74
16,1,1,1,2,21,5.20951501454263,66
19,0,1,1,3,21,5.0413926851582245,89
14,0,1,1,3,21,5.079181246047624,75
17,0,1,1,1,18,4.653212513775343,63
11,1,1,1,2,21,4.954242509439324,67
16,0,1,1,2,16,4.954242509439324,68
25,1,0,1,1,13,4.217483944213906,110
23,0,1,0,1,19,4.826074802700826,126
24,1,0,1,1,21,4.716003343634799,82
22,1,0,1,1,23,4.602059991327962,67
21,1,0,1,1,19,4.602059991327962,82
24,1,0,1,1,20,4.113943352306836,53
18,1,0,1,1,14,4.602059991327962,87
25,1,0,1,1,17,4.0,74
18,1,0,1,1,18,3.9542425094393248,98
15,1,0,1,1,19,4.778151250383643,79
20,0,0,1,1,20,4.602059991327962,84
18,0,0,1,1,13,4.968482948553935,140
14,0,1,1,4,11,4.903089986991943,102
17,1,1,1,2,22,4.698970004336019,64
19,1,0,0,1,19,4.832508912706236,148
19,0,1,0,1,8,4.3979400086720375,170
18,1,0,1,1,22,4.255272505103306,38
19,0,1,1,1,18,5.079181246047624,63
11,1,1,1,1,21,4.544068044350275,67
22,0,1,1,2,21,4.778151250383643,74
22,1,1,1,1,20,4.477121254719662,53
22,1,1,0,1,17,4.845098040014256,189
21,0,1,1,1,22,5.0413926851582245,148
22,1,0,0,1,11,4.833076955889738,158
19,1,0,1,1,21,4.76598875680402,67
24,0,0,1,1,21,4.589021967585276,74
22,1,0,1,1,14,4.752002325602438,89
19,0,0,1,2,11,4.899426505087727,101
25,1,0,0,1,21,3.7498135852929373,82
23,1,0,1,1,11,4.40718688263082,89
24,1,0,0,1,21,4.8437247413002,82
23,0,0,1,1,19,4.750431248660202,74
25,1,0,0,1,14,3.8470788620657146,89
16,1,1,1,3,19,5.0253058652647695,79
15,1,1,0,2,14,5.079181246047624,159
21,0,1,1,1,21,4.954242509439324,74
20,0,1,1,3,19,4.845098040014256,126
11,0,1,1,3,11,5.3802112417116055,102
18,0,1,1,2,21,5.0,89
15,1,1,1,2,19,5.33041377334919,103
15,0,1,1,2,19,5.33041377334919,110
22,1,1,1,1,21,4.698970004336019,47
24,1,1,0,1,14,2.9999999999999996,118
23,0,1,0,1,21,4.278753600952828,74
18,0,1,1,2,22,5.423245873936807,70
26,2,1,1,1,21,4.544068044350275,62
20,1,1,1,2,21,4.903089986991943,67
22,0,1,0,1,13,4.698970004336019,140
16,1,1,1,1,21,4.903089986991943,67
19,1,1,1,2,19,4.698970004336019,55
24,1,1,1,1,22,5.0,84
19,1,1,1,2,21,5.079181246047624,73
25,0,1,0,1,14,4.602059991327962,79
16,1,1,1,2,21,4.903089986991943,46
21,0,1,1,2,11,5.079181246047624,101
19,0,1,1,1,11,4.826074802700826,67
23,0,1,1,1,21,4.698970004336019,74
14,0,1,1,2,11,5.127104798364807,102
17,0,1,1,2,18,5.0413926851582245,63
15,1,1,1,1,21,4.602059991327962,37
19,0,1,1,2,21,5.079181246047624,74
21,0,1,1,2,17,5.0413926851582245,89
17,0,1,1,2,13,5.230448921378273,64
10,1,1,1,2,21,4.903089986991943,37
22,0,1,1,1,21,4.672097857935717,74
21,1,1,1,1,19,4.968482948553935,82
16,1,1,1,2,21,4.845098040014256,37
20,1,1,1,1,21,4.698970004336019,67
21,0,1,1,1,16,4.845098040014256,68
18,0,1,1,1,22,4.903089986991943,138
22,1,1,1,1,16,4.643452676486187,87
20,1,1,1,1,21,4.3979400086720375,67
22,1,1,1,1,19,4.3979400086720375,121
25,1,1,1,1,21,4.0,82
24,0,1,1,1,22,4.698970004336019,154
24,0,1,1,1,16,4.477121254719662,99
21,0,1,1,2,19,4.698970004336019,89
18,0,1,1,1,19,5.079181246047624,89
21,0,1,1,1,13,4.903089986991943,62
21,0,1,1,1,18,4.954242509439324,84
21,1,1,1,2,21,4.698970004336019,83
26,1,1,1,1,23,3.3296012483565187,67
18,0,1,1,1,11,5.397940008672037,100
21,1,1,1,1,19,4.544068044350275,82
21,0,1,1,1,11,5.079181246047624,101
23,0,1,1,1,21,4.845098040014256,74
24,0,0,1,1,20,4.255272505103306,108
22,0,1,1,2,26,5.0413926851582245,74
23,0,1,1,1,21,4.778151250383643,88
21,0,1,0,1,11,4.778151250383643,168
22,0,1,1,2,21,5.167317334748176,74
17,0,1,1,3,26,4.997823080745725,148
17,0,1,1,2,22,5.0413926851582245,71
16,0,1,1,2,19,5.0413926851582245,110
22,0,1,1,1,13,5.0,77
20,1,1,1,1,21,4.322219294733919,94
19,0,1,1,2,16,4.778151250383643,90
16,0,1,1,1,22,4.602059991327962,70
14,1,1,1,1,19,4.698970004336019,68
16,1,1,1,2,21,4.812913356642856,66
17,1,1,1,1,21,4.903089986991943,67
21,0,1,1,1,19,5.075546961392531,126
23,0,1,1,1,21,4.954242509439324,74
22,1,1,1,1,19,4.30102999566398,121
20,0,1,1,2,21,4.903089986991943,74
26,0,1,1,1,13,4.6499673383248235,77
25,0,1,1,1,7,4.0,113
24,1,1,1,1,19,4.778151250383643,82
22,1,1,1,1,14,4.342422680822206,87
20,1,1,1,1,21,4.3979400086720375,47
22,0,1,1,1,21,4.845098040014256,47
14,1,1,1,3,21,5.089905111439397,86
17,0,1,1,2,17,4.845098040014256,104
19,1,1,1,2,26,4.845098040014256,79
19,0,1,1,1,11,4.653212513775343,67
21,1,1,0,1,19,4.602059991327962,82
25,0,1,1,1,21,4.477121254719662,74
13,1,1,0,1,14,4.954242509439324,130
22,1,1,1,2,21,4.531478917042255,91
23,1,1,1,1,21,4.3979400086720375,47
19,0,1,1,1,26,4.698970004336019,58
18,0,1,1,2,26,4.845098040014256,58
18,1,1,1,2,16,4.929418925714292,70
22,0,1,1,1,21,4.477121254719662,74
24,0,1,1,1,21,4.176091259055681,74
23,1,1,1,1,23,4.3979400086720375,54
17,1,1,1,1,21,4.954242509439324,67
14,0,1,1,2,21,4.903089986991943,74
17,0,1,1,1,22,4.698970004336019,54
18,0,1,1,2,13,4.903089986991943,63
22,1,1,1,1,19,4.579783596616809,82
19,1,1,1,1,19,4.778151250383643,55
18,1,1,1,1,21,4.477121254719662,86
20,1,1,1,1,21,4.477121254719662,86
21,1,1,1,1,26,4.698970004336019,77
23,1,1,1,1,22,4.6232492903979,84
22,1,1,1,1,26,4.477121254719662,82
15,1,1,1,3,21,4.778151250383643,46
24,0,1,1,1,4,4.146128035678237,170
21,1,1,1,1,14,4.342422680822206,117
18,0,1,1,1,17,4.954242509439324,104
17,1,1,1,1,21,4.662757831681573,67
24,1,1,1,1,19,4.30102999566398,82
20,0,1,1,1,22,4.176091259055681,70
20,1,1,1,2,19,4.477121254719662,83
23,1,1,1,2,19,4.176091259055681,55
13,1,1,1,2,19,5.0413926851582245,83
15,1,1,1,2,21,4.845098040014256,46
21,1,1,1,1,26,4.903089986991943,82
21,1,1,1,1,22,5.0413926851582245,89
19,0,1,1,2,16,4.845098040014256,67
8,1,1,1,2,21,4.698970004336019,46
19,0,1,1,1,11,5.278753600952829,101
16,0,1,1,2,13,5.0,63
21,1,1,1,1,21,4.778151250383643,47
21,1,1,1,1,21,4.602059991327962,67
23,0,0,1,1,21,4.505149978319905,88
22,0,1,0,1,11,4.477121254719662,172
22,0,1,1,1,19,4.763427993562937,126
24,0,1,1,1,21,3.6989700043360187,88
24,1,1,1,1,19,4.3979400086720375,82
24,1,1,1,1,19,4.505149978319905,82
22,1,1,1,1,14,4.477121254719662,89
23,1,0,1,1,14,4.633468455579586,117
18,1,0,1,1,19,4.778151250383643,113
21,1,1,0,1,18,4.698970004336019,76
23,1,1,1,1,19,4.0,55
24,1,1,1,1,23,4.3979400086720375,54
24,1,1,1,1,16,4.281033367247727,95
25,1,1,0,4,19,4.3979400086720375,68
20,0,0,1,1,16,4.732393759822968,99
24,0,1,1,1,18,4.544068044350275,85
24,1,1,1,2,19,4.30102999566398,82
22,0,1,1,1,21,4.716003343634799,88
17,0,1,1,2,19,5.079181246047624,90
23,0,1,1,1,4,4.698970004336019,170
19,0,1,1,2,21,5.079181246047624,89
16,0,1,1,2,22,4.954242509439324,90
10,1,1,1,3,21,5.079181246047624,67
21,0,1,1,2,15,5.006466042249231,104
19,0,1,0,1,19,4.875061263391699,126
22,0,1,1,1,13,5.0,120
18,0,1,1,2,20,4.746128005464327,108
20,0,1,1,2,13,4.903089986991943,140
22,1,1,1,2,21,4.698970004336019,47
19,0,1,1,2,16,4.845098040014256,68
18,1,1,1,4,19,4.8808135922807905,79
26,1,1,1,1,21,3.176091259055681,82
18,0,1,1,1,13,4.8808135922807905,62
21,1,1,1,1,21,4.602059991327962,67
21,1,1,1,2,19,4.778151250383643,55
15,0,1,1,3,11,5.230448921378273,102
19,0,0,1,1,10,5.258855093574616,176
22,0,0,1,1,26,4.726881995607641,56
23,0,0,1,1,17,4.611787014016585,109
18,1,0,1,2,11,4.501209937632075,89
18,1,0,1,2,19,4.641027688177413,55
22,1,0,1,1,20,4.824080253393191,53
16,1,0,1,1,21,4.7748744728191586,67
21,0,0,1,1,11,4.974902980157727,101
16,1,0,1,1,21,4.867644233903098,67
17,0,0,1,1,19,5.346135772904774,126
19,0,0,1,1,14,5.06484718225367,99
21,1,0,1,1,21,5.177669220818517,82
19,0,0,1,1,11,5.170613703377405,174
21,1,1,1,2,16,4.30102999566398,110
17,0,1,1,3,22,5.152288344383057,138
17,0,1,1,1,22,4.30102999566398,68
15,0,1,1,2,22,5.079181246047624,90
17,1,1,1,1,19,4.903089986991943,68
22,1,1,1,1,20,4.3979400086720375,67
17,0,1,1,2,13,4.698970004336019,63
23,0,1,1,1,13,5.1003705451175625,100
21,0,1,1,1,21,5.230448921378273,74
19,1,1,1,1,21,4.3802112417116055,47
23,0,1,1,2,21,5.0,88
25,1,1,1,1,22,4.0,84
18,0,1,1,2,16,4.845098040014256,68
23,1,1,1,1,21,4.602059991327962,34
17,1,1,1,1,21,5.0413926851582245,67
14,1,1,1,2,19,4.903089986991943,68
21,1,1,1,1,22,4.217483944213906,89
23,1,1,1,1,21,4.477121254719662,67
23,0,1,1,1,21,4.903089986991943,88
22,0,1,1,3,22,4.698970004336019,148
22,1,1,1,1,21,4.3979400086720375,67
25,0,1,1,1,19,4.30102999566398,74
22,1,1,1,1,20,4.778151250383643,53
17,0,1,1,2,21,4.845098040014256,74
20,0,1,1,2,13,4.698970004336019,62
10,1,1,0,2,14,5.0,218
21,1,1,1,1,21,4.716003343634799,67
20,0,1,1,1,21,4.903089986991943,74
21,1,1,1,1,19,4.698970004336019,55
22,0,1,1,1,13,4.778151250383643,120
25,1,1,1,1,21,4.3979400086720375,67
20,0,1,1,2,19,4.698970004336019,70
22,0,1,1,1,16,5.096910013008055,99
22,1,1,1,1,21,4.903089986991943,67
16,0,1,1,3,19,4.954242509439324,90
23,0,1,1,1,22,4.698970004336019,74
22,0,1,1,1,13,5.004321373782642,105
16,0,1,1,1,13,5.225309281725862,112
17,1,1,1,1,21,4.602059991327962,67
15,1,1,1,2,22,4.460897842756547,65
18,1,1,1,1,21,4.30102999566398,67
21,0,1,1,1,13,5.217483944213906,100
18,1,1,1,2,21,4.993436230497611,66
14,1,1,1,3,19,4.991226075692494,79
20,0,1,1,2,13,4.602059991327962,105
18,1,1,1,3,21,4.954242509439324,46
15,0,1,1,2,19,5.0413926851582245,110
24,0,1,1,1,21,4.8909795969896885,88
21,0,1,1,1,13,5.0,100
18,0,1,1,2,22,5.079181246047624,71
22,1,1,1,2,19,4.903089986991943,82
24,1,1,1,2,13,4.322219294733919,82
24,1,1,1,2,21,5.0,86
25,1,1,1,1,21,4.3979400086720375,82
25,0,1,1,3,16,4.477121254719662,99
24,1,1,0,1,11,4.3979400086720375,106
18,0,1,0,1,11,5.204119982655924,169
24,1,1,1,1,13,4.711739760580296,82
17,0,1,1,2,17,4.857332496431268,104
22,1,1,1,1,16,4.778151250383643,87
19,0,1,1,2,13,5.133538908370217,62
20,1,1,1,1,19,4.778151250383643,62
19,1,1,1,1,19,4.954242509439324,62
20,0,1,1,4,18,4.959041392321093,85
15,1,1,1,4,19,4.954242509439324,62
21,1,1,1,2,21,4.698970004336019,67
16,1,1,1,1,19,4.30102999566398,68
17,0,1,1,1,13,5.079181246047624,95
15,1,1,1,2,21,5.1760912590556805,67
21,0,1,1,1,22,4.716003343634799,69
20,0,1,1,2,13,5.222716471147582,63
23,0,1,1,1,21,4.602059991327962,74
16,0,1,1,2,21,5.278753600952829,75
22,1,1,1,1,20,4.698970004336019,67
17,0,1,1,2,13,4.845098040014256,112
18,1,1,1,2,21,4.903089986991943,67
14,0,1,1,1,13,5.079181246047624,63
21,0,1,1,2,13,4.602059991327962,100
21,1,1,1,1,19,4.230448921378274,55
16,1,1,1,2,21,5.255272505103306,67
22,1,1,1,1,21,4.698970004336019,67
20,1,1,1,2,19,4.812913356642856,55
17,1,1,1,3,22,4.0,35
15,0,1,1,2,13,4.845098040014256,63
20,0,1,1,2,26,4.954242509439324,72
21,0,1,1,1,19,4.698970004336019,89
25,1,1,1,1,19,4.0,82
25,0,1,1,1,13,4.3979400086720375,100
17,0,1,1,2,13,5.0,115
13,1,1,0,2,14,4.845098040014256,152
23,1,1,1,1,23,4.477121254719662,67
22,1,1,1,1,13,4.602059991327962,82
20,1,1,1,1,21,4.544068044350275,67
10,1,1,1,2,19,5.079181246047624,94
18,0,1,1,1,13,5.079181246047624,62
18,0,1,1,2,22,5.278753600952829,69
22,0,1,1,1,13,5.079181246047624,62
17,0,1,1,3,13,5.243038048686294,63
17,0,1,1,3,13,5.243038048686294,63
19,0,1,1,1,22,4.903089986991943,89
23,0,1,1,2,19,4.845098040014256,71
24,1,1,1,1,19,4.0,82
25,1,1,1,1,16,3.778151250383643,95
19,0,1,1,2,15,4.954242509439324,104
18,0,1,1,2,13,5.0413926851582245,63
13,0,1,1,3,13,5.079181246047624,63
20,0,1,1,1,11,4.698970004336019,101
24,1,1,0,1,19,4.30102999566398,82
23,1,1,1,1,20,4.544068044350275,67
20,0,1,1,2,17,4.778151250383643,89
16,1,1,1,4,26,4.832508912706236,79
21,1,1,1,1,21,4.477121254719662,82
23,0,1,1,1,13,4.732393759822968,140
12,0,1,1,3,22,5.079181246047624,68
24,1,1,1,1,19,4.477121254719662,82
23,0,1,1,1,22,4.698970004336019,69
26,1,1,1,1,21,3.778151250383643,67
17,1,1,1,2,21,4.698970004336019,73
18,0,1,1,3,13,4.954242509439324,120
14,0,1,1,3,11,5.1003705451175625,102
19,0,1,1,1,22,4.954242509439324,69
23,1,1,1,1,16,4.903089986991943,87
17,0,1,1,2,13,4.845098040014256,120
17,1,1,1,2,19,4.903089986991943,55
19,1,1,1,2,19,4.903089986991943,55
11,1,1,1,2,21,5.1760912590556805,46
12,0,1,1,4,22,5.0413926851582245,53
22,0,1,1,2,21,5.0413926851582245,88
16,0,1,1,4,17,4.903089986991943,74
25,1,1,1,1,19,4.30102999566398,82
17,0,1,1,1,13,5.079181246047624,95
22,0,1,1,1,13,5.079181246047624,63
16,0,1,1,2,25,4.903089986991943,91
21,0,1,1,2,19,4.961421094066448,70
18,0,1,1,2,21,5.079181246047624,74
18,0,1,1,2,19,5.0,90
18,0,1,1,4,13,5.079181246047624,112
23,1,1,1,1,14,4.903089986991943,87
21,0,1,1,1,13,4.954242509439324,75
22,1,1,1,1,21,4.845098040014256,67
17,0,1,1,4,13,5.1760912590556805,115
18,0,1,1,1,22,4.602059991327962,74
19,0,1,0,3,16,5.0413926851582245,156
23,1,1,1,1,19,4.30102999566398,82
25,1,1,1,1,16,4.0,95
20,0,1,1,2,13,4.954242509439324,140
14,1,1,1,2,26,4.845098040014256,75
15,0,1,1,1,13,5.079181246047624,63
12,0,1,1,2,13,5.079181246047624,120
23,1,1,1,1,23,4.903089986991943,53
9,0,1,1,2,13,5.122143763013266,63
20,1,1,1,1,21,4.653212513775343,86
19,0,1,1,1,22,5.079181246047624,69
25,1,1,1,1,16,4.0,95
18,1,1,1,1,21,4.707570176097936,37
15,1,1,0,2,14,5.021189299069937,130
20,0,1,1,1,13,5.0,140
16,1,1,1,3,21,4.477121254719662,46
22,0,1,1,2,26,4.778151250383643,105
19,0,1,1,2,21,4.934498451243567,74
21,1,1,1,1,23,4.176091259055681,67
17,0,1,1,3,21,5.138302698166281,74
24,1,1,1,1,20,4.778151250383643,67
22,0,1,1,1,26,4.845098040014256,74
21,1,1,1,1,21,3.6989700043360187,67
23,1,1,1,1,21,4.477121254719662,82
21,1,1,1,1,19,4.602059991327962,55
21,0,1,1,1,20,4.778151250383643,108
14,1,1,1,3,14,4.845098040014256,78
25,1,1,1,1,22,4.176091259055681,84
17,0,1,1,2,21,5.0413926851582245,74
6,1,1,1,4,21,4.845098040014256,37
25,0,1,1,1,14,4.0,99
19,1,1,1,1,21,4.778151250383643,94
17,0,1,1,2,22,5.0413926851582245,90
21,1,1,1,1,19,4.544068044350275,82
22,1,1,1,2,21,4.845098040014256,34
17,0,1,1,2,13,5.0,63
14,1,1,1,1,21,5.079181246047624,46
15,1,1,1,4,21,4.954242509439324,35
22,0,1,1,2,14,4.845098040014256,99
20,0,1,1,2,11,4.944482672150168,101
18,1,1,1,1,19,4.579783596616809,55
19,1,1,1,2,21,4.954242509439324,67
22,1,1,1,1,21,4.778151250383643,83
16,1,1,1,1,19,4.778151250383643,80
18,0,1,1,1,21,5.1932916025795155,74
23,0,1,1,1,19,4.778151250383643,126
23,1,1,1,1,21,4.845098040014256,83
23,0,1,1,1,19,4.544068044350275,126
22,0,1,1,1,13,4.698970004336019,140
18,1,1,1,2,21,4.698970004336019,86
13,1,1,1,2,19,5.0,63
21,1,1,1,1,21,4.30102999566398,47
20,1,1,1,1,21,4.544068044350275,67
23,0,1,1,1,22,5.146128035678237,69
16,1,1,1,1,21,4.602059991327962,67
14,0,1,1,3,22,5.0413926851582245,120
18,1,1,1,2,21,4.845098040014256,86
15,0,1,1,2,22,5.0,71
21,1,1,1,1,19,4.30102999566398,68
25,1,1,1,1,19,4.176091259055681,82
22,1,1,1,1,13,4.30102999566398,82
22,1,1,1,1,19,4.176091259055681,68
23,0,1,1,1,21,5.029383777685209,74
17,0,1,1,2,22,4.732393759822968,75
15,1,1,1,1,21,4.763427993562937,46
17,0,1,1,2,13,5.0413926851582245,120
13,0,1,1,4,19,4.954242509439324,110
21,1,1,1,2,19,4.633468455579586,68
23,0,1,1,1,21,4.633468455579586,74
19,0,1,1,1,21,4.778151250383643,89
17,1,1,1,1,22,5.1760912590556805,85
19,1,1,1,1,26,4.662757831681573,85
22,1,1,1,1,19,4.544068044350275,82
22,1,1,1,1,20,4.698970004336019,53
23,0,1,1,1,22,5.0413926851582245,69
21,0,1,1,1,21,4.146128035678237,89
18,2,1,1,2,21,4.778151250383643,47
23,1,1,1,1,20,4.4471580313422185,53
17,1,1,1,1,19,4.7558748556724915,55
23,0,1,1,1,21,4.698970004336019,74
18,2,1,1,1,21,4.845098040014256,58
21,0,1,1,1,11,4.778151250383643,87
22,1,1,1,1,19,4.602059991327962,82
16,0,1,1,2,22,5.079181246047624,89
22,0,1,1,2,13,5.146128035678237,118
16,0,1,1,2,22,5.0,70
18,0,1,1,2,16,4.806179973983887,67
21,1,1,1,1,21,4.3979400086720375,67
25,1,1,1,1,20,4.079181246047624,72
22,0,1,1,1,13,5.079181246047624,120
21,1,1,1,1,26,4.602059991327962,82
16,0,1,1,3,13,5.477121254719662,63
18,0,1,1,2,22,5.079181246047624,69
9,1,1,1,2,19,4.954242509439324,94
15,0,1,1,4,16,5.0,68
22,0,1,1,2,13,4.954242509439324,62
23,0,1,1,2,13,4.698970004336019,120
21,0,1,1,1,15,5.225309281725862,141
16,0,1,1,2,16,5.0413926851582245,68
23,0,1,1,1,14,4.602059991327962,99
12,1,1,1,2,14,5.0413926851582245,78
16,0,1,1,4,19,5.0,90
23,0,1,1,1,21,4.602059991327962,88
25,1,1,1,1,19,4.477121254719662,82
8,1,1,1,3,21,4.903089986991943,37
17,0,1,1,2,16,4.954242509439324,68
15,0,1,1,3,11,5.301029995663981,102
16,0,1,1,2,11,5.096910013008055,171
17,1,1,1,1,19,4.903089986991943,80
20,0,1,0,2,5,4.643452676486187,148
19,0,1,1,1,11,4.954242509439324,67
21,1,1,1,1,19,4.633468455579586,55
23,0,1,1,1,22,4.903089986991943,74
18,0,1,1,1,22,4.778151250383643,74
20,1,1,1,1,19,4.277494609611011,55
24,0,1,1,1,19,4.845098040014256,74
19,1,1,1,3,21,5.0,73
23,1,1,1,1,23,4.778151250383643,67
15,0,1,1,2,21,5.158362492095249,74
22,0,1,1,1,13,5.079181246047624,100
18,0,1,1,2,19,5.032719466817989,90
26,1,1,1,1,21,4.176091259055681,47
24,1,1,1,1,20,4.0,53
24,0,1,1,1,19,4.477121254719662,89
24,0,1,1,1,13,4.845098040014256,120
22,0,1,1,1,13,4.845098040014256,63
19,0,1,1,2,11,4.977723605288848,101
23,0,1,1,1,22,4.698970004336019,69
21,0,1,1,1,14,5.204119982655924,99
25,1,1,1,1,19,4.0,68
18,0,1,1,3,21,5.0,89
22,0,1,1,2,21,4.698970004336019,74
19,1,1,1,2,21,4.778151250383643,67
18,0,1,1,1,26,5.0413926851582245,58
22,0,1,1,3,19,4.903089986991943,89
17,0,1,1,2,21,4.929418925714292,89
16,1,1,1,2,21,4.954242509439324,67
17,0,1,1,2,22,4.954242509439324,69
13,1,1,1,1,21,4.954242509439324,37
18,0,1,1,2,19,5.079181246047624,126
15,0,1,1,1,19,5.079181246047624,110
13,0,1,1,2,22,5.204119982655924,138
12,1,1,1,2,21,5.14921911265538,60
14,0,1,1,2,21,5.0,75
25,0,1,1,1,19,4.176091259055681,89
18,0,1,1,1,21,5.033423755486949,74
18,0,1,1,1,21,5.033423755486949,74
21,0,1,1,1,26,4.740362689494243,56
16,0,1,1,1,22,4.579143111643814,75
17,0,1,1,1,16,4.956168430475363,68
14,0,1,1,2,19,4.929418925714292,110
25,1,1,1,1,21,3.6989700043360187,82
22,0,1,1,1,20,4.698970004336019,84
25,1,1,1,1,20,3.6989700043360187,72
22,0,1,1,1,21,4.954242509439324,88
18,0,1,1,2,21,4.982271233039568,89
17,1,1,1,3,21,4.903089986991943,73
13,1,1,1,2,21,4.778151250383643,64
14,0,1,1,2,11,5.28695694481013,102
23,0,1,1,1,19,4.800620863151413,89
14,0,1,1,2,13,5.3404441148401185,63
19,0,1,1,2,11,5.0413926851582245,100
18,0,1,1,1,11,5.178976947293169,102
25,1,1,0,1,21,3.6989700043360187,83
16,1,1,1,1,21,4.961421094066448,46
21,0,1,1,1,21,4.361727836017592,74
18,0,1,1,1,17,4.602059991327962,104
18,0,1,1,1,21,4.845098040014256,74
24,0,1,0,1,11,4.0,172
20,0,1,1,2,13,4.954242509439324,75
22,1,1,1,1,14,4.832508912706236,87
19,0,1,1,1,19,5.079181246047624,126
19,0,1,1,1,26,4.812913356642856,77
11,1,1,1,1,19,4.929418925714292,83
17,1,1,1,3,21,4.973127853599698,67
21,0,1,1,1,19,5.0,89
21,0,1,1,1,19,4.903089986991943,89
19,0,1,1,3,17,4.903089986991943,74
17,0,1,1,3,22,5.147676324241098,53
16,1,1,1,1,21,5.155336037465061,86
19,1,1,1,1,21,4.778151250383643,67
17,0,1,1,2,22,5.079181246047624,75
20,0,1,0,2,19,4.903089986991943,194
20,0,1,1,2,13,4.799340549453581,63
15,1,1,1,3,26,5.079181246047624,62
24,0,1,1,1,21,5.0,74
24,1,1,1,1,19,4.778151250383643,121
19,0,1,1,1,26,4.954242509439324,72
20,0,1,1,2,21,4.698970004336019,89
21,0,1,1,1,13,4.845098040014256,120
12,0,1,1,3,22,5.079181246047624,70
19,0,1,1,1,13,5.290034611362517,75
19,1,1,1,1,21,4.602059991327962,67
14,0,1,1,1,22,4.602059991327962,62
18,0,1,1,1,22,5.079181246047624,138
18,1,1,1,2,21,5.55630611987289,67
5,1,1,1,2,21,4.778151250383643,37
22,1,1,1,1,20,4.30102999566398,53
24,0,1,1,2,21,4.7558748556724915,88
17,0,1,1,2,19,5.0413926851582245,110
12,1,1,1,4,19,5.0413926851582245,103
19,0,1,1,2,11,5.079181246047624,101
25,0,0,1,1,22,3.9073576081311727,69
21,0,0,1,2,11,5.058304526489531,101
18,0,0,1,2,16,4.903035696788497,67
22,0,0,1,1,16,5.190894515202341,99
20,0,0,1,1,16,5.006483156965471,90
18,0,0,1,1,16,4.955037987024298,67
16,0,0,1,2,16,4.934584291668831,99
19,0,0,1,2,13,4.929602823260484,140
19,0,0,1,2,16,5.09875098849782,99
25,1,1,1,1,19,4.0,121
23,1,1,1,1,22,4.30102999566398,84
21,0,1,1,1,13,5.230448921378273,120
24,0,1,0,1,22,4.602059991327962,108
14,1,1,1,2,14,5.079181246047624,118
19,0,1,1,3,21,5.0,74
17,0,1,1,3,16,5.0413926851582245,68
14,0,1,1,3,22,5.079181246047624,68
6,1,1,1,4,21,5.313867220369153,46
23,1,1,1,2,21,4.602059991327962,67
17,0,1,1,4,26,5.230448921378273,124
19,1,1,1,1,19,4.845098040014256,68
23,0,1,1,1,19,5.021189299069937,89
20,1,1,1,2,19,4.662757831681573,82
17,1,1,1,1,19,4.778151250383643,103
21,0,1,1,3,14,4.845098040014256,99
15,1,1,1,1,21,4.954242509439324,46
25,0,1,1,1,21,4.3979400086720375,74
17,0,1,1,2,22,4.954242509439324,118
17,0,1,1,1,11,4.778151250383643,102
20,0,1,1,1,11,5.1760912590556805,168
20,0,1,1,1,13,4.3802112417116055,105
22,0,1,1,2,14,5.0,99
24,1,1,1,1,13,3.778151250383643,82
19,0,1,1,1,13,4.6963563887333315,140
25,1,1,1,1,20,4.322219294733919,53
19,1,1,1,1,21,4.3979400086720375,67
22,1,1,1,1,20,4.342422680822206,53
23,0,1,1,1,21,4.698970004336019,88
22,1,1,1,2,21,4.30102999566398,67
23,1,1,0,1,14,4.176091259055681,117
24,0,1,1,1,16,4.477121254719662,99
21,0,1,1,1,19,4.869231719730975,126
23,1,1,0,1,14,3.8162412999917827,89
22,0,1,1,1,19,4.477121254719662,70
24,1,0,1,1,21,4.620958040726162,82
22,1,0,1,1,14,4.732393759822968,89
23,0,1,0,1,21,4.568201724066994,74
17,0,1,0,2,26,4.954242509439324,148
24,1,0,1,1,11,4.1314261721474494,138
23,1,0,0,2,11,3.8450980400142565,138
25,0,0,0,1,11,4.633468455579586,172
26,0,0,0,1,7,3.6989700043360187,113
23,0,0,1,1,21,4.845098040014256,88
22,0,0,0,1,15,4.99563519459755,104
24,1,0,1,1,21,4.176091259055681,82
21,1,0,1,1,14,4.477121254719662,89
23,0,0,1,1,19,4.801465453658702,126
22,0,0,0,1,11,4.973127853599698,172
24,1,0,0,1,19,4.462397997898956,82
23,0,1,1,1,22,5.190331698170291,69
22,1,1,0,1,21,4.544068044350275,67
24,0,1,1,1,19,4.698970004336019,74
16,0,1,1,1,26,5.267171728403014,80
19,0,1,1,2,22,5.243038048686294,69
22,1,1,1,1,20,4.060697840353611,53
25,0,1,1,1,19,3.4771212547196617,74
21,0,1,1,2,26,4.903089986991943,74
11,1,1,1,2,21,4.602059991327962,46
21,0,1,1,1,21,4.954242509439324,74
17,0,1,1,3,13,5.079181246047624,115
24,0,1,1,1,21,4.698970004336019,88
18,0,1,1,1,13,4.3979400086720375,65
17,0,1,1,3,13,4.698970004336019,120
22,0,1,1,1,13,4.8512583487190755,100
22,1,1,1,1,21,4.602059991327962,67
20,1,1,1,1,19,4.812913356642856,79
20,1,1,1,2,21,4.176091259055681,47
18,0,1,1,2,13,4.845098040014256,65
23,1,1,1,1,16,3.6989700043360187,87
23,1,1,1,2,19,4.698970004336019,55
17,0,1,1,1,22,4.903089986991943,54
20,0,1,1,2,26,4.845098040014256,72
19,0,1,1,1,13,5.195899652409233,62
21,0,1,1,1,13,4.954242509439324,120
17,1,1,1,2,19,4.903089986991943,68
15,1,1,1,2,26,4.698970004336019,63
20,0,1,1,2,13,5.0253058652647695,65
12,0,1,1,2,13,4.903089986991943,120
22,0,1,1,2,13,4.903089986991943,63
19,0,1,1,2,11,5.0413926851582245,100
17,0,1,1,3,13,5.079181246047624,63
19,1,1,1,1,21,4.431363764158987,67
13,1,1,1,2,21,4.845098040014256,46
16,1,1,1,2,21,4.845098040014256,67
22,0,1,0,1,13,4.698970004336019,100
24,0,1,1,1,19,4.778151250383643,74
23,1,1,1,1,21,4.176091259055681,82
16,0,1,1,1,13,5.130333768495006,112
24,1,1,1,1,22,4.419955748489757,84
20,0,1,1,1,13,5.079181246047624,62
23,0,1,1,1,21,4.544068044350275,74
21,1,1,1,1,21,4.477121254719662,83
21,1,1,1,1,22,4.698970004336019,89
19,0,1,1,1,20,5.079181246047624,85
16,0,1,1,2,16,5.0,68
13,1,1,1,2,21,5.079181246047624,105
23,1,1,1,2,21,4.845098040014256,91
20,1,1,1,1,19,4.857332496431268,82
19,1,1,1,1,22,4.477121254719662,37
23,0,1,1,1,22,4.30102999566398,148
21,0,1,1,1,21,5.0413926851582245,88
23,1,1,1,1,20,4.3979400086720375,53
20,0,1,1,1,11,5.079181246047624,101
12,1,1,1,1,21,4.602059991327962,46
25,1,1,1,1,20,4.0,53
16,1,1,1,1,21,4.812913356642856,67
25,2,1,1,1,21,4.0,62
18,1,1,1,2,13,5.0413926851582245,75
14,0,1,1,2,13,5.079181246047624,63
21,1,1,1,1,21,4.857332496431268,73
20,0,1,1,2,21,4.949877704036874,74
12,1,1,1,2,26,4.973127853599698,104
21,1,1,1,2,19,5.079181246047624,55
18,1,1,1,1,26,5.0413926851582245,62
24,0,1,1,1,21,4.698970004336019,88
10,0,1,1,3,22,4.954242509439324,62
19,1,1,1,1,21,4.698970004336019,34
19,0,1,1,1,13,5.477121254719662,112
17,1,1,1,3,21,4.698970004336019,67
23,2,1,1,1,21,5.146128035678237,62
25,1,1,0,1,19,4.204119982655924,82
21,0,1,1,1,19,5.1003705451175625,89
25,1,1,1,1,19,4.176091259055681,82
16,1,1,1,1,21,5.301029995663981,86
15,1,1,1,1,21,5.079181246047624,46
11,1,1,1,4,19,5.079181246047624,83
16,1,1,0,3,19,5.0413926851582245,79
16,1,1,1,1,22,5.01703333929878,90
23,1,1,1,1,14,5.079181246047624,117
24,0,1,0,1,21,4.544068044350275,88
17,0,1,1,1,21,5.322219294733919,74
15,0,1,1,3,21,4.929418925714292,74
18,1,1,1,1,21,4.903089986991943,67
18,0,1,0,1,8,4.698970004336019,170
15,0,1,1,1,19,4.602059991327962,90
16,0,1,1,1,11,5.334453751150931,102
23,1,1,1,2,21,4.812913356642856,67
12,1,1,1,3,19,5.0,83
21,0,1,1,1,21,4.924279286061881,88
18,0,1,1,1,11,5.322219294733919,100
16,1,1,1,1,26,4.778151250383643,75
12,1,1,1,4,19,5.0,83
13,1,1,1,2,21,4.89209460269048,88
8,1,1,1,4,14,5.206825876031849,100
16,1,1,1,3,22,4.698970004336019,35
23,0,1,1,1,20,4.812913356642856,108
21,1,1,1,1,20,4.698970004336019,53
25,1,1,1,1,21,4.3979400086720375,82
19,0,1,1,1,13,5.0,62
24,1,1,1,1,19,3.778151250383643,82
22,0,1,1,1,14,4.858013563184616,99
18,0,1,1,1,22,4.602059991327962,70
23,1,1,1,1,19,3.9030899869919433,82
16,1,1,1,1,21,4.30102999566398,86
20,0,1,1,1,21,4.954242509439324,74
24,0,1,1,1,21,4.3979400086720375,88
16,0,1,1,2,22,5.0,90
12,1,1,1,2,16,4.778151250383643,68
24,0,1,1,1,19,4.477121254719662,89
13,0,1,1,3,13,5.079181246047624,120
17,0,1,1,2,22,4.903089986991943,138
17,0,1,1,2,17,4.838849090737255,104
16,1,1,1,1,26,4.875061263391699,79
10,1,1,1,2,21,5.053078443483419,46
20,0,1,1,2,19,4.954242509439324,71
18,0,1,1,3,20,5.0,63
18,0,1,1,1,22,5.0413926851582245,74
17,0,1,1,2,16,5.0,68
23,0,1,1,1,19,4.698970004336019,74
17,0,1,1,1,25,5.301029995663981,92
16,0,1,1,2,22,4.984270711278015,138
15,1,1,0,2,14,5.0,178
25,1,1,0,1,21,4.0,82
20,0,1,1,1,21,5.0413926851582245,74
20,0,1,1,2,22,4.934498451243567,138
20,0,1,1,1,21,5.0,74
20,0,1,1,1,19,4.959041392321093,89
17,1,1,1,2,14,4.954242509439324,118
22,1,1,1,2,21,4.778151250383643,47
22,1,1,1,1,20,4.711807229041191,53
22,0,1,1,2,26,4.778151250383643,74
18,0,1,1,2,16,5.019116290447072,68
18,0,1,1,3,20,5.079181246047624,108
20,0,1,1,2,21,5.0,74
14,1,1,1,3,14,4.954242509439324,130
11,1,1,1,3,21,5.1760912590556805,67
12,1,1,0,1,21,4.778151250383643,67
21,1,1,1,2,19,4.698970004336019,106
25,0,1,1,1,19,4.0,74
21,0,1,1,3,13,5.079181246047624,120
23,1,1,1,1,19,4.602059991327962,82
20,1,1,1,1,21,4.698970004336019,47
23,1,1,1,1,21,4.954242509439324,73
24,0,1,1,1,13,4.0,45
25,1,1,1,1,21,4.431363764158987,67
22,0,1,1,1,21,4.845098040014256,74
23,1,1,1,1,21,4.698970004336019,34
20,0,1,1,1,19,5.0413926851582245,70
21,0,1,1,2,21,5.0,47
24,0,1,1,1,13,4.698970004336019,121
15,0,1,1,2,21,5.021189299069937,75
19,0,1,1,1,11,5.0413926851582245,101
20,0,1,1,2,13,4.778151250383643,140
19,1,0,1,2,16,4.691099181965617,123
16,1,1,1,3,19,4.778151250383643,62
18,0,1,1,1,26,4.954242509439324,58
19,0,1,1,2,20,4.908485018878649,108
24,0,1,1,1,19,4.903089986991943,74
18,0,1,1,2,20,5.021189299069937,108
23,1,1,1,1,21,5.356025857193122,91
18,0,1,1,2,20,5.0,108
25,2,1,1,1,21,4.778151250383643,62
19,0,1,1,3,19,4.845098040014256,89
17,0,1,1,3,17,5.079181246047624,104
15,1,1,1,3,21,4.903089986991943,46
14,0,1,1,4,22,5.079181246047624,138
20,1,1,1,1,19,4.724275869600789,79
23,0,1,1,1,21,4.778151250383643,74
23,1,1,1,1,19,4.477121254719662,82
19,0,1,1,3,17,5.0,104
18,0,1,1,4,21,4.991226075692494,89
20,1,1,1,1,19,4.778151250383643,55
16,1,1,1,3,19,4.903089986991943,79
19,0,0,0,1,13,5.068185861746161,184
24,1,0,1,1,14,3.9332847723486943,89
23,1,0,0,1,22,4.294972974720407,84
22,1,0,1,1,14,4.331346301652566,116
23,0,0,1,1,21,4.7184103362524,88
23,0,0,1,1,13,4.717969913205023,120
23,0,0,1,1,13,4.736157375273131,120
23,0,0,1,1,19,4.4060459958453,90
25,1,0,1,1,22,4.530558259451653,84
24,0,0,1,1,13,4.776236138320199,100
15,1,0,1,1,14,4.7347198416556795,118
22,1,0,1,1,14,3.3259259557714658,87
23,0,0,1,1,13,4.78801980853341,120
16,1,0,1,2,14,4.767482392142531,117
22,1,0,1,1,21,4.871462012844713,67
7,1,1,1,3,21,4.544068044350275,37
23,0,0,1,1,16,4.806057811480944,90
14,1,0,1,2,21,4.812913356642856,67
20,0,0,1,1,13,4.869231719730975,62
19,0,0,1,2,20,4.75150235403878,108
18,1,1,1,1,19,4.7481880270062,79
25,1,0,1,1,19,4.290034611362517,68
21,1,0,1,1,19,4.477121254719662,82
22,0,0,1,1,19,4.724275869600789,89
23,1,1,1,1,19,3.6989700043360187,82
21,1,1,1,1,19,4.3979400086720375,121
20,0,0,1,1,14,4.857332496431268,99
19,1,1,1,2,15,4.462397997898956,104
22,0,0,1,1,18,4.754592939762488,83
20,1,0,1,1,19,4.484698353024001,82
19,0,0,1,1,14,4.814813408448835,99
26,0,0,1,1,11,4.303239268651995,148
21,1,0,1,1,14,4.633468455579586,89
19,0,0,1,1,11,4.7191654940892125,67
24,0,0,1,1,13,4.87069645798925,75
23,1,0,0,1,21,4.7577527326261855,82
23,0,1,1,1,21,4.716003343634799,88
17,1,1,1,2,18,4.672097857935717,98
17,0,1,1,3,16,4.903089986991943,68
17,0,1,1,2,22,4.929418925714292,75
18,0,1,1,1,21,5.0,74
17,1,1,1,1,18,5.0413926851582245,98
16,0,1,1,2,25,5.250420002308894,92
16,1,1,1,3,21,5.079181246047624,46
23,0,1,1,1,4,4.845098040014256,170
17,0,1,0,1,5,5.079181246047624,168
21,1,1,1,1,21,4.477121254719662,67
15,1,1,1,3,21,4.778151250383643,67
18,0,1,1,4,17,4.845098040014256,74
23,0,1,1,1,19,4.602059991327962,89
18,0,1,1,1,19,5.079181246047624,126
21,0,1,1,1,21,5.079181246047624,74
20,1,1,1,3,19,4.698970004336019,55
19,0,1,1,1,16,5.0,68
16,0,1,1,3,19,5.079181246047624,90
18,0,1,1,2,21,4.954242509439324,74
18,1,1,1,1,21,4.954242509439324,67
21,1,1,0,1,22,4.30102999566398,37
15,0,1,1,2,19,4.954242509439324,110
17,1,1,1,3,11,5.079181246047624,89
23,0,1,1,1,16,4.544068044350275,99
16,0,1,1,2,19,5.079181246047624,150
8,1,1,1,1,21,5.079181246047624,37
25,0,1,1,1,19,4.0,89
23,0,1,1,2,14,4.812913356642856,99
13,1,1,1,3,14,4.954242509439324,130
18,1,1,1,1,21,4.954242509439324,67
22,0,0,1,1,19,4.626576444406812,89
19,1,0,1,1,14,4.628000445988901,116
21,0,0,1,1,21,4.738169898063887,74
22,0,1,1,1,14,4.477121254719662,99
17,0,0,0,1,9,4.628848527992801,190
22,0,0,1,1,21,4.505149978319905,88
24,1,0,1,1,21,4.309097617412014,82
19,0,0,1,2,21,4.643235474940322,74
21,0,0,1,1,13,4.60422605308447,75
24,1,1,1,1,19,4.477121254719662,82
20,0,1,1,1,21,4.954242509439324,89
19,0,0,1,2,16,4.681241237375587,99
20,0,0,1,1,14,4.435095486058287,99
23,0,0,1,1,21,4.459874769298969,74
21,1,1,1,1,21,4.544068044350275,94
22,0,1,1,2,13,4.477121254719662,100
15,1,1,1,2,19,4.698970004336019,68
22,0,1,1,2,21,4.602059991327962,74
20,1,1,1,1,21,4.3979400086720375,94
26,0,1,1,1,13,5.079181246047624,153
17,0,1,1,2,21,4.778151250383643,74
20,0,1,1,1,13,5.0413926851582245,63
22,0,1,1,1,13,4.826074802700826,120
16,0,1,1,2,16,4.698970004336019,68
14,0,1,1,2,22,5.079181246047624,138
5,1,1,1,1,21,5.0,37
9,0,1,1,1,13,4.991226075692494,120
20,0,1,1,1,26,4.579783596616809,74
21,0,1,1,1,11,5.079181246047624,67
17,0,1,1,3,16,5.012837224705172,68
0,1,1,1,1,21,4.778151250383643,37
23,0,1,1,1,21,4.903089986991943,88
21,0,1,1,1,21,4.698970004336019,89
23,0,1,1,1,22,4.845098040014256,108
12,0,1,1,4,19,5.0413926851582245,112
25,1,1,0,1,22,4.477121254719662,84
22,0,1,1,2,21,4.903089986991943,74
18,0,1,1,2,21,5.0413926851582245,74
16,0,1,1,1,22,5.079181246047624,90
20,1,1,1,2,19,4.845098040014256,82
24,0,1,1,1,19,4.778151250383643,89
12,1,1,1,1,21,4.954242509439324,46
20,0,1,1,1,25,5.153814864344528,75
17,0,1,1,3,13,4.954242509439324,120
21,1,1,1,1,19,4.698970004336019,68
19,0,1,1,3,14,4.954242509439324,99
21,0,1,1,2,21,5.060697840353612,74
19,1,1,0,2,19,5.1760912590556805,99
21,1,1,1,2,21,4.832508912706236,82
19,0,1,1,2,13,4.954242509439324,62
16,1,1,0,3,14,5.0413926851582245,116
19,0,1,1,2,13,4.845098040014256,62
17,0,1,1,3,13,4.903089986991943,140
13,1,1,1,2,19,5.0,68
10,1,1,1,2,21,4.845098040014256,67
10,1,1,1,3,21,4.886490725172481,37
24,0,1,1,1,21,4.550228353055094,74
24,1,1,1,1,21,4.243038048686294,67
23,1,1,1,1,21,4.431363764158987,67
23,0,1,1,1,19,4.778151250383643,74
22,1,1,1,1,21,4.3979400086720375,67
21,0,1,1,1,21,4.903089986991943,74
18,1,1,1,2,21,4.778151250383643,46
19,0,1,1,1,17,4.579783596616809,74
17,0,1,1,1,11,5.0413926851582245,102
22,0,1,1,1,14,4.963787827345555,99
18,0,1,1,3,13,5.255272505103306,62
24,1,1,1,1,21,4.0,83
23,1,1,1,2,21,4.544068044350275,47
23,0,1,1,1,21,4.544068044350275,74
22,0,1,1,1,19,4.361727836017592,70
18,0,1,1,3,22,5.1760912590556805,69
21,0,1,1,1,19,4.845098040014256,71
23,1,1,1,1,19,4.602059991327962,82
18,0,1,1,2,19,5.0,90
23,1,1,1,2,21,4.698970004336019,47
16,0,1,1,4,21,5.079181246047624,74
21,0,1,1,2,19,4.778151250383643,71
21,1,1,1,2,21,4.4471580313422185,47
15,1,1,1,3,21,4.778151250383643,86
25,1,1,1,1,14,3.6532125137753435,89
19,0,1,1,1,22,4.845098040014256,69
23,0,1,1,1,20,5.079181246047624,84
21,1,1,0,1,14,4.903089986991943,89
15,0,1,1,4,22,5.1760912590556805,138
15,1,1,1,1,13,5.079181246047624,75
20,0,1,1,1,21,4.698970004336019,74
18,1,1,1,1,14,4.919078092376074,116
23,0,1,1,1,21,4.30102999566398,74
23,1,1,1,1,14,3.8293037728310244,87
21,1,1,1,1,21,4.414973347970817,91
23,1,1,1,1,19,4.716003343634799,82
23,0,1,0,1,19,4.707570176097936,126
25,1,1,0,1,21,4.30102999566398,82
23,0,1,1,1,13,5.152288344383057,100
25,1,1,0,1,22,3.963787827345555,84
22,0,1,1,1,20,4.602059991327962,84
26,1,1,1,1,21,3.6989700043360187,82
22,1,1,1,1,21,4.602059991327962,47
18,0,1,1,1,13,5.075546961392531,95
11,1,1,1,4,21,5.0,46
23,0,1,1,1,21,5.0,88
15,1,1,1,2,21,4.698970004336019,67
19,1,1,1,2,21,4.903089986991943,73
24,1,1,1,1,22,4.176091259055681,108
24,1,0,1,1,11,3.6329631681672607,106
24,1,0,1,1,11,3.718418641829655,106
25,1,0,1,1,19,3.6721902511882525,82
22,1,0,1,1,21,3.8297539189249745,82
22,1,0,0,1,15,4.449971810566892,104
25,1,0,1,1,18,4.061942292028086,105
23,1,0,1,1,14,4.06774020292624,117
18,1,0,0,1,11,4.761386511525829,138
24,0,0,1,1,21,4.374968186299234,88
21,1,0,0,1,16,4.849235091314722,110
20,1,0,1,2,21,4.637299558961629,47
20,1,0,0,1,14,4.897687558464355,117
20,0,1,1,2,21,4.698970004336019,89
24,1,1,1,1,19,4.0,82
21,1,1,1,1,21,4.76715586608218,86
24,1,1,1,1,21,4.30102999566398,83
17,1,1,1,2,18,4.638489256954637,75
24,0,1,1,1,22,4.477121254719662,154
21,0,1,1,1,16,4.799340549453581,99
22,0,1,1,1,13,4.544068044350275,62
18,0,1,1,2,22,5.0413926851582245,69
24,0,1,1,1,22,4.3979400086720375,154
23,1,1,0,1,19,4.477121254719662,82
18,0,1,1,1,13,4.698970004336019,62
24,0,1,1,1,13,4.544068044350275,121
24,1,1,1,1,20,4.477121254719662,67
20,1,1,1,1,14,4.7481880270062,117
23,1,1,1,1,21,4.103803720955956,67
24,0,1,1,1,22,4.544068044350275,108
23,1,1,1,1,19,4.477121254719662,82
18,0,1,1,1,13,5.079181246047624,120
23,0,1,1,1,22,5.0,148
23,1,1,1,1,20,4.531478917042255,53
17,0,1,1,1,13,4.7481880270062,95
14,1,1,1,1,19,4.954242509439324,68
16,1,1,1,2,19,4.812913356642856,62
17,0,1,1,1,22,4.903089986991943,138
18,0,1,1,3,13,4.954242509439324,120
21,1,1,1,1,21,4.602059991327962,67
24,1,1,1,1,21,4.3979400086720375,103
11,1,1,1,1,21,4.694210206198834,46
22,1,1,1,1,19,5.0,55
19,0,1,1,1,22,5.079181246047624,74
16,1,1,1,4,19,4.954242509439324,80
19,0,1,1,2,26,4.6703850277210135,77
19,0,1,1,1,22,5.0413926851582245,70
21,1,1,1,1,19,4.903089986991943,55
19,0,1,1,3,21,5.0,89
20,1,1,1,1,21,4.903089986991943,67
24,1,1,1,1,19,4.602059991327962,82
21,1,1,1,3,21,4.845098040014256,67
17,0,1,1,1,22,4.903089986991943,71
20,1,1,1,1,21,4.602059991327962,47
17,1,1,1,2,18,4.778151250383643,75
22,0,1,1,1,19,4.477121254719662,89
23,1,1,1,1,19,4.3979400086720375,82
16,0,1,1,1,11,5.523746466811564,102
22,0,1,1,1,13,5.0,100
20,0,1,1,1,20,5.243038048686294,108
17,1,1,0,3,21,4.812913356642856,103
15,1,1,1,1,19,4.954242509439324,62
17,0,1,1,2,16,4.903089986991943,68
24,0,1,1,1,13,5.0413926851582245,140
14,1,1,0,3,14,4.778151250383643,108
20,0,1,1,1,13,5.204119982655924,94
16,0,1,0,1,13,5.0037835477301265,120
22,1,1,1,1,21,4.477121254719662,83
19,0,1,1,1,19,5.071882007306124,70
19,0,1,1,3,19,4.838849090737255,126
21,1,1,1,2,21,4.3979400086720375,83
21,1,1,0,1,19,5.0,82
21,0,1,1,1,21,5.0413926851582245,74
21,0,1,1,3,18,4.778151250383643,84
14,1,1,1,1,19,5.107209969647868,62
23,0,1,1,1,22,5.079181246047624,69
26,1,1,0,1,19,3.6989700043360187,82
23,0,1,1,1,19,4.954242509439324,126
18,1,1,1,1,14,5.158452960688828,178
20,0,1,1,1,14,5.301029995663981,99
22,1,1,1,1,19,4.462397997898956,82
13,2,1,1,2,21,4.954242509439324,58
15,0,1,1,2,13,5.2455126678141495,66
19,0,1,1,1,22,5.1760912590556805,69
22,1,1,1,1,21,4.954242509439324,34
20,1,1,1,2,17,4.845098040014256,103
13,0,1,1,2,13,4.99563519459755,65
24,1,1,1,1,22,3.6989700043360187,84
17,0,1,1,2,21,4.949390006644912,74
12,0,1,1,2,22,4.944482672150168,62
21,0,1,1,1,21,4.477121254719662,74
22,0,1,0,2,21,4.698970004336019,74
19,0,1,1,1,21,4.903089986991943,74
22,0,1,1,1,19,4.602059991327962,89
21,0,1,1,3,21,5.0413926851582245,89
21,0,1,1,2,19,4.681241237375587,126
22,0,1,0,1,17,4.986771734266244,138
17,0,1,0,3,8,5.0413926851582245,165
24,1,1,0,1,11,4.107209969647868,106
18,1,1,1,1,19,4.602059991327962,55
23,0,1,1,1,21,4.690196080028513,74
20,1,1,1,1,21,4.3979400086720375,86
22,1,1,1,2,21,4.812913356642856,47
21,0,1,1,1,25,4.30102999566398,92
24,1,1,1,1,17,4.230448921378274,75
21,0,1,1,1,21,4.176091259055681,88
20,0,1,1,2,11,5.079181246047624,67
16,1,1,1,1,19,4.690196080028513,80
22,1,1,1,1,19,4.462397997898956,82
23,0,1,0,1,18,4.740362689494243,108
25,0,1,1,1,13,3.6989700043360187,121
23,0,1,1,1,22,4.544068044350275,108
24,1,1,1,2,23,3.6989700043360187,67
23,0,1,1,1,16,4.778151250383643,99
23,1,1,1,1,21,4.845098040014256,83
14,0,1,1,2,19,5.079181246047624,110
22,0,1,1,2,13,4.813580988568191,100
25,1,1,0,1,21,4.30102999566398,82
21,0,1,1,1,19,5.033423755486949,89
25,1,1,1,1,21,4.176091259055681,82
15,1,1,1,1,19,4.886490725172481,62
21,1,1,1,1,21,4.267171728403013,67
22,0,1,1,1,13,5.079181246047624,100
21,1,1,1,1,20,4.181843587944773,53
21,1,1,1,1,14,4.544068044350275,117
17,0,1,1,1,19,4.903089986991943,126
19,1,1,1,1,19,4.845098040014256,55
20,0,1,1,2,13,4.903089986991943,140
18,0,1,1,3,26,4.913813852383717,164
16,1,1,0,2,14,4.778151250383643,118
23,1,1,1,1,11,4.698970004336019,79
17,0,1,1,1,16,4.845098040014256,68
23,0,1,1,1,14,4.845098040014256,99
17,0,1,1,3,19,4.954242509439324,90
22,0,1,1,2,21,4.845098040014256,88
20,1,1,1,1,21,4.698970004336019,47
18,1,1,1,2,21,5.079181246047624,35
24,0,1,1,1,22,4.3979400086720375,148
15,0,1,1,3,13,4.903089986991943,120
23,1,1,1,1,19,4.3979400086720375,82
25,0,1,1,1,22,4.176091259055681,74
17,1,1,1,2,21,4.544068044350275,67
14,1,1,1,2,21,4.903089986991943,46
23,0,1,1,1,22,4.3979400086720375,108
23,0,1,1,1,17,4.716003343634799,109
22,0,1,1,1,13,4.903089986991943,77
23,0,1,1,1,21,5.103803720955956,74
23,1,1,1,1,14,4.477121254719662,89
23,0,1,1,1,21,4.845098040014256,88
17,0,1,1,2,10,5.079181246047624,117
17,0,1,1,1,19,5.066325925362038,90
18,0,1,1,2,11,5.161368002234974,100
18,1,1,1,1,19,5.079181246047624,83
22,0,1,1,1,16,4.903089986991943,99
19,1,1,1,1,21,5.146128035678237,94
14,1,1,1,4,19,5.0,103
25,1,1,1,1,19,5.0,82
17,0,1,1,2,11,5.225309281725862,102
16,0,1,1,3,26,5.079181246047624,148
22,0,1,1,2,11,5.161368002234974,67
25,1,1,1,1,19,4.954242509439324,82
24,0,1,1,1,4,4.903089986991943,170
25,1,0,1,1,16,4.518513939877887,95
20,1,1,1,1,26,4.130333768495006,82
23,1,1,1,1,19,4.30102999566398,82
19,1,1,1,1,19,4.602059991327962,55
21,1,1,1,1,14,4.477121254719662,117
6,1,1,1,2,21,4.698970004336019,37
22,0,1,1,1,16,4.863322860120455,99
20,0,1,1,2,21,4.954242509439324,74
21,1,1,1,2,21,4.698970004336019,67
17,0,1,1,3,19,4.903089986991943,126
17,0,1,1,2,19,4.845098040014256,90
17,1,1,1,1,26,4.6127838567197355,62
20,0,0,1,1,16,5.053946165014646,67
19,0,1,1,2,16,4.954242509439324,68
16,0,1,1,4,13,5.20547503674089,115
21,1,1,0,1,21,4.477121254719662,91
19,0,1,1,3,21,5.079181246047624,74
17,1,1,1,2,19,4.903089986991943,103
21,0,1,1,2,13,4.7558748556724915,120
22,1,1,1,1,19,4.3979400086720375,121
21,0,1,1,2,19,4.903089986991943,126
17,0,1,1,3,26,4.944482672150168,124
21,1,1,1,1,23,4.778151250383643,67
23,1,1,1,1,21,4.633468455579586,83
20,0,1,0,2,15,4.886490725172481,104
21,1,1,1,2,21,4.602059991327962,47
20,0,1,1,2,26,5.143014800254094,74
22,1,1,1,1,19,4.903089986991943,82
20,0,1,1,2,26,4.8808135922807905,56
25,1,1,1,1,19,3.5440680443502752,82
13,1,1,1,2,21,4.7923916894982534,37
13,1,1,1,2,22,5.0413926851582245,127
18,1,1,1,2,26,4.602059991327962,62
18,0,1,1,1,13,6.176091259055681,140
17,1,1,1,3,21,4.845098040014256,46
18,0,1,1,2,21,4.886490725172481,74
17,1,1,1,2,26,5.0413926851582245,62
22,1,1,1,1,21,4.30102999566398,67
11,0,1,0,2,8,5.079199341274056,198
19,0,1,1,1,13,4.845098040014256,63
23,1,1,1,1,20,4.579783596616809,67
13,0,1,1,1,22,4.698970004336019,53
19,0,1,1,1,13,4.716003343634799,100
18,0,1,1,1,22,4.698970004336019,70
22,1,1,1,1,19,4.477121254719662,55
20,0,1,1,1,13,5.012837224705172,62
17,0,1,0,2,16,4.970662949887144,154
16,1,1,1,2,17,4.903089986991943,102
18,0,1,1,1,22,4.544068044350275,69
21,1,1,0,1,16,4.602059991327962,110
17,0,1,1,1,22,4.845098040014256,90
16,0,1,1,1,22,5.079181246047624,89
14,0,1,1,2,13,5.079181246047624,120
18,0,1,1,1,22,4.954242509439324,69
18,0,1,1,2,22,4.544068044350275,69
24,1,1,1,1,21,4.477121254719662,34
24,0,1,1,1,19,4.845098040014256,89
22,1,1,1,1,21,4.30102999566398,82
23,0,1,1,1,22,4.845098040014256,69
22,1,1,1,1,14,4.812913356642856,117
23,1,1,1,1,22,4.3979400086720375,84
25,1,1,1,1,21,4.0,73
9,1,1,1,4,21,4.544068044350275,37
20,1,1,0,2,18,4.903089986991943,180
16,1,1,1,1,26,4.799340549453581,79
14,0,1,1,1,22,5.0,62
24,1,0,1,1,21,4.219820207147237,67
22,1,0,1,2,14,4.725919795648435,117
23,1,0,1,1,21,4.402639612897092,82
23,0,0,1,1,21,4.729318710084539,88
24,1,0,1,1,16,3.7782236267660965,121
19,0,1,1,1,22,4.903089986991943,69
24,0,1,1,1,20,4.079181246047624,108
23,1,1,1,1,16,4.3979400086720375,121
23,0,1,1,2,19,4.602059991327962,89
16,0,1,1,3,21,5.113943352306836,75
24,0,1,1,1,21,4.602059991327962,88
6,1,1,1,4,21,4.845098040014256,60
14,1,1,1,2,14,5.079181246047624,78
21,0,1,1,1,21,4.778151250383643,74
15,1,1,1,1,21,4.778151250383643,67
10,1,1,1,2,21,4.778151250383643,46
22,0,1,1,1,21,4.89209460269048,74
19,0,1,1,2,20,4.903089986991943,84
12,1,1,1,4,21,5.079181246047624,46
12,1,1,1,2,21,5.0,46
15,1,1,1,4,21,4.845098040014256,46
10,0,1,1,3,19,5.204119982655924,82
12,0,1,1,3,13,5.079181246047624,120
11,0,1,1,3,19,5.0,82
19,0,1,1,2,21,4.778151250383643,89
16,0,1,1,3,26,5.130333768495006,148
22,1,1,1,1,21,4.954242509439324,82
19,0,1,1,2,17,4.875061263391699,74
11,0,1,1,2,11,5.267171728403014,101
21,1,1,0,2,18,4.855622114260253,76
17,0,1,0,2,13,5.1760912590556805,120
18,1,1,1,2,16,4.954242509439324,100
24,1,1,1,1,20,4.544068044350275,67
21,0,1,1,2,11,5.079181246047624,168
17,2,1,1,2,19,5.0,62
15,1,1,0,3,14,4.602059991327962,130
16,0,1,1,1,13,5.0,95
22,0,1,1,1,22,5.079181246047624,148
20,1,1,1,1,21,4.778151250383643,67
25,0,1,1,1,13,3.301029995663981,63
18,0,1,1,1,13,5.0,75
21,0,1,1,1,13,5.0413926851582245,94
15,0,1,1,2,22,4.954242509439324,138
17,0,1,1,1,22,4.925935748389185,70
19,0,1,1,1,13,5.247973266361806,140
16,0,1,1,1,22,4.778151250383643,75
14,0,1,1,2,22,5.311753861055754,69
14,1,1,1,2,19,4.845098040014256,79
19,0,1,1,2,20,5.1003705451175625,108
21,0,1,1,1,22,4.845098040014256,70
23,0,1,1,1,13,4.913813852383717,100
21,1,1,1,2,21,4.653212513775343,83
18,0,1,1,2,18,4.845098040014256,85
21,0,1,1,2,18,4.903089986991943,84
23,0,1,1,1,13,4.653212513775343,120
19,1,1,1,1,21,4.621176281775035,86
23,0,1,1,2,21,4.698970004336019,74
15,1,1,1,2,21,4.982271233039568,67
18,0,1,1,1,13,5.068185861746161,112
17,1,1,1,2,19,5.0413926851582245,68
20,0,1,1,2,14,5.0,99
13,1,1,1,3,21,4.947923619831726,46
18,1,1,1,2,18,4.845098040014256,98
16,1,1,1,2,21,5.0413926851582245,64
22,1,1,1,1,21,4.176091259055681,47
18,0,1,1,2,13,4.903089986991943,65
20,1,1,1,1,21,4.698970004336019,86
24,1,1,1,1,19,4.176091259055681,55
17,0,1,1,2,13,4.7558748556724915,64
18,0,1,1,1,13,4.875061263391699,62
19,1,1,1,1,21,4.414973347970817,73
21,0,1,1,1,19,5.204119982655924,71
16,1,1,1,2,21,5.079181246047624,46
20,1,1,1,2,21,4.698970004336019,46
18,1,1,1,1,21,4.602059991327962,46
23,1,1,1,1,14,4.4471580313422185,117
24,0,1,1,1,21,4.698970004336019,74
22,0,1,1,1,19,4.602059991327962,89
23,0,1,1,1,16,5.053078443483419,99
17,0,1,1,1,16,5.0,68
16,0,1,1,3,22,5.352182518111363,90
23,0,1,1,2,13,4.826074802700826,100
17,0,1,1,4,26,4.845098040014256,58
21,1,1,1,1,11,4.698970004336019,138
23,0,1,0,1,17,4.531478917042255,108
10,1,1,1,3,14,5.0413926851582245,100
11,1,1,1,2,21,5.146128035678237,67
18,1,1,1,2,14,5.0,116
23,1,1,0,1,19,4.0,82
24,1,1,1,1,21,4.477121254719662,67
24,0,0,0,1,11,4.30102999566398,172
24,0,0,1,1,12,4.30102999566398,81
25,1,0,1,1,21,3.6879746200345553,67
26,0,0,0,1,19,3.431363764158987,126
24,0,0,1,1,21,4.7672375206157716,88
21,0,0,1,1,16,5.021189299069937,99
24,0,0,1,1,13,4.418881068534358,105
23,0,0,1,1,22,4.42758347362526,108
26,1,0,0,1,3,3.2041199826559246,141
25,0,0,1,1,13,4.361727836017592,121
23,1,0,1,1,21,4.389555888095236,82
22,0,0,1,1,21,4.799340549453581,88
25,1,0,1,1,17,3.301029995663981,74
20,0,1,1,3,13,5.477121254719662,120
21,0,1,1,1,14,4.903089986991943,99
17,1,1,1,2,14,4.903089986991943,90
21,1,1,1,1,21,4.732393759822968,67
25,1,1,1,1,21,3.6989700043360187,73
21,0,1,1,1,13,4.770446972034936,100
18,0,1,1,1,16,4.954242509439324,68
17,0,1,1,1,11,5.574031267727719,102
19,0,1,1,3,21,5.204119982655924,89
20,0,1,1,2,17,4.903089986991943,104
10,1,1,1,3,21,4.698970004336019,37
21,0,1,1,2,22,4.903089986991943,69
21,0,1,1,1,13,5.195830491730386,62
24,0,0,1,1,16,4.441223674242612,99
19,0,1,1,1,13,5.079181246047624,120
15,0,1,1,3,13,5.079181246047624,112
21,1,1,1,1,19,4.763427993562937,82
18,1,1,1,1,18,4.698970004336019,98
23,1,1,0,1,21,4.602059991327962,82
24,1,1,1,1,14,3.89209460269048,89
22,1,1,1,1,21,4.698970004336019,47
17,0,1,1,1,16,4.832508912706236,141
21,1,1,1,2,21,4.778151250383643,94
11,1,1,1,2,22,4.869231719730975,85
17,0,1,1,2,22,4.763427993562937,138
17,1,1,1,3,21,4.845098040014256,66
21,1,1,1,1,16,4.845098040014256,87
15,1,1,1,2,19,5.0413926851582245,79
22,0,1,1,1,19,4.903089986991943,89
24,0,1,1,1,21,4.770852011642144,94
26,1,1,1,1,21,4.3979400086720375,67
20,1,1,1,1,21,4.740362689494243,47
21,0,1,1,1,21,4.3979400086720375,47
15,0,1,1,1,13,5.477121254719662,112
22,0,1,1,1,16,5.155943017971836,99
23,0,1,1,1,4,4.778151250383643,170
18,0,1,1,1,18,5.079181246047624,63
20,0,1,1,2,21,5.161368002234974,88
23,1,1,1,1,19,4.477121254719662,82
25,1,1,1,1,19,3.9030899869919433,82
18,0,1,1,1,16,5.230448921378273,141
19,0,1,1,1,21,5.0,74
18,1,1,1,1,21,4.7923916894982534,35
20,0,1,1,1,13,5.0413926851582245,140
21,0,1,1,2,26,4.903089986991943,72
8,1,1,1,2,21,4.903089986991943,60
19,0,1,1,1,21,5.0,74
21,0,1,1,1,13,5.079181246047624,63
25,0,1,1,1,21,4.3802112417116055,74
23,0,1,1,1,13,4.903089986991943,77
18,0,1,1,1,19,5.139879086401236,126
9,1,1,1,4,21,5.167317334748176,67
23,0,1,1,1,13,4.778151250383643,100
17,1,1,1,1,26,4.903089986991943,62
19,0,1,1,1,22,5.276461804173244,89
20,0,1,0,2,17,4.954242509439324,103
18,0,1,0,2,9,5.146128035678237,184
22,1,1,1,1,21,4.778151250383643,67
19,0,1,0,2,9,5.146128035678237,184
20,0,1,1,1,19,4.7481880270062,89
18,0,1,1,1,13,5.113943352306836,140
22,0,1,1,1,18,4.544068044350275,84
21,0,1,1,1,18,4.544068044350275,84
17,0,1,1,1,22,5.193124598354461,138
19,1,1,1,1,21,4.954242509439324,47
14,0,1,1,3,22,4.778151250383643,70
22,0,1,1,1,18,4.556302500767287,108
23,1,1,1,2,19,4.30102999566398,55
12,0,1,1,1,13,5.267171728403014,117
24,1,1,1,1,20,4.033423755486949,53
25,1,1,1,1,21,4.176091259055681,82
18,0,1,1,1,22,4.829303772831024,68
23,0,1,1,1,22,4.477121254719662,154
22,0,1,1,1,13,4.698970004336019,77
22,0,1,1,1,13,5.0,100
22,0,1,1,1,13,5.1760912590556805,63
21,0,1,1,1,13,5.0413926851582245,140
18,1,1,1,1,21,4.477121254719662,47
17,1,1,1,1,21,4.778151250383643,46
16,0,1,1,2,13,5.406540180433955,95
14,0,1,1,2,26,5.079181246047624,124
21,1,1,1,2,21,4.698100545623389,47
18,0,1,1,1,22,4.934498451243567,89
21,1,1,1,1,23,4.856426772470244,67
21,0,1,1,3,25,4.977723605288848,75
14,1,1,1,4,21,4.845098040014256,86
21,1,1,1,1,21,4.698970004336019,83
13,0,1,1,3,13,5.079181246047624,63
21,0,1,1,1,19,5.161368002234974,126
24,0,1,1,1,13,4.602059991327962,138
21,0,1,1,1,21,5.0413926851582245,74
14,2,1,1,2,21,5.049218022670181,58
22,0,1,1,1,21,5.0413926851582245,74
24,0,1,1,1,19,4.462397997898956,74
18,0,1,0,3,13,5.079181246047624,120
18,0,1,1,2,11,5.201397124320451,102
18,0,1,1,2,13,5.0413926851582245,62
16,1,1,1,2,21,4.875061263391699,46
16,0,1,1,3,21,5.079181246047624,74
16,1,1,1,3,14,5.0413926851582245,118
15,1,1,1,4,26,4.903089986991943,62
18,1,1,1,2,19,4.903089986991943,55
20,0,0,1,1,18,4.8512583487190755,85
17,0,0,1,1,13,5.033423755486949,140
21,0,0,1,1,20,4.875061263391699,84
24,1,1,1,2,21,4.342422680822206,103
20,0,1,0,1,5,4.881561534398981,241
24,1,1,1,2,19,4.477121254719662,82
24,0,1,1,1,13,4.778151250383643,75
19,0,1,1,1,17,4.903089986991943,74
11,1,1,0,2,14,4.903089986991943,218
18,0,1,0,1,5,4.845098040014256,241
23,0,0,1,1,21,4.714136883464824,88
19,0,0,0,1,2,4.811494573518867,115
24,1,1,1,1,14,4.30102999566398,89
24,1,1,1,1,17,4.278753600952828,75
6,1,1,1,1,29,4.67164484665233,53
22,1,1,1,1,23,4.278753600952828,67
22,0,1,1,1,16,4.698970004336019,99
21,0,1,1,1,19,4.778151250383643,126
19,0,1,1,2,20,5.0,108
18,0,1,1,2,21,4.698970004336019,74
20,1,1,1,2,21,4.872371909082365,67
15,1,1,0,2,21,4.954242509439324,103
16,1,1,1,2,26,4.845098040014256,62
16,1,1,1,2,21,4.903089986991943,67
21,1,1,1,1,26,4.371067862271736,77
23,0,1,1,1,14,4.913813852383717,98
20,0,1,1,2,11,5.0,101
24,1,1,1,1,19,4.176091259055681,82
23,0,1,1,1,21,4.477121254719662,74
22,1,1,1,1,19,4.477121254719662,82
25,1,1,1,1,21,4.0413926851582245,67
23,1,1,1,1,23,5.146128035678237,67
22,0,1,1,1,22,5.0413926851582245,89
18,1,1,1,1,21,4.681241237375587,67
18,0,1,1,2,21,4.845098040014256,74
24,1,1,1,2,21,4.845098040014256,82
22,0,1,1,1,13,4.763427993562937,120
16,2,1,1,4,21,4.602059991327962,58
11,1,1,1,2,21,4.954242509439324,60
19,0,1,1,1,13,5.0413926851582245,120
13,0,1,1,2,22,4.903089986991943,138
23,0,1,1,1,21,4.778151250383643,88
21,0,1,1,1,13,4.698970004336019,62
17,0,1,1,2,21,5.0,74
18,0,1,1,3,21,4.716003343634799,74
16,1,1,1,3,19,4.903089986991943,68
22,0,1,1,1,14,4.929418925714292,99
22,0,1,1,1,21,4.919078092376074,88
15,1,1,1,4,21,5.079181246047624,67
20,0,1,1,1,13,5.0,62
18,0,1,1,3,21,4.845098040014256,74
14,1,1,1,1,21,4.278753600952828,46
15,1,1,1,3,14,4.836324115706751,118
23,0,1,1,1,13,4.778151250383643,70
20,0,1,1,2,13,4.812913356642856,62
18,1,1,1,2,14,4.602059991327962,116
22,1,1,1,1,21,4.3979400086720375,67
18,1,1,1,1,21,4.4698220159781625,67
24,1,1,1,1,19,4.142608435502472,121
22,1,1,1,2,21,4.698970004336019,47
22,1,1,1,2,20,4.477121254719662,53
18,1,1,1,1,21,5.0,47
17,1,1,1,2,26,4.778151250383643,93
22,0,1,1,2,19,4.778151250383643,89
17,0,1,1,1,22,5.079181246047624,70
23,1,1,1,1,16,4.130333768495006,121
19,0,1,1,1,25,4.716003343634799,75
23,1,1,1,2,21,4.477121254719662,83
23,1,1,1,1,19,4.146128035678237,82
20,0,1,1,2,22,4.954242509439324,148
24,0,1,1,1,22,4.698970004336019,69
16,0,1,1,2,13,5.079181246047624,95
24,1,1,1,1,19,4.0,55
24,1,1,1,1,21,4.0,83
24,1,1,1,1,21,4.3979400086720375,91
23,1,1,1,1,19,4.30102999566398,121
19,0,1,1,1,21,4.778151250383643,74
24,1,1,1,1,19,4.602059991327962,82
18,0,1,1,1,21,4.778151250383643,74
21,1,1,0,1,19,4.698970004336019,82
23,1,1,1,1,21,4.544068044350275,47
22,0,1,1,1,21,4.602059991327962,88
24,0,1,1,1,22,4.778151250383643,108
21,1,1,1,1,19,4.30102999566398,121
23,1,1,1,2,16,4.477121254719662,121
21,1,1,1,1,21,4.462397997898956,67
25,0,1,1,1,13,4.230448921378274,115
23,1,1,1,1,21,4.698970004336019,67
24,1,1,0,1,19,4.6232492903979,99
17,0,1,1,2,11,5.079181246047624,102
18,0,1,1,1,13,5.0413926851582245,65
18,0,1,1,1,22,4.954242509439324,70
26,1,1,1,1,21,4.845098040014256,88
17,0,1,1,2,17,4.819543935541868,105
17,0,1,1,3,19,4.845098040014256,110
24,1,1,0,1,19,3.6989700043360187,121
20,0,1,1,2,13,4.698970004336019,65
25,1,1,1,1,15,4.3979400086720375,103
19,0,1,1,1,21,4.845098040014256,74
22,0,1,1,1,13,5.0413926851582245,140
20,0,1,1,1,22,4.653212513775343,70
11,0,1,1,3,22,4.954242509439324,70
17,0,1,1,2,22,5.146128035678237,138
9,1,1,1,2,16,4.919078092376074,70
14,1,1,1,4,26,4.778151250383643,75
23,1,1,1,2,21,4.602059991327962,34
17,1,1,1,3,19,5.139879086401236,80
21,1,1,1,1,21,4.903089986991943,47
11,1,1,1,2,19,4.698970004336019,83
21,1,1,1,1,26,4.698970004336019,82
15,1,1,1,1,21,5.079181246047624,86
24,1,1,1,1,21,4.387389826338729,82
19,0,1,1,2,13,4.778151250383643,62
16,1,1,1,2,21,5.079181246047624,86
21,0,1,1,2,19,4.778151250383643,89
17,1,1,1,2,21,5.0,46
17,1,1,1,2,21,5.079181246047624,37
22,1,1,1,1,20,4.439332693830263,53
16,1,1,1,3,19,5.079181246047624,80
21,0,1,1,1,19,4.903089986991943,89
21,0,1,1,1,19,4.954242509439324,71
19,0,1,1,1,16,4.845098040014256,68
20,0,1,1,2,20,5.27415784926368,108
17,1,1,1,1,26,4.831485839248657,62
22,1,1,1,2,21,4.544068044350275,47
23,0,1,1,1,21,5.0,88
23,1,1,1,1,21,4.477121254719662,67
22,1,1,1,1,19,4.845098040014256,82
16,0,1,1,2,13,5.57978359661681,63
24,1,1,1,1,17,4.176091259055681,74
15,0,1,1,2,16,5.146128035678237,68
16,1,1,1,3,21,5.079181246047624,35
13,0,0,1,1,21,5.052617000746291,74
19,0,0,1,2,22,5.130333768495006,70
12,1,1,1,3,21,4.903089986991943,67
18,1,1,1,3,26,5.107209969647868,79
17,0,1,1,1,13,5.079181246047624,63
16,1,1,0,1,21,4.477121254719662,103
24,1,1,1,1,22,4.845098040014256,108
21,1,1,1,1,19,4.6127838567197355,82
12,1,1,1,2,21,4.477121254719662,46
21,1,1,1,1,21,4.477121254719662,67
17,1,1,1,1,19,4.544068044350275,94
16,1,1,1,1,21,4.342422680822206,105
12,1,1,1,1,21,4.845098040014256,67
24,0,1,1,1,13,4.845098040014256,70
11,0,1,1,2,13,5.301029995663981,120
17,0,1,1,1,22,5.079181246047624,138
25,1,1,1,1,21,3.4771212547196617,82
18,1,1,1,1,21,4.698970004336019,67
19,0,1,1,1,13,4.698970004336019,62
25,1,1,0,1,14,3.176091259055681,89
23,0,1,1,1,17,4.869231719730975,109
23,1,1,1,1,14,4.3979400086720375,89
22,1,1,1,1,19,5.0413926851582245,55
22,0,1,1,1,17,4.845098040014256,88
13,0,1,1,4,21,5.1760912590556805,75
19,0,1,1,2,13,5.0413926851582245,100
20,0,1,1,2,26,4.954242509439324,56
16,1,1,1,3,16,5.079181246047624,70
22,0,1,1,1,11,4.812913356642856,101
15,1,1,1,2,19,4.903089986991943,79
19,0,1,1,1,21,5.264817823009536,89
19,2,1,1,2,21,4.903089986991943,58
11,1,1,1,2,21,4.845098040014256,60
19,0,1,1,2,21,4.838849090737255,74
18,0,1,1,2,22,4.954242509439324,69
23,1,1,1,1,19,3.9030899869919433,55
18,1,1,1,1,19,4.544068044350275,80
17,1,1,1,1,19,4.653212513775343,80
17,0,1,1,1,25,4.477121254719662,91
24,1,1,1,1,21,3.7923916894982534,103
26,1,1,1,2,21,5.079181246047624,67
22,1,1,1,1,21,4.845098040014256,67
4,1,1,1,1,21,4.845098040014256,35
23,0,1,1,1,13,5.0413926851582245,75
13,1,1,1,3,26,4.968482948553935,62
20,0,1,1,1,26,5.0413926851582245,72
13,1,1,1,1,21,4.7558748556724915,46
11,1,1,1,1,19,5.079181246047624,94
15,1,1,1,1,21,5.079181246047624,86
17,0,1,1,1,22,4.845098040014256,69
5,1,1,1,4,21,4.778151250383643,60
19,0,1,1,1,14,5.0,99
14,1,1,1,1,19,4.544068044350275,79
14,0,1,1,3,21,4.954242509439324,75
17,1,1,1,1,19,4.991226075692494,80
19,1,1,1,1,19,4.477121254719662,83
22,1,1,1,1,19,4.414973347970817,82
17,1,1,1,2,21,4.662757831681573,46
16,1,1,1,4,21,4.903089986991943,46
25,1,1,1,1,22,4.0,84
21,1,1,1,1,21,4.222716471147582,47
24,0,1,1,1,21,4.845098040014256,74
21,1,1,1,1,21,3.901294817165567,83
24,1,1,1,1,21,4.30102999566398,82
22,1,1,1,1,20,3.9847972570892924,53
17,1,1,1,1,19,4.698970004336019,68
25,0,1,1,1,16,4.230448921378274,99
21,1,1,1,1,20,4.0,53
19,1,1,1,2,19,4.633468455579586,83
19,0,1,1,1,19,4.698970004336019,89
12,1,1,1,2,21,4.954242509439324,67
18,0,1,1,2,13,5.0,112
16,1,1,1,2,19,4.903089986991943,62
18,0,1,1,1,13,5.079181246047624,62
22,0,0,1,1,16,4.836381089379655,90
24,0,0,1,1,16,4.523226041965701,99
25,1,0,1,1,18,4.155852024959267,105
18,0,0,1,2,16,4.940700722176631,68
23,0,0,1,1,16,4.799064719351008,99
23,1,0,0,1,21,4.42543639540901,82
18,0,0,1,1,16,5.214101735973231,68
18,1,0,1,1,21,4.8324961391512735,67
24,0,0,1,1,16,4.31609620967513,99
21,0,0,1,1,16,5.002515949164436,99
21,0,0,1,1,20,4.828034423130478,84
19,1,0,1,1,21,4.8983905582218235,86
20,0,0,1,1,19,4.928313902170254,70
18,0,0,1,2,21,5.115197652539602,74
23,0,1,1,1,22,4.857332496431268,138
14,0,1,1,2,19,5.103803720955956,110
20,0,1,1,1,21,5.079181246047624,74
24,0,1,1,1,21,4.602059991327962,88
19,0,1,1,1,21,5.0413926851582245,74
23,1,1,1,1,22,4.477121254719662,84
23,1,1,1,1,16,4.176091259055681,87
22,0,1,1,1,21,4.525044807036845,88
18,0,1,1,1,13,4.845098040014256,100
21,1,1,1,1,11,4.0,79
24,0,1,1,1,13,4.343467677469264,120
22,0,1,1,1,13,4.698970004336019,100
17,0,1,1,1,26,4.894493289571983,124
17,0,1,1,2,19,5.096910013008055,194
24,0,1,1,1,16,4.903089986991943,99
12,0,1,1,3,11,5.431363764158986,102
18,1,1,1,2,14,4.698970004336019,87
22,1,1,1,1,19,4.477121254719662,121
16,1,1,1,2,19,4.845098040014256,68
19,0,1,1,1,11,3.857332496431268,101
20,0,1,1,1,14,4.986771734266244,99
20,1,1,1,2,19,4.778151250383643,55
19,1,1,1,1,26,4.3979400086720375,85
16,1,1,1,2,19,4.973127853599698,79
11,1,1,1,2,21,4.954242509439324,94
18,0,1,0,2,26,4.698970004336019,184
25,0,1,1,1,22,4.544068044350275,74
21,1,1,1,2,14,5.070037866607755,117
18,0,1,1,1,13,4.894869656745252,140
24,1,1,1,1,19,3.9030899869919433,82
23,1,1,1,1,16,4.3979400086720375,87
18,0,1,1,3,19,4.778151250383643,126
25,1,1,1,1,23,4.0,67
15,1,1,1,2,16,4.845098040014256,92
21,1,1,1,1,22,4.778151250383643,37
12,1,1,1,2,14,4.845098040014256,78
3,1,1,1,3,21,4.3979400086720375,37
12,1,1,1,3,19,4.954242509439324,103
21,0,1,1,1,19,4.954242509439324,126
24,1,1,1,1,22,4.3979400086720375,84
19,1,1,1,4,21,4.778151250383643,47
14,1,1,1,1,26,4.845098040014256,62
22,0,1,1,2,21,4.903089986991943,88
19,0,1,1,1,13,5.063397165899429,120
14,0,1,1,2,16,5.0413926851582245,68
20,0,1,1,2,22,4.845098040014256,148
25,1,1,1,1,21,3.602059991327962,82
17,1,1,1,1,19,4.698970004336019,79
22,1,1,1,4,19,4.845098040014256,82
15,1,1,1,2,19,4.845098040014256,79
22,0,1,1,1,21,4.740362689494243,74
26,1,1,0,1,22,3.6989700043360187,108
19,0,1,1,2,13,5.0,62
20,1,1,1,2,19,4.361727836017592,79
20,1,1,1,2,21,4.778151250383643,47
15,1,1,1,2,21,4.778151250383643,67
25,0,1,1,1,22,5.0,154
21,0,1,1,3,21,4.954242509439324,89
22,1,0,1,1,21,4.669372674988205,34
12,1,0,1,1,22,4.7285404479386015,64
18,0,0,1,1,26,4.75100951133749,56
17,1,0,1,1,26,4.695157585920607,62
10,1,0,1,1,21,4.7515254423234135,37
8,1,0,1,2,21,4.7190411078698595,37
13,1,0,1,2,21,4.728451182944577,46
19,0,1,0,1,13,4.602059991327962,184
16,1,0,1,1,21,4.667761052564345,67
14,1,0,1,2,21,4.768134708685042,35
22,0,1,0,2,13,4.903089986991943,140
22,0,1,1,1,21,4.845098040014256,88
23,1,1,1,1,20,4.954242509439324,67
20,1,1,1,2,16,5.0413926851582245,100
21,0,1,1,1,13,4.845098040014256,120
15,1,1,1,1,21,4.903089986991943,85
13,1,1,1,1,21,4.89209460269048,46
23,0,1,1,1,13,4.653212513775343,70
21,1,1,1,2,21,4.698970004336019,67
23,1,1,1,1,21,4.763427993562937,47
18,0,1,1,1,11,5.079181246047624,102
13,1,1,1,2,26,4.477121254719662,76
23,0,1,1,1,22,5.20951501454263,148
22,2,1,1,2,21,4.698970004336019,58
24,1,1,1,2,19,4.3979400086720375,82
21,0,1,1,1,13,4.778151250383643,120
16,2,1,1,3,19,4.845098040014256,62
15,0,1,1,2,21,5.139879086401236,74
16,1,1,1,2,21,4.681241237375587,46
18,0,1,0,1,16,5.0413926851582245,154
20,0,1,1,2,21,4.944482672150168,74
21,0,1,1,1,11,4.832508912706236,101
23,1,1,1,1,19,4.845098040014256,82
20,0,1,1,1,20,4.903089986991943,84
19,0,1,1,3,21,5.0,74
19,0,1,1,2,21,4.982271233039568,74
8,1,1,1,3,21,4.477121254719662,60
22,0,1,1,3,21,4.778151250383643,74
20,0,1,1,1,21,4.812913356642856,74
20,1,1,1,1,21,4.681241237375587,67
24,1,1,1,1,19,4.602059991327962,82
18,0,1,1,2,26,4.778151250383643,58
18,1,1,1,2,21,4.845098040014256,67
14,1,1,1,3,21,4.845098040014256,46
20,0,1,1,2,19,4.845098040014256,70
12,1,1,1,2,21,5.1760912590556805,46
25,1,1,1,1,21,4.0,67
20,0,1,1,1,19,4.7481880270062,126
23,1,1,1,1,23,4.477121254719662,54
20,1,1,1,2,19,4.698970004336019,82
16,0,1,1,1,16,5.079181246047624,68
24,2,1,1,1,21,4.602059991327962,58
23,1,1,1,1,19,4.439332693830263,82
18,0,1,1,1,21,4.863322860120455,89
23,0,1,1,1,21,4.875061263391699,74
24,1,1,1,1,20,3.6989700043360187,67
16,2,1,1,1,21,4.698970004336019,58
21,0,1,1,1,21,4.845098040014256,74
10,1,1,1,1,21,5.0413926851582245,67
19,0,1,1,1,20,4.977723605288848,84
21,1,1,1,2,19,4.531478917042255,55
21,1,1,1,1,19,4.3979400086720375,82
25,2,1,1,2,21,5.079181246047624,62
20,0,1,1,1,11,4.491361693834272,67
24,2,1,1,1,21,4.845098040014256,58
17,1,1,1,1,21,4.672097857935717,86
24,1,1,1,1,21,4.643452676486187,73
18,0,1,1,2,11,5.079181246047624,67
20,0,1,1,1,25,4.595441104815296,75
19,0,1,1,2,20,4.826074802700826,108
25,1,1,0,1,14,4.30102999566398,118
24,0,1,1,1,14,4.602059991327962,99
10,1,1,1,2,11,5.079181246047624,125
20,0,1,1,2,11,4.903089986991943,168
24,0,1,1,1,13,4.176091259055681,140
22,1,1,1,1,26,4.698970004336019,77
22,0,1,1,1,13,4.477121254719662,120
18,0,1,1,2,21,5.079181246047624,74
18,0,1,1,1,26,4.806179973983887,124
19,0,1,1,1,21,5.079181246047624,74
15,1,1,1,2,21,4.770852011642144,46
18,0,1,1,1,26,4.991226075692494,58
21,0,1,1,2,20,5.146128035678237,84
21,0,1,1,1,11,4.602059991327962,67
20,0,1,1,1,14,4.954242509439324,99
20,0,1,1,3,13,5.068185861746161,140
16,1,1,1,1,26,4.845098040014256,63
15,0,1,1,2,26,5.361727836017593,72
16,1,1,1,2,21,5.190331698170291,103
21,0,1,1,2,22,4.778151250383643,138
22,1,1,1,1,13,5.0413926851582245,82
16,0,1,1,1,22,5.079181246047624,71
17,0,1,1,2,19,5.0,126
16,1,1,1,2,26,4.602059991327962,79
18,0,1,1,2,22,5.0413926851582245,89
17,1,1,1,2,21,4.9661417327390325,67
25,1,1,1,1,20,4.176091259055681,53
25,0,1,1,1,13,4.146128035678237,70
22,1,1,1,1,23,4.544068044350275,54
23,1,1,1,2,21,4.505149978319905,67
19,2,1,1,1,21,4.954242509439324,58
25,1,1,0,1,21,4.146128035678237,67
20,0,1,1,3,26,4.845098040014256,56
25,1,1,0,1,19,4.30102999566398,121
17,2,1,1,1,21,5.477121254719662,58
21,0,1,1,1,21,5.0,74
21,0,1,1,1,13,4.811575005870593,140
23,0,1,1,1,13,4.954242509439324,70
20,1,1,1,1,19,4.903089986991943,82
21,0,1,1,1,19,5.394451680826215,89
20,0,1,1,2,11,4.778151250383643,101
11,0,1,1,1,11,5.079181246047624,102
21,0,1,1,1,19,5.079181246047624,126
16,2,1,1,1,21,4.822455769559558,58
22,0,1,1,1,21,4.934498451243567,88
18,0,1,1,1,18,4.954242509439324,85
13,1,1,0,1,14,5.339377893221734,130
18,0,1,1,1,11,5.184691430817598,102
20,0,1,1,2,13,4.845098040014256,105
21,0,1,1,1,19,4.778151250383643,70
21,1,1,1,1,14,4.698970004336019,87
21,1,1,1,1,23,4.30102999566398,67
20,1,1,1,1,26,4.544068044350275,82
23,1,1,1,1,19,4.30102999566398,82
19,0,1,1,1,26,4.845098040014256,77
24,0,1,1,1,17,4.724275869600789,88
24,0,1,1,1,14,4.778151250383643,98
24,1,1,1,1,19,4.845098040014256,68
25,1,1,1,1,19,3.602059991327962,68
18,1,1,1,1,19,5.012837224705172,79
19,0,1,1,1,21,4.886490725172481,74
19,0,1,1,2,19,4.940441771886782,126
9,1,1,1,2,21,5.222716471147582,67
22,0,1,1,1,19,4.886490725172481,89
20,0,1,1,2,19,5.0413926851582245,89
17,0,1,1,2,16,5.079181246047624,68
17,2,1,1,1,19,5.230448921378273,62
18,0,1,1,2,19,5.0,126
13,1,1,1,2,26,4.602059991327962,62
21,0,1,1,1,11,5.096910013008055,67
17,2,1,1,1,21,5.136720567156407,58
25,0,1,1,1,13,4.255272505103306,153
21,1,1,1,1,19,4.477121254719662,82
15,1,1,1,1,25,4.740362689494243,89
26,1,1,0,1,11,4.602059991327962,164
19,1,1,1,2,21,4.903089986991943,47
24,1,1,1,1,21,4.477121254719662,83
23,1,1,1,1,21,3.551937695364837,67
21,0,1,1,1,21,4.903089986991943,74
24,0,1,1,1,12,4.113943352306836,139
18,0,1,1,1,22,5.079181246047624,69
17,1,1,1,1,26,4.954242509439324,79
17,1,1,1,3,19,4.698970004336019,62
16,0,1,1,1,22,4.6232492903979,69
22,1,1,0,1,21,4.230448921378274,67
24,1,1,0,1,21,4.602059991327962,82
15,0,1,1,2,22,5.136720567156407,70
24,1,1,1,1,20,4.30102999566398,53
26,1,1,1,2,19,4.845098040014256,82
17,1,1,1,2,21,4.688028068374035,103
22,0,1,1,1,19,5.0413926851582245,71
20,0,0,1,1,16,4.904834513771933,67
21,0,1,1,1,13,4.544068044350275,120
18,0,1,1,2,21,4.845098040014256,89
21,0,1,1,2,14,5.079181246047624,99
21,0,1,1,1,22,4.778151250383643,138
16,0,1,0,2,13,4.986771734266244,120
17,0,1,1,2,13,5.0,95
21,1,1,1,1,19,4.556302500767287,82
25,0,1,1,1,19,4.431363764158987,89
26,1,1,1,1,21,4.176091259055681,73
19,1,1,1,2,21,4.778151250383643,47
24,0,1,1,1,21,5.079181246047624,74
19,1,1,1,2,21,4.778151250383643,47
19,0,1,1,1,13,5.238046103128794,120
14,1,1,1,3,19,4.845098040014256,68
23,0,1,1,2,13,5.0,70
23,1,1,1,2,19,4.491361693834272,55
21,0,1,0,2,11,4.903089986991943,168
22,1,1,1,1,19,4.602059991327962,82
14,1,1,1,2,16,4.778151250383643,100
15,0,1,0,2,9,4.778151250383643,181
17,0,1,1,2,17,5.0413926851582245,104
23,1,1,1,1,21,4.544068044350275,91
23,1,1,1,1,21,4.544068044350275,83
22,1,1,1,1,21,4.30102999566398,67
22,0,1,0,1,13,4.732393759822968,140
21,1,1,1,1,19,4.778151250383643,82
20,1,1,1,1,21,4.012837224705172,47
21,0,1,0,1,19,4.698970004336019,126
25,1,1,1,1,21,3.4771212547196617,82
25,1,1,1,1,17,3.6989700043360187,75
21,1,1,0,1,16,4.477121254719662,110
13,0,1,0,2,9,4.778151250383643,258
16,1,1,1,2,26,5.0,62
22,1,1,1,1,21,4.602059991327962,47
19,1,1,1,1,19,4.176091259055681,62
23,1,1,1,2,19,4.698970004336019,82
23,0,1,1,1,19,4.903089986991943,89
23,0,1,0,1,13,4.698970004336019,100
23,2,1,1,1,21,4.477121254719662,62
18,0,1,1,2,11,5.096910013008055,87
18,1,1,1,1,19,5.0413926851582245,68
19,0,1,1,2,21,4.477121254719662,89
20,0,1,1,2,21,5.170261715394957,89
22,0,1,1,1,13,4.544068044350275,100
22,1,1,1,2,19,4.903089986991943,82
11,1,1,1,1,21,5.0413926851582245,67
18,0,1,1,2,22,4.977723605288848,70
21,0,1,1,1,14,4.3979400086720375,99
17,2,1,1,1,21,4.903089986991943,67
20,0,1,1,2,22,4.778151250383643,89
19,1,1,1,1,15,5.0,105
22,1,1,1,1,23,4.698970004336019,67
23,0,1,1,1,19,4.491361693834272,74
23,0,1,1,1,21,5.079181246047624,74
18,0,1,1,2,21,5.021189299069937,74
22,0,1,1,1,21,5.079181246047624,88
18,0,1,1,1,21,4.778151250383643,74
26,1,1,1,1,21,4.176091259055681,88
19,1,1,1,2,21,5.1760912590556805,86
24,0,1,1,1,14,4.968482948553935,99
23,1,1,1,2,19,4.6232492903979,68
14,1,1,1,2,19,4.903089986991943,62
16,1,1,1,1,19,4.954242509439324,62
25,0,1,0,1,21,3.812913356642855,88
24,0,1,1,1,21,4.778151250383643,74
22,1,1,1,1,21,5.0413926851582245,67
21,2,1,1,2,22,4.778151250383643,55
25,0,1,1,1,21,4.778151250383643,88
19,0,1,1,3,21,5.230448921378273,89
10,1,1,1,2,21,5.342422680822206,37
18,1,1,1,1,21,4.903089986991943,47
19,1,1,1,1,19,4.7558748556724915,55
20,1,1,1,1,19,5.0,68
21,1,1,1,1,19,4.602059991327962,121
20,1,1,1,2,19,4.954242509439324,82
18,0,1,1,1,13,4.934498451243567,112
15,1,1,1,1,22,4.176091259055681,35
23,0,1,1,2,13,4.845098040014256,62
19,1,1,1,1,16,5.079181246047624,100
20,0,1,1,2,22,4.903089986991943,69
15,1,1,1,1,21,5.0,46
16,0,1,1,1,22,5.037255136956905,138
23,1,1,1,2,22,4.832508912706236,84
21,0,1,1,2,13,5.0413926851582245,118
18,0,1,1,1,13,4.698970004336019,112
14,1,1,1,3,21,5.0,67
14,1,1,1,2,21,4.903089986991943,37
14,1,1,1,3,21,4.903089986991943,46
21,0,1,1,2,22,5.079181246047624,70
18,0,1,1,1,16,5.1760912590556805,68
15,0,1,1,2,22,4.903089986991943,70
21,0,1,1,2,14,4.968482948553935,99
21,0,1,1,1,21,5.127104798364807,74
19,1,1,1,2,19,4.954242509439324,83
13,1,1,1,1,21,4.778151250383643,85
16,0,1,1,2,13,5.079181246047624,95
23,0,1,1,1,4,4.477121254719662,170
23,0,1,1,1,19,4.346352974450638,89
24,1,1,1,1,19,3.778151250383643,82
22,1,1,1,1,21,4.505149978319905,82
22,1,1,1,1,20,4.954242509439324,53
23,0,1,1,3,21,4.89209460269048,88
23,1,1,1,1,14,4.079181246047624,89
22,0,1,1,1,20,5.079181246047624,84
21,0,1,1,1,21,4.602059991327962,88
14,1,1,1,2,14,5.0413926851582245,78
13,0,1,1,3,11,5.414973347970817,102
17,1,1,1,1,21,4.0,46
18,1,1,1,1,22,4.079181246047624,64
17,1,1,1,1,26,4.778151250383643,79
22,1,1,1,1,20,4.6127838567197355,53
24,0,1,1,1,14,4.698970004336019,99
24,1,1,1,1,21,4.0,82
23,0,1,1,1,13,4.602059991327962,70
18,0,1,1,1,13,5.079181246047624,120
23,0,1,1,2,16,4.845098040014256,99
15,0,1,1,3,21,5.1760912590556805,74
13,0,1,1,3,22,5.0,70
23,0,0,1,1,21,4.897627091290441,88
21,0,0,0,2,11,4.959041392321093,168
24,0,0,1,1,21,4.698970004336019,88
22,0,0,1,2,21,4.908485018878649,88
20,0,1,0,1,0,4.707570176097936,271
19,0,0,1,1,26,4.7481880270062,74
25,1,0,0,1,4,4.342422680822206,160
23,1,0,0,1,14,4.477121254719662,117
21,0,0,1,1,17,4.63347855533382,109
21,0,0,1,1,21,4.778151250383643,88
25,1,0,0,1,21,3.9542425094393248,67
20,0,0,1,1,22,4.812913356642856,69
19,0,0,1,1,16,4.7923916894982534,141
22,0,0,0,1,1,4.681241237375587,181
21,0,0,0,1,19,4.857332496431268,126
23,0,1,1,3,19,4.544068044350275,126
19,0,1,1,3,20,5.002597980719908,84
19,0,1,1,3,21,5.021189299069937,74
23,0,1,1,1,13,4.954242509439324,120
22,0,1,1,1,13,4.965601463145935,62
21,1,1,1,1,22,4.3979400086720375,38
16,1,1,1,2,21,4.778151250383643,86
18,1,1,1,2,21,5.0,86
12,1,1,1,3,19,4.3979400086720375,127
22,0,1,1,1,19,5.079181246047624,89
20,0,1,1,3,25,5.267171728403014,75
17,0,1,1,2,17,5.127104798364807,74
24,1,1,1,1,19,5.079181246047624,82
20,0,1,1,2,13,5.217483944213906,140
22,0,1,1,3,21,5.079181246047624,74
17,0,1,1,1,19,4.949390006644912,90
15,0,1,1,3,13,5.079181246047624,65
12,1,1,0,1,19,5.079181246047624,127
19,0,1,1,1,14,4.698970004336019,99
24,1,1,1,1,21,4.176091259055681,47
25,1,1,1,1,19,4.113943352306836,82
16,0,1,1,1,11,5.3802112417116055,171
23,0,1,1,1,4,4.653212513775343,170
24,1,1,0,1,21,4.4471580313422185,82
23,0,1,1,1,21,4.845098040014256,74
20,1,1,1,1,19,4.954242509439324,55
16,0,1,1,2,22,5.079181246047624,71
19,0,1,1,2,17,5.079181246047624,104
20,0,1,1,1,13,5.079181246047624,140
20,0,1,1,2,19,4.919078092376074,89
9,1,1,1,3,16,4.602059991327962,92
21,0,1,1,1,11,5.136720567156407,101
23,1,1,1,2,21,4.3979400086720375,47
24,0,1,1,1,19,4.698970004336019,74
18,1,1,1,1,21,4.778151250383643,66
6,1,1,1,2,21,5.0,37
17,0,1,1,2,13,5.021189299069937,65
21,1,1,1,1,21,4.30102999566398,67
22,0,1,1,1,21,4.698970004336019,88
21,0,1,1,2,21,5.079181246047624,88
23,0,1,1,2,18,4.954242509439324,85
24,1,1,1,1,22,4.875061263391699,84
17,0,1,1,2,26,4.916453948549925,124
20,0,1,1,1,14,5.0413926851582245,99
25,0,1,1,1,19,4.30102999566398,89
15,1,1,1,3,14,5.0413926851582245,118
14,0,1,1,1,10,5.0,68
23,1,1,1,1,21,4.716003343634799,67
23,0,1,1,1,21,4.954242509439324,88
19,0,1,1,2,19,4.724275869600789,89
18,0,1,1,1,22,5.255272505103306,75
19,0,1,1,1,21,4.724275869600789,74
21,1,1,1,1,16,4.698970004336019,110
19,1,0,1,1,21,4.716003343634799,47
24,0,1,1,1,13,4.176091259055681,153
21,0,1,0,2,13,4.698970004336019,140
20,0,1,1,2,14,4.7481880270062,99
24,0,1,1,1,16,4.913813852383717,99
20,1,0,1,1,19,5.08278537031645,82
18,0,1,1,2,13,5.00818696972053,120
24,0,1,1,1,21,5.079181246047624,74
16,0,0,1,1,16,4.932311381245872,68
25,1,1,0,1,21,4.0,83
20,1,1,1,1,19,4.0,68
13,1,1,1,4,19,4.778151250383643,62
25,1,1,1,1,21,4.0,82
20,0,1,1,1,13,4.778151250383643,62
20,1,1,0,1,8,4.6232492903979,121
20,0,1,1,4,26,4.698970004336019,74
24,1,1,1,1,21,4.060697840353611,67
25,0,1,1,1,19,4.176091259055681,89
21,0,1,1,1,21,4.505149978319905,74
17,1,1,1,1,21,4.698970004336019,86
23,1,1,1,1,21,4.0,73
25,0,1,1,1,21,4.176091259055681,88
18,1,1,1,1,21,5.0,86
22,0,1,1,2,11,4.3979400086720375,148
19,0,1,1,2,21,4.845098040014256,74
19,1,1,1,1,14,4.505149978319905,116
24,1,1,1,2,22,4.544068044350275,84
25,0,1,1,1,21,4.698970004336019,88
11,0,1,1,2,13,5.0,63
25,1,1,0,1,14,3.491361693834272,89
19,1,1,0,1,15,4.778151250383643,158
19,0,1,1,1,21,5.230448921378273,74
17,0,1,1,2,22,4.698970004336019,71
14,0,1,1,2,11,5.079181246047624,102
21,1,1,1,1,19,4.30102999566398,82
21,1,1,1,1,19,4.0,82
17,0,1,1,1,21,5.079181246047624,89
24,1,1,1,1,19,4.3979400086720375,82
20,0,1,1,2,16,5.113943352306836,99
22,0,1,1,1,13,4.778151250383643,63
18,0,1,1,3,15,4.845098040014256,75
26,1,1,0,1,21,2.9999999999999996,82
25,1,1,0,1,15,4.0,103
16,1,1,1,1,16,4.672097857935717,101
25,1,1,1,1,21,4.255272505103306,82
22,1,1,1,1,21,4.778151250383643,83
24,1,1,1,1,20,4.30102999566398,67
23,1,1,1,1,16,4.778151250383643,87
24,0,1,1,1,13,4.3979400086720375,153
20,1,1,1,1,19,4.716003343634799,82
12,1,1,1,1,21,4.643452676486187,46
17,1,1,1,1,17,4.230448921378274,74
15,1,1,1,1,14,4.544068044350275,118
17,0,1,1,3,11,5.079181246047624,171
21,1,1,1,1,19,5.0,82
20,0,1,1,2,11,5.477121254719662,101
23,0,1,1,1,19,5.269512944217916,126
20,0,1,1,2,21,4.897627091290441,89
16,0,1,1,1,11,5.079181246047624,102
22,1,1,1,1,20,4.773054693364262,53
21,0,1,1,1,22,4.778151250383643,74
18,1,1,1,3,17,4.778151250383643,104
16,1,1,1,2,16,4.903089986991943,70
25,1,1,1,1,21,4.060697840353611,82
18,1,1,1,1,19,4.7481880270062,55
22,0,1,1,1,14,4.832508912706236,99
25,1,1,1,1,22,4.3979400086720375,84
24,1,1,1,1,22,4.3979400086720375,84
20,1,1,1,1,18,5.0,67
23,0,1,1,1,13,4.977723605288848,63
14,1,1,1,1,21,5.0,86
19,0,1,1,1,25,4.672097857935717,75
17,0,1,1,2,21,5.243038048686294,74
16,1,1,1,2,21,4.778151250383643,86
11,0,1,1,3,13,5.477121254719662,63
20,0,1,1,3,21,5.1760912590556805,74
18,0,1,1,3,19,5.0413926851582245,90
25,1,1,1,1,20,4.3979400086720375,53
16,1,1,1,3,21,4.977723605288848,46
16,0,1,1,1,21,5.0,74
23,1,1,1,1,19,4.30102999566398,82
20,0,1,1,1,21,4.924279286061881,74
22,0,1,1,1,19,4.602059991327962,89
17,0,1,1,1,22,5.0,70
17,0,1,1,1,22,5.079181246047624,70
16,2,1,1,2,19,4.903089986991943,62
17,1,1,1,2,21,5.243038048686294,46
23,1,1,1,1,19,4.477121254719662,82
25,1,1,0,1,19,4.4471580313422185,82
15,1,1,1,2,19,4.95095843875273,80
19,0,1,1,1,26,4.8808135922807905,58
18,1,1,1,2,21,4.845098040014256,46
13,1,1,1,2,21,5.0413926851582245,46
13,0,1,1,2,19,5.079181246047624,110
15,1,1,1,2,21,5.0413926851582245,64
24,0,1,1,1,21,4.778151250383643,74
13,1,1,0,3,21,4.799340549453581,67
22,0,1,1,3,21,5.079181246047624,74
23,1,1,1,1,19,4.371271101487584,82
23,1,1,1,1,19,4.3524140800906705,82
16,1,1,1,1,19,5.079181246047624,79
15,0,1,1,1,21,5.079181246047624,74
13,1,1,1,3,21,5.0,67
17,1,1,1,1,19,4.845098040014256,79
23,1,1,0,1,19,4.176091259055681,121
22,1,1,1,1,23,4.217483944213906,67
24,0,1,1,1,21,4.698970004336019,74
24,1,1,1,1,23,4.278753600952828,67
23,0,1,1,1,17,4.698970004336019,109
23,0,1,1,1,13,4.845098040014256,62
22,0,1,1,1,13,5.079181246047624,62
21,2,1,1,1,19,4.778151250383643,68
21,0,1,1,1,22,4.778151250383643,138
19,0,1,1,2,21,4.8808135922807905,74
4,1,1,1,4,21,4.903089986991943,37
16,0,1,1,2,11,5.322219294733919,102
17,2,1,1,1,21,4.845098040014256,58
19,0,1,1,1,21,4.929418925714292,74
24,0,1,0,1,21,4.3979400086720375,88
24,1,1,1,1,21,4.176091259055681,82
18,1,1,1,1,21,4.477121254719662,86
22,1,1,1,2,21,4.903089986991943,34
25,0,1,1,1,19,4.602059991327962,126
19,0,1,1,1,13,5.204119982655924,62
21,0,1,1,1,19,5.033423755486949,126
17,0,1,1,2,17,5.079181246047624,105
16,1,1,1,4,19,4.740362689494243,62
14,0,1,1,1,22,5.0413926851582245,138
18,1,1,1,1,14,5.0413926851582245,87
12,1,1,1,1,21,4.798650645445269,67
17,0,1,1,2,17,5.079181246047624,138
22,0,1,1,1,13,4.845098040014256,140
15,0,1,1,3,16,4.845098040014256,143
23,0,1,1,1,21,4.778151250383643,74
21,1,1,1,1,21,4.778151250383643,67
25,1,1,1,1,19,3.602059991327962,82
23,0,1,1,1,21,4.544068044350275,88
23,1,1,0,1,14,4.414973347970817,117
22,0,1,1,1,22,4.698970004336019,89
20,1,1,1,1,19,4.698970004336019,55
24,1,1,1,1,21,4.3979400086720375,82
23,1,1,0,2,21,4.477121254719662,67
23,0,1,1,1,16,4.653212513775343,99
20,1,0,1,2,14,4.719679246183583,87
19,1,0,1,1,19,4.591064607026499,79
13,1,0,0,1,8,4.6232492903979,186
21,1,0,1,1,17,4.533467004884535,74
23,1,0,1,1,19,4.5334161417958905,82
21,0,0,0,1,5,4.568201724066994,188
23,0,0,0,1,11,4.991226075692494,172
25,1,0,1,1,19,4.491361693834272,121
24,1,0,1,1,19,4.798243087428189,82
22,0,0,1,1,19,4.586587304671755,126
24,0,0,0,1,21,4.4417579585081635,74
23,0,0,1,1,19,4.687511125346055,126
24,1,0,0,1,21,4.518448132698141,82
24,0,1,1,1,22,4.778151250383643,74
17,0,1,1,4,13,5.414973347970817,120
21,0,1,1,2,20,5.113943352306836,84
17,0,1,1,1,17,5.079181246047624,74
20,1,1,1,3,19,4.903089986991943,55
19,1,1,1,2,21,4.778151250383643,86
13,1,1,1,1,21,4.875061263391699,46
11,1,1,1,2,19,4.949390006644912,83
13,0,1,1,1,19,5.0413926851582245,110
15,1,1,1,2,21,4.954242509439324,46
21,0,1,1,3,21,4.602059991327962,88
23,1,1,0,1,18,4.414973347970817,76
17,0,1,1,2,13,5.079181246047624,95
23,1,1,1,1,13,4.462397997898956,82
20,1,1,1,1,21,5.079181246047624,86
15,1,1,1,2,19,4.845098040014256,94
22,0,1,1,2,21,5.0,88
22,0,1,1,1,21,4.9549657310584205,88
24,0,1,1,1,11,4.954242509439324,67
22,0,1,1,1,22,5.079181246047624,74
21,0,1,1,2,14,4.954242509439324,99
21,1,1,1,1,23,4.698970004336019,67
22,0,1,1,1,13,5.0413926851582245,100
17,0,1,1,2,22,4.932980821923198,70
19,0,1,1,1,13,5.250420002308894,63
20,1,1,1,2,19,4.477121254719662,79
21,0,1,1,1,14,5.0,99
22,1,1,1,1,21,4.403789471516188,83
23,0,1,1,1,22,4.544068044350275,89
19,1,1,1,2,19,4.544068044350275,79
21,0,1,1,2,21,4.832508912706236,89
19,1,1,1,1,21,4.602059991327962,86
21,0,1,1,2,22,5.079181246047624,69
17,1,1,1,1,16,4.3979400086720375,70
21,0,1,1,2,13,4.602059991327962,62
17,0,1,1,2,16,4.845098040014256,68
19,0,1,1,2,13,4.903089986991943,140
23,0,0,1,1,21,4.61523440120683,74
17,1,1,1,1,22,4.544068044350275,90
22,0,0,1,1,22,4.799340549453581,84
21,0,0,1,1,13,4.7923916894982534,75
18,0,0,1,1,22,4.834039018159467,138
16,1,0,1,1,21,4.544068044350275,67
22,0,0,1,1,19,4.591064607026499,89
21,0,0,1,1,16,4.96685011110379,99
24,1,0,1,1,21,4.4471580313422185,85
26,1,1,1,1,22,4.602059991327962,89
23,0,0,1,1,13,4.948187935121848,140
25,1,1,1,1,16,3.8450980400142565,95
24,1,1,1,1,19,4.30102999566398,82
23,0,1,1,1,19,4.698970004336019,74
19,1,1,1,2,19,4.653212513775343,55
22,1,1,1,1,14,4.342422680822206,117
20,0,1,1,2,22,5.0,69
22,1,1,1,1,21,4.3747483460101035,82
22,1,1,1,1,21,4.3747483460101035,82
23,0,1,1,1,21,4.778151250383643,88
23,0,1,1,1,20,4.698970004336019,108
15,0,1,1,2,16,5.0,67
23,0,1,1,1,19,4.778151250383643,89
19,0,1,1,2,22,4.778151250383643,69
21,0,1,1,1,26,4.602059991327962,56
23,2,1,1,1,21,5.0413926851582245,58
22,0,1,1,1,21,5.0413926851582245,88
20,0,1,1,1,16,4.903089986991943,68
22,0,1,1,2,11,4.841984804590113,101
20,1,1,1,1,23,4.518513939877887,67
25,1,1,1,1,19,3.6989700043360187,82
20,1,1,1,1,19,4.3979400086720375,79
18,0,1,1,2,15,4.698970004336019,75
23,0,1,1,1,22,4.698970004336019,148
16,0,1,1,2,22,5.079181246047624,75
16,0,1,1,3,22,5.079181246047624,90
21,0,1,1,2,13,5.0413926851582245,100
24,0,1,1,1,19,4.477121254719662,74
18,2,1,1,2,19,4.778151250383643,63
24,0,1,0,1,19,4.643452676486187,126
26,1,1,1,1,21,3.6989700043360187,47
25,1,1,1,1,19,4.255272505103306,82
21,0,1,1,1,19,4.903089986991943,89
22,0,1,1,1,21,5.0,88
25,1,1,0,1,21,4.518513939877887,82
18,0,1,1,4,11,5.20951501454263,102
26,1,1,1,2,19,4.812913356642856,82
17,0,1,1,1,21,5.230448921378273,74
23,0,1,1,1,17,4.602059991327962,109
18,0,1,1,3,22,5.079181246047624,69
23,0,1,1,1,21,4.724275869600789,88
19,1,1,1,1,21,4.954242509439324,67
23,0,1,1,1,21,4.544068044350275,74
22,1,1,1,1,21,4.698970004336019,67
22,1,1,1,1,21,4.30102999566398,47
25,0,1,0,1,21,4.579783596616809,74
23,1,0,0,1,14,4.863322860120455,187
23,0,0,1,1,21,4.44793286559218,88
23,1,0,0,1,14,4.763427993562937,187
20,0,0,1,1,20,4.838849090737255,84
21,0,0,0,1,19,4.602059991327962,126
17,0,1,1,1,13,5.152288344383057,62
22,1,1,1,1,21,4.360725915641954,82
19,1,1,1,2,19,4.477121254719662,79
22,1,1,1,1,19,3.8849085941626065,55
16,1,1,1,1,21,4.564180613915743,46
22,1,1,1,1,21,4.778151250383643,34
20,0,1,1,1,13,5.079181246047624,140
16,1,1,1,1,21,4.591064607026499,65
21,0,1,0,1,13,4.653212513775343,100
15,1,1,1,3,21,4.845098040014256,46
18,0,1,1,2,16,5.0,68
23,0,1,1,1,19,4.681241237375587,89
24,0,1,1,1,19,4.544068044350275,89
23,1,1,1,1,21,4.361727836017592,83
23,0,1,1,1,19,4.146128035678237,89
20,0,1,1,1,13,4.778151250383643,140
19,1,1,1,2,19,4.778151250383643,55
14,0,1,1,3,15,5.1760912590556805,70
22,1,1,0,2,19,4.903089986991943,121
19,1,1,1,1,21,4.544068044350275,67
23,0,1,1,1,21,4.648360010980931,88
21,0,1,1,3,21,4.778151250383643,88
18,0,1,1,3,20,5.079181246047624,78
22,0,1,1,2,14,4.903089986991943,99
25,1,1,1,1,21,3.9956351945975492,80
20,0,1,1,1,21,4.832508912706236,74
22,0,1,1,1,14,4.778151250383643,99
21,0,1,1,2,26,5.0413926851582245,72
25,1,1,1,1,19,4.0,82
20,0,1,0,1,13,4.903089986991943,120
17,1,1,1,1,21,4.477121254719662,66
20,0,1,1,3,13,5.079181246047624,140
22,1,1,1,1,19,4.544068044350275,55
23,1,1,1,1,22,4.602059991327962,84
20,1,1,1,1,19,4.778151250383643,82
14,0,1,1,4,21,4.954242509439324,74
23,1,1,1,1,23,4.30102999566398,67
23,1,1,0,1,20,4.602059991327962,67
16,0,0,1,2,16,5.094527027793107,68
25,0,1,1,1,13,3.815843290663266,115
21,0,1,1,1,11,4.698970004336019,101
24,0,1,1,1,13,4.698970004336019,153
21,1,1,1,2,19,4.477121254719662,82
18,1,1,1,1,21,4.838849090737255,86
22,0,1,1,2,13,4.695481676490197,77
14,1,1,1,2,19,4.477121254719662,68
22,0,1,1,1,26,5.296665190261531,74
25,1,1,0,1,21,4.278753600952828,83
26,2,1,1,1,21,3.6989700043360187,62
23,1,1,1,1,19,4.0,82
23,1,1,1,1,21,4.602059991327962,91
18,0,1,1,3,21,4.986771734266244,74
20,1,1,1,1,18,4.477121254719662,67
23,0,1,1,1,21,5.079181246047624,88
19,0,1,1,2,20,5.079181246047624,108
18,0,1,1,4,16,5.0170082831251195,68
9,1,1,1,2,11,4.845098040014256,125
23,0,1,1,1,16,4.845098040014256,99
17,0,1,1,4,21,5.060697840353612,89
18,0,1,1,2,22,5.250420002308894,74
17,1,1,1,3,21,4.602059991327962,67
17,0,1,1,1,16,4.903089986991943,68
15,0,1,0,4,5,4.991226075692494,241
15,0,1,1,2,22,5.071882007306124,62
10,1,1,1,2,21,5.0,46
15,0,1,1,2,22,5.079181246047624,53
19,0,1,1,2,13,5.079181246047624,115
15,0,1,1,4,11,5.336459733848529,102
17,1,1,1,2,21,4.812913356642856,67
18,1,1,1,2,19,4.6127838567197355,79
11,1,1,1,2,21,5.079181246047624,88
17,1,1,1,3,21,4.845098040014256,67
18,0,1,1,2,20,4.954242509439324,84
20,0,1,1,2,21,4.903089986991943,89
12,1,1,1,2,14,5.079181246047624,100
15,1,1,1,1,21,5.0,46
24,1,1,1,1,22,4.544068044350275,84
25,1,1,1,1,20,3.6989700043360187,72
22,0,1,1,1,21,5.0413926851582245,88
23,1,1,1,1,19,4.30102999566398,82
24,1,1,1,1,22,4.176091259055681,108
20,1,1,1,2,21,4.602059991327962,67
22,1,1,1,1,14,4.6127838567197355,89
17,0,1,1,2,13,5.0,63
13,0,1,1,3,13,5.0413926851582245,63
18,0,1,1,3,16,5.079181246047624,67
14,1,0,1,1,21,4.5441673003173175,67
23,1,0,1,1,23,4.492760389026837,54
20,0,0,1,1,19,4.626463554010928,71
17,1,0,1,1,11,4.857332496431268,89
20,0,0,1,1,11,4.7395011427970255,67
24,0,1,0,1,19,4.477121254719662,126
23,0,0,0,1,11,4.2762319579218335,172
19,0,0,0,1,20,4.875119165462568,148
18,0,0,1,1,20,5.0,63
25,1,0,0,1,19,3.637189422148762,82
24,1,0,1,1,17,4.161218219691016,75
24,0,0,1,1,13,4.3802112417116055,153
16,0,0,1,1,11,4.922128346796362,87
20,1,0,0,2,17,4.491361693834272,104
22,0,0,1,1,11,5.0,148
23,0,0,1,1,20,4.684899196466525,84
22,0,0,1,1,19,4.750037589779494,89
21,1,0,1,1,21,4.521700209596275,83
22,1,0,0,1,14,4.414973347970817,89
11,1,1,1,1,16,4.200248413515354,70
23,1,1,1,1,21,4.176091259055681,47
20,0,1,1,1,26,4.698970004336019,72
19,0,1,1,2,26,4.778151250383643,58
24,0,1,1,1,20,4.544068044350275,84
6,0,1,1,2,27,4.954242509439324,36
21,1,1,1,1,21,4.698970004336019,83
21,0,1,1,1,14,5.0413926851582245,99
21,0,0,1,1,21,4.94372693480465,74
15,1,1,1,1,21,4.544068044350275,46
24,1,1,1,1,21,3.6989700043360187,82
23,1,1,0,1,21,4.462397997898956,67
23,1,1,1,1,20,4.602059991327962,53
15,1,1,1,1,21,4.230448921378274,46
18,0,1,1,1,22,5.079181246047624,89
22,0,1,1,3,13,4.778151250383643,120
25,0,1,1,1,22,4.3979400086720375,138
21,0,1,1,2,16,4.903089986991943,90
20,0,1,1,1,13,4.845098040014256,62
22,1,1,1,1,21,4.3979400086720375,47
21,1,1,1,3,21,4.698970004336019,67
22,1,1,1,1,26,4.176091259055681,82
18,0,1,1,2,13,5.0,140
17,1,1,1,1,22,4.845098040014256,64
15,0,1,0,2,13,5.0413926851582245,120
23,1,1,0,1,21,4.0,67
16,1,1,1,1,19,5.0413926851582245,79
19,0,1,1,2,19,4.939519252618618,126
23,1,1,1,1,22,5.079181246047624,89
19,0,1,1,1,21,5.170261715394957,89
19,0,1,1,2,19,4.778151250383643,89
21,1,1,1,1,21,4.255272505103306,47
10,1,1,1,3,21,4.982271233039568,46
21,0,1,1,2,14,4.986771734266244,99
19,0,1,1,3,19,5.322219294733919,89
18,0,1,1,3,17,4.778151250383643,105
25,1,1,1,1,14,4.544068044350275,89
18,0,1,1,2,13,5.079181246047624,65
14,0,1,1,1,22,5.0,70
23,1,1,1,1,19,4.30102999566398,82
19,1,1,1,2,26,5.0413926851582245,85
19,0,1,1,1,11,4.544068044350275,101
24,0,1,1,1,14,4.176091259055681,99
21,0,1,1,1,21,4.954242509439324,88
14,1,1,1,1,19,4.602059991327962,79
19,0,1,1,1,22,5.146128035678237,89
23,0,1,1,1,21,5.0413926851582245,88
22,0,1,0,1,11,4.740362689494243,172
19,0,1,1,1,11,4.863322860120455,100
21,0,1,1,1,21,5.0,89
21,0,1,1,2,16,4.505149978319905,99
22,0,1,1,2,21,4.845098040014256,74
15,1,1,1,2,26,4.903089986991943,62
13,0,1,0,4,9,5.0413926851582245,181
13,1,1,1,2,21,4.903089986991943,64
17,1,1,0,2,8,4.903089986991943,204
24,0,1,1,1,16,4.278753600952828,99
21,0,1,1,1,19,4.602059991327962,89
21,0,1,1,1,13,4.718244191342513,120
16,2,1,1,2,21,5.230448921378273,33
15,1,1,1,3,19,4.778151250383643,80
23,1,1,1,1,14,4.198106998873401,87
20,0,1,1,1,19,5.0253058652647695,126
18,0,1,1,3,17,4.903089986991943,104
21,0,1,1,2,19,4.869231719730975,89
24,0,1,1,2,21,4.544068044350275,88
19,0,1,1,3,19,4.845098040014256,126
21,0,1,1,1,21,4.778151250383643,88
22,1,1,1,2,16,4.698970004336019,87
17,1,1,1,2,19,4.903089986991943,79
17,1,1,1,2,22,4.954242509439324,64
20,0,1,1,1,20,5.056904851336473,108
15,1,1,1,1,19,5.0,80
17,0,1,1,2,19,5.0,90
16,1,1,1,1,21,4.544068044350275,46
17,0,1,1,1,22,4.897627091290441,89
13,1,1,1,2,19,6.372996093378662,82
17,0,1,1,3,17,5.079181246047624,104
23,1,1,1,1,22,4.0,84
19,0,1,1,2,13,5.1760912590556805,140
24,1,1,1,1,21,4.0,47
16,2,1,1,2,21,4.845098040014256,58
18,0,1,1,1,22,4.662757831681573,70
8,1,1,1,4,19,5.079181246047624,94
19,0,1,1,3,21,5.036628895362161,74
15,1,1,1,2,19,4.845098040014256,79
24,0,1,1,1,13,4.544068044350275,75
17,0,1,1,1,16,4.857332496431268,68
24,1,1,1,1,20,4.602059991327962,53
20,0,1,1,3,13,5.079181246047624,62
17,1,1,1,1,26,4.544068044350275,62
25,1,1,1,1,19,4.096910013008056,82
21,1,1,1,2,20,5.322219294733919,53
24,0,1,1,2,21,5.0,74
17,1,1,1,2,19,5.0413926851582245,62
22,0,1,1,1,13,5.012837224705172,70
16,1,1,1,2,21,5.7614873095915256,67
21,1,1,0,1,14,4.653212513775343,87
20,1,1,1,3,14,4.602059991327962,87
23,1,1,1,1,19,5.0,55
14,1,1,1,2,21,5.079181246047624,35
21,0,1,1,1,22,5.0,89
19,0,1,1,1,19,4.602059991327962,89
24,0,1,1,2,13,4.176091259055681,105
24,1,1,0,1,21,4.176091259055681,82
24,1,1,1,2,21,4.0,83
18,0,1,1,1,22,4.954242509439324,74
23,0,1,1,1,13,4.903089986991943,70
21,0,1,1,1,10,4.591064607026499,176
15,0,1,1,2,22,4.778151250383643,53
21,0,1,1,2,13,4.4471580313422185,140
16,1,1,1,2,16,4.954242509439324,70
12,1,1,1,3,14,4.903089986991943,130
16,1,1,1,1,21,4.544068044350275,67
17,0,1,1,2,11,5.267171728403014,87
15,1,1,1,2,25,5.0413926851582245,67
22,0,1,1,1,25,5.0,92
14,1,1,1,2,14,5.0413926851582245,78
16,0,1,1,2,15,5.0,106
14,0,1,1,2,15,5.0413926851582245,106
17,0,1,1,2,16,5.113943352306836,68
24,1,1,1,1,19,4.431363764158987,121
24,1,1,0,1,21,3.9542425094393248,83
25,1,1,0,2,21,4.278753600952828,82
25,1,1,1,1,21,4.0,82
19,0,1,1,1,22,5.0,70
23,1,1,0,1,21,4.30102999566398,67
20,1,1,1,1,19,4.544068044350275,55
20,0,1,1,2,19,4.845098040014256,89
22,0,1,1,1,21,4.845098040014256,88
21,0,1,1,1,19,4.724275869600789,70
19,0,1,1,2,21,5.021189299069937,74
17,0,0,1,1,11,5.086149752213711,102
22,1,1,1,1,22,4.176091259055681,84
20,0,1,1,1,13,5.0,95
19,0,0,1,2,20,5.182374702353072,84
19,1,0,1,1,19,4.915114785404135,79
23,0,1,1,1,21,4.602059991327962,74
17,0,0,1,2,11,4.952211058108668,102
17,0,1,1,2,11,5.397940008672037,102
17,0,1,1,2,11,5.397940008672037,102
25,1,0,1,1,16,3.4454485142660496,87
24,0,0,1,1,16,4.547503955893324,99
24,0,0,1,1,16,3.4563660331290427,99
16,0,1,1,1,11,5.301029995663981,102
24,1,1,1,1,13,4.30102999566398,82
14,1,1,1,3,19,4.778151250383643,67
17,0,0,1,1,16,4.895212531014987,68
17,0,1,1,4,19,4.982271233039568,126
9,1,1,1,1,21,4.557362814089654,37
20,0,1,1,1,19,4.698970004336019,89
24,0,1,1,1,21,4.602059991327962,88
26,1,1,1,1,23,4.0,67
14,0,1,1,2,21,4.778151250383643,75
25,1,1,1,1,19,4.0,82
24,0,1,1,1,21,4.0,88
17,0,1,1,2,19,4.544068044350275,126
20,0,1,1,1,19,4.903089986991943,194
25,0,1,1,1,13,4.4471580313422185,153
23,0,1,1,1,16,4.544068044350275,99
23,0,1,1,1,4,4.505149978319905,170
9,1,1,1,1,21,4.602059991327962,67
25,0,1,0,2,13,4.3979400086720375,153
22,1,1,1,1,21,4.698970004336019,67
18,0,1,1,1,21,5.110589710299249,74
21,0,1,0,2,13,5.0,140
24,1,1,1,1,21,4.477121254719662,47
24,1,1,1,2,22,4.4471580313422185,108
19,1,1,1,1,13,4.845098040014256,86
19,0,1,1,1,22,5.0413926851582245,70
13,0,1,1,2,21,5.0,75
22,1,1,0,1,19,4.778151250383643,82
14,0,1,1,3,13,5.0413926851582245,120
23,1,1,1,1,21,4.0,67
23,1,1,1,1,21,4.544068044350275,83
24,1,1,1,1,22,4.361727836017592,84
25,0,1,1,2,21,4.176091259055681,74
24,0,1,1,1,13,4.30102999566398,120
17,0,1,1,1,13,4.954242509439324,63
19,0,1,1,1,19,4.903089986991943,89
22,1,1,1,1,19,4.698970004336019,82
18,0,1,1,2,22,5.267171728403014,70
25,1,1,1,1,21,4.602059991327962,82
23,1,1,1,1,20,4.477121254719662,67
17,0,1,1,1,22,5.079181246047624,69
17,1,1,1,2,21,5.698970004336018,67
23,0,1,1,1,13,4.662757831681573,120
17,0,1,1,1,11,5.079181246047624,171
21,0,1,1,1,13,4.903089986991943,75
22,0,1,1,2,19,4.954242509439324,89
21,0,1,1,1,13,4.954242509439324,75
22,0,1,1,1,21,4.845098040014256,74
21,0,1,1,3,19,4.959041392321093,71
21,0,1,1,1,19,4.954242509439324,89
20,0,1,1,2,21,5.0413926851582245,89
25,1,1,1,1,20,4.954242509439324,67
24,1,1,1,1,22,4.698970004336019,84
22,0,1,1,1,13,4.778151250383643,100
19,1,1,1,1,21,4.544068044350275,47
18,0,1,1,1,17,5.0,104
21,0,1,1,2,19,4.954242509439324,71
17,0,1,1,2,16,5.079181246047624,68
15,1,1,1,2,21,4.977723605288848,66
23,0,1,1,1,13,4.544068044350275,62
13,1,1,1,2,22,4.579783596616809,65
20,1,1,1,2,14,4.7481880270062,117
23,0,1,1,1,19,4.698970004336019,89
20,1,1,1,2,19,4.845098040014256,55
20,1,1,1,1,21,4.477121254719662,47
21,0,1,1,1,13,5.27415784926368,140
20,1,1,1,1,14,4.778151250383643,117
19,0,1,1,1,22,5.123851640967085,138
16,0,1,1,1,11,5.204119982655924,102
19,0,1,1,2,13,5.1760912590556805,140
26,1,1,1,1,21,4.477121254719662,47
19,1,1,1,2,21,4.778151250383643,47
19,0,1,1,1,22,4.477121254719662,69
20,1,1,1,1,26,4.903089986991943,99
20,1,1,1,1,21,4.30102999566398,47
19,1,1,1,1,19,4.903089986991943,55
22,0,1,1,1,13,4.863322860120455,75
23,1,1,1,1,19,4.698970004336019,55
18,0,1,1,1,13,5.301029995663981,62
24,0,1,1,1,21,4.662757831681573,74
24,0,1,1,1,13,4.698970004336019,45
25,0,1,1,1,13,4.477121254719662,62
25,1,1,1,1,21,4.176091259055681,103
23,0,0,1,1,21,4.643452676486187,88
22,0,1,1,1,19,4.544068044350275,71
18,1,1,1,2,21,4.845098040014256,86
19,1,1,1,1,16,4.954242509439324,100
23,0,1,1,2,13,4.6232492903979,140
22,1,1,1,2,19,4.477121254719662,82
17,1,1,1,3,19,4.954242509439324,80
18,1,1,1,1,26,4.778151250383643,79
16,1,1,1,1,21,5.20951501454263,73
23,1,1,1,3,22,4.845098040014256,37
21,1,1,1,2,21,4.30102999566398,67
18,0,1,1,2,22,4.903089986991943,138
14,0,1,1,1,13,4.954242509439324,63
14,1,1,0,2,19,5.079181246047624,80
11,0,1,1,1,26,5.342422680822206,80
15,0,1,1,2,21,5.0,75
23,1,1,1,1,22,4.544068044350275,89
10,1,1,1,2,11,5.079181246047624,165
17,0,1,1,4,13,5.079181246047624,63
18,1,1,1,1,21,5.0413926851582245,73
23,1,1,1,1,20,4.778151250383643,53
23,0,1,1,1,19,4.431363764158987,89
22,0,1,1,1,21,4.698970004336019,74
24,1,1,1,1,14,4.602059991327962,87
19,0,1,1,2,19,4.944482672150168,126
26,0,1,1,1,13,4.698970004336019,140
18,0,1,1,2,19,4.903089986991943,126
25,0,1,1,1,19,4.778151250383643,89
23,1,1,1,2,21,4.414973347970817,82
13,1,1,1,2,16,4.903089986991943,68
20,1,1,1,2,19,4.903089986991943,79
17,0,1,1,2,21,4.954242509439324,74
25,1,1,0,1,19,4.176091259055681,82
23,0,1,1,2,21,4.544068044350275,74
20,0,1,1,1,11,5.079181246047624,67
22,0,1,1,3,19,4.799340549453581,70
25,0,1,1,1,17,4.3979400086720375,109
17,1,1,1,1,21,4.8095597146352675,67
22,0,1,1,2,13,5.0,77
23,0,1,1,1,19,4.602059991327962,126
23,1,1,1,2,19,4.176091259055681,82
21,0,1,1,1,11,4.3979400086720375,67
22,1,1,1,3,21,4.913813852383717,86
18,0,1,1,1,21,4.939519252618618,89
21,1,1,1,2,21,4.903089986991943,67
18,0,1,1,3,20,5.0413926851582245,108
17,0,1,1,2,22,5.170261715394957,89
24,0,1,1,1,13,4.602059991327962,140
17,1,1,1,1,19,4.845098040014256,94
18,2,1,1,2,19,4.845098040014256,62
14,1,1,1,2,21,4.602059991327962,37
16,0,1,1,1,22,5.079181246047624,70
18,0,1,1,1,16,4.778151250383643,67
17,0,0,1,1,22,4.954242509439324,90
20,0,0,1,1,21,4.832508912706236,74
23,0,0,1,1,14,4.389166084364532,99
18,0,0,1,2,13,4.886490725172481,140
21,0,0,1,1,14,4.929418925714292,99
17,1,0,1,1,11,4.658011396657112,89
20,0,0,1,1,21,4.826074802700826,74
20,0,0,1,1,21,4.886490725172481,74
22,1,0,1,1,19,4.672097857935717,55
23,1,0,1,1,22,4.7558748556724915,84
24,0,0,1,1,19,4.85430604180108,89
18,0,0,1,1,11,5.0413926851582245,67
19,0,0,1,2,21,4.913813852383717,74
19,0,0,1,2,21,4.845098040014256,74
23,0,0,1,1,21,4.4471580313422185,74
22,0,0,1,2,15,5.096910013008055,104
19,0,0,1,2,21,4.826074802700826,74
17,1,0,1,3,14,4.970811610872517,118
18,1,0,1,1,21,3.929418925714293,82
22,0,0,1,1,21,4.903089986991943,74
24,1,1,1,1,16,4.152288344383056,87
13,1,1,1,1,16,4.986771734266244,68
18,0,1,1,1,22,4.954242509439324,138
21,1,1,1,1,19,4.698970004336019,82
22,1,1,1,1,21,4.477121254719662,67
23,1,1,1,1,21,4.30102999566398,80
18,0,1,1,1,17,4.780317312140151,74
21,0,1,1,1,22,4.544068044350275,89
17,0,1,1,1,22,4.903089986991943,138
14,1,1,1,2,19,4.647294928525933,68
22,0,1,1,1,21,4.763427993562937,74
21,0,1,1,1,13,4.602059991327962,62
23,0,1,1,2,21,4.819543935541868,88
22,0,1,1,1,14,5.0413926851582245,99
19,0,1,1,1,26,4.750624088449305,58
23,0,1,1,1,13,4.845098040014256,70
19,0,1,1,1,11,5.079181246047624,67
12,0,1,1,1,26,5.0,80
21,0,1,1,2,22,4.954242509439324,89
12,2,1,1,3,21,5.079181246047624,58
13,1,1,1,4,21,5.204119982655924,67
15,0,1,1,3,21,5.079181246047624,74
16,0,1,1,2,22,5.0,75
13,1,1,1,3,21,4.845098040014256,67
23,1,1,1,2,19,4.180441298194718,55
17,1,1,1,1,19,5.0,68
12,1,1,1,4,21,5.0413926851582245,67
25,1,1,0,1,19,3.8450980400142565,82
16,1,1,1,4,19,4.845098040014256,79
21,1,1,1,1,19,5.107209969647868,82
18,0,1,1,2,11,5.079181246047624,102
20,0,1,1,1,21,4.176091259055681,74
23,0,1,1,1,21,4.778151250383643,74
19,1,1,1,1,14,4.903089986991943,87
22,0,1,1,1,21,4.903089986991943,74
12,0,1,1,2,16,5.058126014703333,68
19,0,1,1,1,22,5.079181246047624,70
18,0,1,1,2,13,5.079181246047624,120
20,0,1,1,1,11,5.164352855784436,67
18,2,1,1,1,19,4.477121254719662,68
23,1,1,1,1,19,4.30102999566398,55
23,0,1,1,1,11,5.1760912590556805,67
20,2,1,1,2,21,4.845098040014256,62
19,1,1,1,2,19,4.954242509439324,148
16,1,1,1,3,14,5.0,118
11,1,1,1,4,21,5.27415784926368,67
14,1,1,1,3,19,5.0,68
23,1,1,1,1,19,4.572092890303906,82
20,0,1,1,2,21,4.176091259055681,89
18,1,1,1,2,19,5.518513939877887,198
23,2,1,1,1,21,4.778151250383643,58
22,0,1,1,2,11,4.903089986991943,67
21,0,1,1,1,11,5.0413926851582245,101
17,1,1,1,2,21,4.857332496431268,46
12,0,1,1,2,11,5.146128035678237,102
21,1,1,1,2,21,4.903089986991943,86
16,0,1,1,2,21,5.079181246047624,74
21,0,1,1,2,11,4.954242509439324,101
18,0,1,1,2,20,5.0,84
15,1,1,1,3,21,4.954242509439324,86
19,0,1,1,3,14,5.146128035678237,99
16,1,1,1,1,26,5.079181246047624,62
25,0,1,0,1,21,4.544068044350275,88
20,1,1,1,2,21,4.698970004336019,67
23,0,1,1,1,19,4.913813852383717,89
20,0,1,1,3,21,4.845098040014256,74
22,1,1,1,1,21,4.954242509439324,86
20,0,1,1,2,15,4.897627091290441,141
17,0,1,1,2,11,5.463892988985906,102
16,0,1,1,2,11,5.397940008672037,102
24,0,1,1,1,13,4.30102999566398,63
23,0,1,1,1,21,4.724275869600789,88
23,0,1,1,1,22,4.949390006644912,69
19,1,1,1,2,21,4.544068044350275,86
19,1,1,1,2,21,4.633468455579586,67
13,1,1,1,2,19,4.903089986991943,63
20,0,1,1,1,19,5.0413926851582245,89
18,1,1,1,1,19,5.0,55
24,1,1,1,1,19,4.3979400086720375,55
25,0,1,1,1,16,4.30102999566398,99
23,0,1,1,1,22,4.845098040014256,74
17,0,1,1,1,11,5.2944662261615925,102
12,1,1,1,2,21,5.0,64
1,1,1,1,1,21,4.845098040014256,37
21,0,1,1,1,13,5.146128035678237,140
15,1,1,1,1,21,4.698970004336019,46
23,1,1,1,1,22,4.605305046141108,84
16,0,1,1,2,11,5.079181246047624,102
22,1,1,1,2,21,4.3979400086720375,67
16,1,1,1,3,21,5.190331698170291,67
21,1,1,0,1,14,4.698970004336019,89
23,1,0,1,1,19,4.477555332198981,82
23,1,0,1,1,19,4.462832075378275,82
18,0,0,1,1,21,4.857766573910587,74
18,0,1,1,1,16,4.732393759822968,68
18,0,0,1,1,19,4.914247929863034,89
22,0,1,1,2,13,4.681241237375587,140
24,0,1,0,1,19,4.690196080028513,126
21,1,1,1,3,23,4.544068044350275,67
17,0,1,1,1,21,4.9063350418050895,74
19,1,1,1,2,19,4.76796431141426,55
22,2,1,1,2,21,4.633468455579586,58
22,1,1,1,1,19,4.217483944213906,82
18,0,1,1,2,11,5.139879086401236,102
19,0,1,1,2,13,5.218797998111737,75
17,0,1,1,2,21,5.079181246047624,74
24,0,1,1,1,22,4.477121254719662,108
16,0,1,1,2,22,4.845098040014256,69
9,1,1,1,3,21,5.230448921378273,60
17,0,1,1,3,13,5.079181246047624,64
20,0,1,1,2,22,5.225309281725862,74
23,0,1,1,2,14,4.778151250383643,99
14,1,1,1,2,21,5.079181246047624,46
22,1,1,1,2,21,3.7634279935629364,67
16,1,1,1,3,21,4.83695673705955,66
13,1,1,1,3,19,5.033423755486949,103
24,1,1,1,1,16,4.954242509439324,121
17,1,1,1,2,17,4.778151250383643,74
22,1,1,1,1,19,4.230448921378274,55
24,1,1,1,1,21,3.6989700043360187,67
23,0,1,1,1,21,4.778151250383643,88
21,0,1,1,2,21,5.146128035678237,74
23,0,1,1,1,4,4.176091259055681,170
24,1,1,1,1,22,4.3979400086720375,108
22,1,1,1,2,26,4.698970004336019,62
22,0,1,1,2,26,4.778151250383643,56
18,1,1,1,2,22,4.602059991327962,38
20,1,1,1,1,21,4.857332496431268,86
18,0,1,1,2,22,5.290034611362517,89
18,1,1,1,1,19,4.845098040014256,55
19,0,1,1,1,18,4.919078092376074,63
18,1,1,1,2,19,5.0,55
21,1,1,1,1,21,4.3979400086720375,82
22,0,1,1,1,21,4.698970004336019,74
18,0,1,1,1,21,4.826074802700826,89
17,1,1,1,1,21,4.477121254719662,67
19,0,1,1,1,20,4.929418925714292,63
24,0,1,1,1,13,4.3979400086720375,105
13,0,1,1,1,11,5.230448921378273,102
20,0,1,1,1,13,5.0413926851582245,75
17,0,1,1,2,19,4.903089986991943,126
20,1,1,1,1,21,4.491361693834272,67
20,0,1,1,1,19,5.0,70
22,0,1,1,1,13,5.113943352306836,100
22,1,1,1,1,21,4.30102999566398,67
23,0,1,1,1,16,4.778151250383643,99
19,0,1,1,2,21,5.012820358572549,74
20,0,1,1,2,18,5.079181246047624,108
21,0,1,1,1,19,4.778151250383643,89
18,0,1,1,3,13,5.110589710299249,140
21,0,1,1,1,11,5.079181246047624,142
16,0,1,1,4,22,5.079181246047624,138
21,0,1,1,1,25,4.984527313343792,92
23,1,0,1,1,21,4.719430732348868,67
19,0,0,1,2,16,4.941769746107794,99
24,0,1,1,1,16,4.230448921378274,99
14,1,1,1,2,21,4.823017523446048,67
16,1,1,1,1,14,4.897627091290441,116
22,0,1,1,1,13,4.698970004336019,100
18,0,1,1,2,25,4.778151250383643,75
24,1,1,1,1,22,4.544068044350275,89
21,0,1,1,1,25,5.079181246047624,92
25,1,1,0,1,21,4.0,82
23,1,1,1,1,19,4.176091259055681,82
19,2,1,1,2,21,4.845098040014256,47
22,1,1,1,1,21,3.6989700043360187,47
15,1,1,1,1,21,4.602059991327962,46
25,1,1,1,1,19,4.0,82
22,1,1,1,1,19,4.3979400086720375,55
23,1,1,1,1,22,4.724275869600789,89
20,0,1,1,2,13,5.0413926851582245,120
19,0,1,1,2,24,5.301029995663981,75
25,1,1,1,1,13,4.342422680822206,110
9,1,1,1,4,21,4.845098040014256,67
21,0,1,1,2,14,4.875061263391699,99
18,1,1,1,1,21,4.845098040014256,67
20,1,1,1,3,17,4.806179973983887,103
8,1,1,1,1,21,4.778151250383643,80
16,0,1,0,2,5,5.0413926851582245,241
19,0,1,1,1,13,4.778151250383643,120
21,0,1,1,1,19,4.857332496431268,89
19,0,1,1,2,19,4.845098040014256,89
18,0,1,1,1,26,4.875061263391699,58
23,0,1,1,2,19,4.509619137576772,89
22,0,1,1,1,19,4.845098040014256,126
16,0,1,1,2,19,4.903089986991943,90
17,1,1,1,2,26,4.30102999566398,62
18,1,1,1,1,18,5.0413926851582245,98
20,1,1,1,2,19,4.602059991327962,82
21,1,1,1,2,19,4.954242509439324,82
20,1,1,1,2,21,4.698970004336019,86
7,1,1,1,1,29,5.136720567156407,53
21,1,1,1,1,19,4.778151250383643,82
23,0,1,1,1,21,4.477121254719662,74
22,0,1,1,1,19,4.991226075692494,126
15,0,1,1,3,22,5.079181246047624,69
23,1,1,1,1,19,4.477121254719662,82
22,1,1,1,1,22,4.602059991327962,84
18,0,1,1,2,22,4.954242509439324,71
17,0,1,1,2,19,4.903089986991943,90
18,2,1,1,1,19,5.079181246047624,55
19,0,1,0,1,13,5.301029995663981,184
13,0,1,1,2,22,5.0413926851582245,54
23,1,1,1,2,22,4.579783596616809,84
23,1,1,1,2,22,4.544068044350275,84
18,0,1,1,2,20,5.079181246047624,78
18,0,1,1,2,20,5.0413926851582245,108
16,0,1,1,1,22,5.146128035678237,75
15,0,1,0,2,13,5.190331698170291,120
23,0,1,1,2,20,4.903089986991943,63
16,0,1,1,2,13,5.079181246047624,63
17,1,1,1,1,21,4.903089986991943,67
21,0,1,1,2,16,5.0413926851582245,99
18,0,1,1,1,22,5.361727836017593,70
17,0,1,1,2,22,5.235528446907548,53
20,1,1,1,1,19,4.3979400086720375,82
25,0,1,1,1,16,4.544068044350275,99
20,0,1,1,1,13,5.1003705451175625,120
24,0,1,1,1,14,4.477121254719662,99
17,1,1,1,3,19,4.986771734266244,68
22,0,1,0,1,19,5.079181246047624,126
22,0,1,1,1,19,5.079181246047624,126
20,0,1,1,2,13,4.903089986991943,105
17,0,1,1,2,21,4.778151250383643,74
17,1,1,1,1,19,4.778151250383643,68
21,0,1,1,1,14,4.778151250383643,99
20,0,1,1,1,21,4.954242509439324,74
21,1,1,1,1,19,4.477121254719662,82
22,0,1,1,1,21,4.544068044350275,74
23,0,1,1,1,13,4.3979400086720375,140
24,0,1,1,1,17,4.602059991327962,109
23,0,1,1,1,19,4.3979400086720375,126
23,1,0,1,1,19,4.370253952961034,82
21,0,0,1,1,13,4.591064607026499,140
19,0,1,1,1,21,4.602059991327962,74
16,1,1,1,1,26,4.845098040014256,79
20,1,1,1,1,21,4.602059991327962,86
14,0,1,1,4,13,5.135132651376774,120
22,0,1,1,2,13,4.845098040014256,77
21,0,1,1,2,14,4.954242509439324,99
2,1,1,1,2,21,4.505149978319905,37
24,1,1,0,2,21,3.9030899869919433,67
21,0,1,1,1,11,5.230448921378273,67
6,0,1,1,4,22,5.079181246047624,68
16,0,1,1,3,21,5.0413926851582245,75
22,0,1,1,1,13,5.0,140
15,0,1,1,2,16,5.060697840353612,68
14,0,1,1,4,13,5.079181246047624,120
17,0,1,1,2,15,5.423245873936807,75
14,0,1,1,2,21,4.954242509439324,75
24,1,1,0,1,14,4.602059991327962,89
14,1,1,1,2,19,4.740362689494243,103
13,1,1,1,2,21,4.954242509439324,46
20,0,1,1,1,17,5.045322978786658,103
19,0,1,1,2,13,5.079181246047624,112
23,1,1,1,1,21,4.176091259055681,83
23,1,1,1,1,21,4.698970004336019,67
21,0,1,1,1,19,4.602059991327962,126
14,1,1,1,2,22,4.698970004336019,70
24,1,1,1,2,22,4.653212513775343,84
22,0,1,1,2,22,4.544068044350275,69
15,0,1,1,1,22,4.903089986991943,138
18,0,1,1,1,13,5.079181246047624,112
23,0,1,1,1,13,5.0,70
17,0,1,1,3,21,5.079181246047624,74
24,1,1,1,1,19,4.176091259055681,121
23,1,1,1,1,21,4.176091259055681,47
23,1,1,0,1,21,4.176091259055681,82
21,0,1,1,1,16,5.130333768495006,99
18,0,1,1,2,15,4.903089986991943,104
17,0,1,0,2,26,4.903089986991943,148
23,1,1,1,1,19,4.278753600952828,82
16,1,1,1,1,21,4.886490725172481,67
18,0,1,1,1,21,5.079181246047624,74
25,1,1,0,1,11,4.0,82
15,1,1,1,3,26,5.0413926851582245,63
15,1,1,1,1,21,5.0413926851582245,105
13,0,1,1,3,22,4.954242509439324,70
24,0,1,1,1,19,4.698970004336019,89
20,0,1,1,1,26,4.698970004336019,56
20,1,1,1,2,21,4.602059991327962,47
18,0,1,1,1,22,5.079181246047624,74
23,1,1,1,1,22,4.602059991327962,84
24,1,1,1,1,19,4.0,121
20,0,1,1,1,14,5.204119982655924,99
16,1,1,1,1,19,4.778151250383643,80
11,1,1,1,4,21,4.778151250383643,67
20,0,1,1,1,13,4.89209460269048,112
25,1,1,1,1,19,4.477121254719662,68
24,0,1,1,1,16,4.30102999566398,99
23,1,1,1,1,21,4.322219294733919,82
19,0,1,1,1,21,4.845098040014256,74
21,1,1,0,2,19,4.845098040014256,82
12,1,1,1,1,21,4.628388930050311,46
18,1,1,1,1,19,4.3979400086720375,79
19,0,1,1,2,22,4.903089986991943,138
12,0,1,1,1,13,4.954242509439324,117
16,0,1,1,4,17,4.903089986991943,74
19,0,1,1,2,13,5.164352855784436,62
19,1,1,1,3,21,4.6739419986340875,37
24,0,1,1,1,13,4.778151250383643,153
18,0,1,1,4,22,5.079181246047624,84
16,1,1,1,2,11,4.903089986991943,132
22,1,1,1,1,20,4.531478917042255,67
23,0,1,1,1,20,4.698970004336019,84
16,0,1,1,2,22,5.0,70
14,1,1,1,2,19,4.716003343634799,103
19,0,1,1,1,21,5.0413926851582245,89
21,1,1,1,1,19,4.845098040014256,82
12,0,1,1,2,13,5.079181246047624,83
25,0,1,1,1,16,4.477121254719662,99
24,1,1,1,1,16,4.176091259055681,95
25,1,1,0,1,14,3.6989700043360187,118
24,0,1,1,1,16,4.602059991327962,99
25,1,0,0,1,3,4.217483944213906,141
20,0,1,1,1,21,5.0413926851582245,89
17,0,1,1,1,21,4.857332496431268,74
21,0,1,1,1,21,4.778151250383643,74
8,0,1,1,1,22,5.079181246047624,83
21,0,1,1,1,16,4.903089986991943,90
22,0,1,1,2,19,5.079181246047624,71
23,1,1,1,1,21,4.477121254719662,82
21,0,1,1,2,22,5.0413926851582245,70
14,0,1,1,2,11,5.3404441148401185,102
23,1,1,1,1,21,4.903089986991943,47
22,0,1,1,1,21,4.903089986991943,88
22,1,1,1,2,21,4.544068044350275,83
19,0,1,1,1,22,5.222716471147582,89
22,0,1,1,1,19,4.973127853599698,126
18,1,1,1,1,19,4.903089986991943,62
4,1,1,1,2,21,5.0,37
11,1,1,1,2,16,4.954242509439324,70
18,0,1,1,2,11,5.390935107103378,100
25,1,1,1,1,21,4.0,83
22,0,1,1,1,22,4.954242509439324,69
25,1,1,1,1,22,3.716003343634799,84
12,1,1,1,2,21,5.079181246047624,60
19,0,1,1,2,21,4.954242509439324,74
23,1,1,1,1,19,3.6989700043360187,82
24,1,1,1,1,13,4.021189299069937,82
24,0,1,1,1,20,4.414973347970817,108
20,0,1,0,1,13,5.143014800254094,120
12,1,1,1,1,8,4.602059991327962,178
21,1,1,1,1,16,4.3979400086720375,110
16,1,1,1,2,11,4.778151250383643,138
17,1,1,1,1,21,4.176091259055681,86
18,0,1,1,1,21,5.0413926851582245,74
13,1,1,1,1,19,5.079181246047624,63
13,1,1,1,3,21,5.079181246047624,105
13,1,1,1,1,21,4.544068044350275,64
24,1,1,1,1,21,4.113943352306836,47
21,0,1,1,1,21,4.698970004336019,74
22,1,1,1,1,19,4.3979400086720375,82
17,1,1,1,2,21,5.0413926851582245,73
25,1,1,1,1,11,3.6989700043360187,88
19,1,1,1,2,21,4.698970004336019,37
20,1,1,1,3,19,4.903089986991943,82
18,0,1,1,2,11,5.352182518111363,100
14,1,1,1,3,21,5.0,64
14,1,1,1,2,19,4.970025919124789,68
18,0,1,1,2,13,5.079181246047624,115
21,0,1,1,1,18,4.845098040014256,108
21,0,1,1,1,13,5.0,63
17,0,1,1,2,21,5.27415784926368,75
25,1,1,0,1,21,3.812913356642855,82
16,1,1,1,1,21,4.903089986991943,80
14,0,1,1,3,13,5.0,120
21,0,1,1,2,11,5.079181246047624,67
18,1,1,1,2,19,5.079181246047624,55
4,1,1,1,3,28,5.0413926851582245,77
12,0,1,1,3,15,5.1760912590556805,66
24,0,1,1,1,22,4.799340549453581,84
22,0,1,0,2,8,4.602059991327962,136
21,0,0,1,1,16,5.037426497940623,90
21,0,0,1,1,21,5.056904851336473,74
23,1,0,0,2,15,4.518513939877887,178
20,0,0,1,3,19,5.204119982655924,70
19,0,0,1,1,19,5.004321373782642,89
25,0,0,1,0,17,3.7323937598229686,109
22,0,0,0,2,19,4.653212513775343,183
24,1,0,0,1,20,4.491361693834272,67
24,1,0,1,1,20,4.491361693834272,67
20,0,0,1,1,19,5.068185861746161,126
16,0,0,0,1,9,5.008600171761917,188
18,0,0,0,1,17,5.033423755486949,175
21,1,0,1,1,21,4.875061263391699,82
17,0,0,0,1,8,4.869231719730975,170
19,0,0,1,1,16,5.198657086954422,99
25,0,1,0,1,22,4.0,108
23,0,1,1,1,22,4.724275869600789,148
23,0,1,1,2,4,4.30102999566398,170
26,1,1,1,1,17,3.6989700043360187,109
16,1,1,1,1,21,4.806179973983887,46
22,1,1,1,1,16,4.021189299069937,87
17,1,1,1,2,21,4.698970004336019,46
18,0,1,1,1,15,4.778151250383643,104
21,0,1,1,1,15,4.544068044350275,104
18,0,1,1,1,22,5.130333768495006,138
17,0,1,1,2,13,4.845098040014256,120
22,0,1,1,1,21,4.903089986991943,88
23,1,1,1,1,21,4.3979400086720375,67
23,1,1,1,1,19,3.6989700043360187,82
14,1,1,1,3,19,4.903089986991943,62
17,0,1,1,2,13,5.079181246047624,120
20,1,1,1,1,21,4.0,67
19,0,1,1,1,26,4.832508912706236,77
13,1,1,1,1,22,4.698970004336019,65
24,0,1,1,1,21,4.472756449317212,88
24,1,1,0,1,19,4.30102999566398,99
24,1,1,1,1,21,4.30102999566398,47
23,0,1,1,1,21,4.602059991327962,88
19,0,1,1,1,21,4.954242509439324,74
21,1,1,1,1,21,4.954242509439324,94
21,0,1,1,1,13,4.903089986991943,62
19,0,1,1,1,21,4.7481880270062,74
20,0,1,1,1,13,4.698970004336019,75
20,0,1,1,2,13,4.698970004336019,75
12,0,1,1,1,22,4.869231719730975,68
20,0,1,1,1,20,5.089905111439397,108
15,1,1,1,1,21,4.732393759822968,46
19,1,1,1,1,22,4.698970004336019,64
25,1,1,1,1,23,4.0,67
24,1,1,0,1,19,4.0,68
24,0,1,1,1,16,4.602059991327962,99
23,0,1,1,1,13,5.079181246047624,70
19,0,1,1,1,13,4.653212513775343,62
24,0,1,1,1,21,4.544068044350275,74
22,1,1,0,1,16,4.602059991327962,110
17,1,1,1,3,21,4.903089986991943,103
23,0,1,1,1,16,4.568201724066994,99
24,1,1,1,1,21,4.342422680822206,83
19,1,1,1,2,21,4.7558748556724915,67
23,1,1,1,1,21,4.431363764158987,91
18,1,1,1,1,26,4.845098040014256,62
21,1,1,1,1,21,4.778151250383643,67
24,0,1,1,1,13,4.544068044350275,105
21,1,1,1,2,19,4.633468455579586,55
17,1,1,1,2,22,5.0413926851582245,90
15,1,1,1,2,25,5.0,67
22,1,1,1,1,21,4.806179973983887,82
23,0,1,1,1,20,4.982271233039568,84
19,0,1,1,1,20,4.982271233039568,84
25,1,1,1,1,21,3.8808135922807914,67
25,1,1,1,1,21,3.8450980400142565,67
13,0,1,1,2,22,5.079181246047624,70
23,0,1,1,1,22,4.698970004336019,74
21,0,1,1,2,19,4.698970004336019,71
21,0,1,1,1,22,4.903089986991943,89
9,0,1,1,2,19,5.301029995663981,82
21,0,1,1,1,11,5.278753600952829,101
21,1,1,1,1,21,4.531478917042255,67
18,1,1,1,2,17,4.903089986991943,74
9,0,1,1,1,21,4.30102999566398,57
18,0,1,1,2,22,4.845098040014256,84
20,0,1,1,1,19,4.467460109507263,126
13,1,1,1,2,19,4.845098040014256,68
20,0,1,1,2,11,4.907411360774586,101
24,1,0,1,1,14,4.384980295651304,89
20,0,0,1,1,21,4.908485018878649,74
21,0,1,1,1,20,5.3802112417116055,108
19,1,1,1,1,21,4.544068044350275,86
25,1,1,1,1,20,4.176091259055681,53
18,0,1,1,3,26,4.690196080028513,58
22,0,1,1,2,11,4.755112266395071,148
20,0,1,1,2,21,4.845098040014256,74
11,1,1,1,3,19,4.698970004336019,94
19,0,1,1,1,21,4.945468585131819,74
12,1,1,1,2,21,4.968482948553935,85
23,0,1,1,1,14,5.079181246047624,99
17,0,1,1,2,16,5.0413926851582245,68
22,0,1,0,1,17,4.778151250383643,109
16,1,1,1,2,14,5.079181246047624,118
25,0,1,1,1,21,4.0,88
18,0,1,1,2,25,4.845098040014256,92
18,2,1,1,1,19,4.778151250383643,68
22,0,1,1,1,21,4.954242509439324,88
23,0,1,1,1,21,4.954242509439324,88
22,1,1,1,1,21,4.544068044350275,47
18,1,1,1,2,19,4.602059991327962,62
17,0,1,1,1,22,4.903089986991943,69
18,1,1,1,2,21,4.99563519459755,103
25,1,1,0,1,21,3.8750612633916997,82
22,1,1,1,1,19,4.61066016308988,55
21,1,1,1,1,22,4.845098040014256,89
22,1,1,1,1,13,5.0,82
22,1,1,1,1,21,3.933892035764211,82
25,0,1,1,1,14,4.602059991327962,98
21,0,1,1,1,16,4.778151250383643,99
11,1,1,1,3,21,4.903089986991943,85
20,0,1,1,1,14,5.0413926851582245,99
24,0,1,1,1,11,5.1760912590556805,67
18,0,1,1,2,11,5.079181246047624,102
22,1,1,1,1,19,4.698970004336019,68
12,0,1,1,4,11,5.484299839346785,102
15,0,1,1,3,22,5.326335860928751,138
22,0,1,1,1,21,4.544068044350275,88
24,0,1,1,1,13,4.342422680822206,65
16,0,1,1,1,22,4.698970004336019,90
23,0,1,1,1,14,4.845098040014256,99
22,0,1,1,1,19,4.7481880270062,70
22,0,1,1,1,22,4.698970004336019,74
21,0,1,1,1,15,5.079181246047624,104
17,0,1,1,2,11,5.079181246047624,102
21,0,1,1,1,22,5.079181246047624,138
20,0,1,1,1,22,4.954242509439324,69
24,0,1,1,1,21,4.845098040014256,88
21,0,1,1,2,21,5.079181246047624,89
8,1,1,1,2,21,4.903089986991943,67
23,0,1,1,2,13,5.0,100
23,0,1,1,1,11,5.195899652409233,148
18,0,1,1,2,21,4.954242509439324,74
19,0,1,1,1,26,4.812913356642856,184
21,1,1,1,1,21,4.477121254719662,67
21,1,1,1,1,21,4.845098040014256,94
22,0,1,1,1,19,5.0,89
21,1,1,1,2,14,5.079181246047624,117
17,0,1,1,2,21,4.929418925714292,74
18,0,1,1,1,15,5.0413926851582245,75
21,0,1,1,4,19,4.778151250383643,70
22,0,1,1,2,19,4.954242509439324,70
18,1,1,1,3,21,5.0413926851582245,67
24,1,1,1,1,19,4.3979400086720375,68
19,0,1,1,1,17,5.0,104
18,0,1,1,2,16,5.079181246047624,68
17,0,1,1,1,17,4.954242509439324,104
23,1,1,1,1,14,4.544068044350275,118
23,1,1,1,1,14,4.544068044350275,117
20,0,1,1,2,22,5.00518051250378,84
11,1,1,1,2,22,4.954242509439324,85
10,0,1,1,3,22,4.778151250383643,70
22,0,1,1,1,13,4.954242509439324,140
19,0,1,1,2,13,4.903089986991943,62
14,0,1,1,2,22,5.253216812502129,138
9,1,1,1,1,21,4.7923916894982534,37
15,1,1,1,3,21,5.204119982655924,86
25,0,1,1,1,21,4.544068044350275,74
22,0,1,0,1,13,5.079181246047624,140
23,0,1,1,1,14,4.698970004336019,99
17,0,1,1,2,21,4.845098040014256,74
19,0,1,1,1,21,4.986771734266244,74
17,0,1,1,2,21,4.954242509439324,74
18,0,1,1,4,13,4.926789889273907,140
16,0,1,1,2,11,5.0,102
13,1,1,1,3,21,4.778151250383643,46
15,1,1,1,3,21,5.0413926851582245,105
12,0,1,1,1,11,5.42160392686983,102
16,0,1,1,4,13,5.164352855784436,112
20,0,1,1,1,21,4.845098040014256,74
23,0,1,1,1,21,4.708811674297328,88
23,0,1,1,1,21,4.698970004336019,88
21,0,1,1,1,17,4.903089986991943,89
17,1,1,1,1,21,5.079181246047624,67
23,1,1,1,1,21,4.361727836017592,47
16,1,1,1,2,21,4.845098040014256,67
24,0,1,1,1,21,4.361727836017592,74
22,1,1,1,2,21,4.477121254719662,67
20,1,1,1,1,21,4.602059991327962,34
21,1,1,1,1,21,4.698970004336019,47
13,1,1,1,2,21,4.778151250383643,37
17,0,1,1,1,22,4.903089986991943,70
16,0,1,1,3,22,5.1760912590556805,89
24,1,1,1,1,21,4.602059991327962,86
16,1,1,0,1,14,4.3979400086720375,118
24,0,1,1,2,12,5.079181246047624,81
20,0,1,1,2,13,5.079181246047624,140
24,0,1,0,2,21,4.698970004336019,88
19,0,1,1,3,21,4.778151250383643,89
14,0,1,1,2,21,5.173186268412274,74
25,1,1,1,1,19,3.6989700043360187,68
19,0,1,1,2,22,4.845098040014256,70
21,1,1,1,1,19,4.740362689494243,79
22,0,1,1,1,22,5.0,69
19,0,1,1,1,13,5.079181246047624,62
20,0,1,1,1,22,5.46534864197411,138
11,1,1,1,3,14,4.929418925714292,159
21,1,1,1,3,19,4.845098040014256,82
16,0,1,1,1,16,5.079181246047624,141
21,0,1,1,1,16,4.602059991327962,99
22,0,1,1,1,13,4.845098040014256,120
25,0,0,1,1,17,4.565847818673517,88
24,0,0,1,1,21,4.717670503002262,74
22,0,0,1,1,19,4.89209460269048,74
26,0,0,1,1,22,4.204119982655924,168
23,0,0,1,2,19,4.462397997898956,74
19,0,1,1,2,13,4.778151250383643,140
22,0,0,1,2,13,5.049218022670181,120
23,0,0,1,1,13,4.602059991327962,100
24,0,0,1,1,21,4.556302500767287,88
22,1,0,1,1,21,4.778151250383643,67
14,1,1,1,1,14,5.079181246047624,159
21,1,0,1,1,21,4.681241237375587,47
24,0,0,1,1,17,4.602059991327962,88
23,0,1,1,1,21,4.778151250383643,88
22,1,1,1,1,19,4.3979400086720375,121
21,1,1,1,1,21,4.6232492903979,67
16,1,1,0,2,8,4.544068044350275,204
22,0,1,0,2,13,4.954242509439324,100
17,0,1,1,2,21,4.954242509439324,74
15,0,1,1,2,21,4.845098040014256,74
20,0,1,1,1,19,4.903089986991943,126
22,0,1,1,1,19,4.903089986991943,89
18,0,1,1,1,20,4.954242509439324,108
13,0,1,1,3,22,4.954242509439324,54
16,0,1,1,2,11,5.079181246047624,87
23,0,0,0,1,11,4.7923916894982534,172
22,0,0,1,1,19,4.897627091290441,126
22,0,0,1,2,11,4.778151250383643,148
21,0,1,1,1,11,4.30102999566398,168
10,0,1,1,2,22,5.39480177716271,70
13,0,1,1,2,13,5.0413926851582245,120
15,0,1,1,1,21,5.0,74
16,0,1,1,2,19,4.845098040014256,110
0,0,1,1,2,27,5.0,52
19,0,1,1,1,21,5.143014800254094,89
12,1,1,1,3,15,5.079181246047624,150
20,1,1,1,2,22,4.544068044350275,64
25,1,1,1,1,20,3.8876173003357355,71
20,0,1,1,1,13,4.698970004336019,140
8,0,1,1,2,21,4.778151250383643,58
22,0,1,1,1,13,5.0,64
22,1,1,1,1,19,4.7625435289079086,82
24,0,1,1,3,22,5.146128035678237,148
21,0,1,1,1,13,4.477121254719662,62
24,1,1,1,1,23,4.0,67
21,1,1,1,2,21,4.477121254719662,67
21,1,1,1,2,21,4.544068044350275,73
25,1,1,1,1,19,3.6989700043360187,68
19,0,1,1,1,22,4.698970004336019,89
19,0,1,1,1,22,4.903089986991943,69
15,0,1,1,4,11,5.383815365980431,102
23,0,0,0,1,21,4.477121254719662,74
25,1,0,1,1,19,3.9542425094393248,82
23,1,0,1,1,14,4.477121254719662,89
22,0,0,1,1,11,4.431363764158987,148
23,0,0,1,1,14,4.591064607026499,99
21,1,0,0,1,16,4.806179973983887,110
18,1,0,1,1,14,4.653212513775343,87
24,0,0,1,1,13,4.740362689494243,100
21,0,0,0,1,16,4.806179973983887,154
25,1,0,0,1,21,4.176091259055681,103
22,1,0,0,1,17,4.838849090737255,104
23,1,0,1,1,21,4.903089986991943,82
22,0,0,1,1,16,4.778151250383643,99
23,0,0,1,1,19,4.845098040014256,126
22,0,1,1,1,22,5.0,74
17,0,1,1,1,13,5.0,62
24,0,1,1,1,22,4.544068044350275,154
24,0,1,1,1,13,4.060697840353611,100
24,1,1,1,1,20,4.698970004336019,67
21,1,0,1,1,19,4.743352951409555,82
23,1,0,1,1,17,4.274527304396044,74
23,0,0,1,1,11,4.518763916259958,148
23,0,0,1,1,21,4.678946089545405,88
19,0,1,1,2,11,4.845098040014256,100
22,0,1,1,2,22,4.778151250383643,48
10,1,1,1,2,21,4.903089986991943,60
21,1,1,1,2,19,4.661812685537261,82
19,0,1,1,1,14,4.845098040014256,99
17,1,1,1,1,21,4.602059991327962,46
19,0,1,1,2,13,4.954242509439324,120
16,1,1,1,1,21,5.021189299069937,46
24,0,1,1,1,19,4.477121254719662,89
17,1,1,1,1,21,4.30102999566398,67
17,1,1,1,1,19,4.903089986991943,79
16,1,1,1,2,26,4.903089986991943,62
10,1,1,1,1,21,5.079181246047624,37
25,0,1,1,2,14,4.698970004336019,99
22,0,1,1,2,19,4.903089986991943,71
17,0,1,1,2,22,5.079181246047624,138
20,1,1,1,1,21,4.698970004336019,47
17,0,1,1,1,21,4.845098040014256,74
22,0,1,1,1,13,5.113943352306836,77
23,0,1,1,1,20,4.698970004336019,84
24,0,1,1,1,16,4.903089986991943,99
19,0,1,1,4,21,5.079181246047624,74
23,1,1,1,1,13,4.770852011642144,82
19,0,1,1,3,26,5.0,74
14,1,1,0,1,19,4.698970004336019,165
22,1,1,1,2,20,4.653212513775343,53
14,1,1,1,4,21,4.903089986991943,67
24,0,1,1,1,21,4.3979400086720375,88
19,1,1,1,3,19,4.836937771820921,55
19,0,1,1,2,14,4.602059991327962,99
16,1,1,1,1,22,4.462397997898956,65
19,0,1,1,2,26,4.832508912706236,58
24,1,1,0,1,14,4.176091259055681,89
20,0,1,1,1,21,4.845098040014256,74
21,0,1,1,3,11,5.1003705451175625,87
17,0,1,1,3,11,5.477121254719662,102
21,0,1,1,2,14,4.973127853599698,99
21,0,1,1,3,11,5.110589710299249,87
16,1,1,1,2,19,4.740362689494243,68
25,0,1,1,1,16,4.602059991327962,99
23,1,1,1,2,19,4.3979400086720375,82
14,1,1,1,2,11,4.778151250383643,125
17,0,1,1,2,22,4.845098040014256,70
20,0,1,1,1,21,5.079181246047624,74
24,0,1,1,1,21,4.544068044350275,88
22,0,1,1,2,22,4.778151250383643,148
10,1,1,1,2,14,4.7923916894982534,90
17,1,1,1,2,15,5.079181246047624,74
19,0,1,1,3,22,5.079181246047624,70
23,0,1,1,1,19,4.903089986991943,89
23,0,1,1,1,19,4.903089986991943,89
16,0,1,0,1,9,4.778151250383643,218
16,1,1,1,2,21,4.903089986991943,67
20,0,1,1,2,12,5.168140826718417,139
19,0,1,1,1,15,4.991226075692494,104
22,0,1,0,1,21,4.954242509439324,74
22,1,1,0,1,22,4.342422680822206,37
20,0,1,1,1,22,5.079181246047624,69
19,0,1,1,2,26,5.0,77
14,0,1,1,2,22,5.079181246047624,69
20,0,1,1,2,21,4.845098040014256,74
21,0,1,1,1,13,4.392696953259665,140
14,1,1,1,3,26,5.0,62
25,1,1,1,1,21,4.0,82
23,0,0,1,1,13,4.638748757721429,140
25,0,0,1,1,16,4.205041879261369,99
18,0,0,1,1,16,5.193235941639753,68
10,0,0,1,1,16,4.970416618137783,141
14,0,1,0,2,9,5.086359830674748,177
23,0,1,1,1,21,4.30102999566398,74
23,1,1,1,1,21,4.662757831681573,82
22,1,1,1,3,15,4.698970004336019,103
23,1,1,1,1,21,4.6232492903979,47
25,0,1,1,1,16,4.477121254719662,99
17,0,1,1,1,16,4.929418925714292,68
18,1,1,1,1,21,4.944482672150168,86
16,1,1,1,4,21,5.0,38
20,1,1,1,2,21,5.0,86
24,1,0,1,1,22,4.361085360488826,84
20,0,1,1,2,13,4.903089986991943,62
18,0,1,1,2,21,4.903089986991943,74
14,1,1,1,2,21,4.845098040014256,46
20,1,1,1,1,19,3.371067862271736,55
17,1,1,1,1,21,4.698970004336019,46
16,1,1,1,1,21,4.763427993562937,46
12,1,1,1,2,14,4.903089986991943,100
24,0,1,1,1,13,4.778151250383643,70
25,1,1,1,1,19,4.544068044350275,82
25,0,1,1,1,13,4.777223765819915,62
17,0,1,1,2,13,5.146128035678237,115
18,1,1,1,1,21,5.0413926851582245,46
22,0,1,1,1,13,4.95990911385232,62
16,1,1,1,3,21,4.778151250383643,46
18,0,1,1,1,19,5.0,89
8,1,1,1,1,21,4.903089986991943,37
18,0,1,1,3,22,4.845098040014256,89
23,1,1,1,2,21,4.77451696572855,67
22,0,1,1,1,21,4.653212513775343,88
15,1,1,0,2,19,4.778151250383643,100
14,0,1,1,1,21,5.183269843682804,75
20,0,1,0,2,8,4.778151250383643,201
21,0,1,0,1,11,5.113943352306836,168
23,1,1,1,1,14,4.176091259055681,89
23,0,0,1,1,4,4.839622578648674,170
18,1,1,1,1,14,4.414973347970817,87
23,0,0,1,1,16,4.889436172880561,90
20,1,0,1,2,19,4.60770158958106,83
24,0,0,1,1,21,4.591064607026499,74
16,0,1,1,2,11,5.342422680822206,171
21,0,1,1,2,13,5.079181246047624,140
24,1,1,0,1,21,4.3979400086720375,83
21,0,1,1,2,21,4.491361693834272,74
23,1,1,1,1,21,4.6232492903979,83
21,1,1,1,1,21,4.903089986991943,83
17,1,1,1,1,21,4.778151250383643,67
19,0,1,1,1,21,5.3802112417116055,74
19,1,1,0,2,15,4.544068044350275,104
14,0,1,1,1,22,5.079181246047624,68
14,0,1,1,2,27,4.778151250383643,52
15,1,1,1,3,19,4.544068044350275,68
13,1,1,1,2,21,5.079181246047624,46
20,0,1,1,1,21,4.845098040014256,74
17,0,1,1,3,19,4.954242509439324,110
13,1,1,1,2,21,4.778151250383643,46
21,0,1,1,2,19,4.903089986991943,126
16,0,1,1,2,11,5.178976947293169,171
16,1,1,1,1,21,4.698970004336019,105
15,1,1,1,1,21,4.903089986991943,37
23,1,1,1,1,19,4.3979400086720375,82
13,1,1,1,3,21,4.903089986991943,46
23,0,1,1,1,13,4.903089986991943,120
21,0,1,1,1,11,4.845098040014256,101
24,1,1,1,1,21,4.176091259055681,100
18,1,1,1,1,19,4.439332693830263,83
19,0,1,1,2,11,5.0413926851582245,101
16,1,1,1,1,13,5.079181246047624,75
22,0,1,1,1,21,4.845098040014256,88
8,0,1,1,1,11,5.462397997898956,75
16,1,1,1,2,14,4.869231719730975,178
21,0,1,1,1,14,5.079181246047624,99
13,1,1,1,1,14,5.146128035678237,78
23,1,1,1,1,21,4.602059991327962,82
25,1,1,0,1,21,4.30102999566398,83
26,0,1,1,1,21,4.176091259055681,88
25,1,1,1,1,22,4.204119982655924,84
11,1,1,1,1,14,5.113943352306836,90
18,0,1,1,2,22,5.071882007306124,138
12,1,1,1,2,21,4.643452676486187,88
19,0,1,1,2,21,4.698970004336019,89
22,1,1,1,1,21,4.778151250383643,73
20,1,1,1,2,19,5.167317334748176,82
10,0,1,1,2,22,4.602059991327962,62
20,1,1,1,3,21,5.0,86
23,0,1,1,1,21,4.740362689494243,88
21,0,1,1,2,21,4.602059991327962,47
16,0,1,1,3,21,4.806179973983887,74
8,1,1,1,2,21,5.0,60
24,1,1,1,1,21,4.477121254719662,67
22,1,1,1,1,22,4.383402410491815,89
18,0,1,1,1,22,4.903089986991943,70
12,1,1,1,2,21,5.1760912590556805,67
21,0,1,1,2,20,5.079181246047624,84
18,0,1,1,1,13,5.085572403482135,120
23,0,1,1,1,21,4.7481880270062,74
14,1,1,1,4,21,5.0,105
24,1,1,1,1,21,4.079181246047624,82
23,0,1,1,1,21,4.186984572160061,88
20,0,1,1,1,18,4.602059991327962,108
22,2,1,1,2,21,4.544068044350275,58
24,1,1,1,1,21,4.0,67
25,0,1,1,1,13,4.0,140
24,1,1,0,1,21,4.3979400086720375,82
23,1,1,0,1,21,4.698970004336019,67
21,0,1,1,1,19,4.361727836017592,126
25,0,1,1,1,13,4.176091259055681,105
24,1,1,0,2,21,3.6989700043360187,67
21,0,1,1,2,21,4.176091259055681,89
26,0,1,1,1,19,4.30102999566398,89
13,1,1,1,3,21,4.845098040014256,64
22,1,1,1,1,19,4.0,82
17,1,1,1,1,11,4.845098040014256,89
26,1,1,0,1,21,3.6989700043360187,82
15,1,1,1,1,21,4.778151250383643,66
13,1,1,1,2,21,4.873901597864461,67
18,2,1,1,1,21,5.431363764158986,62
24,1,1,1,1,19,5.079181246047624,68
13,1,1,1,2,14,5.079181246047624,78
16,1,1,1,3,21,4.903089986991943,86
19,0,1,1,2,13,5.079181246047624,140
25,1,1,1,1,13,4.30102999566398,109
15,1,1,1,2,21,4.845098040014256,67
18,1,1,1,1,21,4.602059991327962,67
17,1,1,1,2,21,5.0,86
18,1,1,1,1,21,5.089905111439397,86
18,0,1,1,1,19,4.886490725172481,126
25,1,1,1,1,17,3.8450980400142565,75
23,1,1,1,1,21,4.845098040014256,73
23,0,1,1,1,16,4.477121254719662,99
17,0,1,1,3,19,5.079181246047624,90
17,1,1,1,1,26,4.845098040014256,62
17,1,1,1,1,14,5.021189299069937,118
18,1,1,1,2,19,5.038707568328147,94
19,0,1,1,1,18,5.079181246047624,85
24,0,1,1,1,4,4.3802112417116055,170
21,0,1,1,2,21,4.845098040014256,74
24,1,1,1,1,22,4.544068044350275,84
5,1,1,1,3,21,4.903089986991943,37
23,0,1,1,2,21,4.845098040014256,88
10,0,1,1,4,13,5.0,120
23,1,1,1,1,21,4.602059991327962,67
21,1,1,0,1,21,4.30102999566398,67
17,0,1,1,1,25,4.778151250383643,75
17,0,1,1,3,13,5.676693609624866,115
15,1,1,1,2,21,4.845098040014256,64
21,1,1,1,2,21,4.602059991327962,67
23,0,1,1,2,21,4.531478917042255,74
24,1,1,1,1,22,4.0,84
21,0,1,1,2,13,4.903089986991943,62
12,1,1,1,2,14,5.0,78
22,1,1,1,1,19,4.3979400086720375,82
15,1,1,1,2,21,4.716003343634799,67
19,0,1,1,1,21,4.799340549453581,74
15,1,1,1,2,21,4.954242509439324,66
23,1,1,1,1,22,4.778151250383643,84
17,1,1,1,1,21,4.544068044350275,46
17,0,1,1,1,13,4.903089986991943,63
16,0,1,1,2,16,5.0413926851582245,68
23,0,1,1,1,21,4.785329835010767,74
19,1,1,1,1,21,4.819543935541868,37
24,1,1,1,1,23,4.903089986991943,67
23,0,1,1,2,19,4.431363764158987,126
24,1,1,1,1,13,4.778151250383643,82
17,1,1,1,1,21,5.143014800254094,67
23,2,1,1,1,21,4.778151250383643,62
14,1,1,1,2,21,4.0,37
22,0,1,1,1,16,4.477121254719662,99
20,0,1,0,1,19,5.096910013008055,126
24,0,1,1,1,21,4.653212513775343,74
17,1,1,1,1,26,4.477121254719662,62
16,1,1,1,2,21,4.905795880367868,46
20,0,1,1,1,11,5.301029995663981,67
19,0,1,1,1,13,4.778151250383643,62
10,1,1,1,2,21,4.255272505103306,37
12,0,1,1,2,21,5.0413926851582245,58
11,1,1,1,2,21,4.954242509439324,46
12,1,1,1,2,14,5.079181246047624,78
15,0,1,0,3,5,5.079181246047624,241
23,0,1,0,1,22,4.602059991327962,154
24,0,1,1,1,17,4.255272505103306,109
24,0,1,1,1,13,4.462397997898956,153
22,1,1,1,1,21,4.8179287821024515,83
25,0,1,1,1,16,3.4149733479708178,99
23,0,1,0,1,13,4.662757831681573,140
23,1,1,1,2,19,4.176091259055681,55
20,0,1,1,1,21,4.778151250383643,74
23,1,1,0,1,21,4.190331698170291,67
21,0,1,1,1,14,5.079181246047624,99
14,0,1,1,3,10,5.079181246047624,68
13,0,1,1,3,22,5.079181246047624,63
13,0,1,1,2,13,4.903089986991943,63
25,0,1,1,1,13,4.602059991327962,121
24,1,1,1,1,16,4.176091259055681,87
19,0,1,1,2,22,5.0413926851582245,138
20,0,1,1,2,11,4.903089986991943,101
23,0,1,0,1,20,4.698970004336019,108
16,0,1,0,1,13,5.0413926851582245,120
25,0,1,0,1,19,4.30102999566398,126
18,0,1,1,1,13,5.130333768495006,62
20,0,1,1,1,22,4.705007959333336,69
19,0,1,1,2,17,4.845098040014256,74
13,1,1,0,1,8,5.079181246047624,178
24,0,1,1,1,19,4.544068044350275,74
23,0,1,1,1,20,4.698970004336019,108
20,0,1,1,3,11,5.08278537031645,101
15,0,1,1,2,13,5.079181246047624,120
12,1,1,1,3,11,4.954242509439324,125
20,2,1,1,2,21,4.845098040014256,67
24,1,1,1,1,20,4.30102999566398,67
21,0,1,1,1,20,4.778151250383643,84
19,0,1,1,2,11,5.643452676486187,101
21,1,1,1,1,21,5.0413926851582245,67
22,0,1,1,1,19,5.181843587944772,89
19,0,1,1,1,13,4.845098040014256,62
24,1,1,1,1,22,4.698970004336019,108
17,0,1,1,1,21,5.096910013008055,74
22,1,1,1,1,16,4.778151250383643,87
20,2,1,1,1,21,4.954242509439324,63
23,2,1,1,1,21,4.477121254719662,63
22,0,1,1,1,11,4.954242509439324,101
23,1,1,1,1,17,4.30102999566398,74
18,0,1,1,3,21,5.0413926851582245,74
18,0,1,1,2,17,5.1760912590556805,104
18,0,1,1,1,19,5.0413926851582245,90
21,0,1,1,2,19,5.079181246047624,126
16,2,1,1,2,19,5.079181246047624,94
18,0,1,1,4,22,4.903089986991943,84
22,0,1,1,1,19,5.0413926851582245,89
21,1,1,1,1,22,4.602059991327962,89
18,0,1,1,2,17,5.0413926851582245,104
25,0,1,1,1,13,4.30102999566398,120
19,0,1,1,1,16,5.361727836017593,68
16,1,1,1,1,26,4.778151250383643,79
21,1,1,1,1,19,4.653212513775343,82
18,1,1,1,1,22,4.653212513775343,38
22,1,1,1,1,22,4.3979400086720375,89
20,1,1,1,1,19,4.0,82
24,1,1,1,1,21,4.278753600952828,67
25,1,1,1,1,13,4.3979400086720375,82
18,1,1,1,1,19,4.477121254719662,79
20,0,1,1,1,13,4.954242509439324,62
23,1,1,1,1,22,4.30102999566398,84
24,0,1,1,1,18,4.681241237375587,83
15,0,1,1,1,13,5.079181246047624,120
18,0,1,1,2,21,5.322219294733919,74
16,1,1,1,2,19,5.3018977171952075,68
14,1,1,1,2,19,5.0413926851582245,79
10,1,1,1,2,11,4.954242509439324,125
23,0,1,1,1,21,4.633468455579586,88
24,1,1,1,1,19,4.3979400086720375,68
22,1,1,1,2,21,4.414973347970817,67
12,0,1,1,2,19,5.079181246047624,110
14,1,1,1,3,21,4.845098040014256,46
12,1,1,1,3,14,4.778151250383643,144
13,0,1,1,2,22,5.079181246047624,138
22,1,1,1,1,21,4.30102999566398,91
19,0,1,1,1,22,4.3979400086720375,70
23,0,1,1,1,21,4.778151250383643,74
14,0,1,1,1,22,4.903089986991943,68
20,1,1,1,1,21,4.903089986991943,34
25,1,0,0,1,19,3.5440680443502752,118
22,0,0,0,1,5,4.662757831681573,188
23,1,0,0,1,14,4.716003343634799,187
17,1,1,1,2,21,4.30102999566398,86
25,1,1,1,1,22,4.3979400086720375,84
12,1,1,1,2,21,4.845098040014256,85
20,0,1,1,1,13,4.602059991327962,140
26,1,1,1,1,21,3.8633228601204554,82
24,0,1,1,1,21,4.3979400086720375,88
16,1,1,1,1,21,5.0,46
23,0,1,1,1,13,4.544068044350275,77
19,0,1,1,2,19,4.903089986991943,126
16,1,1,1,1,19,4.778151250383643,79
20,0,1,1,2,17,5.0413926851582245,89
23,0,1,1,2,19,4.845098040014256,89
14,1,1,1,1,19,4.602059991327962,62
16,2,1,1,2,21,4.954242509439324,103
18,0,1,1,1,17,4.977723605288848,104
17,0,1,1,2,13,5.301029995663981,63
21,0,1,1,1,21,4.477121254719662,74
19,0,1,1,2,17,4.845098040014256,88
20,0,1,0,2,11,4.903089986991943,169
18,0,1,1,3,21,5.0,74
22,1,1,1,1,26,4.176091259055681,77
24,0,1,1,1,16,4.322219294733919,99
20,1,1,1,1,21,4.544068044350275,82
22,1,1,1,1,14,4.3979400086720375,89
25,0,1,1,1,21,4.0,74
19,1,1,1,1,19,4.602059991327962,79
14,1,1,1,1,21,4.845098040014256,46
24,1,1,1,1,19,3.89209460269048,68
20,0,1,1,1,22,4.740362689494243,138
22,1,1,1,1,22,4.477121254719662,84
19,0,1,1,2,13,5.096910013008055,62
22,1,1,1,1,21,4.698970004336019,82
23,0,1,1,4,16,4.602059991327962,99
23,1,1,1,1,22,4.477121254719662,84
22,1,1,1,1,26,4.477121254719662,77
15,1,1,1,1,21,4.544068044350275,86
24,1,1,0,1,20,4.477121254719662,104
16,1,1,1,1,21,4.778151250383643,67
23,1,1,1,1,19,4.591064607026499,121
25,1,1,1,1,20,4.176091259055681,67
25,1,1,1,1,14,3.6989700043360187,89
22,1,1,1,2,19,3.9890046156985366,68
22,0,1,1,1,11,5.0413926851582245,148
24,1,1,1,1,14,4.544068044350275,89
21,0,1,1,1,13,4.0,140
13,0,1,1,4,19,5.079181246047624,110
14,1,1,1,4,19,5.0413926851582245,68
24,0,1,1,1,13,4.662757831681573,153
12,1,1,1,3,21,5.008600171761917,88
21,1,1,1,2,21,4.698970004336019,47
22,0,1,1,2,11,5.0413926851582245,148
15,0,1,1,3,11,5.454844860008509,102
21,1,1,1,1,14,4.698970004336019,117
18,0,1,1,2,21,5.079181246047624,89
17,0,1,1,2,19,4.968482948553935,90
24,0,1,1,1,13,4.698970004336019,70
16,0,1,1,3,22,4.845098040014256,70
25,1,1,1,1,19,3.6989700043360187,82
18,1,1,1,1,19,4.431363764158987,79
20,0,1,1,2,13,5.086359830674748,140
21,0,1,1,2,19,4.869231719730975,71
17,1,1,1,1,21,4.477121254719662,67
26,1,1,0,1,21,4.0,103
20,1,1,1,1,21,4.903089986991943,67
14,0,1,1,1,22,5.079181246047624,70
16,0,1,1,2,19,5.079181246047624,110
23,0,0,1,1,14,5.107179432243516,99
5,0,1,1,2,10,5.296665190261531,68
16,1,1,1,1,22,4.812913356642856,64
24,0,1,1,1,21,4.30102999566398,88
22,1,1,1,1,17,4.778151250383643,74
24,1,1,1,1,20,4.117933835039642,53
23,0,1,1,1,4,4.942008053022313,170
20,0,1,1,1,19,5.096910013008055,126
24,1,1,0,1,19,4.3979400086720375,82
19,0,1,1,3,21,5.079181246047624,89
21,1,1,1,1,19,4.544068044350275,121
22,0,1,1,1,19,4.3979400086720375,89
11,0,1,1,3,15,5.079181246047624,90
24,1,1,0,1,20,4.3979400086720375,67
20,0,1,1,1,13,5.146128035678237,95
21,0,1,1,1,20,5.096910013008055,84
22,0,1,1,1,19,4.903089986991943,89
17,1,1,1,3,14,5.0413926851582245,116
16,0,1,1,2,19,4.903089986991943,110
20,0,1,1,2,19,5.0,126
16,0,1,1,1,13,4.89209460269048,63
24,1,1,0,1,19,4.176091259055681,82
25,1,1,1,1,21,3.6989700043360187,83
22,1,1,1,1,21,4.875061263391699,67
26,1,1,1,1,21,3.740362689494243,82
22,0,1,1,2,20,4.903089986991943,108
23,1,1,1,2,19,4.903089986991943,82
20,0,1,1,3,19,5.079181246047624,126
22,0,1,1,2,21,4.875061263391699,74
16,0,1,1,2,19,4.903089986991943,110
23,1,1,1,2,22,4.602059991327962,84
18,0,1,1,1,16,5.079181246047624,89
13,0,1,1,4,13,5.0413926851582245,117
16,0,1,1,1,19,5.0413926851582245,90
25,0,1,1,1,22,3.301029995663981,69
20,0,1,1,2,21,4.903089986991943,74
21,1,1,0,2,21,4.579783596616809,67
20,0,0,1,1,21,5.008600171761917,94
18,0,0,0,2,9,4.982271233039568,190
23,1,0,0,1,20,4.30102999566398,67
21,1,0,1,1,21,4.204119982655924,86
19,1,0,1,1,19,4.361727836017592,80
17,1,0,1,1,16,4.3979400086720375,87
21,1,0,1,2,19,4.544068044350275,113
17,0,0,0,1,8,4.954242509439324,204
19,1,0,1,1,19,4.568201724066994,79
18,1,0,1,1,19,4.778151250383643,113
16,1,0,1,1,19,4.698970004336019,79
19,1,0,1,1,26,4.568201724066994,99
18,1,0,1,2,21,4.579783596616809,47
18,1,0,1,1,19,4.7558748556724915,113
20,1,0,1,1,19,4.793790384690818,80
19,0,0,1,1,21,4.886490725172481,74
3,1,1,1,2,21,5.0413926851582245,37
20,0,1,1,1,13,4.3979400086720375,120
11,0,1,1,1,22,5.27415784926368,90
16,1,1,1,3,21,5.1760912590556805,46
18,1,1,1,1,19,4.602059991327962,55
20,0,1,1,1,20,5.079181246047624,108
17,1,1,1,3,19,4.845098040014256,79
23,0,1,1,1,19,4.778151250383643,89
12,0,1,1,1,11,5.397940008672037,102
24,1,1,1,1,23,4.544068044350275,67
22,1,1,1,1,21,4.176091259055681,67
16,0,1,1,1,21,4.991226075692494,75
17,1,1,1,3,19,4.7923916894982534,94
16,0,1,1,2,26,4.954242509439324,148
16,1,1,1,3,19,4.954242509439324,79
25,0,1,1,1,13,4.0,121
25,0,1,1,1,13,4.3979400086720375,115
25,0,1,1,1,19,4.113943352306836,89
23,0,1,1,1,22,4.903089986991943,69
20,0,1,1,3,17,4.602059991327962,89
25,0,1,1,1,21,4.30102999566398,74
14,2,1,1,3,21,4.942206542277095,36
13,2,1,1,3,26,4.924279286061881,60
18,0,1,1,2,17,5.0,104
23,1,1,1,2,19,4.544068044350275,68
16,1,1,1,2,26,4.778151250383643,102
18,0,1,1,1,16,4.845098040014256,67
21,0,1,1,2,25,4.778151250383643,92
22,0,1,1,2,16,4.544068044350275,99
18,0,1,1,2,22,5.364434667646853,75
22,0,1,1,1,21,4.8512583487190755,74
22,0,1,1,1,21,4.845098040014256,74
17,0,1,1,2,13,5.379216655091614,63
15,0,1,1,1,21,4.954242509439324,74
22,0,1,1,1,19,5.187520720836463,126
19,0,1,1,2,20,5.037426497940623,108
22,0,1,1,2,21,5.079181246047624,74
15,0,1,1,1,22,5.0413926851582245,138
11,0,1,1,2,19,5.301029995663981,82
22,1,1,1,3,21,4.591064607026499,67
20,0,1,1,1,17,4.954242509439324,104
16,0,1,1,2,21,5.130333768495006,75
24,0,1,1,1,22,4.954242509439324,69
9,1,1,1,4,21,4.954242509439324,37
16,0,1,1,1,11,5.629409599102718,102
22,0,1,1,1,19,5.079181246047624,71
15,1,1,1,1,19,5.0413926851582245,79
15,1,1,1,1,21,4.698970004336019,66
18,0,1,1,1,25,4.886490725172481,92
13,1,1,1,2,14,5.079181246047624,78
14,1,1,1,2,19,5.079181246047624,103
19,0,1,1,2,21,5.278753600952829,74
19,0,1,1,2,13,5.0413926851582245,120
16,1,1,1,1,16,4.477121254719662,70
25,1,1,1,1,19,4.602059991327962,82
22,0,1,1,1,19,5.049218022670181,89
16,0,1,1,2,19,4.954242509439324,110
21,0,1,1,2,14,5.146128035678237,99
18,0,1,1,2,22,5.27415784926368,120
20,1,1,1,2,19,4.778151250383643,79
23,1,1,1,1,19,4.477121254719662,82
25,0,1,1,1,21,4.602059991327962,88
19,0,1,1,1,26,4.845098040014256,58
19,0,1,1,1,22,5.0,69
17,1,1,1,2,26,4.643452676486187,63
22,1,1,1,2,21,5.0413926851582245,86
18,0,1,1,1,13,5.332438459915605,120
17,1,1,1,2,19,4.903089986991943,55
22,1,1,1,1,19,4.3979400086720375,82
18,1,1,1,1,21,4.491361693834272,67
11,1,1,1,3,21,4.698970004336019,67
21,1,1,1,2,19,5.079181246047624,82
17,0,1,1,2,21,4.778151250383643,74
17,0,1,1,3,22,5.0413926851582245,138
18,0,1,1,1,19,4.845098040014256,126
15,1,1,1,2,21,5.0413926851582245,46
19,0,0,1,1,15,4.888179493918324,104
19,0,0,0,1,8,4.961421094066448,170
17,0,0,1,2,22,4.875061263391699,69
21,0,0,1,1,21,4.653212513775343,74
23,0,0,1,1,21,4.787176992470553,88
25,0,0,1,1,16,4.414973347970817,99
23,0,0,1,1,19,4.633468455579586,89
24,1,0,1,1,21,3.678791434366244,82
23,0,0,0,1,15,4.491361693834272,104
23,0,0,1,1,14,4.762678563727436,99
25,0,0,1,1,13,3.9344984512435675,121
22,0,0,1,1,21,4.716003343634799,88
19,1,0,1,1,21,4.7923916894982534,82
18,0,0,1,1,11,5.190331698170291,102
22,0,0,1,1,17,4.819543935541868,89
22,0,0,0,1,15,4.892150277901364,104
24,0,0,1,1,21,4.923471989301968,88
21,1,0,0,1,21,4.380193145731191,67
22,0,0,1,1,21,4.716003343634799,74
18,0,1,1,3,21,5.161368002234974,74
24,0,1,1,2,13,4.845098040014256,100
21,1,1,1,2,21,4.3979400086720375,34
20,0,1,1,1,14,5.079181246047624,99
16,1,1,1,1,21,4.740362689494243,67
19,1,1,0,2,18,4.960946195733831,76
18,2,1,1,1,19,4.681241237375587,94
20,0,1,1,2,26,4.903089986991943,74
23,0,1,1,1,13,4.698970004336019,77
16,0,1,0,4,19,5.267171728403014,110
17,0,1,1,4,17,5.096910013008055,104
12,1,1,1,3,14,5.2516382204482115,78
23,0,1,1,1,13,4.825770041456403,140
18,0,1,1,2,18,5.220108088040055,63
17,0,1,1,4,17,5.1172712956557636,104
21,0,1,1,1,21,4.3979400086720375,74
24,1,1,1,1,14,4.30102999566398,89
22,1,1,1,2,14,4.778151250383643,87
16,1,1,1,3,21,5.230448921378273,73
21,0,1,1,1,21,4.845098040014256,88
19,0,1,0,1,5,5.0413926851582245,174
25,1,1,0,1,21,4.653212513775343,82
16,0,1,1,2,13,4.778151250383643,112
22,0,1,1,1,26,4.505149978319905,74
22,0,1,1,1,13,4.778151250383643,100
9,0,1,1,4,19,5.079181246047624,82
21,0,1,1,1,16,5.155336037465061,99
21,0,1,1,1,21,5.0,74
24,1,1,1,1,21,4.698970004336019,67
24,0,1,1,1,19,4.477121254719662,89
23,2,1,1,1,21,4.3979400086720375,62
18,0,1,1,2,11,5.008600171761917,102
19,0,1,1,1,20,4.954242509439324,63
24,0,1,1,1,21,4.7923916894982534,74
18,0,1,1,4,22,4.903089986991943,69
19,0,1,1,2,22,4.954242509439324,70
24,1,1,1,2,19,4.3979400086720375,82
23,0,1,1,1,19,4.602059991327962,89
23,0,1,1,1,19,4.845098040014256,89
17,0,1,1,2,22,5.301029995663981,71
24,0,1,1,1,19,4.544068044350275,126
13,0,1,1,1,15,5.190331698170291,66
17,1,1,1,1,11,5.0413926851582245,89
21,0,1,1,1,20,5.0413926851582245,85
23,0,1,1,2,19,4.903089986991943,74
17,1,1,1,2,19,4.698970004336019,62
14,2,1,1,2,21,4.903089986991943,58
14,0,1,0,1,17,5.079181246047624,140
17,0,1,1,2,19,5.021189299069937,90
19,1,1,1,1,19,4.602059991327962,79
20,0,1,1,2,13,5.14921911265538,140
20,0,1,1,2,21,4.903089986991943,74
24,0,1,1,1,16,4.3979400086720375,99
23,0,1,1,1,22,4.707570176097936,69
23,0,1,1,1,22,4.602059991327962,69
17,0,1,1,2,16,4.602059991327962,68
18,0,1,1,1,16,4.845098040014256,68
16,0,1,1,3,21,5.0413926851582245,74
17,0,1,1,2,26,4.903089986991943,148
19,0,1,1,2,26,5.133538908370217,74
19,0,1,1,1,20,5.079181246047624,108
16,0,1,1,2,21,5.079181246047624,74
23,0,1,1,1,13,5.079181246047624,100
16,0,1,1,4,26,5.322219294733919,105
21,0,1,1,1,17,4.954242509439324,89
13,1,1,1,2,21,5.003245054813147,88
13,1,1,1,3,14,5.0413926851582245,78
16,0,1,1,2,19,5.170261715394957,90
21,0,1,1,2,22,5.190331698170291,74
21,0,1,1,1,16,4.845098040014256,99
16,0,1,1,1,11,5.0,171
21,1,1,1,1,19,4.653212513775343,55
4,1,1,1,2,21,4.602059991327962,60
23,0,1,1,2,13,4.954242509439324,62
20,1,1,1,1,19,4.30102999566398,55
19,1,1,1,2,19,5.079181246047624,62
22,1,1,1,2,21,4.903089986991943,83
14,1,1,1,3,21,5.0413926851582245,105
21,0,1,1,1,21,4.845098040014256,88
26,1,1,1,1,21,3.6989700043360187,82
13,1,1,1,2,19,4.875061263391699,63
20,1,1,1,1,19,4.845098040014256,55
20,0,1,1,2,18,4.954242509439324,84
17,1,1,1,2,21,5.0,86
19,0,1,1,2,22,5.079181246047624,69
11,0,1,1,1,13,4.903089986991943,63
19,0,1,1,2,13,5.0413926851582245,140
23,1,1,1,1,21,4.544068044350275,47
20,0,1,1,1,21,5.113943352306836,89
19,0,1,1,2,21,5.27415784926368,74
14,0,1,1,2,22,4.903089986991943,54
21,0,1,1,1,16,4.903089986991943,99
14,1,1,1,1,21,4.6873148824318385,35
24,1,1,1,1,23,4.602059991327962,67
24,1,1,1,2,21,4.176091259055681,47
17,0,1,1,2,22,4.903089986991943,71
23,0,1,1,1,16,4.778151250383643,99
23,0,1,1,2,11,5.079181246047624,67
6,1,1,1,4,21,5.255272505103306,60
22,1,1,1,1,19,4.845098040014256,82
19,0,1,1,1,20,5.397940008672037,84
25,1,1,1,1,19,4.176091259055681,68
21,1,1,1,1,19,4.954242509439324,82
17,1,1,1,2,22,4.845098040014256,65
22,1,1,1,1,21,4.477121254719662,67
22,0,1,1,1,13,4.90036712865647,120
13,1,1,1,3,19,4.954242509439324,63
21,0,1,1,1,18,5.0413926851582245,84
17,0,1,1,1,19,5.184691430817598,126
14,1,1,1,1,16,5.301431532377628,68
22,0,1,1,1,16,5.0,99
18,0,1,1,2,22,4.954242509439324,70
18,0,1,1,4,21,4.903089986991943,89
24,1,1,1,1,21,4.079181246047624,82
17,1,1,1,2,19,4.602059991327962,79
3,1,1,1,2,21,5.0,60
23,1,1,1,1,19,4.431363764158987,82
21,1,1,1,1,21,5.079181246047624,67
20,1,1,1,1,21,4.690417602339822,73
22,1,1,1,1,22,4.954242509439324,84
16,0,1,0,2,9,4.954242509439324,258
15,0,1,1,2,26,5.290034611362517,80
12,0,1,1,3,13,4.954242509439324,120
22,0,1,1,1,21,4.845098040014256,88
18,1,1,1,1,21,4.544068044350275,86
19,1,1,1,1,21,5.079181246047624,86
19,0,1,1,2,21,5.0,74
22,0,1,0,1,13,4.602059991327962,140
15,1,1,1,3,16,4.778151250383643,101
13,0,1,1,1,13,5.0413926851582245,120
14,0,1,1,1,13,5.049218022670181,120
17,0,1,1,2,16,4.845098040014256,68
20,0,1,1,1,14,5.146128035678237,99
3,1,1,0,4,21,4.973127853599698,85
18,1,1,1,1,21,4.845098040014256,46
24,0,1,1,1,17,4.431363764158987,88
21,0,1,1,1,14,5.238046103128794,99
22,0,1,1,3,14,4.934498451243567,99
21,0,1,1,2,14,4.903089986991943,99
13,1,1,1,3,21,5.079181246047624,46
12,1,1,0,2,21,5.0,64
20,0,1,1,1,22,5.079181246047624,74
16,0,1,1,3,19,5.278753600952829,110
17,0,1,1,2,13,5.079181246047624,75
22,1,1,1,1,21,5.079181246047624,67
23,1,1,1,2,13,4.30102999566398,82
15,1,1,1,4,19,4.908485018878649,80
17,1,1,1,2,26,4.954242509439324,79
7,1,1,1,2,21,4.778151250383643,37
13,1,1,1,3,22,4.903089986991943,65
20,2,1,1,1,21,4.544068044350275,81
25,0,1,1,1,21,4.30102999566398,88
21,0,1,0,2,13,4.886490725172481,140
20,0,1,1,1,13,4.698970004336019,140
22,1,1,1,1,22,4.130333768495006,84
22,1,1,1,1,21,4.579783596616809,47
25,0,1,1,1,21,4.146128035678237,88
15,1,1,1,1,14,4.845098040014256,130
22,0,1,1,2,13,4.740362689494243,77
19,0,1,1,1,13,5.204119982655924,62
19,0,1,1,1,26,4.698970004336019,77
14,0,1,1,3,22,5.079181246047624,69
19,0,1,1,1,19,4.883434293683009,126
17,0,1,1,2,16,5.096910013008055,68
18,0,1,1,2,13,5.0413926851582245,65
23,1,1,1,1,19,4.3979400086720375,55
21,0,1,1,1,14,4.477121254719662,99
19,2,1,1,2,19,4.845098040014256,68
19,1,1,1,2,19,5.0413926851582245,68
16,1,1,1,1,21,5.301029995663981,67
20,1,1,1,1,19,4.903089986991943,55
20,0,1,1,1,14,4.8808135922807905,99
13,0,1,1,2,22,5.1760912590556805,54
24,0,1,1,1,11,4.544068044350275,148
22,1,1,1,1,19,4.602059991327962,82
21,0,1,1,1,16,5.0413926851582245,99
24,1,1,1,1,14,4.176091259055681,87
19,1,1,1,1,19,5.079181246047624,94
23,0,1,1,2,22,4.3802112417116055,69
17,1,1,1,3,21,4.602059991327962,46
22,2,1,1,1,21,4.675503384727956,63
13,0,1,1,2,15,5.079181246047624,66
21,0,1,1,1,21,5.0,74
15,0,1,1,2,26,4.903089986991943,148
17,1,1,1,2,19,4.959041392321093,79
25,2,1,1,1,21,4.30102999566398,58
19,0,1,1,2,13,4.903089986991943,120
19,0,1,1,1,21,4.903089986991943,74
22,2,1,1,1,21,4.903089986991943,62
14,2,1,1,3,19,5.0413926851582245,94
19,0,1,0,1,15,4.954242509439324,138
16,1,1,1,2,17,5.079181246047624,160
22,0,0,1,1,16,4.655301744947293,99
23,0,1,0,2,19,4.778151250383643,126
18,1,1,1,2,19,4.845098040014256,198
19,0,1,1,1,25,5.123851640967085,75
17,0,1,1,2,25,5.068185861746161,75
21,0,1,1,1,13,5.238046103128794,140
17,1,1,1,1,14,4.544068044350275,118
9,1,1,1,2,19,4.845098040014256,94
17,1,1,1,3,21,4.778151250383643,46
22,1,1,1,2,17,5.079181246047624,74
17,0,1,1,1,17,5.34693946269899,74
19,0,1,1,2,11,5.0,101
19,0,1,1,1,21,5.079181246047624,74
23,1,1,1,1,21,4.30102999566398,82
26,2,1,1,1,21,4.204119982655924,47
22,1,1,1,2,19,4.477121254719662,82
18,0,1,1,1,13,5.322219294733919,100
21,0,1,1,1,11,5.0,101
18,0,1,1,2,17,5.079181246047624,104
24,0,1,1,2,13,4.698970004336019,100
16,1,1,1,2,14,4.959041392321093,118
23,0,1,1,1,4,4.698970004336019,170
21,0,1,1,1,25,4.826074802700826,92
21,1,1,1,1,19,4.602059991327962,82
19,0,1,1,2,21,5.0,74
19,0,1,1,1,21,5.267171728403014,74
22,0,1,0,3,13,4.875061263391699,140
21,0,1,1,3,19,4.903089986991943,70
25,0,1,0,1,6,4.477121254719662,148
26,1,1,1,1,22,3.6989700043360187,108
25,1,1,1,1,17,4.0,75
18,0,1,1,1,21,5.146128035678237,89
25,1,1,1,1,19,4.278753600952828,82
23,0,0,1,1,21,4.649334858712142,88
20,1,0,0,1,17,4.448397103457767,103
20,1,0,1,1,19,4.459392487759231,82
24,1,0,1,1,20,4.340444114840118,53
20,1,0,0,1,17,4.44870631990508,103
20,0,1,1,2,14,5.0413926851582245,99
22,0,1,1,1,19,5.0,89
25,0,1,0,1,21,3.8849651982007325,74
15,1,1,1,2,22,4.875061263391699,90
24,0,1,0,1,21,4.698970004336019,74
20,1,1,1,1,19,4.602059991327962,106
22,0,1,1,1,21,4.602059991327962,88
20,0,1,1,1,13,5.0413926851582245,120
19,0,1,1,1,26,4.9834999941475795,58
21,0,1,0,1,9,4.869231719730975,184
17,0,1,1,2,11,5.225309281725862,102
21,1,1,1,1,21,4.352182518111362,67
26,0,1,0,1,21,3.869231719730976,88
17,1,1,1,3,21,4.845098040014256,86
15,1,1,1,1,21,4.826074802700826,67
15,0,1,1,3,16,5.0413926851582245,68
18,0,1,1,2,21,5.243038048686294,89
14,0,1,1,3,22,5.079181246047624,70
20,0,1,1,1,19,5.1771323170417745,126
23,0,1,1,1,22,4.176091259055681,69
24,1,1,0,2,20,4.477121254719662,67
15,0,1,1,1,21,5.1760912590556805,75
21,0,1,1,2,21,5.0,74
17,1,1,1,1,21,4.845098040014256,67
17,1,1,1,1,22,4.602059991327962,35
14,0,1,1,3,11,5.187520720836463,102
10,1,1,1,2,19,5.0413926851582245,94
19,0,1,1,2,21,5.079181246047624,89
19,0,1,1,1,22,5.161368002234974,84
23,0,1,1,1,13,4.477121254719662,77
20,0,1,1,2,21,4.954242509439324,74
18,0,1,1,2,19,4.602059991327962,90
16,0,1,1,3,13,5.220108088040055,120
17,1,1,1,3,19,5.0,79
15,1,1,1,3,21,4.875061263391699,67
19,1,1,1,1,19,4.624591459126847,55
16,1,1,1,2,21,4.724275869600789,86
12,1,1,1,2,21,5.0253058652647695,60
11,1,1,1,2,11,4.982271233039568,125
25,1,1,1,1,21,4.0,82
22,1,1,1,1,21,4.568201724066994,83
24,0,1,0,1,13,4.30102999566398,138
23,1,1,1,1,11,4.544068044350275,79
22,1,1,1,1,19,4.698970004336019,82
26,0,1,1,1,13,3.6989700043360187,70
23,0,1,1,2,19,4.672097857935717,126
23,0,1,1,1,21,4.8512583487190755,74
23,0,1,1,1,14,4.698970004336019,98
21,0,1,1,1,22,4.7558748556724915,89
16,1,1,1,1,21,4.633468455579586,67
20,1,1,1,1,21,4.778151250383643,86
21,0,1,1,1,19,4.602059991327962,89
17,1,1,1,1,21,4.778151250383643,66
21,1,1,0,1,14,4.477121254719662,117
21,0,1,1,2,19,5.204119982655924,89
13,0,1,1,2,11,5.168792020314181,102
19,0,1,1,3,17,4.954242509439324,74
21,0,1,1,2,21,4.845098040014256,88
13,1,1,1,1,14,4.845098040014256,78
20,0,1,1,1,13,5.079181246047624,94
19,1,1,1,2,19,4.875061263391699,55
16,1,1,1,2,14,4.929418925714292,118
18,0,1,1,3,21,4.845098040014256,74
23,0,1,1,1,17,4.462397997898956,108
20,0,1,1,2,16,4.602059991327962,141
18,0,1,0,1,19,4.954242509439324,126
21,0,1,0,1,13,4.602059991327962,100
21,0,1,1,1,16,5.139879086401236,99
22,0,1,1,1,21,4.845098040014256,74
25,1,1,1,2,17,4.477121254719662,75
19,0,1,1,3,19,5.096910013008055,126
21,0,1,1,2,14,5.079181246047624,99
19,0,1,1,2,21,5.255272505103306,74
21,1,1,1,1,22,4.30102999566398,89
18,0,1,1,1,20,4.903089986991943,84
19,0,1,1,2,19,4.903089986991943,126
23,0,1,1,1,11,4.602059991327962,67
24,1,1,1,1,14,4.477121254719662,89
20,0,1,1,1,16,4.903089986991943,90
17,0,1,1,2,15,5.146128035678237,108
11,0,1,1,2,11,5.301029995663981,102
14,0,0,1,1,13,4.89209460269048,120
24,1,0,1,1,21,3.9542425094393248,86
22,0,0,1,1,19,4.591064607026499,126
23,1,1,1,1,19,4.477121254719662,55
15,1,1,0,3,8,4.903089986991943,272
24,0,1,1,1,19,4.662757831681573,126
24,1,1,1,1,21,4.602059991327962,82
21,1,1,1,1,21,4.602059991327962,47
22,0,1,1,1,21,5.079181246047624,88
22,0,1,1,1,21,5.079181246047624,74
23,1,1,0,1,21,5.079181246047624,82
21,0,1,1,2,13,5.0413926851582245,62
18,0,1,1,2,20,4.826074802700826,63
20,0,1,1,1,21,4.698970004336019,74
18,0,1,1,2,19,5.0,126
21,0,1,1,2,11,4.903089986991943,67
17,0,1,1,1,16,4.698970004336019,68
13,1,1,1,3,21,4.845098040014256,85
17,1,1,1,2,21,4.845098040014256,35
23,0,1,1,1,21,4.698970004336019,88
23,0,1,1,2,20,4.812913356642856,84
18,0,1,1,2,21,5.301029995663981,89
24,0,1,1,1,21,3.8750612633916997,88
19,1,1,1,2,21,4.544068044350275,86
19,0,1,0,1,9,4.778151250383643,235
15,1,1,1,1,21,4.8512583487190755,85
23,1,1,1,1,21,4.477121254719662,67
18,1,1,1,2,21,4.698970004336019,46
14,0,1,0,2,8,4.903089986991943,170
17,1,1,1,2,18,4.954242509439324,75
23,1,1,1,1,19,4.113943352306836,82
6,1,1,1,3,21,5.0,37
16,0,1,1,2,21,5.079181246047624,75
22,0,1,1,1,21,5.322219294733919,74
16,0,1,1,2,22,5.170261715394957,69
23,0,1,1,1,13,4.733903122132657,100
23,0,1,1,1,13,4.778151250383643,100
18,0,1,1,1,15,4.954242509439324,104
17,1,1,1,3,26,5.0,79
20,1,1,1,1,23,4.544068044350275,67
23,1,1,1,1,20,4.30102999566398,67
13,2,1,1,2,21,5.158362492095249,33
20,1,0,0,1,19,4.732739449293046,82
18,0,0,0,1,19,4.82384576367848,126
22,0,1,1,2,22,4.6232492903979,69
19,1,0,1,1,19,4.551230355342971,83
19,1,0,0,2,17,4.735015723450463,104
22,1,0,1,1,17,3.9003124969837266,74
16,1,0,0,1,19,4.776221597616024,79
18,1,0,1,1,14,4.6918326757250455,116
17,1,0,1,1,19,4.751194392897756,79
19,1,0,1,1,17,4.765258649601728,74
21,1,0,1,1,18,4.561363790034283,75
17,1,0,1,1,14,4.62874643714092,89
17,1,0,0,1,19,4.609978381973561,79
18,1,0,1,1,21,4.750091642522122,86
17,1,0,1,1,21,4.743533281843418,86
24,1,1,1,1,22,4.477121254719662,84
21,1,1,1,1,21,4.826074802700826,67
19,1,1,1,1,19,4.845098040014256,121
20,0,1,1,2,19,4.954242509439324,70
25,1,1,1,1,19,3.8750612633916997,82
17,0,1,1,2,22,4.903089986991943,138
18,0,1,1,1,22,5.269512944217916,70
22,0,1,1,2,22,5.0413926851582245,69
11,0,1,1,3,16,5.079181246047624,68
18,0,1,1,3,16,5.0226675178648135,67
20,1,1,1,2,19,4.845098040014256,82
16,1,1,1,2,19,4.69196510276736,68
20,0,1,1,2,14,4.602059991327962,99
23,0,1,1,1,13,4.602059991327962,100
19,1,1,1,1,26,4.845098040014256,79
22,0,1,1,1,19,5.0413926851582245,126
20,1,1,1,1,21,5.0,67
24,1,1,0,2,19,4.0,82
22,0,1,1,2,11,5.002597980719908,148
18,0,1,0,1,9,4.698970004336019,184
16,0,1,1,3,16,5.0413926851582245,68
18,0,1,1,1,20,4.934498451243567,108
15,1,1,1,2,21,5.14921911265538,46
17,1,1,1,3,14,4.903089986991943,118
20,0,1,1,2,21,4.812913356642856,74
20,0,1,1,2,21,5.0413926851582245,74
14,0,1,1,2,22,5.0,70
21,0,1,1,1,21,4.903089986991943,74
14,1,1,1,2,21,4.954242509439324,67
22,0,1,1,1,19,4.544068044350275,89
14,1,1,1,2,21,5.290034611362517,46
23,0,1,1,1,19,4.778151250383643,89
10,1,1,1,1,21,4.698970004336019,37
18,0,1,1,2,19,5.0,126
21,0,1,1,1,25,4.845098040014256,92
22,1,1,1,1,21,4.431363764158987,67
26,1,1,1,1,21,3.6989700043360187,82
18,0,1,1,2,21,5.0413926851582245,89
19,1,1,1,2,14,4.903089986991943,116
24,0,1,1,1,13,4.903089986991943,70
20,0,1,1,1,13,5.0413926851582245,65
25,0,1,1,1,22,4.176091259055681,148
20,0,1,1,2,21,4.778151250383643,89
20,0,1,1,2,21,4.806179973983887,89
20,0,1,1,1,20,5.079181246047624,84
24,0,1,1,1,16,4.778151250383643,99
17,0,1,0,2,8,4.911157608739976,168
17,0,1,0,1,8,4.903089986991943,170
25,0,1,1,1,13,4.176091259055681,115
17,0,1,1,1,21,4.778151250383643,74
22,1,1,1,2,17,4.602059991327962,74
15,1,1,1,1,19,4.544068044350275,68
18,0,1,1,3,22,4.698970004336019,69
25,1,0,1,1,16,3.502017214827147,95
21,1,0,1,1,19,4.595650512251401,82
18,1,0,1,1,22,4.4782489549966975,70
18,1,0,1,1,19,4.649217992456271,55
21,1,0,1,1,21,4.698161464424241,67
19,1,0,1,2,21,4.826606002294446,82
22,0,0,1,2,16,5.052613153329515,99
19,1,1,1,2,14,4.903089986991943,87
23,1,1,1,1,19,4.3979400086720375,82
24,1,1,1,1,14,4.008600171761917,118
24,0,1,1,1,13,4.778151250383643,70
23,1,1,1,2,21,4.30102999566398,67
23,0,1,1,1,13,4.778151250383643,140
19,1,1,1,2,19,4.602059991327962,55
18,1,1,1,1,21,5.045322978786658,46
20,0,1,1,2,21,4.845098040014256,74
16,1,1,1,3,21,5.0,67
23,1,1,1,1,19,4.3979400086720375,68
17,1,1,1,1,16,5.0,100
22,0,1,1,1,13,4.544068044350275,77
24,0,1,1,1,19,4.3979400086720375,74
25,1,1,1,1,16,4.30102999566398,95
25,1,1,1,1,23,3.1139433523068365,67
3,1,1,1,2,21,5.079181246047624,37
20,1,1,1,1,21,4.176091259055681,67
22,1,1,1,1,20,4.3979400086720375,53
20,0,1,1,1,18,5.1760912590556805,108
24,1,1,1,1,21,4.0,67
21,0,1,1,1,19,4.845098040014256,126
23,0,1,1,1,22,4.903089986991943,74
21,0,1,1,1,21,4.698970004336019,74
20,0,1,1,3,19,4.919078092376074,126
19,0,1,1,2,21,5.064457989226918,74
21,1,1,1,3,25,4.778151250383643,67
14,0,1,1,3,21,5.245023811488737,74
12,0,1,1,4,11,5.283301228703549,102
17,1,1,1,1,17,4.868291688017855,104
17,0,1,1,2,13,5.20951501454263,63
24,1,1,0,1,23,4.30102999566398,67
19,1,1,1,3,19,4.875061263391699,82
17,0,1,1,3,13,5.505149978319905,120
23,0,1,0,1,15,4.602059991327962,109
16,1,1,1,1,21,4.30102999566398,46
20,1,1,1,1,19,4.845098040014256,55
22,0,1,1,1,20,4.477121254719662,108
22,1,1,1,1,20,4.903089986991943,53
19,1,1,1,1,21,4.826074802700826,86
14,1,1,1,2,19,5.079181246047624,68
25,0,1,1,1,21,3.9542425094393248,88
20,0,1,1,2,14,4.903089986991943,99
25,1,0,0,0,14,4.395448712315872,139
23,1,1,1,1,19,4.4222943008935625,68
23,1,1,1,1,21,4.544068044350275,91
16,1,1,1,2,21,4.4471580313422185,46
21,0,1,1,1,21,4.903089986991943,89
11,1,1,1,1,21,4.591064607026499,46
23,1,1,0,1,21,4.30102999566398,67
19,0,1,1,1,18,4.698970004336019,85
23,1,1,0,1,14,4.602059991327962,89
21,1,1,1,1,19,4.176091259055681,82
25,1,1,0,1,21,4.176091259055681,82
19,0,1,1,1,13,4.903089986991943,63
22,0,1,1,1,19,4.903089986991943,126
23,1,1,1,1,14,4.698970004336019,87
23,0,1,1,1,21,4.812913356642856,74
23,0,1,1,1,21,4.544068044350275,74
21,0,1,1,1,14,4.954242509439324,99
22,0,1,1,1,21,5.0,74
22,1,1,1,1,20,4.176091259055681,53
17,0,1,1,1,16,5.167317334748176,68
23,0,1,1,1,13,4.30102999566398,140
15,0,1,1,2,19,5.079181246047624,90
22,0,1,1,2,16,4.838849090737255,99
18,2,1,1,3,19,4.986771734266244,68
22,1,1,1,1,20,4.176091259055681,53
11,1,0,1,2,21,4.705863712283919,46
24,0,0,1,1,19,4.603599006600034,71
25,1,0,1,1,19,3.973127853599698,82
22,0,0,1,1,13,4.7923916894982534,77
25,0,0,1,1,13,4.09981870961523,105
25,1,0,1,1,19,3.633468455579586,82
25,1,0,1,1,21,4.162803292382674,82
24,0,0,1,2,16,4.6510064950884535,99
24,0,0,1,1,21,4.685741738602263,88
23,1,0,1,1,19,4.459120968849541,82
24,1,0,1,1,19,4.454097535646713,82
24,0,0,1,1,21,4.562292864456474,88
24,0,0,1,1,21,4.652101229519463,74
15,0,1,1,2,22,5.0413926851582245,71
23,0,0,1,1,19,4.6127838567197355,126
25,0,0,1,1,21,4.698970004336019,88
22,0,0,1,1,21,4.819543935541868,89
19,0,0,1,1,21,4.812913356642856,89
20,0,0,1,1,19,4.8808135922807905,89
19,0,0,1,1,11,4.977723605288848,102
19,1,0,1,2,14,4.740362689494243,118
23,1,0,1,1,23,4.812913356642856,67
23,0,0,1,1,21,4.8808135922807905,88
24,1,0,1,2,21,4.672097857935717,94
23,0,0,1,1,21,4.845098040014256,74
20,0,0,1,1,21,4.949390006644912,74
22,0,0,1,1,11,4.954242509439324,148
19,0,1,1,1,21,4.7558748556724915,74
23,0,1,1,1,21,4.845098040014256,74
22,1,1,1,1,19,4.69196510276736,55
15,1,1,1,2,14,5.096910013008055,130
14,1,1,1,2,19,4.778151250383643,68
21,1,1,1,2,21,5.079181246047624,73
10,1,1,1,3,21,5.0413926851582245,46
13,1,1,1,2,21,4.845098040014256,67
12,1,1,1,2,21,5.225309281725862,67
24,0,1,1,1,13,4.477121254719662,140
22,0,1,1,1,21,5.117639129820473,74
13,0,1,1,2,13,5.079181246047624,65
18,0,1,1,2,21,4.7664128471124,74
22,1,1,1,2,21,4.3692158574101425,67
20,0,1,1,1,13,4.954242509439324,140
25,1,1,0,1,19,3.4785664955938436,68
16,0,1,1,1,22,4.903089986991943,89
17,0,1,1,2,16,5.190331698170291,68
4,1,1,1,2,21,4.845098040014256,37
24,1,1,1,1,19,3.602059991327962,82
13,1,1,1,2,21,4.544068044350275,46
9,1,1,1,1,21,5.08278537031645,60
21,0,1,1,2,16,5.0413926851582245,99
16,0,1,1,2,16,5.230448921378273,68
16,0,1,1,3,21,5.243038048686294,75
24,0,1,1,1,13,4.477121254719662,140
16,0,1,1,1,13,4.886986778318249,95
17,0,1,1,3,18,5.0413926851582245,63
22,0,1,1,1,13,5.135167648056788,62
21,1,1,1,1,21,4.778151250383643,94
22,1,1,1,1,21,4.556302500767287,83
18,1,1,1,2,21,4.812913356642856,67
17,0,1,0,1,9,4.698970004336019,184
18,2,1,1,1,21,4.778151250383643,58
19,0,1,1,1,25,4.916453948549925,75
24,0,1,1,2,16,4.477121254719662,99
17,0,1,1,3,26,5.0,148
21,0,1,1,2,21,4.845098040014256,74
23,0,1,1,1,22,4.929418925714292,89
20,1,1,1,2,21,4.778151250383643,67
21,1,1,1,3,21,4.30102999566398,47
20,0,1,1,1,20,4.903089986991943,108
22,0,1,1,2,21,4.903089986991943,88
23,1,1,1,1,22,4.544068044350275,89
19,0,1,1,1,26,5.143014800254094,58
11,1,1,0,2,21,4.954242509439324,46
14,1,1,1,1,14,5.0,78
17,0,1,1,1,17,4.954242509439324,104
13,0,1,1,2,13,5.021189299069937,63
23,0,1,1,2,19,4.602059991327962,74
23,1,1,1,1,19,4.954242509439324,82
21,1,1,1,2,21,4.564784384503986,47
22,0,0,1,1,21,4.449940988773337,88
25,0,1,1,1,22,4.176091259055681,138
25,1,1,1,1,23,3.602059991327962,67
20,0,1,1,1,21,4.477121254719662,74
19,1,1,1,1,21,4.176091259055681,86
23,1,1,1,1,21,4.30102999566398,83
24,1,1,1,1,19,4.7481880270062,82
23,1,1,1,1,19,4.278753600952828,82
23,1,1,1,1,19,4.845098040014256,82
15,0,1,1,1,22,4.477121254719662,69
25,1,1,1,1,21,4.176091259055681,73
19,1,1,1,1,21,4.929418925714292,47
24,1,1,0,1,21,4.698970004336019,82
25,1,1,1,1,19,4.30102999566398,82
23,1,1,1,1,21,4.3979400086720375,67
24,1,1,1,1,22,4.3979400086720375,108
20,1,1,1,1,21,4.698970004336019,86
17,0,1,1,4,19,5.1760912590556805,90
15,1,1,0,1,11,4.954242509439324,138
25,1,1,1,1,22,5.0,89
14,0,1,1,2,16,5.255272505103306,67
19,1,1,1,2,21,4.698970004336019,47
18,0,1,1,3,21,4.903089986991943,74
5,1,1,1,3,21,5.0,60
20,1,1,1,2,19,4.968482948553935,55
20,0,1,1,1,13,4.060697840353611,63
19,1,1,1,1,19,5.079181246047624,83
21,0,1,1,1,13,4.698970004336019,94
18,1,1,1,1,14,5.079181246047624,116
16,0,1,1,2,16,5.0,68
10,1,1,1,2,21,4.7558748556724915,37
22,1,1,1,1,19,4.778151250383643,55
23,1,0,0,1,16,4.644212027590925,110
23,1,1,1,2,21,4.954242509439324,47
24,0,1,1,2,19,4.698970004336019,89
18,1,1,1,3,19,4.30102999566398,68
22,0,1,1,2,16,4.845098040014256,99
22,0,1,1,1,26,4.903089986991943,74
18,0,1,1,2,19,4.857332496431268,126
22,0,1,1,1,13,4.698970004336019,120
18,1,1,1,2,21,4.954242509439324,86
25,1,1,1,1,19,4.230448921378274,82
18,0,1,1,1,13,4.845098040014256,120
18,0,1,1,2,17,4.869231719730975,74
12,1,1,1,2,21,4.778151250383643,46
22,1,1,1,1,21,4.176091259055681,47
25,0,1,1,1,14,4.857332496431268,99
14,1,1,1,2,22,4.3979400086720375,64
9,1,1,1,1,21,5.056904851336473,46
11,1,1,1,1,14,5.079181246047624,100
9,0,1,1,2,15,5.397940008672037,66
15,0,1,1,1,22,4.74638506972845,71
23,1,1,0,1,19,4.602059991327962,82
26,1,1,1,2,21,4.845098040014256,67
24,1,1,1,1,22,4.698970004336019,84
23,1,1,1,1,21,4.30102999566398,67
19,0,1,1,2,21,4.845098040014256,74
20,1,1,1,1,19,4.778151250383643,82
15,0,1,1,1,22,5.079181246047624,71
17,0,1,1,2,21,5.0413926851582245,74
23,1,1,1,1,22,4.778151250383643,84
15,1,1,1,1,26,4.477121254719662,63
24,0,1,1,1,15,4.544068044350275,109
9,1,1,1,3,21,4.698970004336019,37
18,0,1,1,1,20,5.0,108
18,0,1,1,3,13,4.903089986991943,140
20,0,1,1,2,17,4.924279286061881,88
20,0,1,1,1,16,4.778151250383643,90
4,1,1,1,2,21,4.698970004336019,60
17,1,1,1,2,19,4.778151250383643,79
21,0,1,1,1,13,5.0,140
19,0,1,1,1,13,4.845098040014256,62
20,0,1,1,2,13,4.916453948549925,62
20,0,1,1,1,13,4.8808135922807905,62
17,0,1,1,1,22,4.939519252618618,75
16,0,1,1,1,13,5.079181246047624,112
22,1,1,1,2,22,4.845098040014256,89
20,0,1,1,1,21,4.954242509439324,74
16,0,1,1,2,22,5.27415784926368,89
20,0,1,1,2,26,5.079181246047624,74
21,1,1,1,1,14,4.903089986991943,117
16,1,1,1,2,19,5.090885579993218,79
20,0,1,1,2,14,5.0,99
21,0,1,1,1,19,4.954242509439324,89
18,0,1,1,1,16,5.0413926851582245,68
19,0,1,1,1,16,5.0413926851582245,68
24,0,1,1,1,22,4.845098040014256,89
21,0,1,1,1,13,4.812913356642856,140
18,0,1,1,3,22,4.954242509439324,138
24,1,1,1,1,19,4.518513939877887,55
21,1,1,1,1,21,4.423245873936808,47
17,1,1,1,4,19,4.778151250383643,62
19,0,1,1,3,21,4.845098040014256,74
21,1,1,1,1,23,4.903089986991943,67
23,0,1,1,1,19,4.778151250383643,89
17,0,1,1,1,15,5.0,75
17,0,1,1,2,17,4.903089986991943,104
22,1,1,1,1,19,4.544068044350275,82
25,1,1,1,1,19,4.0,82
17,0,1,1,1,22,4.903089986991943,75
12,1,1,1,2,21,4.954242509439324,64
23,1,1,1,1,21,4.903089986991943,47
23,1,1,1,1,20,4.3979400086720375,67
20,1,1,1,1,21,4.845098040014256,67
25,1,1,0,1,19,4.903089986991943,82
22,0,1,1,1,17,4.698970004336019,89
21,0,1,1,1,14,4.845098040014256,99
23,1,1,1,1,23,4.778151250383643,67
25,1,1,1,1,19,4.176091259055681,121
25,1,1,0,1,19,4.30102999566398,82
20,0,1,1,1,19,4.778151250383643,70
21,1,1,1,1,21,4.342422680822206,47
16,0,1,1,2,22,4.845098040014256,138
19,0,1,1,1,26,4.903089986991943,77
25,2,1,1,1,21,4.544068044350275,58
19,0,1,1,2,21,5.152288344383057,74
21,0,1,1,1,21,4.857332496431268,74
24,0,1,1,1,16,4.954242509439324,99
17,0,1,1,3,16,4.903089986991943,68
17,0,1,1,1,19,5.096910013008055,90
21,1,1,1,1,21,4.518513939877887,91
21,0,1,1,1,19,4.698970004336019,126
18,0,1,1,2,13,5.079181246047624,120
24,0,1,1,1,19,4.544068044350275,74
24,0,1,1,1,14,4.633468455579586,99
13,1,1,1,1,21,4.778151250383643,46
18,0,1,1,2,13,5.170261715394957,120
20,0,1,1,2,19,4.845098040014256,126
17,1,1,1,1,18,4.982271233039568,98
18,0,1,1,2,21,4.845098040014256,74
23,1,1,1,1,21,4.266795959846667,82
17,0,1,1,1,22,4.845098040014256,138
16,1,1,1,2,21,4.3979400086720375,46
19,0,1,1,3,17,5.079181246047624,74
23,1,1,1,1,21,4.740362689494243,83
25,1,1,1,2,16,4.0,121
26,0,1,1,1,13,4.778151250383643,77
24,0,1,1,1,21,4.477121254719662,74
19,1,1,1,1,19,4.812913356642856,62
18,0,1,1,2,19,4.698970004336019,89
25,1,1,0,1,22,3.408239965311849,84
10,1,1,1,1,21,4.778151250383643,46
5,1,1,1,2,21,4.698970004336019,37
21,0,1,1,1,26,5.079181246047624,74
15,1,1,1,2,14,5.079181246047624,116
19,1,1,1,2,19,4.672097857935717,55
23,0,1,1,1,22,4.653212513775343,154
18,0,1,1,1,11,4.954242509439324,102
19,0,1,1,2,19,5.0413926851582245,89
23,0,1,1,1,13,4.977723605288848,120
18,0,1,1,2,19,5.015590255971954,126
24,1,1,0,2,19,4.3979400086720375,82
20,0,1,1,1,20,4.903089986991943,108
20,1,1,1,2,22,4.698970004336019,38
21,0,1,1,1,13,4.755684333852413,140
16,1,1,1,1,19,5.0413926851582245,62
14,1,1,1,3,21,4.903089986991943,46
16,0,0,1,2,16,5.271841606536499,68
19,0,0,1,1,16,4.838849090737255,67
21,0,0,1,1,16,5.313867220369153,99
24,0,0,1,1,16,4.431363764158987,99
20,0,0,1,2,16,5.12057393120585,90
23,0,0,1,1,16,4.875061263391699,99
17,0,1,1,1,13,5.338456493604604,64
22,0,1,1,1,19,4.0,89
17,0,1,1,1,13,5.332438459915605,64
18,0,1,1,1,16,5.136720567156407,67
17,0,1,1,2,17,4.812913356642856,104
13,1,1,1,3,14,5.079181246047624,78
23,1,1,0,1,21,4.0,67
22,1,1,1,1,23,4.30102999566398,67
17,0,1,1,2,16,4.970811610872517,67
25,0,1,1,1,21,4.845098040014256,74
16,1,1,1,3,19,4.7481880270062,62
18,0,1,1,2,19,4.903089986991943,89
18,0,1,1,1,13,5.0,140
14,0,1,0,3,9,4.778151250383643,235
20,0,1,1,2,15,4.812913356642856,104
19,0,1,1,1,26,4.778151250383643,74
24,0,1,1,1,21,4.913813852383717,88
19,0,1,1,2,22,4.903089986991943,138
23,1,1,1,2,13,3.6989700043360187,82
20,0,1,1,1,20,5.123851640967085,108
23,1,1,1,2,14,4.3979400086720375,89
23,1,1,1,1,22,4.176091259055681,89
23,0,1,1,1,19,4.602059991327962,89
20,0,1,1,2,13,4.845098040014256,62
13,0,1,1,4,13,5.181843587944772,120
19,0,1,1,2,19,4.903089986991943,126
15,0,1,1,2,22,5.0,54
23,1,1,1,1,20,4.698970004336019,53
23,1,1,1,1,19,4.602059991327962,82
22,1,1,1,1,20,4.778151250383643,67
24,1,1,1,1,19,4.602059991327962,82
21,0,1,1,1,14,4.778151250383643,99
18,0,1,1,1,21,4.954242509439324,74
20,0,1,1,1,21,4.954242509439324,74
20,1,1,1,2,21,4.778151250383643,67
19,0,1,1,4,21,4.903089986991943,74
18,0,1,1,1,13,5.079181246047624,120
24,1,1,1,1,22,4.602059991327962,84
19,0,1,1,1,13,4.959041392321093,140
14,1,1,1,3,19,4.903089986991943,63
13,1,1,1,1,21,4.864849129587562,37
25,0,1,1,1,13,4.903089986991943,70
26,1,1,1,1,22,4.176091259055681,84
13,0,1,1,2,19,5.0413926851582245,110
24,0,1,1,1,15,4.602059991327962,109
19,0,1,1,1,18,5.326335860928751,85
24,0,1,1,1,21,4.477121254719662,74
24,1,1,1,1,19,4.477121254719662,68
23,1,1,1,2,19,4.477121254719662,82
23,1,1,1,1,22,4.176091259055681,84
5,1,1,1,1,21,4.420285884941918,37
16,0,1,1,2,19,5.130333768495006,90
14,1,1,1,3,14,5.0,130
23,1,1,1,1,21,5.079181246047624,73
17,0,1,1,1,13,5.361727836017593,112
22,1,1,1,2,20,4.778151250383643,67
18,0,1,0,2,9,4.903089986991943,181
16,0,1,1,2,21,5.278753600952829,74
22,1,1,1,1,21,5.079181246047624,73
19,0,1,1,2,11,5.336459733848529,101
21,1,1,1,1,21,4.462397997898956,67
16,1,1,1,3,21,5.079181246047624,67
21,0,1,1,1,13,4.954242509439324,140
24,1,1,0,2,21,4.477121254719662,67
22,1,1,1,3,19,4.7481880270062,82
21,0,1,1,1,11,4.954242509439324,101
21,0,1,1,1,13,5.079181246047624,100
21,0,1,1,1,21,4.778151250383643,74
14,0,1,1,2,21,5.167317334748176,74
18,1,1,1,1,21,4.544068044350275,67
24,1,1,1,1,19,4.290034611362517,82
21,1,1,1,2,21,4.544068044350275,83
20,1,1,1,2,21,4.544068044350275,67
13,1,1,1,3,21,4.698970004336019,46
18,0,1,1,1,26,5.079181246047624,58
17,0,1,1,2,16,5.049218022670181,68
19,0,1,1,3,13,4.845098040014256,75
18,0,1,1,1,15,5.161368002234974,104
13,0,1,1,1,22,5.130333768495006,70
18,0,1,1,1,22,5.164352855784436,70
24,1,1,1,1,19,4.0,82
26,0,1,1,1,17,4.698970004336019,88
23,1,1,1,1,19,4.3979400086720375,82
22,1,1,1,1,20,4.30102999566398,67
12,1,1,1,2,14,4.845098040014256,130
26,1,1,1,1,22,4.30102999566398,108
17,0,1,1,1,19,5.190331698170291,90
18,0,1,1,4,16,4.845098040014256,68
18,0,1,1,2,21,4.3979400086720375,89
12,1,1,1,2,21,5.079181246047624,37
19,0,1,1,1,26,4.954242509439324,74
17,0,1,1,2,13,5.0413926851582245,140
20,0,1,1,2,22,5.0413926851582245,138
18,0,1,1,2,21,5.0,74
16,1,1,1,4,22,5.06707085604537,90
21,0,1,1,1,22,4.3979400086720375,74
17,0,1,1,3,13,5.301029995663981,95
16,0,1,1,1,21,5.245665630974935,75
14,0,1,1,3,11,5.397940008672037,102
21,0,1,1,1,14,4.913813852383717,99
16,1,1,1,1,19,4.903089986991943,68
23,0,1,1,2,26,4.602059991327962,74
25,0,1,1,1,4,4.146128035678237,170
20,0,1,1,1,20,5.110589710299249,108
22,0,1,1,2,25,4.778151250383643,92
24,0,1,0,1,17,4.913813852383717,109
19,0,1,0,3,2,4.88930170250631,188
23,0,1,1,2,26,4.698970004336019,74
12,1,1,1,3,21,4.602059991327962,37
23,1,1,1,1,21,4.59659709562646,82
24,0,1,1,1,19,4.602059991327962,89
18,0,1,1,2,21,4.7481880270062,74
23,0,1,1,1,19,4.732393759822968,89
22,1,1,1,2,21,4.30102999566398,67
22,0,1,1,1,14,4.544068044350275,99
18,1,1,1,2,14,4.986771734266244,87
20,1,1,1,2,21,5.079181246047624,47
16,1,1,1,4,22,4.482873583608754,35
18,0,1,1,3,18,5.0413926851582245,85
14,0,1,0,2,8,5.079181246047624,170
18,0,1,1,2,17,5.113943352306836,104
17,1,1,1,2,21,4.8808135922807905,67
18,0,1,1,3,17,5.0413926851582245,138
17,0,1,1,1,13,4.982271233039568,120
24,0,1,0,1,21,4.954242509439324,74
19,0,1,1,1,16,4.3979400086720375,68
15,0,1,1,2,21,4.954242509439324,74
15,0,1,1,2,21,5.214843848047697,74
19,1,1,1,2,14,5.079181246047624,87
16,1,1,1,2,21,4.819543935541868,66
16,0,1,1,1,22,5.397940008672037,138
17,0,1,1,2,19,5.195899652409233,126
23,1,1,1,1,20,4.544068044350275,67
14,0,1,1,2,13,5.0,117
22,1,1,1,2,23,4.845098040014256,67
16,0,1,1,2,22,4.477121254719662,89
24,0,1,1,1,13,4.602059991327962,70
20,1,1,1,2,21,4.477121254719662,47
20,0,1,1,2,21,4.845098040014256,74
13,1,1,1,2,26,4.778151250383643,62
23,0,1,1,1,21,4.778151250383643,88
18,1,1,1,2,14,4.903089986991943,116
19,0,1,1,2,15,5.1760912590556805,75
13,1,1,1,2,21,5.1760912590556805,64
10,1,1,1,3,16,4.3979400086720375,92
23,0,1,0,2,15,4.544068044350275,109
24,0,1,1,1,19,4.681241237375587,74
18,0,1,1,1,17,5.301029995663981,74
21,0,1,1,1,21,5.130333768495006,74
18,0,1,1,2,19,5.164352855784436,126
24,1,1,1,1,21,4.643452676486187,47
19,1,1,1,1,19,4.845098040014256,79
10,0,1,1,1,22,5.432969290874405,62
12,1,1,1,3,21,5.079181246047624,46
21,0,1,1,1,13,4.778151250383643,62
24,1,1,1,1,21,4.602059991327962,91
23,1,1,1,1,21,4.431363764158987,47
23,0,1,1,2,21,4.544068044350275,74
20,1,1,1,1,21,4.602059991327962,66
20,1,1,1,3,21,4.602059991327962,47
18,0,1,1,1,22,5.079181246047624,69
22,1,1,1,1,19,4.778151250383643,68
20,1,1,1,1,19,4.602059991327962,55
14,1,1,1,2,21,4.903089986991943,46
19,0,1,1,1,13,4.255272505103306,140
16,0,1,1,1,22,5.243038048686294,69
16,1,1,1,2,19,4.845098040014256,79
17,0,1,1,2,13,4.963140624210264,62
14,1,1,1,1,22,5.0,65
22,1,1,1,1,20,4.0,53
24,0,1,1,1,21,4.544068044350275,88
19,0,1,1,2,16,5.079181246047624,68
22,1,1,1,1,19,4.477121254719662,82
20,1,1,1,1,21,4.845098040014256,67
19,1,1,1,2,19,4.845098040014256,79
22,0,1,1,1,19,5.113943352306836,89
22,0,1,1,1,19,5.123851640967085,89
16,0,1,1,3,17,5.079181246047624,104
25,1,1,1,1,17,4.30102999566398,75
18,1,1,1,1,16,4.3979400086720375,70
18,1,1,1,1,22,4.954242509439324,37
15,1,1,1,3,21,5.146128035678237,66
23,0,0,1,1,14,5.012837224705172,98
23,0,0,1,1,11,4.361727836017592,148
21,0,0,1,1,14,5.107209969647868,99
21,0,1,1,1,17,4.518513939877887,89
15,1,1,1,2,21,4.845098040014256,46
17,1,1,1,4,19,4.602059991327962,62
14,1,1,1,4,22,4.602059991327962,100
17,0,1,1,1,22,4.903089986991943,71
21,0,1,1,1,21,4.845098040014256,88
19,0,1,1,1,11,5.0,101
15,0,1,1,2,13,4.954242509439324,112
18,0,1,1,2,16,5.049218022670181,68
17,1,1,1,1,14,4.698970004336019,132
21,0,1,1,2,19,4.7923916894982534,71
18,0,1,1,1,21,4.954242509439324,89
19,0,1,1,1,11,4.903089986991943,100
22,0,1,1,2,19,4.6771687877444625,126
22,0,1,1,2,21,4.602059991327962,88
17,1,1,1,1,16,4.176091259055681,70
25,0,1,1,1,16,4.30102999566398,99
24,1,1,1,1,19,4.716003343634799,82
22,1,1,1,1,19,4.845098040014256,82
23,0,1,1,1,13,5.0413926851582245,63
20,0,1,1,2,22,4.88930170250631,138
25,1,1,1,1,20,4.167317334748176,53
22,1,1,1,1,21,4.602059991327962,34
23,1,1,1,2,13,4.505149978319905,82
10,1,1,1,2,21,4.845098040014256,46
15,1,1,1,1,21,4.903089986991943,86
24,0,1,1,1,21,4.3979400086720375,74
21,0,1,1,1,21,4.698970004336019,74
21,0,1,1,1,26,5.079181246047624,72
12,0,1,1,1,13,5.230448921378273,63
24,1,1,1,1,13,4.2944662261615925,82
17,2,1,1,1,19,4.845098040014256,62
24,0,1,1,4,16,4.698970004336019,99
21,0,1,1,1,16,5.146128035678237,68
9,0,1,1,3,13,5.079181246047624,117
23,1,1,1,1,22,4.602059991327962,84
20,1,1,1,3,21,4.845098040014256,47
24,1,1,1,1,23,3.8450980400142565,67
18,0,1,1,1,11,4.954242509439324,102
22,0,1,0,1,13,5.0413926851582245,100
25,1,1,1,1,21,4.176091259055681,67
26,1,1,1,1,21,3.6989700043360187,47
23,1,1,1,1,20,3.6989700043360187,53
19,1,1,1,2,21,4.845098040014256,47
21,1,1,1,2,23,4.778151250383643,67
20,0,1,1,1,13,5.079181246047624,120
20,0,1,1,1,13,5.1620892304156465,120
14,0,1,1,1,13,5.0413926851582245,117
22,1,1,1,3,20,4.477121254719662,53
21,0,1,1,2,13,4.903089986991943,120
21,0,1,1,1,11,4.903089986991943,67
22,0,1,0,2,11,4.602059991327962,172
19,0,1,1,2,22,4.980003371583746,138
23,1,1,1,2,16,4.602059991327962,87
23,1,1,1,1,21,4.176091259055681,67
24,0,1,1,1,21,4.3979400086720375,88
25,1,1,1,1,4,4.0,160
20,1,1,1,1,21,4.728134550041936,67
17,0,1,1,2,13,5.0,63
22,0,1,1,1,13,4.3979400086720375,140
19,1,1,1,1,19,4.903089986991943,62
21,0,1,1,1,19,5.079181246047624,71
24,1,1,1,1,21,4.602059991327962,67
19,0,1,1,3,26,4.954242509439324,58
20,1,1,1,1,26,4.707570176097936,82
15,1,1,1,2,19,4.939519252618618,94
21,1,1,1,3,11,5.0413926851582245,89
16,1,1,1,2,19,4.934498451243567,62
9,1,1,1,3,16,4.903089986991943,92
5,1,1,1,4,21,4.812913356642856,85
20,0,1,1,2,16,5.146128035678237,90
21,1,1,1,1,21,4.3802112417116055,67
18,0,1,1,3,19,5.1760912590556805,126
17,0,1,1,1,19,5.033423755486949,126
17,1,1,0,3,19,4.778151250383643,79
19,0,1,1,1,21,4.954242509439324,89
15,0,1,1,1,22,4.845098040014256,69
20,0,1,1,1,22,5.079181246047624,70
18,0,1,1,3,26,5.0,58
13,0,1,1,2,22,4.880573521093957,53
2,1,1,1,3,21,4.845098040014256,37
12,0,1,1,4,19,5.107209969647868,112
13,0,1,1,3,22,5.0413926851582245,62
22,1,1,1,1,21,4.602059991327962,83
22,0,1,1,1,16,4.845098040014256,99
17,0,1,1,1,21,4.778151250383643,74
19,0,1,1,1,13,4.954242509439324,62
13,0,1,1,2,22,4.845098040014256,138
18,1,1,1,1,19,4.812913356642856,79
20,0,1,1,1,21,4.944482672150168,74
15,0,1,1,3,22,4.903089986991943,90
20,0,1,1,1,13,4.778151250383643,75
16,1,1,1,3,22,4.903089986991943,90
20,1,1,1,2,19,4.778151250383643,55
19,0,1,1,1,13,5.0413926851582245,62
23,0,1,1,1,21,5.0413926851582245,74
17,0,1,1,1,15,5.161368002234974,75
25,0,1,1,1,19,4.633468455579586,89
22,0,1,1,1,21,5.079181246047624,74
13,1,1,1,2,21,5.133538908370217,88
24,1,1,1,1,19,4.3979400086720375,82
21,0,1,1,2,13,4.903089986991943,120
9,1,1,1,2,19,4.602059991327962,94
24,0,1,1,1,21,4.544068044350275,88
25,1,1,1,1,23,4.544068044350275,67
14,0,1,1,2,19,5.079181246047624,110
23,1,1,1,1,20,4.3979400086720375,67
21,0,1,1,2,11,5.0,67
19,0,1,1,3,13,5.079181246047624,62
19,1,1,1,2,21,4.643452676486187,67
21,0,1,1,2,19,5.0,89
21,0,1,1,2,13,5.123851640967085,120
24,0,1,1,2,11,4.544068044350275,148
20,1,1,1,1,19,4.806179973983887,79
21,0,1,0,1,13,4.845098040014256,140
17,1,1,1,1,19,4.845098040014256,80
19,0,1,1,2,21,4.954242509439324,74
20,1,1,1,1,21,4.698970004336019,86
23,0,1,1,1,13,4.698970004336019,77
23,1,0,1,1,16,4.499632105153693,121
19,0,0,1,1,13,4.933031495102405,140
18,0,0,1,1,11,5.112695470128153,171
24,1,1,1,1,23,4.0,54
20,1,1,1,1,19,4.176091259055681,79
23,1,1,0,1,21,4.544068044350275,67
19,1,1,1,2,19,4.690196080028513,83
16,0,1,1,1,22,5.198657086954422,90
18,1,1,1,2,19,4.477121254719662,55
14,1,1,1,2,21,4.602059991327962,64
17,0,1,1,2,13,4.778151250383643,63
17,0,0,1,2,16,4.741387992479268,68
20,1,1,1,1,21,4.342422680822206,67
16,1,1,1,1,16,4.681241237375587,70
18,1,1,1,1,19,4.653212513775343,83
22,0,0,1,1,13,4.352606954136521,140
18,1,0,1,3,19,4.714799013688134,80
21,1,1,1,1,21,4.468849285541112,91
24,0,1,1,1,14,4.3979400086720375,99
23,1,1,1,2,22,4.4471580313422185,84
19,0,1,1,2,20,4.648360010980931,84
22,1,1,1,1,21,4.537819095073274,67
23,1,1,0,1,14,4.30102999566398,118
20,1,1,0,1,18,4.414973347970817,76
18,1,1,1,1,19,4.30102999566398,55
25,1,1,1,1,19,3.4771212547196617,82
25,1,1,1,1,14,4.30102999566398,89
23,0,1,1,1,21,4.3979400086720375,88
24,0,1,1,1,16,4.544068044350275,99
16,0,1,1,1,26,4.778151250383643,148
23,1,1,0,1,14,3.834102655712793,118
21,0,1,0,1,26,5.190331698170291,164
24,2,1,1,1,21,4.698970004336019,62
22,1,1,1,1,21,4.130333768495006,91
14,0,1,1,1,11,5.414973347970817,102
24,0,1,1,1,19,4.812913356642856,74
20,0,1,1,2,13,4.977723605288848,118
22,1,1,1,2,21,4.602059991327962,91
22,0,1,1,1,10,5.079181246047624,176
19,0,1,1,1,22,5.0492606744980355,138
21,0,1,1,1,11,5.096910013008055,101
15,0,1,1,1,22,4.633468455579586,90
25,1,1,1,1,22,4.30102999566398,84
19,0,1,1,3,13,4.845098040014256,140
21,0,1,1,1,13,5.1760912590556805,120
18,0,1,1,2,22,5.0,70
21,0,1,1,1,13,4.698970004336019,105
19,1,1,1,2,19,5.079181246047624,83
19,0,1,1,3,21,5.0413926851582245,74
22,1,1,1,1,14,5.146128035678237,117
18,0,1,1,1,22,5.079181246047624,70
8,1,1,1,2,21,4.845098040014256,37
13,0,1,1,4,11,5.394660022148913,102
23,1,1,1,2,20,4.217483944213906,67
22,1,1,1,1,21,3.9956351945975492,67
18,1,1,1,3,21,4.903089986991943,46
16,1,1,1,2,25,5.0,90
26,1,1,1,1,21,4.30102999566398,88
22,0,1,1,1,21,4.954242509439324,88
25,0,1,1,1,13,4.176091259055681,105
24,0,1,0,1,17,4.875061263391699,108
17,0,1,1,1,21,5.146128035678237,74
18,0,1,1,2,19,5.079181246047624,90
21,0,1,1,1,21,4.954242509439324,89
21,0,1,1,1,11,4.785329835010767,101
18,0,1,1,2,20,5.0,78
23,0,1,1,2,13,4.778151250383643,105
15,0,1,1,1,19,5.0,110
15,0,1,1,3,13,5.230448921378273,63
17,0,1,1,2,13,5.079181246047624,63
21,0,1,1,1,17,4.698970004336019,89
21,1,1,1,1,21,4.3979400086720375,47
19,0,1,1,1,21,4.3805549221542135,74
17,0,1,1,2,21,5.0,74
21,1,1,1,2,21,4.968482948553935,83
23,0,1,1,1,21,4.698970004336019,88
24,1,1,1,1,21,4.342422680822206,47
25,0,1,1,1,19,4.2922560713564755,89
23,1,1,1,1,22,5.01703333929878,64
23,0,1,1,1,16,4.518513939877887,99
23,0,1,1,1,13,4.778151250383643,100
22,0,1,1,1,13,4.778151250383643,63
21,1,1,1,1,18,4.602059991327962,102
22,0,1,1,1,22,4.778151250383643,69
16,2,1,1,1,19,4.903089986991943,94
13,0,1,1,2,11,5.575663460267202,102
20,1,1,1,3,21,4.903089986991943,94
18,1,1,1,1,19,4.845098040014256,62
18,1,1,1,3,21,4.954242509439324,67
20,0,1,1,1,13,5.262451089730429,63
24,0,1,1,1,21,4.431363764158987,88
23,0,1,1,1,16,4.544068044350275,99
19,0,1,1,1,21,5.079181246047624,74
19,2,1,1,1,21,4.740362689494243,62
15,0,1,1,2,21,5.079181246047624,74
18,1,1,1,2,21,4.857332496431268,86
20,0,1,1,1,11,5.397940008672037,67
22,0,1,1,1,26,5.0,72
19,0,1,1,2,22,5.079181246047624,84
20,1,1,1,1,19,4.505149978319905,82
14,1,1,1,1,21,4.778151250383643,46
23,1,1,1,1,21,4.602059991327962,47
20,0,1,1,1,16,4.681241237375587,99
24,0,1,1,1,18,4.477121254719662,83
16,0,1,1,2,22,5.0,138
22,0,1,1,1,13,4.698970004336019,100
24,1,1,1,1,19,3.6989700043360187,82
23,0,1,1,1,4,4.079181246047624,170
22,0,1,1,1,13,4.857332496431268,63
13,1,1,1,2,26,4.698970004336019,75
20,0,1,1,2,13,4.845098040014256,140
16,1,1,1,3,26,4.845098040014256,76
21,1,1,1,1,21,4.698970004336019,83
18,1,1,1,1,17,4.602059991327962,74
20,1,1,1,1,19,4.477121254719662,82
24,1,1,1,1,21,4.176091259055681,47
21,1,1,1,1,14,4.602059991327962,117
23,1,1,1,1,18,4.602059991327962,67
19,1,1,1,4,21,4.778151250383643,86
19,1,1,1,1,21,4.826074802700826,86
16,1,1,1,2,21,4.778151250383643,86
23,1,1,1,1,23,4.778151250383643,67
22,1,1,1,1,22,4.477121254719662,84
22,1,1,1,2,11,4.698970004336019,79
12,1,1,0,3,14,5.301029995663981,141
22,1,1,1,2,13,4.146128035678237,82
21,0,1,1,1,26,4.845098040014256,72
16,0,1,1,2,21,4.973127853599698,75
21,0,1,1,1,26,5.2944662261615925,72
21,0,1,1,2,16,4.897627091290441,99
14,0,1,1,2,15,5.079181246047624,66
25,0,1,1,1,13,4.477121254719662,121
24,1,1,1,1,21,4.230448921378274,67
24,1,1,1,1,19,4.30102999566398,82
22,1,1,1,1,20,4.778151250383643,53
13,1,1,1,3,19,4.845098040014256,67
23,0,1,1,1,22,5.1760912590556805,154
23,0,1,1,1,22,4.544068044350275,154
22,0,1,1,1,19,4.602059991327962,89
23,1,1,1,1,14,4.7558748556724915,87
18,0,1,1,2,22,5.079181246047624,70
23,1,1,1,1,20,4.477121254719662,67
22,0,1,1,1,21,5.243038048686294,74
16,0,1,1,1,22,4.954242509439324,70
15,0,1,1,2,22,5.0413926851582245,54
21,1,1,1,2,19,4.544068044350275,82
23,0,1,1,1,11,4.908485018878649,148
23,0,1,0,1,22,4.778151250383643,154
22,0,1,1,1,14,4.778151250383643,99
22,1,1,0,1,8,4.845098040014256,183
21,0,1,1,1,14,4.698970004336019,99
24,1,1,1,1,23,4.812913356642856,67
22,0,1,1,2,13,4.602059991327962,140
23,1,1,0,1,21,4.544068044350275,82
22,0,1,1,1,13,4.477121254719662,100
13,1,1,1,1,21,4.845098040014256,67
21,1,1,1,2,19,5.0,68
24,1,1,0,1,19,4.740362689494243,121
19,0,1,1,2,11,4.903089986991943,101
22,1,1,1,1,19,4.602059991327962,106
19,1,1,1,2,21,5.037091683257105,67
19,1,1,1,2,19,4.602059991327962,55
22,0,1,1,2,14,4.698970004336019,99
18,1,1,1,2,19,4.954242509439324,62
10,1,1,1,4,21,4.845098040014256,46
18,0,1,1,1,19,4.954242509439324,90
15,0,1,1,1,21,4.845098040014256,74
24,0,1,1,1,13,4.491361693834272,77
15,0,1,1,2,21,5.079181246047624,74
22,1,1,1,1,19,4.602059991327962,82
21,0,1,1,1,21,5.255272505103306,74
17,1,1,1,2,21,4.954242509439324,67
12,1,1,1,2,21,4.770852011642144,67
11,1,1,1,2,21,4.845098040014256,67
15,0,1,1,1,22,5.278753600952829,71
19,0,1,1,1,13,5.255272505103306,64
16,0,1,1,2,11,5.1760912590556805,171
13,0,1,1,2,26,5.113943352306836,124
19,0,1,0,2,19,5.079181246047624,126
15,0,1,1,2,22,4.903089986991943,53
20,0,1,1,2,19,4.903089986991943,126
3,1,1,1,2,21,4.778151250383643,37
17,0,1,1,3,17,5.079181246047624,74
24,0,1,1,1,21,4.707570176097936,88
13,1,1,1,3,14,4.778151250383643,78
15,0,1,1,1,11,5.342422680822206,102
23,1,1,1,1,21,4.30102999566398,47
23,1,1,1,1,21,4.602059991327962,67
17,1,1,1,2,21,4.954242509439324,66
23,0,1,1,2,21,5.0413926851582245,74
21,0,1,1,1,13,5.146128035678237,140
13,0,1,1,2,22,5.01703333929878,54
21,0,1,1,1,13,4.204119982655924,63
17,0,1,1,2,17,4.886490725172481,74
23,0,1,1,1,13,4.602059991327962,77
23,1,1,1,1,16,4.698970004336019,87
21,2,1,1,1,19,4.929418925714292,62
22,1,1,1,2,21,4.763427993562937,73
19,0,1,1,1,13,4.929418925714292,105
20,1,1,1,1,19,4.812913356642856,82
23,0,1,1,1,13,5.079181246047624,77
19,1,1,1,2,19,4.698970004336019,62
24,1,1,0,1,21,4.477121254719662,67
20,1,1,1,2,21,4.763427993562937,67
17,0,1,1,2,26,4.845098040014256,58
24,0,1,1,2,22,5.0413926851582245,89
9,1,1,1,3,21,4.812913356642856,67
19,0,1,1,1,22,5.0,89
23,0,1,1,2,13,4.778151250383643,70
20,0,1,1,2,16,4.954242509439324,67
14,0,1,1,1,13,5.301029995663981,63
20,0,1,1,2,16,5.0,67
18,0,1,1,2,16,4.903089986991943,68
23,0,1,0,1,13,4.778151250383643,100
22,1,1,1,1,21,4.602059991327962,67
21,0,1,1,1,21,4.698970004336019,88
21,1,1,1,1,21,5.0413926851582245,67
17,0,1,1,2,22,4.698970004336019,70
24,0,1,1,1,13,4.477121254719662,100
12,1,1,1,2,21,4.845098040014256,37
18,1,1,1,3,21,4.903089986991943,67
22,1,1,1,1,21,4.176091259055681,82
10,0,1,1,2,13,5.1760912590556805,63
22,0,0,0,1,15,4.944482672150168,104
20,0,0,1,1,11,4.903089986991943,101
24,0,0,1,1,13,4.7771729868397035,153
21,0,0,1,1,19,4.857332496431268,89
23,1,0,0,1,14,4.8334021292318585,118
20,0,0,1,1,21,4.72582999032058,74
24,0,0,1,1,14,4.678745937065704,99
17,0,0,1,2,16,4.888712904577588,68
25,0,0,1,1,13,4.230448921378274,121
19,0,0,0,1,19,4.806179973983887,113
20,0,0,1,1,26,4.871111544521109,56
19,0,0,1,2,21,4.904363856950698,74
22,0,0,0,1,19,4.887335930399166,126
21,0,0,0,1,17,4.838849090737255,109
21,0,0,1,1,21,4.7558748556724915,88
23,0,0,1,1,15,4.949390006644912,104
18,0,0,0,1,17,4.786041210242554,140
16,0,1,1,1,15,5.064457989226918,66
21,0,1,1,1,19,4.903089986991943,126
24,0,1,1,1,21,4.414973347970817,74
24,0,1,1,1,21,5.0,74
18,2,1,1,2,21,4.91539983521227,38
23,0,1,1,1,21,4.914078585389112,74
18,0,1,1,2,13,5.079181246047624,140
24,1,1,0,1,20,4.477121254719662,67
23,1,1,1,1,19,4.477121254719662,82
16,2,1,1,2,21,4.845098040014256,38
14,0,1,1,1,21,5.079181246047624,75
20,0,1,1,3,19,4.8808135922807905,70
20,0,1,1,2,19,4.903089986991943,70
14,0,1,1,2,22,5.0413926851582245,54
15,1,1,1,3,19,4.845098040014256,94
25,1,1,1,1,19,4.113943352306836,82
19,1,1,1,2,16,4.778151250383643,100
17,0,1,1,1,21,5.217483944213906,74
19,0,1,1,2,26,5.079181246047624,72
23,0,1,1,2,13,4.477121254719662,100
17,0,1,1,2,17,5.0,104
13,0,1,1,2,13,5.271841606536499,65
22,1,1,1,1,21,4.602059991327962,82
21,0,1,1,1,14,4.662757831681573,99
23,0,1,1,1,21,4.387389826338729,74
24,0,0,0,1,17,4.475656663182472,109
26,1,0,1,1,19,3.301029995663981,82
23,0,0,1,1,20,4.531478917042255,84
24,1,0,0,1,19,4.491361693834272,82
22,0,0,0,2,26,4.662757831681573,197
22,0,0,0,1,6,5.08278537031645,161
24,1,0,1,1,19,3.8450980400142565,68
22,1,0,0,1,21,4.0,67
21,0,0,1,1,19,4.772578392792225,126
20,0,1,1,1,14,4.681241237375587,99
24,0,1,1,1,13,5.056904851336473,94
17,0,1,1,2,21,5.079181246047624,74
19,0,1,1,1,19,5.158362492095249,89
21,0,1,1,2,11,5.278753600952829,101
25,0,1,1,1,21,4.30102999566398,74
23,0,1,1,2,19,4.602059991327962,126
18,0,1,1,1,21,5.0,74
14,0,1,1,2,22,4.778151250383643,68
12,0,1,1,1,16,5.303196057420489,68
20,0,1,1,2,21,4.887701675781762,74
21,1,0,1,1,14,4.683299252239659,89
23,0,0,1,1,21,4.767593651756106,74
22,0,0,1,1,14,4.7063421984224005,99
23,1,1,1,1,14,4.26245108973043,117
21,0,0,1,1,21,4.772996099937041,74
24,1,0,0,1,21,4.0,67
24,1,0,0,1,21,4.325248765287537,83
24,0,0,0,1,21,4.204119982655924,74
23,0,0,1,1,11,4.556302500767287,148
23,1,0,1,1,21,4.568201724066994,82
22,0,0,1,1,21,4.7865597793615855,47
20,0,0,1,1,13,4.875061263391699,140
23,1,0,0,1,21,4.707570176097936,82
24,1,0,1,1,21,4.230448921378274,82
14,0,1,1,2,21,5.0,75
19,0,1,0,2,5,4.544068044350275,174
22,0,1,0,3,13,4.961738985675385,140
23,1,1,1,1,21,4.698970004336019,67
23,1,1,1,1,19,4.778151250383643,82
20,1,1,1,1,19,4.523746466811564,106
21,1,1,1,1,21,4.556302500767287,83
18,1,1,1,1,21,4.903089986991943,67
13,1,1,1,2,21,5.079181246047624,46
23,0,1,0,1,21,4.903089986991943,74
24,0,1,1,1,21,5.079181246047624,74
20,0,1,1,2,22,5.0413926851582245,69
24,0,1,1,1,11,4.845098040014256,67
18,0,0,1,2,19,4.967014139949053,89
15,0,1,1,1,19,5.255272505103306,142
18,0,1,1,1,22,4.903089986991943,89
21,0,1,0,1,13,4.845098040014256,140
15,0,1,1,1,21,5.068185861746161,75
18,1,1,0,1,19,4.919078092376074,121
22,0,1,0,1,26,4.8299466959416355,164
21,0,1,1,2,10,5.204119982655924,178
20,1,1,1,2,19,4.903089986991943,55
19,0,1,1,1,14,5.0,99
16,0,1,1,1,17,5.0,105
16,0,1,1,2,19,4.954242509439324,90
18,0,1,1,1,15,5.146128035678237,104
24,1,1,1,1,21,4.3979400086720375,82
24,0,1,1,1,11,4.30102999566398,148
18,1,1,1,1,21,4.477121254719662,37
24,1,1,1,1,16,4.113943352306836,95
24,1,1,1,1,19,4.6232492903979,82
18,1,1,1,1,21,4.113943352306836,67
25,1,1,1,1,20,3.812913356642855,72
19,1,1,1,2,19,4.694605198933568,55
17,0,1,1,1,19,4.698970004336019,90
17,0,1,1,2,22,5.243038048686294,70
17,0,1,1,2,22,5.243038048686294,69
20,0,1,1,3,21,5.0413926851582245,74
18,1,1,1,2,21,5.049404109003916,86
16,1,1,1,3,14,4.991226075692494,118
21,0,1,1,1,13,4.6127838567197355,140
22,0,1,1,1,26,5.079181246047624,72
24,0,1,1,1,11,5.064457989226918,67
26,1,1,1,1,21,2.9999999999999996,82
24,1,1,0,1,19,4.176091259055681,82
24,0,1,1,1,21,3.6989700043360187,88
25,1,1,1,1,22,3.5440680443502752,84
23,0,1,1,1,16,4.7481880270062,99
19,0,1,1,1,11,5.332438459915605,100
18,0,1,1,1,13,4.602059991327962,140
19,0,1,1,2,21,5.079181246047624,74
9,0,1,1,2,13,5.079181246047624,120
23,1,0,1,1,14,4.482873583608754,87
23,1,0,1,1,14,4.486373797246169,117
23,0,1,1,1,19,4.176091259055681,126
23,0,1,1,1,17,4.698970004336019,109
23,1,1,1,1,19,4.531478917042255,55
22,0,1,1,2,21,4.732393759822968,88
22,0,1,0,2,8,4.602059991327962,134
18,1,1,1,1,26,5.079181246047624,79
23,0,1,0,1,17,4.698970004336019,108
17,0,1,1,2,16,4.924279286061881,68
17,1,1,1,1,14,4.698970004336019,118
21,0,1,1,1,16,4.716003343634799,99
25,1,1,1,1,19,4.267171728403013,68
18,0,1,1,1,22,4.698970004336019,69
23,1,1,1,1,23,4.544068044350275,67
22,1,1,1,1,11,4.190331698170291,89
19,0,1,1,1,22,5.079181246047624,69
18,0,1,1,1,22,4.778151250383643,69
17,0,1,1,2,13,4.903089986991943,120
20,1,0,1,1,16,4.6335795399601185,123
21,0,1,1,1,20,5.133538908370217,108
23,0,1,1,1,16,4.176091259055681,99
14,1,1,1,2,19,5.0,68
11,1,1,1,4,21,4.845098040014256,46
16,0,1,1,1,22,5.0413926851582245,71
11,0,1,1,2,19,4.897627091290441,82
24,1,1,1,1,16,4.3979400086720375,87
26,1,1,1,1,19,2.9999999999999996,68
13,1,1,1,2,21,4.778151250383643,37
21,0,1,1,1,20,4.903089986991943,84
19,1,1,1,2,22,5.0413926851582245,65
16,0,1,1,3,25,5.0413926851582245,92
13,0,1,1,3,11,5.301029995663981,102
19,0,1,1,2,17,4.903089986991943,138
25,0,1,1,1,21,4.3802112417116055,74
19,0,1,1,1,21,5.1760912590556805,74
21,1,1,1,1,20,4.778151250383643,53
20,0,1,1,1,20,5.064457989226918,108
19,0,1,1,1,16,5.01828430842653,68
24,0,1,1,1,13,4.477121254719662,77
26,0,1,1,1,17,4.3979400086720375,109
13,0,1,1,2,19,5.08278537031645,110
16,0,1,1,2,19,5.079181246047624,110
13,0,1,1,2,19,5.079181246047624,110
17,1,1,1,1,17,5.0413926851582245,74
19,0,1,0,2,17,4.924279286061881,138
10,1,1,0,3,14,5.079181246047624,152
21,0,1,1,1,19,4.866287339084194,126
22,0,1,1,2,19,4.531478917042255,71
25,0,1,1,1,18,4.361727836017592,108
14,0,1,1,3,16,5.212187604403957,68
17,0,1,1,2,26,5.075546961392531,124
25,0,1,1,1,14,4.021189299069937,98
6,0,1,1,2,10,5.4471580313422185,68
19,0,1,1,2,17,5.190331698170291,104
16,0,1,1,1,16,5.212187604403957,68
14,1,1,1,1,14,4.875061263391699,78
22,0,1,1,1,14,4.903089986991943,99
20,0,1,1,2,14,5.079181246047624,99
13,0,1,1,3,22,5.079181246047624,53
13,0,1,1,2,15,5.243038048686294,66
18,0,1,1,2,21,5.0,74
15,1,1,1,2,21,4.903089986991943,67
21,1,1,1,2,21,4.924279286061881,67
16,1,1,1,2,16,4.698970004336019,70
17,1,1,1,1,19,4.477121254719662,68
13,0,1,1,2,15,5.0,122
24,1,1,1,2,19,4.0,68
22,1,1,1,2,21,4.544068044350275,83
21,0,1,1,2,13,5.079181246047624,65
20,1,1,1,2,22,4.698970004336019,89
18,1,1,1,1,15,5.064457989226918,104
18,0,1,1,2,19,5.0413926851582245,126
19,0,1,1,2,13,4.845098040014256,140
17,0,1,1,3,25,5.0,75
21,1,1,1,1,19,4.30102999566398,82
24,0,1,0,1,21,4.778151250383643,74
22,0,1,1,2,14,4.477121254719662,99
18,0,1,1,1,20,4.875061263391699,63
10,1,1,1,4,19,5.079181246047624,94
15,0,1,1,2,22,4.681241237375587,71
20,1,0,1,1,19,4.857332496431268,82
21,1,0,1,1,21,4.707570176097936,82
23,1,0,1,1,21,4.462397997898956,82
21,1,0,1,1,21,4.4471580313422185,82
17,0,0,1,1,21,4.986771734266244,74
24,0,0,1,1,21,4.770852011642144,74
25,0,1,1,1,21,4.431363764158987,74
21,0,1,1,1,13,4.845098040014256,120
20,0,0,1,1,13,4.838849090737255,140
24,0,1,1,1,21,4.176091259055681,88
25,0,0,1,1,21,4.552668216112193,74
18,0,1,1,3,19,5.079181246047624,126
19,0,1,1,1,17,5.079181246047624,74
19,0,1,1,1,17,4.903089986991943,74
16,1,1,1,1,21,5.079181246047624,67
23,0,1,1,1,21,4.556302500767287,74
20,0,1,1,1,11,5.079181246047624,67
23,1,1,1,1,21,3.9542425094393248,34
18,1,1,1,2,22,4.698970004336019,37
25,1,1,1,1,20,4.544068044350275,67
17,0,1,1,2,13,5.113943352306836,112
16,0,1,1,1,16,4.845098040014256,68
24,1,1,1,1,22,4.544068044350275,108
18,1,1,1,1,17,4.903089986991943,74
14,0,1,1,2,21,5.079181246047624,75
17,1,1,1,1,22,4.903089986991943,35
21,1,1,1,1,11,4.477121254719662,79
22,0,1,1,1,19,4.778151250383643,126
13,0,1,1,2,15,5.301029995663981,122
23,0,1,1,1,16,5.004321373782642,99
13,0,1,1,1,16,5.0413926851582245,68
17,0,1,1,2,26,5.397940008672037,80
18,0,1,1,4,26,4.869231719730975,164
16,0,1,1,4,26,5.423245873936807,80
21,1,1,1,1,14,4.3560258571931225,89
22,1,1,1,1,19,4.653212513775343,82
17,1,1,1,2,21,4.556302500767287,73
21,0,1,1,2,21,4.7558748556724915,74
24,0,1,1,1,22,4.518513939877887,69
18,1,1,1,1,21,4.770852011642144,94
18,0,1,1,1,17,5.301029995663981,104
17,1,1,1,2,16,4.903089986991943,70
18,2,1,1,1,26,4.845098040014256,60
24,1,1,1,1,23,4.698970004336019,54
17,0,1,1,2,21,5.071882007306124,74
20,0,1,1,2,22,5.397940008672037,70
24,0,1,1,1,22,4.30102999566398,108
24,0,1,1,1,22,4.339868640584651,108
22,0,1,1,1,13,5.079181246047624,77
20,0,1,1,1,22,5.0,70
18,0,1,1,1,13,4.698970004336019,62
24,1,1,1,1,22,4.3979400086720375,84
25,0,1,1,1,13,4.778151250383643,120
23,1,1,1,1,21,4.3979400086720375,47
24,1,1,1,1,21,4.698970004336019,47
24,0,1,1,1,22,4.146128035678237,108
11,1,1,1,2,21,4.743705701786525,37
19,0,1,1,1,13,4.8808135922807905,62
22,0,1,1,1,13,5.143014800254094,100
20,1,1,1,1,17,5.0,103
21,0,1,1,1,19,4.778151250383643,126
19,0,1,1,1,21,4.57586878354448,89
18,0,1,1,2,21,4.949390006644912,74
19,0,1,1,2,21,4.574031267727718,89
24,1,1,0,1,22,3.6989700043360187,84
19,1,1,1,1,19,4.322219294733919,82
23,1,1,1,2,21,4.0,67
23,0,1,1,1,21,4.477121254719662,74
21,1,1,1,1,21,4.29666519026153,73
17,0,1,1,3,21,4.954242509439324,74
13,1,1,1,2,21,4.903089986991943,64
19,0,1,1,3,21,5.079181246047624,89
18,0,1,1,1,21,5.079181246047624,74
23,0,1,1,1,19,4.698970004336019,74
14,1,1,1,1,26,4.903089986991943,63
20,1,1,1,1,19,4.230448921378274,82
23,1,1,1,1,21,4.662757831681573,83
21,0,1,1,1,21,4.778151250383643,74
12,1,1,1,2,21,5.296665190261531,67
21,0,1,1,1,19,4.778151250383643,71
18,0,1,1,4,11,4.954242509439324,87
17,1,1,1,2,26,4.602059991327962,62
16,1,1,1,1,21,4.903089986991943,46
9,1,1,1,3,21,5.214843848047697,46
17,0,1,1,2,13,4.845098040014256,63
22,1,0,0,1,14,4.869231719730975,154
24,0,0,1,1,13,4.079181246047624,105
23,0,0,1,1,22,4.423245873936808,148
22,1,0,0,1,19,4.6592409509282415,82
25,0,1,1,1,13,4.544068044350275,70
24,1,1,1,1,13,4.176091259055681,82
24,1,1,1,1,21,4.146128035678237,67
25,1,1,1,1,13,4.30102999566398,110
23,1,0,1,1,21,4.837903944592942,67
22,1,0,1,1,22,4.660628352973734,84
18,1,1,1,2,26,4.845098040014256,62
21,1,0,1,1,21,4.833803478099158,67
20,1,1,1,2,19,4.477121254719662,82
24,1,1,1,1,20,4.3979400086720375,53
22,0,1,1,2,20,4.954242509439324,84
17,0,0,1,1,22,4.988304726573285,90
14,1,1,1,4,21,4.845098040014256,35
20,1,1,1,1,19,4.491361693834272,79
20,0,1,1,1,13,4.845098040014256,120
21,2,1,1,1,21,4.30102999566398,62
20,1,1,1,1,19,4.7923916894982534,55
14,1,1,1,1,21,4.462397997898956,37
18,0,0,1,1,22,4.91649079621548,138
16,1,1,1,2,26,4.778151250383643,79
24,1,1,1,1,21,4.0,67
14,1,1,1,4,21,4.7737864449811935,37
19,1,1,1,1,19,4.30102999566398,55
15,1,1,1,2,21,5.099942933752394,105
23,0,1,1,1,6,4.754348335711018,134
20,0,1,0,1,5,4.778151250383643,148
25,1,0,0,1,19,3.3590762260592624,118
24,1,0,0,1,21,4.196783937737709,82
25,0,0,1,1,13,4.113943352306836,63
24,1,0,1,1,21,4.518513939877887,82
23,1,0,1,1,14,4.694806945462423,118
24,0,0,1,1,21,4.681241237375587,88
24,0,0,1,1,21,4.230448921378274,88
24,0,0,1,1,21,4.562542660662262,88
23,1,1,1,1,21,4.954242509439324,82
4,1,1,1,3,21,4.903089986991943,60
18,1,1,1,1,19,4.602059991327962,79
21,0,1,1,1,13,4.845098040014256,120
23,1,1,1,2,20,4.544068044350275,53
24,1,1,1,1,22,4.342422680822206,84
23,1,1,1,1,21,4.845098040014256,67
22,0,0,0,1,11,4.716003343634799,168
23,0,0,1,1,19,4.690196080028513,74
21,0,0,1,2,21,4.698970004336019,88
19,0,0,1,1,21,4.812913356642856,74
21,0,0,1,1,19,4.740362689494243,71
20,0,0,1,2,22,4.89209460269048,148
13,0,0,1,2,19,4.763427993562937,110
17,0,0,1,2,26,4.7481880270062,58
16,0,0,1,2,25,4.785329835010767,92
19,0,0,1,2,20,4.785329835010767,85
14,0,0,1,2,19,4.785329835010767,110
17,0,0,1,2,17,4.812913356642856,104
21,0,0,1,2,18,4.785329835010767,85
15,1,1,1,1,26,4.477121254719662,62
17,0,1,1,2,22,5.301029995663981,71
20,0,1,0,1,5,5.361727836017593,174
22,1,1,1,1,19,5.0,68
17,0,1,0,2,13,4.977723605288848,120
23,1,1,1,1,14,4.845098040014256,117
16,0,1,1,1,22,4.944482672150168,90
18,0,1,1,4,13,5.301029995663981,140
18,0,1,1,2,13,4.778151250383643,140
18,0,1,0,2,9,5.190331698170291,181
11,1,1,1,2,21,4.903089986991943,67
19,1,1,1,3,18,4.903089986991943,98
20,0,1,1,1,21,4.602059991327962,74
21,0,1,1,1,19,4.698970004336019,126
20,0,1,1,1,21,4.602059991327962,74
23,0,1,1,2,14,4.672097857935717,99
23,0,1,1,1,17,4.690727543870366,108
19,1,1,1,1,21,4.255272505103306,47
24,0,0,1,1,16,4.570087392314027,90
22,0,1,1,1,19,4.903089986991943,126
18,1,1,1,2,22,4.4471580313422185,38
19,1,1,0,2,19,5.0,121
20,0,1,1,2,17,5.079181246047624,89
19,0,1,1,2,26,4.845098040014256,74
13,0,1,1,2,11,4.903089986991943,102
18,0,1,1,1,21,4.832508912706236,74
20,1,1,1,1,26,4.779416098947067,82
18,1,1,1,1,19,4.3979400086720375,55
23,0,0,1,1,16,4.698596350387344,99
23,0,0,1,1,16,4.635835463311642,99
24,0,0,1,1,16,4.704999393282745,99
22,0,1,1,2,19,5.045322978786658,89
24,1,1,1,2,21,4.681241237375587,100
21,0,1,1,1,22,4.903089986991943,84
23,1,1,1,1,16,5.0,87
20,0,1,1,3,11,4.954242509439324,67
22,0,1,1,1,11,5.079181246047624,148
17,1,1,0,2,17,5.146128035678237,104
15,1,1,1,2,11,4.913813852383717,138
14,0,1,1,3,27,4.903089986991943,52
23,0,1,1,1,21,4.602059991327962,88
23,0,1,1,1,21,4.778151250383643,88
16,0,1,1,2,21,4.845098040014256,74
23,0,1,1,2,19,4.658011396657112,126
20,0,1,1,1,11,5.079181246047624,101
14,1,1,1,2,21,5.0,46
19,0,1,1,3,21,4.963787827345555,89
20,0,1,1,4,21,5.14921911265538,74
22,0,1,0,1,11,5.079181246047624,172
21,1,1,1,1,14,4.698970004336019,87
24,0,1,1,1,22,3.977723605288847,108
25,1,1,1,1,21,3.740362689494243,73
15,1,1,1,1,22,5.053078443483419,65
17,2,1,1,4,21,0.0,73
16,1,1,1,2,22,5.0,90
20,0,1,1,1,19,4.699612284998696,70
20,0,1,1,4,19,5.0,89
23,1,1,1,1,21,4.544068044350275,73
24,0,1,1,1,16,4.778151250383643,99
17,0,1,0,1,8,4.845098040014256,203
23,0,1,1,1,22,4.845098040014256,154
23,1,1,0,1,21,4.0,83
21,0,1,1,1,21,4.544068044350275,74
25,1,1,0,1,21,3.6989700043360187,82
22,0,1,1,1,11,4.518513939877887,148
23,0,1,1,1,22,4.431363764158987,74
24,1,1,1,1,16,4.3979400086720375,95
22,0,1,1,1,21,4.47934493049614,74
22,1,1,1,1,21,5.0,82
23,1,1,1,1,21,4.732393759822968,47
21,0,1,1,1,13,4.903089986991943,100
5,1,1,1,3,21,5.0,37
24,0,1,1,1,19,4.845098040014256,74
24,0,1,1,1,21,4.698970004336019,74
24,0,1,1,1,19,4.602059991327962,126
18,1,1,1,1,19,4.653212513775343,79
25,1,1,1,1,22,3.6989700043360187,84
18,1,1,1,3,26,4.845098040014256,79
23,1,1,1,1,19,4.419344333673843,55
22,1,1,1,2,13,5.0,82
19,0,0,1,1,19,4.903089986991943,113
22,0,0,1,1,21,5.033423755486949,88
21,0,1,1,1,11,5.230448921378273,101
23,1,1,1,1,21,4.3979400086720375,82
24,1,1,1,1,19,4.0413926851582245,121
25,1,1,0,1,21,3.6989700043360187,67
20,0,0,1,1,16,5.021189299069937,99
18,1,1,1,1,21,4.602059991327962,86
24,1,1,1,1,14,3.740362689494243,118
6,1,1,1,2,21,4.954242509439324,46
18,1,1,1,1,19,4.812913356642856,55
20,0,1,1,1,19,4.778151250383643,126
21,0,1,1,1,21,5.079181246047624,74
25,1,1,1,1,16,3.977723605288847,87
24,0,1,1,1,20,4.079181246047624,108
25,0,1,1,1,21,4.505149978319905,88
15,1,1,1,1,21,4.778151250383643,46
23,0,1,1,1,13,4.845098040014256,100
17,0,1,0,1,9,4.9290355555420655,181
13,1,1,1,2,19,5.079181246047624,63
23,1,1,1,1,19,4.698970004336019,82
20,0,1,1,2,22,4.698970004336019,69
19,1,1,1,1,21,4.954242509439324,94
18,0,1,1,1,21,4.968482948553935,89
21,1,1,1,1,21,5.068185861746161,83
14,1,1,1,2,14,4.954242509439324,78
14,1,1,1,3,21,4.903089986991943,88
22,1,1,1,1,21,4.477121254719662,47
10,1,1,1,1,21,4.602059991327962,46
21,1,1,1,2,21,4.666115322770356,67
17,1,1,1,2,16,4.903089986991943,68
22,0,0,1,1,20,3.8450980400142565,84
22,0,0,1,1,16,4.929418925714292,99
24,0,1,1,1,19,4.845098040014256,126
23,0,1,1,1,21,4.7481880270062,74
18,0,1,1,2,19,4.954242509439324,89
23,1,1,1,1,21,4.602059991327962,67
17,1,1,1,2,19,4.778151250383643,68
21,0,1,1,1,19,4.845098040014256,89
17,0,1,1,2,16,5.230448921378273,68
24,0,1,1,1,21,4.544068044350275,74
19,0,1,1,2,22,5.079181246047624,74
14,0,1,1,4,22,5.079181246047624,53
12,0,1,1,2,22,5.243038048686294,138
13,0,1,1,3,22,5.079181246047624,54
18,0,1,1,2,16,5.033423755486949,67
20,0,1,1,1,13,4.845098040014256,62
17,0,1,0,2,19,4.7923916894982534,194
18,1,1,1,2,19,4.544068044350275,55
14,0,1,1,1,22,5.079181246047624,69
18,1,1,1,2,19,4.826074802700826,79
22,1,1,1,1,21,4.669660832034381,47
20,1,1,1,1,26,4.477121254719662,77
20,0,1,1,1,22,5.477121254719662,84
20,0,1,1,1,26,5.290034611362517,74
17,1,1,1,2,22,4.845098040014256,65
18,0,1,1,2,19,5.301029995663981,126
24,1,1,1,1,21,4.30102999566398,47
24,1,1,1,1,21,4.477121254719662,67
18,0,1,1,3,22,4.954242509439324,70
22,0,1,1,2,21,5.0,88
17,1,1,1,3,21,5.041582154141919,67
13,1,1,1,4,21,5.0413926851582245,67
3,1,1,1,2,21,5.2704179482457345,80
13,1,1,1,3,26,4.778151250383643,76
12,1,1,1,3,21,4.845098040014256,46
23,0,0,0,1,20,4.304727429383633,108
23,0,0,1,1,14,4.569970508234867,99
21,1,0,1,1,14,4.591064607026499,117
16,1,0,1,1,17,4.648360010980931,74
22,1,0,1,1,14,4.176091259055681,89
22,1,0,1,1,16,4.591064607026499,121
21,1,0,1,1,14,4.764631865023407,117
18,1,0,0,1,14,4.700452757399162,159
17,1,0,1,1,14,4.602059991327962,118
22,1,0,1,1,14,4.741632130791435,117
18,1,0,1,1,14,4.477121254719662,87
22,1,0,1,1,14,4.740362689494243,117
19,1,0,0,1,14,4.698970004336019,178
23,1,0,0,1,5,3.9030899869919433,178
24,1,0,1,1,19,4.146128035678237,121
21,1,0,1,1,14,3.9822259916746745,117
23,1,0,1,1,19,4.544068044350275,80
22,1,0,0,1,19,4.602059991327962,121
21,1,0,1,1,14,4.449648072585518,117
16,1,1,1,2,26,4.778151250383643,62
17,0,1,1,4,13,5.0,115
23,1,1,1,2,21,5.113943352306836,86
21,0,1,1,1,14,4.778151250383643,99
16,0,1,1,2,11,5.301029995663981,102
20,0,1,1,2,18,4.913813852383717,84
20,1,1,1,1,19,4.30102999566398,82
19,1,1,1,3,21,4.778151250383643,103
20,0,1,1,2,21,4.954242509439324,88
12,1,1,1,3,21,4.698970004336019,64
17,1,1,1,2,26,5.0,62
13,0,1,1,3,22,5.110589710299249,70
16,0,1,1,1,22,5.0,138
11,1,1,0,2,14,5.0,100
13,0,1,1,3,16,5.0413926851582245,68
14,0,1,1,2,26,5.0,148
23,1,1,1,1,19,4.30102999566398,82
17,0,1,1,1,26,4.602059991327962,148
24,1,1,0,1,21,4.477121254719662,67
21,1,1,1,1,22,4.3979400086720375,89
24,1,1,1,2,21,4.3979400086720375,67
17,1,1,1,2,22,4.3979400086720375,35
19,0,1,1,1,18,5.230448921378273,84
16,1,1,1,2,25,4.602059991327962,90
23,0,1,1,1,19,4.4471580313422185,89
17,0,1,1,1,19,5.0,126
18,1,1,1,3,22,4.907776702419327,89
18,0,1,1,1,16,5.287801729930226,68
24,0,1,1,1,16,4.812913356642856,99
15,0,1,1,2,21,5.0,75
19,0,1,1,1,13,5.079181246047624,140
24,0,1,1,2,22,4.929418925714292,108
17,0,1,1,2,19,5.107209969647868,126
12,1,1,1,2,14,4.845098040014256,100
10,1,1,1,2,14,5.079181246047624,90
19,0,1,1,3,20,5.0,84
25,0,1,0,1,7,4.30102999566398,113
24,0,1,1,1,16,4.3802112417116055,99
23,1,1,1,1,21,4.079181246047624,67
20,0,1,1,1,11,4.698970004336019,67
16,0,1,1,1,11,5.110589710299249,102
17,1,1,1,1,21,4.863322860120455,46
3,1,1,1,1,21,5.079181246047624,37
23,1,1,1,1,21,4.653212513775343,67
19,1,1,1,1,19,4.3979400086720375,83
23,1,1,1,1,21,4.903089986991943,67
14,1,1,1,1,19,5.281033367247727,62
19,1,1,1,2,21,4.698970004336019,67
20,0,1,1,2,19,4.903089986991943,89
19,1,1,1,1,19,5.0413926851582245,83
13,0,1,1,4,19,5.075546961392531,110
15,0,1,1,1,21,5.079181246047624,74
