year,fuel,seller_type,transmission,owner,brand,km_dr_gr,mpow_val
19,0,1,1,2,19,4.939519252618618,126
22,0,0,1,2,11,4.778151250383643,148
24,0,1,1,1,16,4.954242509439324,99
24,0,0,1,1,21,4.717670503002262,74
19,0,0,0,1,19,4.806179973983887,113
24,0,1,1,1,13,4.176091259055681,140
19,1,1,1,4,21,4.778151250383643,47
22,1,1,1,1,21,3.9956351945975492,67
24,1,1,1,1,21,4.0,83
13,1,1,1,2,21,5.0413926851582245,46
16,1,0,1,1,19,4.698970004336019,79
23,1,1,0,1,21,5.079181246047624,82
16,1,1,1,3,19,5.0253058652647695,79
18,1,0,1,1,14,4.6918326757250455,116
23,1,1,1,1,21,4.763427993562937,47
20,0,0,1,1,19,4.626463554010928,71
18,0,1,1,1,22,5.079181246047624,89
19,1,1,1,2,21,5.079181246047624,73
18,0,1,1,2,19,5.301029995663981,126
13,1,1,1,2,21,4.903089986991943,64
14,0,1,1,3,11,5.187520720836463,102
23,1,1,1,1,14,4.4471580313422185,117
23,0,1,1,2,13,4.6232492903979,140
14,0,1,1,3,22,4.778151250383643,70
16,1,1,0,3,19,5.0413926851582245,79
20,0,1,1,2,13,4.977723605288848,118
24,1,0,0,1,21,4.367355921026018,83
14,0,1,1,2,19,5.079181246047624,110
19,0,1,1,1,21,4.778151250383643,74
22,1,1,1,1,22,4.130333768495006,84
10,0,1,1,3,22,4.778151250383643,70
23,0,1,1,1,21,5.029383777685209,74
23,2,1,1,1,21,4.778151250383643,62
18,0,1,1,2,22,5.079181246047624,70
23,1,1,1,1,23,4.544068044350275,67
22,1,1,1,1,23,4.6232492903979,67
16,0,1,1,2,11,5.397940008672037,102
17,0,1,1,1,11,5.2944662261615925,102
16,0,1,1,3,21,4.806179973983887,74
12,1,1,1,2,14,5.079181246047624,78
19,0,1,1,2,19,4.845098040014256,89
19,1,1,0,2,18,4.954242509439324,100
20,0,1,1,2,13,4.903089986991943,62
4,1,1,1,3,21,4.903089986991943,60
11,0,1,1,3,13,5.477121254719662,63
15,1,1,1,2,19,4.845098040014256,79
16,2,1,1,2,21,5.230448921378273,33
21,0,1,1,1,19,4.845098040014256,71
22,0,1,1,1,19,4.602059991327962,89
16,1,1,1,1,19,5.0413926851582245,79
25,0,1,1,1,13,4.477121254719662,62
23,1,1,1,1,23,4.477121254719662,67
21,1,0,1,1,21,4.875061263391699,82
13,0,1,1,2,22,5.0413926851582245,54
15,0,1,1,2,22,4.778151250383643,53
22,1,1,1,1,21,4.176091259055681,47
24,1,1,1,1,16,4.113943352306836,95
19,0,1,1,1,17,4.903089986991943,74
25,1,1,1,1,23,4.0,67
22,0,1,1,1,13,5.079181246047624,63
23,0,0,1,1,21,4.845098040014256,88
18,0,1,0,2,26,4.698970004336019,184
21,0,1,1,1,14,5.0413926851582245,99
9,1,1,1,3,16,4.602059991327962,92
15,0,1,1,1,22,4.845098040014256,69
25,1,1,1,1,22,4.30102999566398,84
15,0,1,1,2,26,5.290034611362517,80
8,1,1,1,2,21,4.845098040014256,37
22,0,1,1,2,20,4.903089986991943,108
16,1,1,1,2,14,4.929418925714292,118
23,0,1,1,1,22,5.1760912590556805,154
14,0,1,1,2,22,5.253216812502129,138
21,0,1,1,1,19,5.161368002234974,126
18,0,1,1,1,21,5.198657086954422,74
20,1,0,1,1,19,4.857332496431268,82
17,0,1,1,2,19,5.195899652409233,126
22,1,1,1,2,21,4.845098040014256,34
23,0,0,0,1,21,4.477121254719662,74
18,0,1,1,1,13,4.698970004336019,112
19,0,1,1,2,21,5.079181246047624,89
18,1,1,1,2,16,4.929418925714292,70
18,1,1,1,1,14,4.778151250383643,87
22,0,1,1,1,13,5.0413926851582245,100
23,0,1,1,2,21,5.0,88
18,0,1,1,2,19,4.698970004336019,89
13,1,0,1,2,21,4.728451182944577,46
20,1,1,1,1,19,4.698970004336019,55
21,0,1,1,1,18,4.845098040014256,108
22,0,1,1,2,11,4.755112266395071,148
18,0,0,1,2,21,5.115197652539602,74
21,1,0,1,1,19,4.595650512251401,82
16,0,1,1,1,22,5.0413926851582245,71
22,1,1,1,2,21,4.698970004336019,47
22,1,1,1,1,21,4.602059991327962,67
12,1,1,1,1,21,4.954242509439324,46
17,0,1,1,2,13,5.0,63
20,0,1,1,2,21,5.079181246047624,74
26,1,1,1,1,22,3.6989700043360187,108
17,0,1,1,2,13,5.079181246047624,63
22,1,1,1,1,23,4.544068044350275,54
21,1,1,1,1,14,4.342422680822206,117
22,1,1,1,2,19,4.643452676486187,82
21,0,1,0,1,11,4.778151250383643,168
18,2,1,1,1,21,4.778151250383643,58
19,0,1,1,2,22,4.903089986991943,138
21,0,1,1,2,13,5.0413926851582245,118
17,0,1,1,2,13,5.146128035678237,115
24,1,1,1,1,14,4.477121254719662,89
20,1,1,1,2,19,4.812913356642856,55
17,1,1,1,2,22,4.954242509439324,64
25,1,1,1,1,16,4.0,95
19,0,1,1,1,17,4.903089986991943,74
19,1,1,1,1,21,4.544068044350275,47
15,1,1,1,1,21,4.826074802700826,67
23,0,1,1,1,22,4.698970004336019,74
13,0,1,1,4,19,5.079181246047624,110
20,0,0,1,1,14,4.857332496431268,99
20,0,1,1,1,13,4.8808135922807905,62
12,1,1,1,3,15,5.079181246047624,150
18,0,1,1,2,11,5.079181246047624,67
17,0,1,1,4,19,5.1760912590556805,90
21,1,1,1,1,19,4.954242509439324,82
24,0,1,1,1,21,4.472756449317212,88
19,1,1,1,1,19,4.602059991327962,79
19,1,1,1,2,21,4.633468455579586,67
19,1,1,1,1,19,4.602059991327962,79
16,1,0,1,1,17,4.648360010980931,74
21,0,1,1,2,14,4.698970004336019,99
19,0,1,1,1,13,4.716003343634799,100
19,0,1,1,3,13,4.845098040014256,140
14,0,1,1,1,22,5.0413926851582245,138
19,0,1,1,3,21,4.778151250383643,89
18,0,1,1,1,21,5.285557309007773,74
22,0,1,1,1,21,4.653212513775343,88
23,1,1,1,1,21,4.477121254719662,82
20,0,1,1,2,22,4.934498451243567,138
24,1,0,1,1,11,3.718418641829655,106
22,0,1,1,1,19,4.602059991327962,89
25,1,1,0,1,21,3.8750612633916997,82
24,0,1,1,1,19,4.698970004336019,89
20,0,1,1,1,11,5.164352855784436,67
20,2,1,1,1,21,4.954242509439324,63
17,0,0,1,2,16,4.741387992479268,68
23,1,1,1,1,19,4.477121254719662,82
12,0,1,1,2,21,5.0413926851582245,58
19,0,1,1,3,21,5.021189299069937,74
12,1,1,1,2,14,5.079181246047624,100
24,1,1,0,1,19,4.740362689494243,121
18,0,1,1,3,18,5.0413926851582245,85
16,0,1,1,2,21,5.130333768495006,75
23,1,1,1,1,19,4.3979400086720375,82
23,0,1,1,1,13,5.079181246047624,100
13,1,1,1,1,21,4.954242509439324,37
18,0,1,1,2,22,4.544068044350275,69
18,0,0,1,1,26,4.75100951133749,56
25,0,1,1,1,19,4.2922560713564755,89
24,1,1,0,1,19,4.0,68
16,0,1,1,3,13,5.477121254719662,63
21,0,1,1,1,19,4.903089986991943,126
17,0,1,1,3,13,5.079181246047624,63
12,1,1,1,2,21,4.954242509439324,67
18,0,1,1,2,20,5.0413926851582245,108
24,0,1,1,1,16,4.30102999566398,99
18,1,1,1,1,21,4.477121254719662,37
17,1,1,1,2,19,5.0413926851582245,68
22,1,1,1,1,21,4.176091259055681,67
17,0,1,1,2,22,4.954242509439324,69
23,2,1,1,1,21,5.146128035678237,62
21,0,1,1,1,19,5.0,89
19,0,1,1,1,13,4.778151250383643,120
17,1,1,1,1,14,4.544068044350275,118
19,0,1,1,2,17,4.903089986991943,138
15,0,1,0,2,9,4.778151250383643,181
19,0,1,0,2,19,5.079181246047624,126
21,1,1,1,1,19,4.778151250383643,82
19,1,0,1,1,19,4.568201724066994,79
17,0,1,1,2,21,5.27415784926368,75
21,1,1,1,1,14,4.602059991327962,117
21,1,1,1,1,23,4.903089986991943,67
24,1,1,1,1,21,4.477121254719662,47
23,1,1,1,1,22,4.3979400086720375,84
23,1,1,1,2,16,4.477121254719662,121
10,1,1,1,1,21,5.0413926851582245,67
14,1,1,1,1,19,4.602059991327962,62
22,0,1,1,1,13,5.079181246047624,77
21,0,1,1,1,11,4.778151250383643,87
22,1,1,1,2,21,4.531478917042255,91
22,0,0,0,1,19,4.887335930399166,126
20,1,1,1,1,21,4.012837224705172,47
16,0,1,1,2,19,5.0413926851582245,110
22,0,1,1,2,11,4.3979400086720375,148
22,0,1,1,1,21,4.919078092376074,88
19,1,1,1,2,19,4.875061263391699,55
17,0,1,1,2,22,5.235528446907548,53
19,0,0,1,1,16,4.838849090737255,67
21,0,1,1,3,11,5.110589710299249,87
20,0,1,1,3,13,5.477121254719662,120
19,0,1,1,1,21,5.079181246047624,74
25,1,1,0,1,19,4.176091259055681,82
22,0,0,1,1,19,4.897627091290441,126
11,0,1,0,2,8,5.079199341274056,198
14,1,1,1,2,21,4.903089986991943,37
21,1,1,1,1,22,4.3979400086720375,89
17,1,1,1,1,21,4.602059991327962,46
23,1,1,1,1,19,4.3979400086720375,68
24,1,1,1,1,22,4.875061263391699,84
20,0,1,1,2,13,4.903089986991943,140
18,0,1,1,3,21,5.0,89
19,1,1,1,1,26,4.662757831681573,85
23,0,1,1,1,21,5.079181246047624,88
21,0,1,1,1,20,4.778151250383643,84
22,0,1,1,1,21,4.954242509439324,88
22,1,1,1,1,21,4.3979400086720375,67
11,1,1,1,2,21,5.079181246047624,88
17,0,1,1,2,13,4.845098040014256,63
23,0,1,1,1,13,5.079181246047624,77
20,0,0,1,1,21,4.832508912706236,74
21,0,1,1,1,16,5.146128035678237,68
22,1,1,1,1,20,4.439332693830263,53
24,1,1,1,1,22,4.845098040014256,108
24,1,1,0,1,21,4.544068044350275,67
26,1,1,0,1,19,3.6989700043360187,82
24,1,1,1,1,19,5.079181246047624,82
23,1,1,1,1,23,5.146128035678237,67
25,0,1,1,3,16,4.477121254719662,99
18,0,1,1,2,21,5.0,74
18,0,1,1,2,11,5.352182518111363,100
24,1,1,1,1,20,4.698970004336019,67
19,0,0,0,1,13,5.068185861746161,184
18,0,1,1,2,19,4.954242509439324,89
18,1,0,1,1,21,4.750091642522122,86
23,1,1,1,1,21,4.103803720955956,67
18,1,1,1,1,21,4.30102999566398,67
15,0,1,1,2,13,4.845098040014256,63
18,0,1,1,1,21,4.832508912706236,74
23,1,1,1,1,21,4.30102999566398,47
21,1,0,1,1,14,4.764631865023407,117
22,0,1,1,1,19,4.903089986991943,126
18,1,1,1,2,21,4.845098040014256,67
18,2,1,1,1,19,5.079181246047624,55
22,0,0,0,1,15,4.944482672150168,104
20,1,1,1,1,21,4.903089986991943,82
24,0,0,1,1,21,4.591064607026499,74
16,0,1,1,1,11,5.3802112417116055,171
19,0,1,1,2,17,4.845098040014256,74
22,0,1,1,2,13,4.903089986991943,63
16,0,1,1,1,22,4.903089986991943,89
23,0,0,1,1,19,4.845098040014256,126
14,0,1,1,2,19,5.079181246047624,110
18,0,1,1,2,19,4.903089986991943,89
18,1,1,1,1,21,4.477121254719662,86
18,0,1,1,1,22,4.698970004336019,70
23,0,1,1,1,13,4.544068044350275,62
18,1,1,1,2,13,5.0413926851582245,75
18,0,1,1,4,22,5.079181246047624,84
22,1,1,1,1,19,4.7625435289079086,82
24,1,0,1,1,21,4.230448921378274,82
19,0,1,0,3,16,5.0413926851582245,156
25,1,1,1,1,19,4.267171728403013,68
22,1,0,1,1,16,4.591064607026499,121
19,0,1,1,1,22,4.954242509439324,69
24,1,0,1,1,20,4.340444114840118,53
23,0,1,1,1,20,4.812913356642856,108
23,0,1,1,1,21,4.875061263391699,74
25,1,0,1,1,19,3.6721902511882525,82
14,1,1,1,2,14,5.079181246047624,118
26,1,1,1,1,21,4.113943352306836,67
10,1,1,1,2,14,4.7923916894982534,90
17,0,1,1,1,22,5.079181246047624,89
14,1,1,1,1,19,5.281033367247727,62
12,1,1,1,3,21,4.903089986991943,67
6,1,1,1,4,21,5.255272505103306,60
23,1,1,1,1,21,4.954242509439324,82
19,0,1,1,1,26,4.778151250383643,74
24,0,1,1,1,13,4.060697840353611,100
23,1,1,1,2,21,4.30102999566398,67
18,1,1,1,1,21,4.903089986991943,67
15,1,1,1,1,21,5.079181246047624,86
18,0,1,1,2,13,5.079181246047624,120
21,1,1,1,2,21,4.602059991327962,67
16,0,1,1,2,22,5.0,75
22,1,0,1,1,21,4.778151250383643,67
25,1,1,1,1,22,4.0,84
22,1,1,1,1,19,4.230448921378274,55
16,1,1,1,1,19,4.690196080028513,80
9,1,1,1,3,21,4.812913356642856,67
13,0,1,1,3,22,5.110589710299249,70
24,1,1,0,1,21,4.3979400086720375,82
24,1,1,0,1,21,4.477121254719662,67
22,1,1,1,1,21,4.431363764158987,67
21,1,1,1,1,20,4.0,53
20,0,1,1,1,21,4.698970004336019,74
23,0,1,1,1,22,4.3979400086720375,108
17,1,1,1,2,26,4.602059991327962,62
16,1,1,1,2,14,5.079181246047624,118
13,1,1,1,4,21,5.0413926851582245,67
24,1,1,1,1,21,4.060697840353611,67
25,1,1,1,1,19,4.096910013008056,82
23,0,1,0,1,22,4.602059991327962,154
20,0,1,0,2,15,4.886490725172481,104
18,1,1,1,1,21,5.045322978786658,46
17,1,1,1,3,19,4.7923916894982534,94
24,1,1,0,1,23,4.30102999566398,67
3,1,1,0,4,21,4.973127853599698,85
20,0,1,1,1,22,5.46534864197411,138
18,2,1,1,2,21,4.91539983521227,38
21,1,1,1,1,19,4.602059991327962,55
17,1,1,1,1,21,5.0413926851582245,67
22,0,1,1,2,22,5.0413926851582245,69
18,0,0,1,2,16,4.903035696788497,67
22,1,1,1,1,13,5.0413926851582245,82
11,1,1,1,4,21,4.845098040014256,46
19,0,1,1,1,21,4.845098040014256,74
12,1,1,1,2,21,5.14921911265538,60
21,0,1,1,1,19,4.778151250383643,126
17,0,1,1,2,21,4.845098040014256,74
18,1,1,1,2,21,5.55630611987289,67
20,0,1,1,2,26,4.845098040014256,72
19,0,1,1,1,20,5.079181246047624,85
21,0,1,1,1,13,4.845098040014256,120
22,0,1,1,1,22,4.778151250383643,69
20,0,1,1,1,11,5.397940008672037,67
18,0,1,1,1,15,5.161368002234974,104
20,0,1,1,2,16,5.113943352306836,99
20,0,1,1,1,19,5.0253058652647695,126
20,0,1,1,2,21,4.778151250383643,89
14,1,1,1,2,21,4.602059991327962,37
23,1,1,1,1,21,4.477121254719662,67
20,0,1,1,1,17,4.954242509439324,104
24,1,1,1,1,19,4.0413926851582245,121
24,0,1,1,1,13,4.602059991327962,138
24,1,0,0,1,19,4.491361693834272,82
11,0,1,1,3,11,5.3802112417116055,102
14,0,1,1,2,27,4.778151250383643,52
22,0,1,1,1,19,4.477121254719662,70
23,1,0,1,1,14,4.633468455579586,117
21,0,1,1,1,19,4.698970004336019,126
25,0,1,1,1,22,4.3979400086720375,138
20,1,0,1,1,19,4.459392487759231,82
15,0,1,1,2,19,5.33041377334919,110
11,1,1,1,3,21,4.698970004336019,67
17,0,1,1,2,25,5.068185861746161,75
22,0,1,1,1,10,5.079181246047624,176
22,0,1,1,1,13,4.698970004336019,100
21,0,1,1,2,16,5.0413926851582245,99
23,1,1,1,2,19,4.6232492903979,68
19,0,1,1,2,22,5.079181246047624,84
14,1,1,1,1,14,4.875061263391699,78
23,1,1,1,1,21,5.356025857193122,91
18,1,1,1,1,14,4.414973347970817,87
21,1,1,1,3,23,4.544068044350275,67
21,1,1,1,1,19,4.556302500767287,82
23,1,1,1,2,21,4.698970004336019,47
24,0,1,1,1,18,4.477121254719662,83
25,1,0,0,1,14,3.8470788620657146,89
16,1,1,1,1,21,4.812913356642856,67
18,0,1,1,1,13,4.698970004336019,62
19,0,0,1,1,11,4.977723605288848,102
13,1,1,1,3,21,4.947923619831726,46
16,0,1,1,1,22,5.198657086954422,90
17,1,1,1,3,21,4.845098040014256,86
19,0,1,1,3,21,5.0,74
18,0,1,1,2,20,5.0,84
25,0,1,1,1,13,4.146128035678237,70
16,0,1,1,2,11,5.301029995663981,102
14,0,1,1,3,22,5.0413926851582245,120
19,0,1,1,2,13,4.903089986991943,140
24,1,1,1,2,21,4.845098040014256,82
24,1,1,1,1,14,4.008600171761917,118
24,1,0,1,1,14,4.460897842756547,117
19,0,0,1,2,21,4.826074802700826,74
20,1,0,1,2,19,4.60770158958106,83
18,1,1,1,1,21,4.954242509439324,67
24,0,0,1,1,13,4.3802112417116055,153
23,0,1,1,4,16,4.602059991327962,99
21,0,1,1,1,21,4.698970004336019,88
17,0,1,1,4,17,5.096910013008055,104
18,1,1,1,1,21,4.707570176097936,37
13,1,1,0,1,8,5.079181246047624,178
17,0,1,1,2,13,4.845098040014256,120
23,0,1,1,1,4,4.698970004336019,170
17,1,1,1,1,21,4.662757831681573,67
17,1,1,1,1,21,5.079181246047624,67
15,1,1,1,2,21,4.845098040014256,46
23,1,0,0,1,16,4.644212027590925,110
20,0,1,1,2,13,4.845098040014256,105
23,0,1,1,1,13,4.778151250383643,140
23,1,1,1,2,21,4.414973347970817,82
25,0,1,1,1,13,4.477121254719662,121
23,0,1,0,1,19,4.826074802700826,126
10,1,1,1,3,14,5.0413926851582245,100
12,1,1,0,2,21,5.0,64
20,0,1,0,1,0,4.707570176097936,271
22,0,1,1,3,21,4.778151250383643,74
22,1,1,1,2,21,4.903089986991943,83
20,0,1,1,2,21,4.903089986991943,74
18,1,0,1,1,21,3.929418925714293,82
18,0,1,1,1,17,4.780317312140151,74
25,1,1,1,1,14,4.544068044350275,89
22,1,1,1,1,19,4.698970004336019,68
23,0,1,1,1,13,4.778151250383643,100
23,1,1,1,1,23,4.477121254719662,54
25,1,0,0,0,14,4.395448712315872,139
20,0,1,1,1,20,5.123851640967085,108
22,0,1,1,1,16,4.477121254719662,99
23,1,0,1,1,19,4.459120968849541,82
22,1,1,1,1,20,4.30102999566398,53
19,0,1,1,2,22,5.0413926851582245,138
24,0,1,1,1,13,5.056904851336473,94
20,0,1,1,2,18,4.954242509439324,84
16,1,1,1,2,26,4.778151250383643,102
25,0,1,0,1,19,4.30102999566398,126
21,0,1,1,1,14,4.477121254719662,99
19,1,1,1,2,19,4.633468455579586,83
22,0,0,1,1,16,4.655301744947293,99
19,1,1,1,3,21,5.0,73
16,1,1,1,1,16,4.477121254719662,70
17,1,1,1,2,21,4.698970004336019,73
16,1,1,1,1,22,4.681241237375587,65
23,1,1,1,2,21,4.77451696572855,67
18,1,1,1,2,14,4.986771734266244,87
17,0,1,1,2,13,5.113943352306836,112
18,0,1,1,3,26,5.0,58
17,1,1,1,1,11,4.845098040014256,89
16,0,1,1,3,21,5.113943352306836,75
17,0,1,1,3,16,5.012837224705172,68
21,0,1,1,1,16,4.778151250383643,99
17,0,1,1,1,21,4.857332496431268,74
21,0,1,1,2,13,4.4471580313422185,140
23,1,1,1,1,21,4.633468455579586,83
26,1,1,1,2,16,3.6989700043360187,95
26,1,0,0,1,3,3.2041199826559246,141
22,1,1,1,1,19,4.602059991327962,82
24,1,1,0,1,19,4.30102999566398,99
16,0,1,1,2,13,5.406540180433955,95
21,0,1,1,1,13,4.845098040014256,120
24,0,1,1,1,21,4.602059991327962,88
19,0,1,1,1,21,5.1760912590556805,74
24,1,1,1,1,19,4.30102999566398,82
25,0,1,1,1,21,4.431363764158987,74
24,1,1,1,1,19,4.176091259055681,121
23,0,1,1,1,17,4.869231719730975,109
18,1,1,1,1,22,4.079181246047624,64
23,1,1,1,1,19,5.0,55
21,0,1,1,1,13,4.954242509439324,75
18,0,1,1,1,22,4.954242509439324,138
23,0,1,1,1,14,5.079181246047624,99
18,0,1,1,3,19,5.079181246047624,126
20,0,1,1,1,22,4.954242509439324,69
14,1,1,1,2,21,5.290034611362517,46
18,1,1,1,2,18,4.845098040014256,98
18,0,1,1,2,22,5.364434667646853,75
17,0,1,1,2,19,5.107209969647868,126
15,0,1,1,3,21,5.1760912590556805,74
16,0,1,1,2,19,4.954242509439324,90
15,1,1,1,2,21,4.778151250383643,67
22,1,1,1,1,16,4.643452676486187,87
23,1,1,1,1,19,4.30102999566398,82
25,1,1,1,1,23,3.1139433523068365,67
17,1,1,1,2,19,4.778151250383643,79
19,1,1,1,3,19,4.875061263391699,82
13,0,1,1,2,19,5.0413926851582245,110
19,1,0,1,1,19,4.551230355342971,83
24,0,0,1,1,16,4.547503955893324,99
23,0,0,1,1,14,4.591064607026499,99
24,1,1,1,1,14,4.544068044350275,89
23,1,1,0,1,21,4.602059991327962,82
21,0,1,1,1,21,4.954242509439324,89
18,0,1,1,3,22,4.954242509439324,138
19,1,1,1,2,19,4.602059991327962,55
21,0,1,1,1,19,5.079181246047624,71
23,1,1,1,1,20,3.6989700043360187,53
11,1,1,0,2,14,4.903089986991943,218
17,0,1,1,3,11,5.477121254719662,102
25,1,1,1,1,19,4.954242509439324,82
21,1,1,1,1,14,4.3560258571931225,89
19,0,1,1,1,19,5.079181246047624,126
17,1,1,1,2,21,4.954242509439324,66
23,0,1,1,1,21,4.724275869600789,88
23,1,1,1,1,19,4.3524140800906705,82
19,0,1,1,1,26,4.698970004336019,58
24,1,1,1,1,21,4.3979400086720375,103
17,1,1,1,1,21,4.8095597146352675,67
23,0,1,1,1,14,4.477121254719662,98
15,0,1,1,2,26,5.361727836017593,72
24,0,1,1,1,16,4.778151250383643,99
23,1,1,1,1,19,4.845098040014256,82
21,1,1,1,1,21,4.954242509439324,94
23,1,1,0,1,19,4.0,82
10,1,1,1,2,19,5.0413926851582245,94
13,0,1,1,3,13,5.079181246047624,63
22,1,1,1,1,21,4.30102999566398,91
16,0,1,1,4,26,5.423245873936807,80
22,0,1,1,1,19,4.973127853599698,126
23,0,1,1,1,21,4.477121254719662,74
20,0,1,1,1,14,5.204119982655924,99
21,1,0,1,1,14,4.683299252239659,89
19,0,1,1,1,22,4.903089986991943,69
16,1,1,1,1,26,4.799340549453581,79
24,1,1,1,1,21,4.0,83
22,0,1,1,1,13,4.763427993562937,120
21,0,1,1,1,21,4.778151250383643,74
12,1,1,0,1,19,5.079181246047624,127
21,0,1,1,1,11,4.845098040014256,101
18,1,1,1,1,17,4.903089986991943,74
21,0,1,1,1,16,4.954242509439324,99
23,0,0,0,1,11,4.7923916894982534,172
23,0,0,1,1,16,4.806057811480944,90
18,1,1,1,1,21,4.602059991327962,67
19,0,1,1,1,13,4.8808135922807905,62
24,0,1,1,1,16,4.903089986991943,99
25,1,1,1,1,19,3.9030899869919433,82
25,1,1,1,1,20,4.954242509439324,67
19,0,1,1,2,13,4.903089986991943,62
23,1,1,1,2,19,4.30102999566398,55
24,0,1,1,1,13,4.778151250383643,75
19,1,1,1,2,26,5.0413926851582245,85
24,0,1,1,1,22,4.146128035678237,108
13,1,1,1,2,21,5.003245054813147,88
24,0,1,1,1,21,4.7923916894982534,74
22,1,1,1,1,19,4.3979400086720375,82
24,0,1,1,1,16,4.903089986991943,99
23,0,1,1,1,21,4.785329835010767,74
15,1,1,0,2,14,5.079181246047624,159
16,1,1,1,1,21,4.806179973983887,46
18,0,1,1,1,16,4.732393759822968,68
13,0,1,1,1,11,5.230448921378273,102
25,0,1,0,2,13,4.3979400086720375,153
22,0,1,1,1,26,5.0,72
20,0,1,1,2,14,5.0,99
20,0,1,1,1,21,4.954242509439324,74
25,1,1,0,1,22,3.408239965311849,84
17,0,1,1,2,21,4.929418925714292,89
17,0,1,1,2,13,5.0,64
21,0,1,1,1,21,4.903089986991943,89
13,0,1,1,2,15,5.301029995663981,122
21,0,1,1,1,21,4.903089986991943,74
14,0,1,1,1,22,4.903089986991943,68
21,1,1,1,1,23,4.778151250383643,67
16,0,1,1,1,11,5.523746466811564,102
19,0,1,1,1,21,5.079181246047624,74
23,1,1,1,1,19,4.477121254719662,82
23,1,1,1,1,16,4.903089986991943,87
20,1,1,1,1,19,4.3979400086720375,82
17,1,1,1,1,19,4.903089986991943,68
22,1,0,1,1,20,4.824080253393191,53
20,0,1,1,1,16,4.681241237375587,99
20,1,1,1,1,21,4.3979400086720375,86
18,0,1,1,1,17,5.301029995663981,74
24,1,1,1,1,21,4.0,47
19,0,1,0,3,2,4.88930170250631,188
17,0,1,1,1,22,5.079181246047624,138
16,2,1,1,2,19,4.903089986991943,62
19,0,1,1,2,19,4.724275869600789,89
20,0,0,1,1,20,4.602059991327962,84
11,1,1,1,4,19,5.079181246047624,83
13,1,1,1,2,19,4.875061263391699,63
17,0,1,1,1,19,5.184691430817598,126
23,1,1,1,1,22,5.079181246047624,89
22,1,1,1,3,20,4.477121254719662,53
21,1,1,1,2,21,5.079181246047624,73
22,0,1,1,1,21,4.544068044350275,74
23,1,1,1,1,22,4.602059991327962,84
14,1,1,1,2,21,4.0,37
18,0,1,1,1,19,5.079181246047624,126
22,0,1,1,1,19,4.698970004336019,126
22,0,1,1,1,19,4.544068044350275,89
21,0,1,1,1,21,4.857332496431268,74
3,1,1,1,2,21,5.079181246047624,37
11,1,1,1,4,21,5.0,46
20,1,1,1,3,21,4.903089986991943,94
13,1,1,1,2,21,4.778151250383643,46
21,0,1,1,1,22,4.544068044350275,89
23,1,1,1,1,21,4.662757831681573,83
22,0,1,1,1,13,5.1760912590556805,63
16,1,1,1,1,21,4.544068044350275,46
10,1,1,1,2,21,5.342422680822206,37
18,0,1,1,3,21,4.845098040014256,74
22,1,1,1,2,21,4.602059991327962,91
16,0,1,1,1,16,5.079181246047624,68
17,1,1,1,1,21,4.903089986991943,67
23,0,1,1,1,21,5.079181246047624,74
19,1,1,1,2,19,5.079181246047624,62
13,0,1,1,3,11,5.301029995663981,102
21,2,1,1,2,22,4.778151250383643,55
0,1,1,1,1,21,4.778151250383643,37
19,0,1,1,2,11,4.903089986991943,101
22,0,0,1,1,22,4.799340549453581,84
23,1,1,1,1,20,4.477121254719662,67
22,0,1,1,1,13,4.90036712865647,120
23,0,1,1,2,13,4.778151250383643,70
23,1,1,1,1,21,4.602059991327962,82
25,1,1,1,1,19,4.176091259055681,121
19,0,1,0,2,9,5.146128035678237,184
17,0,1,1,2,26,5.075546961392531,124
21,0,1,1,2,21,5.146128035678237,74
15,1,1,1,2,14,5.096910013008055,130
20,0,1,1,2,13,5.222716471147582,63
19,0,1,1,1,14,5.0,99
14,1,1,1,4,21,4.903089986991943,67
21,0,1,1,1,21,4.477121254719662,74
25,1,0,1,1,18,4.061942292028086,105
18,2,1,1,1,21,4.845098040014256,58
17,0,1,1,2,13,4.7558748556724915,64
22,0,1,1,1,21,5.079181246047624,88
16,1,0,1,1,21,4.667761052564345,67
17,1,1,1,2,14,4.954242509439324,118
16,0,1,1,2,11,5.096910013008055,171
15,0,1,1,3,21,5.079181246047624,74
22,0,1,1,1,17,4.698970004336019,89
13,0,1,1,3,22,5.0413926851582245,62
13,1,1,1,3,26,4.778151250383643,76
23,0,1,1,1,21,4.708811674297328,88
24,1,1,1,1,19,4.602059991327962,82
18,0,1,1,1,13,5.079181246047624,120
19,0,1,1,1,22,5.123851640967085,138
12,1,1,1,2,14,5.0413926851582245,78
23,1,1,1,1,16,4.3979400086720375,87
23,1,1,1,1,21,4.59659709562646,82
21,1,1,1,1,26,4.903089986991943,82
22,0,1,1,1,19,5.079181246047624,71
21,0,0,1,1,13,4.591064607026499,140
24,1,1,1,1,19,4.142608435502472,121
24,1,1,1,1,19,4.6232492903979,82
21,0,1,1,2,13,4.903089986991943,62
23,0,1,1,1,21,4.716003343634799,88
22,1,1,1,1,21,4.602059991327962,83
21,1,1,1,1,18,4.903089986991943,67
23,1,1,1,1,21,4.3979400086720375,47
21,1,1,1,1,21,4.698970004336019,83
11,0,1,1,3,16,5.079181246047624,68
14,0,1,1,2,13,5.079181246047624,63
16,0,1,1,2,11,5.1760912590556805,171
21,1,1,1,1,19,4.968482948553935,82
22,1,0,0,1,19,4.857332496431268,82
22,0,1,1,1,21,5.322219294733919,74
15,1,0,1,1,14,4.7347198416556795,118
17,1,1,1,1,19,4.477121254719662,68
18,0,1,1,1,22,5.269512944217916,70
17,0,1,1,3,26,4.997823080745725,148
23,0,1,1,1,16,5.053078443483419,99
22,0,1,1,1,22,4.845098040014256,69
15,1,1,1,1,21,4.698970004336019,46
24,1,1,1,1,20,4.30102999566398,67
24,0,1,1,1,4,4.903089986991943,170
18,0,1,1,1,15,5.146128035678237,104
22,0,1,1,1,13,5.079181246047624,100
9,0,1,1,4,19,5.079181246047624,82
25,1,1,1,1,19,4.113943352306836,82
16,1,1,1,1,14,4.897627091290441,116
23,1,1,1,1,22,4.0,84
12,1,1,1,2,21,5.0,46
16,0,1,1,2,21,5.079181246047624,74
25,1,1,1,1,21,4.0,82
21,1,1,1,3,21,4.30102999566398,47
23,1,1,1,2,22,4.579783596616809,84
22,0,1,1,1,21,5.117639129820473,74
16,1,1,1,1,21,4.564180613915743,46
23,0,1,1,1,21,4.698970004336019,88
17,0,1,1,2,21,5.0,74
15,1,1,1,1,21,5.0413926851582245,105
16,0,1,1,3,26,5.079181246047624,148
23,0,1,1,1,13,4.698970004336019,77
15,0,1,1,1,21,4.954242509439324,74
21,0,0,1,1,11,4.974902980157727,101
23,1,0,1,1,21,4.505149978319905,35
24,1,1,0,1,11,4.3979400086720375,106
18,0,1,1,1,13,4.8808135922807905,62
17,0,1,1,1,13,5.0,62
18,0,1,1,1,22,4.778151250383643,69
19,0,1,1,1,22,5.0,69
13,0,1,1,1,22,4.698970004336019,53
24,0,1,1,1,21,4.698970004336019,74
24,1,1,1,1,13,4.711739760580296,82
25,1,1,1,1,19,4.30102999566398,82
16,0,1,1,1,22,5.146128035678237,75
19,0,1,1,2,16,4.778151250383643,90
17,0,1,1,1,16,4.903089986991943,68
25,1,1,0,1,11,4.0,82
24,1,1,1,2,21,4.0,83
21,1,0,1,1,14,4.591064607026499,117
21,0,0,1,1,19,4.857332496431268,89
21,1,1,1,1,22,5.0413926851582245,89
18,0,1,1,3,16,5.079181246047624,67
22,0,1,1,1,11,4.954242509439324,101
21,0,1,1,3,21,4.778151250383643,88
19,0,1,1,2,22,4.954242509439324,70
21,0,0,1,1,21,4.7558748556724915,88
24,1,1,1,1,23,4.278753600952828,67
11,1,1,1,2,21,4.653212513775343,46
21,0,1,1,2,26,4.903089986991943,74
20,1,1,1,1,21,4.690417602339822,73
21,1,1,1,2,19,4.531478917042255,55
16,1,1,1,1,21,4.763427993562937,46
24,1,0,1,1,19,3.8450980400142565,68
24,0,1,1,2,21,4.7558748556724915,88
20,0,1,0,1,19,5.096910013008055,126
22,0,1,1,1,13,5.079181246047624,62
18,0,1,1,2,21,4.7481880270062,74
24,0,0,1,1,21,4.923471989301968,88
23,0,1,1,1,19,4.913813852383717,89
21,1,1,1,3,21,4.845098040014256,67
18,1,1,1,3,21,5.0413926851582245,67
16,1,0,0,1,19,4.776221597616024,79
25,1,1,1,1,20,4.3979400086720375,53
14,0,1,1,2,21,4.903089986991943,74
19,0,1,1,2,24,5.301029995663981,75
21,0,1,1,2,13,5.079181246047624,140
24,0,1,1,1,14,4.176091259055681,99
16,1,1,1,1,21,4.591064607026499,65
19,0,1,1,2,13,4.845098040014256,140
16,1,1,1,2,21,4.845098040014256,67
22,0,1,1,1,25,5.0,92
20,1,1,1,2,21,4.477121254719662,47
24,0,1,1,1,19,4.602059991327962,126
18,0,1,1,1,21,5.0,74
21,1,1,1,1,21,4.342422680822206,47
25,1,1,0,1,21,4.0,83
21,1,1,1,2,16,4.30102999566398,110
20,0,1,1,2,16,4.602059991327962,141
20,0,1,1,3,21,4.845098040014256,74
22,1,1,1,1,21,4.698970004336019,67
20,0,0,1,1,21,5.008600171761917,94
15,1,1,1,2,19,4.95095843875273,80
16,1,1,1,2,14,4.959041392321093,118
17,1,1,1,1,26,4.778151250383643,79
26,1,1,1,1,19,2.9999999999999996,68
22,1,1,1,1,21,4.602059991327962,47
21,1,1,1,1,21,4.56348108539441,82
15,0,1,1,3,21,4.929418925714292,74
17,1,1,1,2,18,4.672097857935717,98
17,0,1,1,2,21,4.954242509439324,74
24,0,1,1,1,16,4.322219294733919,99
11,0,1,1,2,11,5.301029995663981,102
11,0,1,1,2,19,5.301029995663981,82
11,1,1,1,2,21,4.903089986991943,67
21,1,1,1,2,23,4.778151250383643,67
18,0,1,1,1,16,5.230448921378273,141
19,0,1,1,1,18,5.079181246047624,85
24,0,1,1,1,21,5.0,74
15,1,1,1,1,21,4.778151250383643,66
19,0,1,1,1,25,5.123851640967085,75
19,1,1,1,1,21,4.3979400086720375,67
21,0,1,1,3,14,4.845098040014256,99
22,0,1,1,1,19,4.3979400086720375,89
16,1,1,1,2,11,4.903089986991943,132
17,0,1,1,4,21,4.954242509439324,74
19,0,1,1,1,22,4.903089986991943,69
23,0,1,0,2,19,4.778151250383643,126
12,1,1,1,2,21,5.225309281725862,67
20,0,1,1,1,21,4.176091259055681,74
21,0,1,1,1,26,5.2944662261615925,72
24,0,1,1,1,21,4.544068044350275,74
25,1,1,0,1,21,4.146128035678237,67
16,1,1,0,1,21,4.477121254719662,103
18,0,0,1,1,13,4.968482948553935,140
16,0,1,1,2,21,5.079181246047624,74
18,0,1,1,2,21,4.982271233039568,89
16,0,1,1,2,19,4.845098040014256,110
20,0,1,1,2,13,4.698970004336019,62
17,0,1,1,1,22,5.079181246047624,70
17,1,1,1,3,21,5.041582154141919,67
25,1,1,0,1,19,3.8450980400142565,82
16,1,1,1,3,21,5.079181246047624,35
21,1,0,1,1,21,5.177669220818517,82
19,1,1,1,2,21,5.1760912590556805,86
17,2,1,1,1,19,4.845098040014256,62
21,1,1,1,1,21,4.732393759822968,67
21,0,1,1,2,21,4.832508912706236,89
17,0,1,1,1,18,4.698970004336019,63
19,0,1,1,1,21,4.903089986991943,74
15,0,1,1,2,13,4.954242509439324,112
17,0,1,1,2,22,5.301029995663981,71
20,0,1,1,1,19,5.0413926851582245,89
17,1,1,1,2,19,4.903089986991943,103
19,1,1,1,3,21,4.954242509439324,94
25,0,1,1,1,21,4.30102999566398,74
12,1,1,1,2,21,4.778151250383643,46
16,1,1,1,2,16,4.903089986991943,70
23,1,0,0,1,21,4.42543639540901,82
15,1,1,1,4,21,5.079181246047624,67
18,1,1,1,1,19,4.477121254719662,79
20,0,1,1,1,19,5.0,70
15,0,1,1,1,21,4.845098040014256,74
21,1,1,1,1,21,4.423245873936808,47
23,0,0,1,1,21,4.714136883464824,88
17,0,1,1,2,26,4.903089986991943,148
15,0,1,1,1,13,5.477121254719662,112
16,0,1,1,1,13,5.130333768495006,112
24,0,1,1,1,13,4.778151250383643,70
21,1,0,0,1,16,4.849235091314722,110
17,1,1,1,1,22,4.544068044350275,90
22,0,1,1,2,21,4.778151250383643,74
23,1,1,1,1,21,4.30102999566398,82
20,1,1,1,2,19,4.845098040014256,55
18,0,1,1,1,17,5.301029995663981,104
20,1,1,1,1,19,3.371067862271736,55
15,0,1,1,1,13,5.079181246047624,63
19,0,1,1,1,19,4.838849090737255,89
18,0,1,1,2,18,5.220108088040055,63
17,2,1,1,1,21,4.845098040014256,58
26,1,1,1,2,19,4.845098040014256,82
23,0,1,1,1,13,4.903089986991943,77
23,0,1,1,1,4,4.698970004336019,170
21,0,1,1,1,21,5.079181246047624,74
15,0,1,1,1,19,4.602059991327962,90
13,0,1,0,2,9,4.778151250383643,258
18,0,1,1,3,16,5.0226675178648135,67
22,1,1,1,1,19,4.602059991327962,82
18,0,1,1,4,22,4.903089986991943,69
16,1,1,1,3,14,5.0,118
17,0,1,1,2,22,4.954242509439324,118
16,1,1,1,1,21,4.961421094066448,46
26,0,1,1,1,13,4.6499673383248235,77
20,0,1,1,1,13,5.0413926851582245,63
23,0,0,1,1,11,4.556302500767287,148
24,0,1,1,1,21,4.3979400086720375,88
16,0,1,1,2,16,5.0413926851582245,68
21,0,1,1,1,14,4.3979400086720375,99
16,1,1,1,2,26,5.0,62
23,0,1,1,1,21,4.602059991327962,74
19,0,1,1,3,21,5.079181246047624,89
20,1,1,1,1,19,4.0,82
23,1,1,1,2,21,4.845098040014256,91
23,0,1,1,1,19,5.0413926851582245,89
18,0,1,1,1,13,4.875061263391699,62
24,0,0,1,1,21,4.698970004336019,88
26,1,1,1,1,21,4.477121254719662,47
23,1,1,1,1,22,4.414973347970817,84
16,0,1,1,2,19,4.903089986991943,110
25,1,1,1,1,17,3.6989700043360187,75
15,1,1,1,2,21,5.1760912590556805,67
21,1,1,1,1,22,4.3979400086720375,38
23,1,1,1,2,20,4.217483944213906,67
9,0,1,1,1,13,4.991226075692494,120
22,0,0,0,1,6,5.08278537031645,161
23,0,1,1,1,13,4.544068044350275,105
23,0,1,1,1,21,4.30102999566398,74
18,0,1,1,1,21,5.079181246047624,74
22,1,1,1,1,21,4.602059991327962,47
21,0,1,1,1,13,4.6127838567197355,140
8,0,1,1,1,11,5.462397997898956,75
15,1,1,1,1,19,5.0,80
18,0,1,1,1,16,4.778151250383643,67
26,1,1,1,1,21,4.845098040014256,88
24,1,1,1,1,13,4.778151250383643,82
25,0,1,1,1,19,4.431363764158987,89
16,0,1,1,3,21,5.0413926851582245,75
12,0,1,1,1,11,5.42160392686983,102
19,1,1,1,1,19,4.7558748556724915,55
25,1,1,1,1,22,4.146128035678237,84
18,0,1,1,1,11,5.079181246047624,102
18,1,1,1,2,22,4.4471580313422185,38
22,0,1,1,1,14,4.858013563184616,99
24,1,1,1,1,16,4.954242509439324,121
23,1,1,1,1,14,4.845098040014256,117
19,0,1,1,1,25,4.916453948549925,75
18,1,1,1,1,19,4.653212513775343,79
23,0,1,1,1,19,5.269512944217916,126
22,0,1,1,2,21,5.079181246047624,74
22,1,1,1,1,21,4.537819095073274,67
19,0,0,1,1,11,4.99563519459755,100
23,1,1,1,1,19,4.698970004336019,55
20,0,1,1,2,13,4.954242509439324,140
13,1,1,1,2,21,4.845098040014256,67
23,0,1,1,2,21,4.531478917042255,74
19,1,1,1,1,21,4.954242509439324,67
21,1,1,1,1,14,4.903089986991943,117
20,1,1,1,1,21,4.698970004336019,86
24,0,1,1,1,21,4.176091259055681,88
24,1,1,1,1,21,4.3979400086720375,82
21,0,1,1,2,21,4.845098040014256,74
19,0,1,1,1,13,5.204119982655924,62
1,1,1,1,1,21,4.845098040014256,37
24,1,1,1,2,21,4.342422680822206,103
17,0,1,1,2,16,5.113943352306836,68
13,1,1,1,2,22,5.0413926851582245,127
20,0,1,1,2,19,4.903089986991943,89
23,0,1,1,2,21,4.698970004336019,74
21,1,0,1,1,21,4.4471580313422185,82
22,0,1,1,1,13,4.544068044350275,62
19,0,1,1,2,21,4.8808135922807905,74
18,0,1,1,2,21,4.845098040014256,74
19,1,1,1,1,19,4.602059991327962,55
21,1,0,1,1,18,4.561363790034283,75
21,1,0,1,1,21,4.833803478099158,67
22,0,1,1,1,26,5.296665190261531,74
18,1,0,1,1,19,4.649217992456271,55
24,0,0,0,1,21,4.204119982655924,74
17,0,1,1,2,17,4.903089986991943,104
19,0,1,1,3,19,5.322219294733919,89
22,0,1,1,1,19,5.0413926851582245,71
25,0,1,1,1,21,4.176091259055681,88
23,1,1,1,1,19,3.6989700043360187,82
16,1,1,1,2,21,5.081347307804132,67
20,0,1,1,2,22,4.88930170250631,138
18,0,1,1,2,20,5.021189299069937,108
20,0,1,1,1,26,5.0413926851582245,72
22,0,1,1,1,21,4.525044807036845,88
20,1,1,1,1,21,4.602059991327962,34
18,1,1,1,1,21,4.845098040014256,46
19,0,0,1,1,19,4.903089986991943,113
14,0,1,1,2,15,5.0413926851582245,106
18,0,1,1,1,22,4.903089986991943,138
16,0,1,1,2,21,5.0413926851582245,74
20,0,1,1,3,13,5.079181246047624,62
22,0,1,1,2,13,4.954242509439324,62
24,1,1,1,1,21,4.3979400086720375,82
18,0,1,1,3,21,5.0,74
17,1,0,1,1,14,4.602059991327962,118
19,0,1,1,1,21,4.778151250383643,89
24,0,1,0,1,21,4.954242509439324,74
22,1,1,1,1,19,4.3979400086720375,121
17,0,1,1,1,13,5.332438459915605,64
23,1,1,1,1,20,4.602059991327962,53
10,1,1,1,2,21,4.255272505103306,37
18,0,1,1,2,22,4.845098040014256,84
24,0,1,1,1,16,4.3802112417116055,99
15,1,1,1,2,19,4.724275869600789,79
18,1,1,1,2,19,4.6127838567197355,79
18,1,1,1,1,18,4.698970004336019,98
20,1,1,1,1,19,4.523746466811564,106
20,0,1,1,2,15,5.079181246047624,104
21,0,1,1,1,21,5.0,74
24,1,1,1,2,19,4.30102999566398,82
16,0,1,1,2,22,5.27415784926368,89
23,0,1,1,1,19,4.544068044350275,126
23,1,0,1,1,21,4.903089986991943,82
23,0,1,1,1,16,4.176091259055681,99
19,1,1,1,2,19,4.698970004336019,55
24,0,1,1,1,13,4.462397997898956,153
17,1,1,1,1,18,4.982271233039568,98
18,1,1,1,3,19,4.30102999566398,68
25,1,0,1,1,19,3.973127853599698,82
21,1,1,0,1,19,4.698970004336019,82
21,0,1,1,1,26,4.845098040014256,72
18,1,1,0,1,11,5.0,138
23,1,1,1,1,21,4.698970004336019,83
25,1,1,1,1,21,4.0,83
16,0,1,1,3,13,5.220108088040055,120
19,0,1,1,1,13,5.0413926851582245,62
23,1,1,1,1,22,4.6232492903979,84
17,0,1,1,2,21,5.079181246047624,74
24,1,1,1,1,19,4.3979400086720375,68
22,0,1,1,2,13,5.0,77
21,0,1,1,2,11,5.079181246047624,101
15,1,1,1,3,21,4.778151250383643,86
24,1,1,1,1,19,4.778151250383643,121
23,0,1,1,3,21,4.89209460269048,88
22,1,1,1,2,20,4.653212513775343,53
21,0,1,1,1,21,5.0413926851582245,74
22,1,1,1,1,21,4.954242509439324,34
19,1,1,1,2,19,5.079181246047624,83
22,0,1,1,2,21,4.845098040014256,74
20,0,1,1,1,13,5.262451089730429,63
13,0,1,0,4,9,5.0413926851582245,181
23,1,1,1,1,21,4.266795959846667,82
18,1,1,1,2,21,5.049404109003916,86
25,1,1,1,1,20,4.079181246047624,72
23,1,1,1,1,21,4.30102999566398,67
21,1,1,1,1,21,5.079181246047624,67
22,0,1,1,1,17,4.845098040014256,88
21,1,1,1,1,18,4.602059991327962,102
22,0,1,1,1,21,4.845098040014256,74
20,0,1,1,1,21,4.812913356642856,74
23,0,1,1,2,21,5.0413926851582245,74
18,0,1,1,2,13,5.079181246047624,140
15,1,1,1,3,21,5.146128035678237,66
20,0,1,1,2,21,4.845098040014256,74
13,1,1,1,1,21,4.778151250383643,46
25,1,1,1,1,21,3.6989700043360187,83
22,1,1,1,2,21,4.698970004336019,47
20,0,1,1,1,21,4.903089986991943,74
25,1,1,1,1,19,3.602059991327962,68
22,0,1,1,1,19,5.0,89
23,1,1,1,2,13,4.30102999566398,82
23,0,1,1,1,13,4.602059991327962,77
23,0,1,1,1,13,4.954242509439324,70
20,1,1,1,1,18,4.477121254719662,67
16,0,1,1,1,22,5.397940008672037,138
18,1,1,1,1,21,4.838849090737255,86
22,0,1,1,1,13,5.004321373782642,105
22,0,1,1,1,19,4.778151250383643,126
23,1,1,1,1,16,4.698970004336019,87
23,1,1,1,1,21,4.602059991327962,67
16,0,1,1,1,22,5.079181246047624,90
23,0,0,1,1,21,4.8808135922807905,88
21,0,1,1,1,19,4.866287339084194,126
25,1,1,1,1,19,4.30102999566398,82
21,0,1,1,2,11,4.89209460269048,168
26,1,1,1,1,19,4.505149978319905,82
22,0,1,0,1,19,5.079181246047624,126
14,0,1,1,2,21,5.0,75
20,0,1,1,1,11,5.1760912590556805,168
5,1,1,1,4,21,4.778151250383643,60
19,0,0,0,1,8,4.770852011642144,170
19,0,0,1,1,14,4.814813408448835,99
22,0,1,0,2,8,4.602059991327962,134
20,1,1,1,1,21,4.698970004336019,86
23,1,1,1,2,19,4.176091259055681,55
17,0,1,1,1,22,4.903089986991943,71
23,0,1,1,2,14,4.778151250383643,99
16,1,1,1,3,21,5.079181246047624,67
21,1,1,1,2,21,4.602059991327962,47
22,0,1,1,1,13,4.95990911385232,62
23,0,1,1,1,21,4.724275869600789,88
21,0,1,1,1,17,4.903089986991943,89
17,1,1,1,4,19,4.778151250383643,62
21,0,1,1,1,19,4.602059991327962,126
16,0,1,1,1,11,5.079181246047624,102
14,0,1,1,1,11,5.414973347970817,102
16,0,1,1,2,16,5.0,68
15,1,1,1,1,21,4.778151250383643,67
24,0,1,1,1,21,4.544068044350275,74
15,0,1,1,2,22,5.0413926851582245,71
11,1,1,1,2,22,4.869231719730975,85
21,1,1,1,2,21,4.698970004336019,67
18,0,1,1,2,22,5.278753600952829,69
23,1,1,1,1,22,4.778151250383643,84
10,1,1,1,1,21,4.698970004336019,37
17,1,1,1,2,21,4.8808135922807905,67
24,0,1,1,1,19,4.602059991327962,89
21,0,1,1,1,14,5.0,99
22,1,1,1,1,23,4.278753600952828,67
18,0,1,1,3,13,4.903089986991943,140
21,1,1,1,3,11,5.0413926851582245,89
16,0,1,1,2,22,5.0,90
14,0,1,1,4,21,4.954242509439324,74
18,0,1,1,1,22,5.255272505103306,75
7,1,1,1,2,21,4.778151250383643,37
24,0,1,1,1,22,4.778151250383643,74
19,0,1,1,2,16,5.079181246047624,68
22,1,1,1,1,21,4.30102999566398,82
23,0,1,1,1,22,4.778151250383643,148
17,0,1,1,1,19,5.190331698170291,90
16,0,1,1,2,16,5.0,68
19,0,1,1,2,13,5.0413926851582245,120
24,0,0,1,2,16,4.6510064950884535,99
22,0,1,1,1,22,4.954242509439324,69
12,1,1,1,2,21,5.296665190261531,67
23,0,1,1,1,13,5.079181246047624,70
19,0,1,1,1,13,4.845098040014256,62
18,0,1,1,1,21,4.778151250383643,74
12,1,1,1,3,21,4.602059991327962,37
19,0,1,1,3,26,5.0,74
25,0,1,1,1,13,4.0,121
19,0,1,1,1,22,5.079181246047624,70
20,1,1,1,2,21,4.698970004336019,86
17,0,1,1,2,16,4.602059991327962,68
24,0,1,1,1,19,4.681241237375587,74
22,1,1,1,1,21,3.6989700043360187,47
24,0,1,1,1,19,4.477121254719662,74
21,1,1,1,1,21,4.602059991327962,67
19,0,1,1,1,11,5.278753600952829,101
21,0,0,0,1,5,4.568201724066994,188
20,1,1,1,1,21,5.079181246047624,86
25,1,1,1,1,21,3.9956351945975492,80
24,0,1,1,1,14,4.3979400086720375,99
20,2,1,1,1,21,4.544068044350275,81
22,0,1,1,1,21,5.0,74
23,1,1,1,1,21,4.322219294733919,82
22,0,1,1,1,21,4.477121254719662,74
22,0,1,1,1,19,5.113943352306836,89
19,0,1,0,1,5,5.0413926851582245,174
22,1,1,1,1,14,4.812913356642856,117
23,0,1,1,1,21,4.778151250383643,88
12,1,1,1,2,21,5.1760912590556805,46
20,0,1,1,1,19,4.7481880270062,126
18,0,1,1,3,17,4.903089986991943,104
23,1,1,1,1,14,4.7558748556724915,87
23,0,0,1,1,22,4.42758347362526,108
24,1,0,1,1,11,3.6329631681672607,106
18,0,1,1,3,21,4.716003343634799,74
20,1,1,1,2,19,4.903089986991943,55
17,1,1,1,2,22,4.845098040014256,65
11,1,1,1,2,21,4.997215953729208,46
24,0,1,1,1,13,4.698970004336019,153
20,0,1,0,1,13,4.903089986991943,120
16,0,1,1,3,21,5.243038048686294,75
22,0,1,0,3,13,4.875061263391699,140
25,1,1,1,1,19,4.544068044350275,82
17,1,1,1,1,16,4.176091259055681,70
20,1,1,1,1,21,4.3979400086720375,94
13,0,1,1,2,22,4.880573521093957,53
18,0,1,1,1,13,5.079181246047624,140
15,1,1,1,1,21,4.763427993562937,46
17,0,1,1,4,19,4.982271233039568,126
23,0,1,1,1,21,4.387389826338729,74
23,1,1,1,1,18,4.602059991327962,67
23,0,0,1,1,19,4.750431248660202,74
16,0,1,1,1,22,5.243038048686294,69
13,1,1,1,2,14,5.079181246047624,78
21,1,1,1,1,19,4.544068044350275,82
24,1,1,1,1,21,4.342422680822206,47
24,1,1,1,1,21,4.544068044350275,83
22,0,0,1,1,21,5.033423755486949,88
11,1,1,1,1,19,4.934498451243567,83
17,1,0,1,1,16,4.3979400086720375,87
17,1,1,1,3,21,4.698970004336019,67
23,0,1,1,1,19,4.778151250383643,74
21,1,1,1,1,19,4.698970004336019,55
17,0,1,1,2,22,5.243038048686294,69
21,0,1,1,2,21,5.060697840353612,74
25,1,1,1,1,19,4.0,68
16,1,1,1,2,17,5.079181246047624,160
21,0,1,1,1,13,4.0,140
25,1,1,1,1,21,3.6989700043360187,73
15,1,1,1,3,21,4.875061263391699,67
22,0,1,1,1,26,4.845098040014256,74
23,1,1,1,2,20,4.544068044350275,53
17,1,0,1,3,14,4.970811610872517,118
24,0,0,1,1,19,4.603599006600034,71
22,0,1,1,2,22,4.6232492903979,69
16,2,1,1,1,19,4.903089986991943,94
22,0,1,1,2,22,4.778151250383643,48
21,0,1,1,1,14,4.954242509439324,99
22,0,1,1,2,16,4.838849090737255,99
18,0,1,1,1,17,5.0,104
11,0,1,1,1,26,5.342422680822206,80
10,1,1,1,3,21,4.886490725172481,37
16,1,1,1,4,19,4.954242509439324,80
22,1,1,1,1,19,4.69196510276736,55
20,0,1,1,1,13,4.778151250383643,62
24,1,1,0,1,21,4.477121254719662,67
14,1,1,1,1,26,4.903089986991943,63
21,0,1,1,2,26,5.0413926851582245,72
24,1,0,0,1,21,4.325248765287537,83
19,0,1,1,2,20,4.648360010980931,84
14,1,1,1,3,21,5.089905111439397,86
25,0,0,1,1,21,4.698970004336019,88
24,1,1,1,1,21,4.602059991327962,67
23,0,1,1,1,13,4.913813852383717,100
25,1,0,0,1,21,3.7498135852929373,82
19,0,1,1,1,11,5.0,101
17,1,1,1,2,21,4.556302500767287,73
24,0,1,1,1,19,4.544068044350275,74
25,0,1,1,1,21,4.0,74
20,0,1,1,2,19,4.954242509439324,71
10,0,1,1,2,22,5.39480177716271,70
25,0,1,1,1,21,4.505149978319905,88
18,0,0,1,1,20,5.0,63
23,0,1,1,1,21,4.954242509439324,74
25,1,1,1,1,22,3.716003343634799,84
17,0,1,1,3,19,4.903089986991943,126
21,1,1,1,1,19,4.30102999566398,68
19,0,1,1,2,15,4.954242509439324,104
19,0,1,1,1,22,4.3979400086720375,70
23,0,1,0,2,15,4.544068044350275,109
15,1,1,1,2,26,4.698970004336019,63
15,1,1,0,2,21,4.954242509439324,103
17,1,1,1,1,19,5.0,68
19,0,0,1,1,21,4.812913356642856,74
16,0,1,1,2,11,5.322219294733919,102
22,1,1,1,1,21,4.903089986991943,67
13,0,1,1,2,22,5.01703333929878,54
17,0,1,1,2,21,5.0,74
24,1,1,1,1,21,4.079181246047624,82
24,0,1,1,2,16,4.477121254719662,99
22,0,0,0,2,26,4.662757831681573,197
18,0,1,1,2,21,5.079181246047624,74
23,1,1,1,1,19,4.278753600952828,82
23,1,1,1,1,19,4.3979400086720375,55
13,1,1,1,1,21,4.544068044350275,64
22,0,1,1,1,14,4.477121254719662,99
21,0,0,1,1,16,5.002515949164436,99
23,0,0,1,1,21,4.4471580313422185,74
4,1,1,1,2,21,4.602059991327962,60
23,0,1,1,2,21,4.819543935541868,88
16,1,1,1,1,21,4.342422680822206,105
23,0,1,1,1,17,4.698970004336019,109
21,0,1,1,1,13,5.0413926851582245,94
17,0,1,1,4,13,5.079181246047624,63
20,0,1,1,1,11,5.301029995663981,67
24,0,1,1,1,19,4.812913356642856,74
19,0,1,1,2,21,4.698970004336019,89
19,0,1,1,1,13,4.6963563887333315,140
22,0,1,1,1,13,5.0413926851582245,140
20,1,1,1,1,21,4.903089986991943,34
22,1,1,1,1,19,4.217483944213906,82
14,2,1,1,2,21,5.049218022670181,58
23,1,1,1,1,21,4.30102999566398,80
23,0,1,1,2,19,4.509619137576772,89
20,1,1,1,2,21,4.763427993562937,67
19,1,1,1,1,21,4.255272505103306,47
23,1,1,1,1,21,4.3979400086720375,67
23,0,1,1,1,19,4.903089986991943,89
17,0,1,1,2,16,4.903089986991943,68
23,1,1,1,1,21,4.602059991327962,67
21,1,1,1,1,21,4.602059991327962,47
25,0,1,1,1,16,4.477121254719662,99
18,0,1,1,1,22,4.829303772831024,68
21,0,1,1,2,14,4.968482948553935,99
23,1,1,1,1,19,4.954242509439324,82
17,1,1,1,2,21,4.3979400086720375,46
18,1,1,1,1,21,4.845098040014256,67
22,0,1,1,1,13,4.903089986991943,77
17,0,1,0,2,13,5.1760912590556805,120
25,0,0,0,1,11,4.633468455579586,172
18,0,1,1,1,13,5.322219294733919,100
14,2,1,1,3,19,5.0413926851582245,94
11,1,1,1,1,19,5.079181246047624,94
18,0,0,1,1,11,5.112695470128153,171
18,1,1,1,2,21,4.544068044350275,35
24,0,1,1,1,15,4.602059991327962,109
25,1,1,0,1,22,3.963787827345555,84
9,1,1,1,3,21,5.214843848047697,46
17,0,0,1,1,22,4.954242509439324,90
17,0,1,1,2,21,4.845098040014256,74
15,1,1,1,2,11,5.0,138
5,1,1,1,3,21,5.0,37
17,1,1,1,1,21,5.143014800254094,67
25,0,1,1,1,19,4.602059991327962,126
23,0,1,1,1,21,4.602059991327962,74
23,1,1,1,1,23,4.903089986991943,53
21,1,1,0,1,16,4.477121254719662,110
19,0,1,1,2,21,4.954242509439324,74
22,0,1,1,2,13,4.695481676490197,77
23,0,1,1,1,13,5.0,70
15,1,1,1,1,14,4.544068044350275,118
18,1,1,1,1,16,4.3979400086720375,70
23,1,1,1,2,19,4.477121254719662,82
6,0,1,1,4,22,5.079181246047624,68
23,0,1,1,1,21,4.778151250383643,88
22,0,1,1,1,13,4.845098040014256,63
23,0,1,1,1,19,4.4471580313422185,89
20,1,1,1,1,19,4.778151250383643,55
20,0,1,1,1,21,4.954242509439324,89
14,1,1,1,4,21,5.0,105
17,0,1,1,1,21,5.146128035678237,74
19,0,1,1,3,21,4.963787827345555,89
25,1,1,1,1,21,4.176091259055681,82
19,0,1,1,2,21,4.934498451243567,74
21,1,1,1,1,14,4.698970004336019,87
23,1,0,1,1,19,4.544068044350275,80
22,0,1,1,1,21,5.1760912590556805,74
19,0,1,1,2,20,4.908485018878649,108
22,1,1,1,1,20,4.6127838567197355,53
23,1,1,1,1,21,4.662757831681573,82
20,0,1,1,2,14,4.602059991327962,99
20,1,1,1,1,18,5.0,67
16,0,1,1,2,13,5.57978359661681,63
18,0,1,0,1,8,4.698970004336019,170
21,0,1,1,1,19,5.394451680826215,89
4,1,1,1,2,21,5.0,37
17,1,1,1,3,21,4.602059991327962,46
21,1,0,1,1,21,4.707570176097936,82
23,0,1,1,1,16,5.004321373782642,99
23,0,0,1,1,16,4.799064719351008,99
24,1,1,1,1,19,4.431363764158987,121
13,0,1,1,1,16,5.0413926851582245,68
24,1,1,1,1,20,4.0,53
23,0,0,1,1,19,4.690196080028513,74
19,0,1,1,3,26,4.954242509439324,58
22,1,1,1,1,21,4.778151250383643,83
24,1,1,1,1,16,4.152288344383056,87
20,1,1,1,1,19,4.903089986991943,82
23,0,1,1,1,21,4.602059991327962,88
19,0,1,1,2,11,5.643452676486187,101
18,0,1,1,3,22,4.954242509439324,70
23,0,1,1,1,22,4.903089986991943,74
21,1,1,1,1,21,4.903089986991943,47
16,1,1,0,1,14,4.3979400086720375,118
16,1,1,1,3,19,4.903089986991943,79
14,1,1,1,3,26,5.0,62
21,1,1,1,1,19,4.602059991327962,82
23,1,1,1,1,21,4.431363764158987,91
17,1,0,1,1,11,4.658011396657112,89
12,1,1,1,1,8,4.602059991327962,178
21,0,1,1,1,25,4.826074802700826,92
16,1,1,1,1,16,4.672097857935717,101
18,1,1,1,2,21,4.845098040014256,86
15,1,1,1,1,26,4.477121254719662,62
19,0,1,1,1,13,4.653212513775343,62
9,1,1,1,4,21,4.845098040014256,67
18,0,1,1,2,25,4.778151250383643,75
23,0,0,1,2,19,4.462397997898956,74
21,0,1,1,1,13,4.811575005870593,140
20,1,1,1,1,14,4.778151250383643,117
16,1,1,1,1,21,4.602059991327962,67
24,1,1,1,1,14,3.89209460269048,89
21,0,0,1,1,21,4.653212513775343,74
23,1,1,0,1,21,4.544068044350275,82
22,1,1,1,1,19,3.8849085941626065,55
20,0,1,1,3,13,5.068185861746161,140
18,1,1,1,2,14,4.903089986991943,116
21,0,0,1,2,21,4.698970004336019,88
19,0,1,1,2,22,4.845098040014256,70
20,0,1,1,2,17,5.079181246047624,89
21,1,0,1,2,19,4.653212513775343,68
21,1,0,1,1,14,4.449648072585518,117
22,0,1,1,1,21,4.763427993562937,74
19,0,1,1,2,17,5.079181246047624,104
12,0,1,1,2,16,5.058126014703333,68
23,1,1,1,1,21,4.903089986991943,47
21,0,1,1,1,13,4.954242509439324,75
24,0,1,1,1,12,4.113943352306836,139
21,1,1,1,1,19,4.698970004336019,82
25,0,1,1,1,22,5.0,154
24,0,1,1,1,11,5.064457989226918,67
21,1,1,1,1,21,4.477121254719662,67
18,1,1,1,2,19,5.518513939877887,198
16,2,1,1,1,21,4.698970004336019,58
18,0,1,1,1,13,4.894869656745252,140
19,1,1,1,1,21,4.819543935541868,37
21,0,1,1,2,20,5.146128035678237,84
22,1,1,1,2,21,4.3692158574101425,67
22,0,1,1,1,16,5.0,99
24,0,0,1,1,13,4.418881068534358,105
14,0,1,1,3,11,5.397940008672037,102
20,1,1,1,2,17,4.845098040014256,103
22,0,0,1,1,21,4.799340549453581,88
14,1,1,1,2,21,4.602059991327962,64
25,0,1,1,1,21,4.845098040014256,74
21,1,1,1,1,21,4.698970004336019,83
22,0,1,0,1,13,4.602059991327962,140
16,1,1,1,2,26,4.778151250383643,79
18,0,1,1,4,22,4.903089986991943,84
14,0,1,1,2,15,5.079181246047624,66
26,0,1,1,1,19,4.30102999566398,89
23,0,1,0,1,17,4.698970004336019,108
22,0,0,1,1,19,4.89209460269048,74
13,1,1,1,2,14,5.079181246047624,78
17,1,1,1,1,21,4.477121254719662,67
16,0,1,1,1,15,5.064457989226918,66
19,0,1,1,3,20,5.002597980719908,84
23,0,1,1,1,21,5.0,88
20,1,1,1,1,26,4.130333768495006,82
17,1,0,1,1,21,4.743533281843418,86
21,0,1,1,2,13,4.602059991327962,100
13,0,1,1,4,11,5.394660022148913,102
15,1,1,1,2,19,4.903089986991943,79
14,0,1,1,1,22,4.602059991327962,62
18,0,1,1,4,16,5.0170082831251195,68
21,0,1,1,2,19,5.0,89
14,1,1,1,3,19,5.0,68
24,0,1,1,1,19,4.845098040014256,74
23,0,1,1,2,19,4.602059991327962,89
22,0,1,1,1,13,4.954242509439324,140
21,1,1,1,2,19,4.544068044350275,82
18,1,1,1,1,19,4.602059991327962,55
18,0,1,1,1,13,5.079181246047624,112
14,0,1,1,3,11,5.1003705451175625,102
16,0,1,1,1,22,5.079181246047624,70
21,1,1,1,1,21,4.556302500767287,83
21,0,1,1,1,15,5.079181246047624,104
18,1,1,1,2,19,4.826074802700826,79
21,1,0,1,1,21,4.681241237375587,47
20,1,1,1,2,19,4.845098040014256,82
12,1,0,1,1,22,4.7285404479386015,64
23,1,1,1,1,21,4.0,67
24,1,1,1,1,19,4.3979400086720375,68
21,0,1,1,2,18,4.903089986991943,84
24,0,0,1,1,13,4.079181246047624,105
14,1,1,1,3,14,4.845098040014256,78
23,1,1,1,1,23,4.778151250383643,67
21,1,1,1,1,22,4.845098040014256,89
19,0,1,1,1,22,5.079181246047624,69
23,0,1,1,1,22,4.698970004336019,69
11,0,1,1,3,19,5.0,82
23,1,1,1,1,22,4.30102999566398,84
16,1,1,1,1,13,5.079181246047624,75
15,0,1,1,1,21,5.1760912590556805,75
17,2,1,1,1,21,5.477121254719662,58
14,0,1,1,1,22,5.0,70
15,1,1,1,3,14,4.836324115706751,118
21,0,1,1,1,16,5.0413926851582245,99
22,0,1,1,3,19,4.903089986991943,89
15,1,1,1,1,19,4.954242509439324,62
17,1,1,1,3,19,4.986771734266244,68
5,1,1,1,4,21,4.812913356642856,85
24,0,0,1,1,13,4.7771729868397035,153
22,1,1,1,2,21,4.544068044350275,83
23,0,1,1,2,11,5.079181246047624,67
16,1,1,1,1,22,5.01703333929878,90
24,0,1,1,2,13,4.176091259055681,105
19,0,1,1,3,13,5.079181246047624,62
25,0,1,1,1,13,4.777223765819915,62
13,1,1,1,3,19,4.845098040014256,67
22,1,1,1,1,23,4.217483944213906,67
15,1,1,1,2,21,4.982271233039568,67
20,1,1,1,1,21,4.681241237375587,67
17,1,1,1,2,21,5.243038048686294,46
23,0,1,1,1,19,4.903089986991943,89
22,0,1,1,1,19,5.0,89
21,0,1,1,1,14,5.079181246047624,99
21,0,1,1,1,26,5.079181246047624,72
17,0,1,1,4,26,4.845098040014256,58
22,0,0,1,1,20,3.8450980400142565,84
23,1,1,1,1,19,4.602059991327962,82
18,0,0,1,1,19,4.914247929863034,89
24,1,0,0,1,15,4.698970004336019,177
15,0,1,1,1,19,5.255272505103306,142
21,0,1,1,1,14,4.778151250383643,99
24,1,1,1,2,19,4.477121254719662,82
20,0,1,1,2,11,5.0,101
22,0,1,1,1,13,4.778151250383643,63
16,1,1,1,3,21,4.977723605288848,46
14,0,1,1,2,16,5.0413926851582245,68
19,0,1,1,2,20,5.079181246047624,108
22,1,1,1,1,19,4.3979400086720375,121
17,1,1,1,3,14,4.903089986991943,118
19,0,1,1,3,21,5.230448921378273,89
20,0,1,1,2,21,5.0413926851582245,89
23,0,1,1,1,14,4.845098040014256,99
13,0,1,1,2,19,5.08278537031645,110
14,1,1,0,3,14,4.778151250383643,108
18,0,1,1,2,16,5.019116290447072,68
22,0,1,1,1,14,5.0413926851582245,99
15,1,1,0,1,11,4.954242509439324,138
15,1,1,1,2,16,4.845098040014256,92
23,1,1,1,1,23,4.778151250383643,67
16,1,1,1,1,19,4.903089986991943,68
23,0,1,0,1,18,4.740362689494243,108
20,0,1,0,2,13,4.845098040014256,120
12,1,1,1,3,21,5.079181246047624,46
24,0,1,1,1,21,4.3979400086720375,74
24,1,1,1,1,23,4.698970004336019,54
9,1,1,1,4,21,4.544068044350275,37
14,1,1,1,3,21,5.0,67
20,1,1,1,1,21,4.903089986991943,67
21,0,1,1,2,14,4.986771734266244,99
21,0,1,1,2,19,4.903089986991943,126
24,1,1,0,2,19,4.3979400086720375,82
16,0,1,1,2,11,5.178976947293169,171
23,0,1,1,1,20,4.698970004336019,84
21,1,1,1,1,21,4.414973347970817,91
23,1,1,1,1,16,4.176091259055681,87
24,0,1,1,1,13,4.602059991327962,70
21,1,1,1,1,21,4.903089986991943,83
20,0,1,0,1,5,5.361727836017593,174
13,0,1,1,2,21,5.0,75
11,1,1,0,2,14,5.0,100
17,0,1,1,2,21,5.0413926851582245,74
20,0,1,1,1,21,5.0413926851582245,74
13,1,1,1,2,21,4.778151250383643,64
19,0,1,1,1,21,5.3802112417116055,74
20,1,0,0,1,17,4.448397103457767,103
19,0,0,1,2,21,4.643235474940322,74
18,0,1,1,1,21,4.954242509439324,74
22,0,1,1,1,16,4.903089986991943,99
18,0,1,1,2,19,5.079181246047624,90
20,0,1,1,1,13,5.1620892304156465,120
23,0,1,0,1,15,4.602059991327962,109
24,1,1,1,1,21,4.146128035678237,67
21,0,1,1,1,19,4.845098040014256,126
24,1,1,0,1,21,4.698970004336019,82
18,0,1,1,2,17,5.113943352306836,104
22,0,0,1,1,21,4.903089986991943,74
25,1,0,1,1,16,3.502017214827147,95
18,1,1,1,2,21,4.903089986991943,67
21,1,1,1,1,23,4.856426772470244,67
22,1,1,1,1,20,4.176091259055681,53
19,0,1,1,1,19,4.883434293683009,126
17,0,1,1,2,22,4.929418925714292,75
17,0,1,1,1,13,5.338456493604604,64
25,0,1,1,1,13,4.176091259055681,105
20,0,1,1,2,19,4.954242509439324,70
16,0,1,1,1,11,5.334453751150931,102
17,0,1,1,2,13,5.079181246047624,95
21,1,0,0,1,21,4.380193145731191,67
15,1,1,1,2,21,4.845098040014256,46
21,0,1,1,1,19,4.778151250383643,126
23,0,1,1,1,22,4.698970004336019,74
24,1,1,1,1,16,4.3979400086720375,95
19,1,1,1,4,21,4.778151250383643,86
19,0,1,1,1,26,4.903089986991943,77
21,1,1,1,1,21,4.29666519026153,73
21,0,1,1,1,13,5.0,100
24,1,1,1,1,19,4.716003343634799,82
15,0,1,1,3,22,4.903089986991943,90
23,0,1,1,1,19,4.778151250383643,89
25,0,1,1,1,19,4.176091259055681,89
10,1,1,1,2,21,4.903089986991943,37
24,0,1,1,2,19,4.698970004336019,89
19,0,1,1,2,11,5.0413926851582245,101
16,0,1,1,3,21,5.0413926851582245,74
23,1,1,1,1,19,4.30102999566398,82
16,0,1,1,2,16,5.230448921378273,68
20,1,1,1,1,19,4.30102999566398,82
22,0,1,1,2,22,4.544068044350275,69
20,1,1,1,1,19,5.0,68
26,1,1,1,1,21,4.3979400086720375,67
12,0,1,1,3,13,4.954242509439324,120
24,0,1,1,1,22,4.954242509439324,69
18,1,1,1,1,21,5.089905111439397,86
21,0,1,1,1,19,4.361727836017592,126
18,1,1,1,2,19,4.968482948553935,80
22,0,0,1,1,19,4.724275869600789,89
22,0,1,1,2,13,4.681241237375587,140
23,0,1,1,1,21,4.778151250383643,88
23,1,0,1,1,21,4.719430732348868,67
22,0,1,1,1,21,4.716003343634799,88
23,1,0,0,1,14,4.477121254719662,117
18,0,1,1,1,22,5.361727836017593,70
19,1,1,1,2,21,4.903089986991943,47
12,1,1,1,2,26,4.973127853599698,104
18,0,1,1,2,22,4.954242509439324,71
22,1,1,1,1,21,4.3979400086720375,67
17,0,1,1,2,21,4.954242509439324,74
8,0,1,1,2,21,4.778151250383643,58
16,1,1,1,2,11,4.778151250383643,138
24,1,1,0,1,14,2.9999999999999996,118
18,0,0,0,1,17,4.786041210242554,140
24,1,1,1,1,22,4.3979400086720375,108
21,0,1,1,1,11,5.079181246047624,67
23,0,1,1,1,21,4.698970004336019,74
25,1,1,0,1,21,4.30102999566398,82
14,0,1,1,2,21,5.167317334748176,74
19,0,1,1,2,20,5.1003705451175625,108
17,1,1,1,1,26,4.831485839248657,62
23,1,1,1,1,21,4.544068044350275,83
21,0,1,1,1,16,5.155336037465061,99
22,0,1,1,1,21,4.954242509439324,88
26,1,1,1,1,21,3.778151250383643,67
21,0,1,1,1,13,4.718244191342513,120
18,1,1,1,1,22,4.653212513775343,38
14,0,0,1,2,19,4.785329835010767,110
23,1,1,1,1,19,4.653212513775343,82
14,1,0,1,2,21,4.812913356642856,67
24,0,0,1,1,21,4.589021967585276,74
5,1,1,1,3,21,4.903089986991943,37
22,0,1,1,1,22,5.0,69
12,1,1,1,2,14,4.845098040014256,130
22,1,1,1,1,19,4.3979400086720375,82
14,1,1,1,2,14,5.0413926851582245,78
21,0,1,1,3,21,5.0413926851582245,89
21,0,1,1,1,22,5.079181246047624,138
23,1,1,1,1,21,4.602059991327962,67
18,0,1,0,2,9,4.903089986991943,181
15,0,1,1,2,21,5.146128035678237,74
16,1,1,1,1,22,4.462397997898956,65
25,1,1,0,1,21,4.0,82
21,0,1,1,1,19,4.698970004336019,89
22,1,1,1,1,14,5.146128035678237,117
16,1,1,1,1,19,4.778151250383643,79
18,0,1,1,3,20,5.0413926851582245,108
19,0,1,1,1,21,4.3805549221542135,74
18,0,1,1,2,17,5.079181246047624,104
23,0,1,1,1,21,4.633468455579586,88
21,0,1,1,1,15,4.544068044350275,104
25,0,1,1,1,13,3.301029995663981,63
22,1,1,1,2,17,4.602059991327962,74
17,0,1,1,3,17,5.079181246047624,74
23,0,1,1,1,13,4.845098040014256,62
23,1,1,0,1,18,4.414973347970817,76
16,0,1,1,2,19,4.903089986991943,110
17,0,1,1,2,22,5.243038048686294,70
10,0,1,1,1,22,5.432969290874405,62
16,0,1,1,2,21,4.973127853599698,75
21,1,1,1,1,11,4.477121254719662,79
18,1,1,1,1,19,5.079181246047624,83
25,1,0,1,1,22,4.530558259451653,84
22,1,1,1,2,21,4.30102999566398,67
24,1,1,1,1,21,4.477121254719662,67
23,1,0,1,1,14,4.486373797246169,117
19,0,1,1,1,22,5.0492606744980355,138
19,0,1,1,3,13,4.845098040014256,75
18,0,1,1,1,21,5.033423755486949,74
24,1,1,0,1,19,4.176091259055681,82
20,0,1,1,1,16,4.903089986991943,90
13,1,1,1,3,21,4.903089986991943,46
18,0,1,1,4,21,4.903089986991943,89
5,1,1,1,1,21,5.0,37
21,1,1,1,1,19,5.0,82
16,1,1,1,4,19,4.903089986991943,80
21,1,1,1,1,19,4.477121254719662,82
24,0,1,1,2,12,5.079181246047624,81
25,0,1,1,1,22,4.544068044350275,74
20,0,0,1,1,26,4.871111544521109,56
23,0,1,1,2,19,4.903089986991943,74
23,0,0,1,1,21,4.767593651756106,74
20,2,1,1,2,21,4.845098040014256,62
16,0,1,1,2,22,4.954242509439324,90
15,1,1,1,1,21,5.079181246047624,46
21,0,1,1,1,11,5.096910013008055,101
16,1,0,1,1,21,4.867644233903098,67
25,1,1,0,1,21,4.0,82
11,1,1,1,2,14,5.079181246047624,100
17,0,1,1,3,21,5.138302698166281,74
19,0,1,0,1,15,4.954242509439324,138
13,0,1,1,3,22,4.954242509439324,54
23,1,1,1,1,21,4.544068044350275,91
23,0,1,1,1,19,4.778151250383643,89
19,0,1,1,1,21,5.079181246047624,74
18,0,1,1,1,13,5.0,140
17,1,1,1,2,26,5.0413926851582245,62
22,0,1,1,1,21,4.845098040014256,88
22,0,1,1,2,19,4.778151250383643,89
19,0,1,1,1,11,5.0413926851582245,101
20,1,1,1,2,21,5.079181246047624,47
16,1,1,1,2,21,4.903089986991943,67
22,0,1,1,3,14,4.934498451243567,99
21,1,1,1,1,19,4.633468455579586,55
19,0,1,1,1,13,4.903089986991943,63
18,1,1,1,2,19,5.079181246047624,55
17,1,0,1,1,26,4.695157585920607,62
23,1,1,1,1,14,4.698970004336019,87
19,0,1,1,2,11,5.0,101
22,1,1,1,2,14,4.778151250383643,87
15,0,1,1,3,22,5.079181246047624,69
17,0,1,1,1,13,4.903089986991943,63
17,0,1,1,2,17,5.079181246047624,105
23,0,1,0,1,19,4.707570176097936,126
22,0,1,1,2,11,4.841984804590113,101
23,0,1,1,1,20,4.698970004336019,108
16,0,1,1,3,19,4.954242509439324,90
15,0,1,1,3,13,5.079181246047624,65
17,1,1,1,2,22,4.3979400086720375,35
13,0,1,1,2,22,4.903089986991943,138
24,0,1,1,1,14,4.477121254719662,99
23,1,1,1,1,13,4.770852011642144,82
17,0,1,1,3,13,5.505149978319905,120
21,0,1,0,2,13,4.886490725172481,140
18,0,1,1,1,13,4.934498451243567,112
12,1,1,1,3,14,4.903089986991943,130
11,1,1,1,1,19,4.929418925714292,83
25,1,1,1,1,19,3.6989700043360187,82
19,0,1,1,1,22,5.0413926851582245,70
23,0,1,1,1,4,4.942008053022313,170
15,1,1,1,1,21,4.903089986991943,86
18,0,1,1,2,21,5.0413926851582245,89
19,1,1,1,2,21,4.698970004336019,37
17,1,1,1,1,21,4.778151250383643,67
25,1,1,0,1,19,3.4785664955938436,68
22,0,1,1,2,13,4.813580988568191,100
17,1,1,1,1,21,4.544068044350275,46
19,0,1,1,1,13,5.477121254719662,112
20,1,1,1,2,19,4.662757831681573,82
14,0,1,1,1,22,5.079181246047624,69
20,0,1,1,1,13,4.698970004336019,140
14,1,1,1,1,21,4.778151250383643,46
25,2,1,1,2,21,5.079181246047624,62
23,1,1,1,1,19,4.30102999566398,82
24,0,1,1,1,13,4.343467677469264,120
24,0,1,1,1,22,4.3979400086720375,154
23,1,1,1,2,22,4.602059991327962,84
25,1,1,1,1,19,3.5440680443502752,82
21,1,1,0,1,21,4.477121254719662,91
24,1,1,1,1,22,4.544068044350275,84
20,0,0,1,1,16,5.006483156965471,90
22,1,1,1,1,21,4.568201724066994,83
15,1,0,1,1,19,4.778151250383643,79
21,0,1,1,2,11,5.278753600952829,101
22,1,1,1,1,21,4.8179287821024515,83
13,2,1,1,3,26,4.924279286061881,60
0,0,1,1,2,27,5.0,52
18,0,1,1,1,20,4.903089986991943,84
18,1,0,1,1,19,4.778151250383643,113
23,0,1,1,1,19,4.903089986991943,89
14,0,1,1,3,22,5.079181246047624,70
19,1,0,1,1,26,4.568201724066994,99
17,0,1,1,2,22,5.146128035678237,138
13,1,1,1,3,14,5.0413926851582245,78
20,0,1,1,2,20,5.27415784926368,108
23,1,1,1,2,22,4.832508912706236,84
18,0,1,1,2,13,5.170261715394957,120
18,1,0,1,2,17,4.079181246047624,104
18,0,1,1,1,11,5.397940008672037,100
17,0,1,1,2,11,5.079181246047624,102
24,0,1,1,1,13,4.477121254719662,100
25,0,1,1,1,13,4.3979400086720375,115
23,0,1,1,1,13,4.903089986991943,70
18,0,1,1,2,20,5.0,108
14,1,1,1,3,21,4.845098040014256,46
24,1,1,1,1,19,4.0,82
20,0,1,1,2,13,5.14921911265538,140
16,1,1,1,1,19,4.778151250383643,80
13,1,1,1,2,22,4.579783596616809,65
18,1,1,1,2,21,4.698970004336019,86
15,1,1,0,2,14,5.0,178
13,1,1,1,3,19,4.954242509439324,63
18,0,1,1,1,26,4.991226075692494,58
20,1,1,1,1,21,4.728134550041936,67
22,1,1,1,1,19,4.30102999566398,121
24,0,0,1,1,16,4.523226041965701,99
24,1,1,1,1,21,4.0,67
17,1,1,1,2,19,4.778151250383643,79
18,0,1,1,2,16,4.845098040014256,68
21,0,1,1,1,16,5.130333768495006,99
19,1,1,1,2,19,4.698970004336019,121
20,1,0,1,1,19,4.484698353024001,82
18,2,1,1,2,19,4.778151250383643,63
16,1,1,1,1,19,4.30102999566398,68
22,0,1,1,1,21,4.672097857935717,74
21,1,1,1,1,19,4.602059991327962,121
25,1,0,1,1,19,3.633468455579586,82
22,0,1,1,1,22,5.0413926851582245,89
10,0,0,1,1,16,4.970416618137783,141
22,0,1,1,2,19,4.903089986991943,71
19,1,1,1,1,19,4.477121254719662,83
20,1,1,1,2,19,4.361727836017592,79
17,1,1,1,2,22,4.698970004336019,64
23,1,1,1,2,19,4.698970004336019,55
23,1,1,1,1,21,4.431363764158987,47
20,0,1,0,1,5,4.881561534398981,241
17,0,1,1,1,19,4.949390006644912,90
15,0,1,0,4,5,4.991226075692494,241
24,0,1,1,1,22,4.544068044350275,154
22,0,1,1,1,11,4.812913356642856,101
18,1,1,1,1,19,4.602059991327962,55
21,0,1,1,1,19,4.845098040014256,89
24,1,1,1,1,21,4.698970004336019,67
22,0,1,1,2,19,4.6771687877444625,126
24,1,1,1,2,19,4.3979400086720375,82
16,0,1,1,2,19,5.130333768495006,90
21,0,1,1,1,22,4.903089986991943,84
16,1,1,1,2,21,5.0413926851582245,64
22,0,1,1,1,16,5.155943017971836,99
19,0,1,1,2,17,4.845098040014256,88
21,0,1,1,1,18,4.544068044350275,84
22,1,0,0,1,11,4.833076955889738,158
25,1,1,0,1,21,4.278753600952828,83
18,1,1,1,3,21,4.954242509439324,67
12,0,1,1,4,11,5.484299839346785,102
14,1,1,1,3,21,4.903089986991943,46
24,0,0,1,1,21,4.770852011642144,74
25,1,1,1,1,19,3.4771212547196617,82
23,0,1,1,1,21,4.875061263391699,88
24,1,1,1,1,22,4.544068044350275,84
24,0,1,1,1,21,4.698970004336019,74
21,0,1,1,1,21,4.954242509439324,74
19,0,0,1,1,14,5.06484718225367,99
25,1,0,0,1,21,3.9542425094393248,67
19,0,1,1,1,20,4.929418925714292,63
19,1,1,1,1,21,5.146128035678237,94
13,0,1,1,2,13,5.021189299069937,63
20,0,1,1,1,19,4.467460109507263,126
24,0,1,1,1,21,4.361727836017592,74
23,0,1,1,1,21,4.845098040014256,74
24,1,1,0,1,21,4.4471580313422185,82
18,1,1,1,1,19,5.012837224705172,79
15,0,1,1,2,21,5.214843848047697,74
17,0,1,1,1,21,5.322219294733919,74
18,0,1,1,2,26,4.778151250383643,58
18,0,1,1,4,21,4.991226075692494,89
16,0,1,1,1,26,5.267171728403014,80
23,0,1,1,1,16,4.778151250383643,99
24,0,1,1,1,21,3.8750612633916997,88
18,0,0,1,2,19,4.967014139949053,89
24,0,1,1,1,19,4.477121254719662,89
12,2,1,1,3,21,5.079181246047624,58
24,1,1,1,2,13,4.322219294733919,82
17,1,1,1,2,26,4.778151250383643,93
11,0,1,1,2,19,4.897627091290441,82
19,1,1,1,1,14,4.903089986991943,87
17,0,1,1,4,17,5.1172712956557636,104
21,1,0,1,1,21,4.698161464424241,67
21,1,1,1,1,21,4.544068044350275,94
21,1,1,1,2,19,4.698970004336019,106
16,1,1,1,3,19,4.778151250383643,62
23,0,0,1,1,16,4.635835463311642,99
18,0,1,1,2,13,5.079181246047624,65
12,0,1,1,3,11,5.431363764158986,102
15,0,1,1,2,22,5.079181246047624,53
21,1,1,1,1,11,4.0,79
16,0,1,1,2,22,4.845098040014256,138
20,0,1,0,2,17,4.954242509439324,103
25,1,1,1,1,21,4.176091259055681,103
14,0,1,1,2,21,5.0,75
15,1,1,0,3,8,4.903089986991943,272
19,1,1,1,2,19,4.672097857935717,55
12,0,1,1,4,19,5.107209969647868,112
22,1,1,1,1,19,4.698970004336019,82
26,1,1,1,1,19,3.6989700043360187,82
22,2,1,1,1,21,4.903089986991943,62
18,0,1,1,2,16,4.903089986991943,68
21,1,1,1,1,19,4.6127838567197355,82
13,0,1,1,2,15,5.0,122
19,0,1,1,2,21,4.982271233039568,74
5,1,1,1,2,21,4.698970004336019,37
17,0,1,1,3,21,5.267171728403014,74
21,0,1,1,1,21,4.954242509439324,74
20,0,0,1,1,20,4.838849090737255,84
9,1,1,1,2,19,4.602059991327962,94
23,0,1,1,1,14,4.913813852383717,98
22,1,1,1,1,19,4.61066016308988,55
18,1,1,1,2,14,5.0,116
21,1,1,1,1,21,4.477121254719662,67
17,0,1,1,3,13,4.903089986991943,140
18,0,1,1,2,21,5.0,74
25,1,1,0,1,21,4.30102999566398,83
22,0,1,1,1,21,4.89209460269048,74
25,0,1,1,1,16,4.544068044350275,99
23,0,0,1,1,20,4.684899196466525,84
21,0,1,1,1,19,5.033423755486949,126
19,1,1,1,1,21,4.414973347970817,73
23,1,1,1,1,22,4.544068044350275,89
22,0,1,1,1,19,4.903089986991943,89
13,0,1,1,3,22,5.079181246047624,63
20,0,1,1,1,13,5.079181246047624,62
15,0,1,1,2,22,4.681241237375587,71
25,1,1,1,1,13,4.342422680822206,110
13,0,1,1,4,21,5.1760912590556805,75
18,0,1,1,3,13,4.954242509439324,120
24,1,1,1,1,22,5.0,84
21,1,1,0,1,19,4.602059991327962,82
16,0,1,1,2,22,4.845098040014256,69
16,1,0,0,2,9,4.858537197569639,150
13,0,1,1,2,22,5.204119982655924,138
21,0,1,1,1,19,4.857332496431268,89
26,1,1,1,1,21,3.6989700043360187,82
17,0,1,1,2,19,4.903089986991943,126
7,1,1,1,1,29,5.136720567156407,53
9,1,1,1,2,11,4.845098040014256,125
21,1,1,1,2,21,4.698970004336019,83
15,1,1,1,2,21,5.0413926851582245,46
23,1,1,1,1,20,4.30102999566398,67
12,1,1,1,2,16,4.778151250383643,68
23,0,1,1,1,13,4.30102999566398,140
19,0,1,1,1,11,5.079181246047624,67
17,0,1,1,3,13,5.079181246047624,64
24,0,1,1,1,14,4.778151250383643,98
14,0,1,0,2,9,5.086359830674748,177
23,1,1,0,1,21,4.698970004336019,67
23,0,1,1,2,19,4.658011396657112,126
23,0,1,0,1,22,4.698970004336019,154
18,0,1,1,1,22,5.079181246047624,138
22,0,1,1,1,19,4.602059991327962,89
23,0,1,1,1,21,4.3979400086720375,88
15,1,1,1,1,21,4.732393759822968,46
21,0,1,1,2,19,4.869231719730975,71
12,1,1,1,2,21,4.845098040014256,37
19,0,1,1,4,21,5.079181246047624,74
18,0,1,1,1,17,4.954242509439324,104
22,0,0,0,1,15,4.99563519459755,104
21,0,1,0,1,13,4.845098040014256,140
14,1,1,0,1,19,4.698970004336019,165
24,0,0,1,1,17,4.602059991327962,88
22,1,1,1,1,21,4.544068044350275,47
18,0,1,1,1,21,4.845098040014256,74
16,0,1,1,3,19,5.079181246047624,90
23,1,1,1,1,22,4.30102999566398,84
22,1,1,1,1,20,4.0,53
19,0,1,1,2,22,4.778151250383643,69
25,1,1,0,1,21,3.6989700043360187,82
23,1,1,1,1,19,4.439332693830263,82
23,1,1,1,1,19,4.30102999566398,82
14,1,1,1,2,22,4.698970004336019,70
17,0,1,1,2,13,4.845098040014256,120
24,0,0,1,1,13,4.87069645798925,75
9,1,1,1,2,21,5.222716471147582,67
23,0,1,1,2,19,4.845098040014256,89
21,1,1,1,1,21,4.845098040014256,94
22,1,1,1,1,21,4.30102999566398,67
21,0,1,1,1,21,5.127104798364807,74
26,1,1,1,1,21,3.6989700043360187,47
22,0,1,1,1,13,4.778151250383643,63
18,0,1,1,1,13,4.698970004336019,62
23,1,1,1,1,21,3.9542425094393248,34
10,1,1,1,1,21,4.778151250383643,46
22,1,1,1,1,14,4.6127838567197355,89
25,1,1,1,1,16,4.0,95
17,1,1,1,2,22,5.0413926851582245,90
18,1,1,1,3,26,5.107209969647868,79
21,1,1,1,1,21,4.778151250383643,67
24,1,1,1,1,19,4.477121254719662,82
17,0,1,1,1,22,4.903089986991943,75
24,1,1,1,1,19,4.3979400086720375,82
17,0,1,1,2,11,5.397940008672037,102
23,0,0,1,1,13,4.602059991327962,100
23,0,1,1,1,19,4.602059991327962,89
16,0,1,1,1,13,4.89209460269048,63
20,0,1,1,2,21,4.845098040014256,74
19,0,1,1,2,16,4.845098040014256,67
24,0,1,1,1,13,4.698970004336019,121
19,0,1,0,1,9,4.778151250383643,235
24,0,1,1,1,19,4.3979400086720375,74
23,1,1,1,1,14,4.079181246047624,89
24,0,1,1,1,16,4.602059991327962,99
20,0,1,1,3,26,4.845098040014256,56
21,0,1,1,2,19,4.681241237375587,126
17,0,1,1,2,21,4.954242509439324,74
19,1,1,1,1,14,4.505149978319905,116
25,1,1,0,1,14,3.176091259055681,89
16,0,0,1,1,11,4.922128346796362,87
24,1,1,1,1,13,4.176091259055681,82
25,1,1,0,1,14,4.30102999566398,118
17,0,1,0,2,13,4.977723605288848,120
13,1,1,1,4,21,5.204119982655924,67
13,0,1,1,2,22,5.079181246047624,70
19,2,1,1,1,21,4.740362689494243,62
25,1,1,1,1,21,4.3979400086720375,82
20,0,0,1,1,16,4.732393759822968,99
20,0,1,1,1,20,5.079181246047624,108
21,0,1,1,1,15,5.225309281725862,141
24,0,1,1,1,21,4.0,88
14,0,1,1,2,21,5.079181246047624,75
15,1,0,1,2,21,4.886490725172481,67
18,1,1,1,3,26,4.845098040014256,79
20,0,1,1,1,19,4.959041392321093,89
18,1,0,1,1,14,4.653212513775343,87
24,1,1,1,1,22,4.3979400086720375,108
22,0,1,1,1,13,4.778151250383643,100
18,1,1,1,1,14,5.158452960688828,178
17,0,1,1,2,16,4.924279286061881,68
20,1,1,1,1,21,4.778151250383643,67
22,0,1,1,2,13,5.146128035678237,118
23,1,1,1,2,22,4.4471580313422185,84
18,0,1,1,3,20,5.079181246047624,108
23,0,1,1,1,13,4.602059991327962,70
17,0,1,1,1,13,5.079181246047624,95
17,0,1,1,2,16,5.0413926851582245,68
23,0,1,1,1,21,4.845098040014256,88
21,0,1,1,1,13,4.477121254719662,62
23,1,1,1,2,19,4.698970004336019,82
20,1,1,1,1,19,4.505149978319905,82
18,0,1,1,2,22,4.954242509439324,69
24,0,1,1,1,21,5.079181246047624,74
19,0,1,1,2,17,4.875061263391699,74
22,0,1,1,1,22,5.079181246047624,74
18,0,1,1,2,20,4.826074802700826,63
21,0,1,1,1,20,5.3802112417116055,108
24,0,1,1,1,22,4.30102999566398,108
11,1,1,1,1,21,4.544068044350275,67
14,0,1,1,2,22,4.778151250383643,68
19,1,0,1,1,17,4.765258649601728,74
16,0,1,1,1,22,4.602059991327962,70
24,0,0,0,1,21,4.4417579585081635,74
23,0,1,1,1,21,4.209515014542631,88
20,0,1,1,1,20,5.079181246047624,84
19,0,1,1,3,22,5.079181246047624,70
21,1,1,0,1,14,4.477121254719662,117
26,1,0,1,1,19,3.301029995663981,82
15,1,1,1,1,19,4.544068044350275,68
15,0,1,1,2,19,5.079181246047624,90
17,0,1,1,1,22,4.698970004336019,54
18,0,1,1,2,21,5.243038048686294,89
22,1,1,1,1,21,4.579783596616809,47
22,1,1,1,1,19,5.0413926851582245,55
17,0,1,1,4,13,5.0,115
24,1,1,0,1,11,4.107209969647868,106
23,0,1,1,1,13,4.733903122132657,100
23,0,1,1,1,11,5.195899652409233,148
8,1,1,1,4,21,5.0,60
20,1,1,1,1,21,4.698970004336019,86
22,0,1,1,2,14,4.845098040014256,99
17,0,1,1,1,16,5.167317334748176,68
22,0,1,1,1,13,4.778151250383643,120
24,1,1,1,2,23,3.6989700043360187,67
16,1,1,1,3,19,4.903089986991943,68
23,0,1,1,1,11,4.602059991327962,67
4,1,1,1,4,21,4.903089986991943,37
25,1,1,1,1,11,3.6989700043360187,88
22,1,1,1,1,19,4.602059991327962,82
22,1,0,1,1,21,3.8297539189249745,82
22,1,0,1,1,17,3.9003124969837266,74
14,1,1,1,4,21,4.845098040014256,35
22,0,1,1,1,19,4.903089986991943,89
20,0,0,1,3,19,5.204119982655924,70
6,1,1,1,2,21,5.0,37
22,1,1,1,1,21,4.176091259055681,82
24,0,1,1,1,19,4.845098040014256,89
22,0,1,0,1,13,4.698970004336019,140
24,1,1,1,1,21,4.230448921378274,67
12,0,1,1,2,19,5.079181246047624,110
21,1,1,1,2,21,4.698970004336019,67
12,1,1,1,1,21,4.903089986991943,37
21,1,1,1,2,21,4.698970004336019,67
25,1,1,1,1,19,4.602059991327962,82
20,0,0,1,1,16,5.021189299069937,99
19,1,1,1,1,21,4.954242509439324,47
18,0,0,1,2,13,4.886490725172481,140
25,1,1,1,1,21,4.0,82
22,0,0,0,2,11,5.1061908972634145,172
15,1,0,0,1,11,4.8512583487190755,165
16,1,1,1,2,19,4.845098040014256,68
25,1,0,0,1,11,3.9847072944826727,82
22,2,1,1,2,21,4.633468455579586,58
16,0,1,1,2,21,4.845098040014256,74
23,1,1,0,1,21,4.0,83
13,0,1,1,3,22,4.954242509439324,70
21,0,1,1,1,13,5.079181246047624,100
19,0,1,1,1,26,4.832508912706236,77
23,1,1,1,1,23,4.778151250383643,67
20,0,1,1,3,19,4.8808135922807905,70
25,0,1,1,1,21,4.544068044350275,74
20,1,1,1,2,22,4.544068044350275,64
24,1,1,1,1,22,4.778151250383643,89
17,1,1,1,1,19,4.653212513775343,80
23,1,0,1,1,11,4.40718688263082,89
14,1,1,1,1,19,4.544068044350275,79
18,0,1,1,2,19,5.0,126
23,1,1,1,1,21,4.845098040014256,83
18,0,1,1,2,21,4.845098040014256,74
23,1,1,1,1,21,4.6232492903979,47
22,1,1,1,1,21,4.477121254719662,67
22,1,1,1,1,19,4.544068044350275,82
19,0,1,1,1,21,5.170261715394957,89
19,0,1,1,1,21,5.230448921378273,74
24,1,0,1,1,21,4.176091259055681,82
19,0,1,1,2,26,5.133538908370217,74
18,1,1,1,1,17,4.602059991327962,74
20,0,0,1,1,16,4.904834513771933,67
24,1,0,1,1,17,4.161218219691016,75
19,0,1,1,2,21,5.012820358572549,74
23,0,1,1,1,13,4.653212513775343,120
15,1,1,1,3,19,4.544068044350275,68
22,0,1,1,1,19,4.991226075692494,126
20,0,1,1,2,13,4.845098040014256,140
23,1,0,0,2,15,4.518513939877887,178
14,1,1,1,2,22,4.3979400086720375,64
23,0,1,1,2,13,4.778151250383643,105
16,1,1,1,2,14,4.869231719730975,178
19,0,1,1,2,13,4.954242509439324,62
17,0,1,1,1,22,5.079181246047624,70
21,1,1,1,2,19,5.079181246047624,55
23,1,1,0,2,21,4.477121254719662,67
17,0,1,1,2,13,4.698970004336019,63
22,0,1,1,1,19,5.0413926851582245,126
18,1,1,1,2,21,5.079181246047624,35
26,0,1,1,1,21,4.176091259055681,88
23,1,1,1,1,16,3.6989700043360187,87
19,0,1,1,1,22,5.146128035678237,89
23,0,0,1,1,15,4.949390006644912,104
20,0,1,1,1,13,5.0413926851582245,65
22,0,1,1,1,21,4.845098040014256,47
22,0,1,1,2,26,4.778151250383643,74
17,1,1,1,2,22,4.845098040014256,65
25,0,1,1,1,14,4.021189299069937,98
21,0,1,1,2,26,4.903089986991943,72
21,1,1,1,1,26,4.371067862271736,77
15,1,1,1,2,25,5.0,67
17,1,1,1,1,21,4.176091259055681,86
20,1,0,0,1,14,4.897687558464355,117
24,1,1,1,1,19,4.602059991327962,82
21,2,1,1,1,19,4.929418925714292,62
23,1,0,1,1,19,4.477555332198981,82
21,0,1,1,1,21,4.845098040014256,88
18,0,1,1,3,17,4.778151250383643,105
16,0,1,1,2,15,5.0,106
22,1,1,1,1,19,4.903089986991943,82
18,1,1,1,1,21,4.944482672150168,86
17,0,1,1,1,18,4.653212513775343,63
9,1,1,1,3,21,5.230448921378273,60
20,0,1,1,2,22,4.903089986991943,69
15,1,1,1,2,19,4.698970004336019,68
22,1,1,1,1,21,4.3979400086720375,47
22,1,1,1,2,21,4.414973347970817,67
20,0,0,1,1,21,4.826074802700826,74
18,0,1,1,1,22,4.903089986991943,70
18,0,1,1,2,26,4.845098040014256,58
24,1,1,1,1,22,4.698970004336019,108
21,0,1,1,1,22,4.778151250383643,138
19,0,1,1,2,21,5.021189299069937,74
20,0,1,0,1,5,4.778151250383643,148
22,1,1,1,1,14,4.3979400086720375,89
17,1,1,1,1,26,4.845098040014256,62
18,0,1,0,3,13,5.079181246047624,120
17,0,1,1,1,22,5.0,70
20,0,0,1,1,21,4.908485018878649,74
17,0,1,0,2,19,4.7923916894982534,194
21,0,1,1,1,19,4.869231719730975,126
22,1,1,1,1,20,4.176091259055681,53
20,0,1,1,1,11,4.698970004336019,67
20,0,1,1,2,21,4.845098040014256,74
13,1,1,1,3,26,4.968482948553935,62
23,0,1,1,1,21,4.7481880270062,74
21,0,1,1,2,21,5.079181246047624,88
17,0,1,1,2,22,4.698970004336019,71
16,0,1,1,2,16,4.954242509439324,68
14,0,1,1,2,22,5.0413926851582245,54
10,0,1,1,4,13,5.0,120
19,0,1,1,1,13,4.255272505103306,140
16,0,1,1,2,13,5.079181246047624,95
24,0,0,1,1,21,4.230448921378274,88
17,0,1,1,2,22,5.170261715394957,89
11,1,1,1,2,21,4.954242509439324,94
25,0,1,1,1,16,4.30102999566398,99
15,1,1,1,1,21,5.0,46
19,1,1,1,2,19,4.76796431141426,55
17,0,1,1,1,22,4.903089986991943,69
22,0,1,1,2,13,4.477121254719662,100
8,1,1,1,1,21,4.778151250383643,80
13,1,1,1,3,21,4.845098040014256,67
17,0,1,1,3,16,5.0413926851582245,68
24,0,1,1,1,21,4.845098040014256,74
19,0,1,1,2,13,5.0,62
20,0,0,1,1,21,4.949390006644912,74
16,0,1,1,1,22,4.579143111643814,75
22,1,1,1,2,20,4.477121254719662,53
22,0,1,1,1,26,4.505149978319905,74
25,1,1,1,1,21,4.176091259055681,67
19,1,1,1,1,19,4.903089986991943,55
20,1,1,1,3,17,4.806179973983887,103
19,0,1,1,1,16,5.0,68
10,1,1,1,2,11,4.954242509439324,125
22,0,1,1,1,13,4.857332496431268,63
22,0,0,0,1,5,4.662757831681573,188
17,0,1,1,2,21,4.778151250383643,74
19,0,0,0,1,5,4.698970004336019,188
20,1,1,1,1,21,4.698970004336019,47
21,0,1,1,2,19,4.869231719730975,89
16,1,1,1,2,21,4.724275869600789,86
17,1,1,1,1,22,4.845098040014256,64
17,0,1,1,1,17,5.34693946269899,74
23,0,1,1,1,13,4.698970004336019,77
25,1,1,0,1,19,4.30102999566398,82
21,1,1,1,2,21,4.778151250383643,94
20,0,1,1,2,22,5.0,69
17,0,1,1,4,13,5.1760912590556805,115
22,1,1,1,1,21,4.653212513775343,83
23,1,1,1,1,22,4.477121254719662,84
21,0,1,1,1,19,4.954242509439324,71
21,0,1,1,1,19,4.903089986991943,89
23,0,1,1,1,19,4.778151250383643,126
22,0,1,1,1,13,4.845098040014256,120
26,1,1,1,1,22,4.602059991327962,89
20,0,1,0,2,5,4.643452676486187,148
14,1,1,1,3,19,4.991226075692494,79
19,1,1,1,2,21,4.698970004336019,67
10,1,1,1,2,14,5.079181246047624,90
15,1,1,0,3,14,4.602059991327962,130
17,0,0,1,1,16,4.895212531014987,68
21,1,1,1,1,16,4.845098040014256,87
18,0,1,1,1,16,5.287801729930226,68
21,1,1,1,2,19,5.0,68
11,1,1,1,1,21,4.954242509439324,60
25,1,1,1,1,21,3.4771212547196617,82
19,0,0,0,2,5,4.530199698203082,174
16,0,1,1,1,21,5.079181246047624,74
25,1,1,1,1,14,4.30102999566398,89
19,0,1,1,2,26,4.845098040014256,74
18,0,1,1,2,21,4.845098040014256,89
13,0,1,1,1,13,5.0413926851582245,120
21,0,1,1,1,14,5.079181246047624,99
14,1,1,1,2,19,5.0413926851582245,79
19,1,0,0,2,17,4.735015723450463,104
25,1,1,1,1,21,3.4771212547196617,82
17,0,1,1,4,21,5.060697840353612,89
21,0,1,1,2,22,4.903089986991943,69
17,1,1,1,1,19,4.544068044350275,94
20,0,1,1,2,21,4.903089986991943,74
17,1,1,1,1,21,4.0,46
16,0,1,1,2,22,5.0,138
17,1,1,1,1,21,4.778151250383643,66
23,1,1,1,1,21,4.845098040014256,83
22,0,1,1,1,21,5.0,88
15,0,1,1,2,21,5.0,75
12,1,1,1,3,19,5.0,83
20,0,1,1,1,14,4.986771734266244,99
21,1,1,1,1,21,4.3979400086720375,67
23,0,1,1,1,19,4.602059991327962,89
10,1,1,1,3,21,5.0413926851582245,46
17,1,1,0,1,19,4.30102999566398,79
16,1,1,1,2,21,4.4471580313422185,46
20,1,1,1,2,19,4.477121254719662,79
19,0,1,1,1,21,4.986771734266244,74
24,0,1,1,1,21,4.477121254719662,74
20,1,1,1,1,21,4.698970004336019,47
17,0,1,1,2,22,5.079181246047624,75
17,0,1,1,2,21,5.243038048686294,74
24,1,1,1,1,22,3.6989700043360187,84
17,1,1,1,1,14,4.698970004336019,118
23,0,1,1,1,22,5.079181246047624,69
19,1,1,1,1,21,4.698970004336019,34
24,0,1,1,1,22,4.518513939877887,69
24,1,1,1,1,19,3.89209460269048,68
20,0,1,1,2,22,4.954242509439324,148
23,1,1,1,1,21,4.477121254719662,67
23,1,1,1,1,20,4.477121254719662,67
18,0,1,1,4,21,5.243038048686294,74
16,0,1,0,1,13,5.0413926851582245,120
11,1,1,1,2,21,4.954242509439324,67
21,0,1,1,1,13,5.0,140
24,1,1,0,2,21,3.6989700043360187,67
23,0,1,1,1,21,4.875061263391699,74
19,0,1,1,2,16,4.954242509439324,68
19,0,1,1,2,17,5.190331698170291,104
19,0,1,1,1,26,4.954242509439324,74
17,0,1,1,2,26,5.397940008672037,80
21,1,1,1,1,19,4.3979400086720375,121
14,0,1,1,2,22,5.079181246047624,138
14,1,1,1,2,19,4.778151250383643,68
13,0,1,1,1,19,5.0413926851582245,110
20,1,1,1,1,21,5.0,67
23,1,1,1,1,21,4.30102999566398,82
21,1,1,0,2,21,4.579783596616809,67
23,1,1,1,1,21,4.477121254719662,82
20,1,1,1,2,19,4.954242509439324,82
17,0,1,1,3,17,5.079181246047624,104
16,2,1,1,2,21,4.954242509439324,103
24,1,1,1,1,14,4.30102999566398,89
16,1,1,1,1,21,5.079181246047624,67
17,0,1,1,2,17,4.812913356642856,104
19,0,0,1,1,26,4.7481880270062,74
24,1,1,0,1,21,3.89209460269048,82
21,1,1,1,1,21,4.255272505103306,47
17,0,1,1,2,22,4.763427993562937,138
15,0,1,1,2,22,5.071882007306124,62
24,0,1,1,2,11,4.544068044350275,148
20,0,1,1,1,13,5.0413926851582245,120
18,1,1,1,1,21,5.0,86
23,1,1,1,1,19,4.0,55
18,0,1,1,2,16,5.079181246047624,68
6,1,1,1,2,21,4.954242509439324,46
16,1,1,1,3,21,5.1760912590556805,46
19,0,1,1,1,13,5.079181246047624,120
23,0,1,0,1,13,4.698970004336019,100
12,0,1,1,4,22,5.0413926851582245,53
24,1,1,1,1,21,4.643452676486187,47
16,1,1,1,1,21,5.20951501454263,73
15,0,1,1,3,11,5.301029995663981,102
19,0,1,1,3,21,5.079181246047624,74
19,0,1,1,2,13,5.0413926851582245,100
18,0,1,1,2,19,4.602059991327962,90
24,0,1,1,1,22,4.845098040014256,89
21,1,1,1,2,19,4.778151250383643,55
20,0,1,1,1,13,4.060697840353611,63
21,1,1,1,3,19,4.845098040014256,82
26,1,1,1,1,21,3.6989700043360187,47
17,0,1,1,2,13,5.20951501454263,63
23,0,1,1,1,21,4.778151250383643,88
23,1,1,0,1,14,3.834102655712793,118
18,0,1,1,1,19,5.139879086401236,126
21,0,1,1,2,14,5.146128035678237,99
13,1,1,1,2,21,5.1760912590556805,64
24,1,0,1,1,11,4.1314261721474494,138
13,2,1,1,2,21,5.158362492095249,33
19,0,1,1,1,22,5.0,70
23,1,1,1,2,21,4.602059991327962,34
18,1,1,1,1,19,4.653212513775343,83
16,0,1,1,2,21,5.079181246047624,75
24,0,1,1,1,22,4.778151250383643,108
20,0,1,1,2,13,5.0253058652647695,65
26,0,1,1,1,13,3.6989700043360187,70
19,0,1,1,3,14,4.954242509439324,99
23,1,1,1,1,16,4.130333768495006,121
24,0,0,1,1,21,4.374968186299234,88
21,0,1,1,2,14,5.079181246047624,99
20,0,1,1,1,20,5.110589710299249,108
24,0,1,1,1,16,4.477121254719662,99
21,1,0,1,1,17,4.533467004884535,74
23,0,1,1,1,21,4.544068044350275,88
17,0,1,1,1,13,4.954242509439324,63
19,0,1,1,2,21,4.845098040014256,74
15,1,1,1,3,19,4.845098040014256,94
21,0,1,1,2,21,4.845098040014256,88
26,1,1,0,1,22,3.6989700043360187,108
19,0,1,1,2,21,5.278753600952829,74
23,1,1,1,1,21,4.176091259055681,83
16,0,1,1,1,17,5.0,105
13,0,1,1,3,22,5.0,70
22,0,1,1,2,22,4.778151250383643,148
24,0,1,1,1,13,4.30102999566398,120
15,0,1,1,2,13,5.079181246047624,120
21,1,1,1,1,19,4.544068044350275,121
19,2,1,1,1,21,4.954242509439324,58
22,0,1,1,1,21,5.0413926851582245,88
17,1,1,1,2,21,5.0,86
15,0,1,1,2,22,5.0,54
25,0,1,1,1,16,4.30102999566398,99
23,1,1,1,1,21,4.176091259055681,47
25,1,1,1,1,21,4.0,82
14,0,1,1,4,13,5.079181246047624,120
15,1,0,1,1,21,4.744292983122676,67
22,1,0,1,1,23,4.690196080028513,67
20,1,1,1,1,19,4.0,68
20,1,1,1,2,19,4.698970004336019,82
21,0,1,1,1,16,4.602059991327962,99
19,0,1,1,3,21,5.0,74
19,0,1,1,1,16,5.0413926851582245,68
19,0,0,1,1,21,4.886490725172481,74
12,0,1,1,1,13,4.954242509439324,117
19,0,1,1,1,22,5.079181246047624,74
26,2,1,1,1,21,3.6989700043360187,62
22,0,1,1,1,21,4.903089986991943,74
15,0,1,1,3,13,4.903089986991943,120
20,1,1,0,2,18,4.903089986991943,180
24,1,1,1,1,21,4.0,67
24,0,0,0,1,11,4.30102999566398,172
19,1,1,1,3,18,4.903089986991943,98
23,1,1,1,2,21,4.544068044350275,47
22,1,1,1,1,20,4.778151250383643,67
25,1,1,1,1,19,4.0,121
24,1,1,1,1,21,4.30102999566398,47
19,1,1,1,1,19,4.845098040014256,121
24,0,0,1,1,16,3.4563660331290427,99
24,1,1,1,1,21,4.176091259055681,47
20,1,1,1,3,19,4.903089986991943,82
21,1,1,1,1,23,4.176091259055681,67
24,0,1,1,1,21,4.8909795969896885,88
19,1,1,1,1,21,4.602059991327962,86
23,1,1,1,1,19,4.602059991327962,82
24,0,1,1,1,22,4.3979400086720375,148
24,0,1,1,1,16,4.778151250383643,99
17,0,1,1,1,22,4.903089986991943,54
22,0,1,1,1,19,4.886490725172481,89
25,0,1,1,2,21,4.176091259055681,74
23,0,1,1,1,13,4.662757831681573,120
18,0,1,1,1,22,4.778151250383643,74
18,0,1,1,3,19,4.778151250383643,126
16,0,1,1,1,22,5.079181246047624,89
18,0,1,1,1,13,5.0,75
24,0,1,1,2,22,4.929418925714292,108
19,0,0,1,1,16,4.7923916894982534,141
8,0,1,1,1,22,5.079181246047624,83
20,0,1,1,1,13,5.079181246047624,62
20,0,1,1,1,13,4.845098040014256,120
24,0,1,0,1,19,4.690196080028513,126
23,0,0,1,1,21,4.44793286559218,88
20,1,1,1,1,21,4.903089986991943,67
18,1,1,1,3,21,4.903089986991943,46
21,0,1,1,2,13,5.0413926851582245,62
22,0,1,1,1,21,4.903089986991943,88
19,0,1,1,2,13,5.096910013008055,62
23,1,1,0,1,21,4.462397997898956,67
21,0,1,1,4,19,4.778151250383643,70
19,0,1,1,1,21,4.602059991327962,74
23,1,1,1,1,19,4.477121254719662,82
23,0,1,1,2,19,4.431363764158987,126
8,1,1,1,2,21,5.0,60
23,1,0,0,1,22,4.294972974720407,84
18,0,1,1,1,21,5.0413926851582245,74
18,0,1,1,2,19,5.0413926851582245,126
12,1,1,1,4,19,5.0,83
24,1,0,1,1,21,3.9542425094393248,86
20,1,1,1,1,19,4.845098040014256,121
16,0,1,1,2,16,5.0413926851582245,68
18,0,1,1,1,19,4.954242509439324,90
20,0,1,1,2,21,4.954242509439324,88
23,1,1,1,1,21,4.477121254719662,67
22,0,1,0,1,13,5.0413926851582245,100
19,0,1,1,2,16,4.845098040014256,68
20,1,1,1,3,19,4.698970004336019,55
10,1,1,1,2,21,4.7558748556724915,37
7,1,1,1,2,21,3.6989700043360187,37
17,0,1,1,1,15,5.0,75
20,0,1,1,4,26,4.698970004336019,74
18,0,1,1,1,11,5.322219294733919,100
20,0,1,1,2,21,4.949877704036874,74
22,1,0,1,1,19,4.672097857935717,55
12,0,1,1,2,11,5.146128035678237,102
19,0,1,1,3,20,5.0,84
17,1,1,1,2,21,4.845098040014256,35
24,0,1,1,1,18,4.544068044350275,85
16,0,1,1,3,19,5.278753600952829,110
21,1,1,1,2,21,4.544068044350275,73
21,0,1,1,1,11,5.079181246047624,142
20,0,1,1,1,11,5.079181246047624,101
21,0,1,0,1,13,4.845098040014256,140
17,1,1,1,1,18,5.0413926851582245,98
21,1,1,0,1,14,4.903089986991943,89
21,0,0,1,1,21,5.056904851336473,74
12,1,1,1,3,21,5.008600171761917,88
24,0,1,1,1,19,4.698970004336019,74
16,0,1,1,4,13,5.20547503674089,115
22,0,1,1,2,21,5.167317334748176,74
25,0,1,1,1,13,4.602059991327962,121
23,0,1,1,1,19,4.146128035678237,89
24,1,1,1,1,21,3.6989700043360187,82
19,0,0,1,2,11,4.899426505087727,101
18,1,1,1,1,19,4.977723605288848,148
17,0,1,1,1,19,4.698970004336019,90
22,0,1,1,1,21,4.845098040014256,74
20,0,1,1,3,21,5.0413926851582245,74
20,1,1,1,1,21,4.602059991327962,66
24,1,1,1,1,14,4.602059991327962,87
15,0,1,0,2,13,5.0413926851582245,120
25,0,0,1,1,13,4.113943352306836,63
25,1,0,0,1,19,3.3590762260592624,118
23,1,1,1,1,19,4.477121254719662,55
18,0,1,1,2,16,4.806179973983887,67
21,1,1,1,1,26,4.698970004336019,77
22,1,0,1,1,23,4.602059991327962,67
18,1,1,1,1,26,4.845098040014256,62
17,0,1,1,1,16,4.845098040014256,68
16,0,1,1,2,16,4.698970004336019,68
25,1,1,0,1,21,3.812913356642855,82
22,0,1,1,1,21,4.602059991327962,88
13,1,1,1,2,19,5.0,68
24,0,0,1,1,19,4.85430604180108,89
22,1,1,1,1,23,4.698970004336019,67
22,1,0,0,1,15,4.449971810566892,104
22,0,1,1,1,21,4.698970004336019,74
21,0,1,1,1,19,5.079181246047624,126
21,0,1,1,1,21,4.544068044350275,74
16,0,1,1,2,22,5.079181246047624,71
19,1,1,1,1,19,4.845098040014256,83
20,1,1,1,3,14,4.602059991327962,87
18,0,0,1,1,22,4.91649079621548,138
23,1,1,1,1,19,4.477121254719662,82
17,0,1,1,3,22,5.152288344383057,138
14,1,1,1,3,21,5.0,64
23,1,1,1,2,14,4.3979400086720375,89
18,0,1,1,1,22,4.602059991327962,70
24,1,1,1,1,19,4.845098040014256,68
18,0,1,1,2,13,4.903089986991943,63
20,0,1,1,2,19,4.698970004336019,70
21,1,1,1,2,21,4.698100545623389,47
23,1,1,1,1,21,4.130333768495006,73
17,0,1,1,1,16,5.0,68
24,0,0,1,1,13,4.740362689494243,100
22,1,1,1,2,21,4.30102999566398,67
16,0,1,1,2,22,5.079181246047624,89
24,1,1,1,1,19,4.0,82
16,1,1,1,2,19,4.973127853599698,79
21,0,1,1,1,13,5.096910013008055,140
24,1,1,1,1,13,4.2944662261615925,82
16,0,1,1,4,19,5.0,90
22,0,1,1,1,13,5.143014800254094,100
24,0,1,1,3,22,5.146128035678237,148
21,1,1,1,1,21,4.462397997898956,67
16,1,1,1,1,21,4.903089986991943,80
24,0,1,1,1,21,5.0,74
24,1,1,1,1,20,4.30102999566398,67
23,0,1,1,1,22,4.477121254719662,154
23,1,1,1,1,16,4.778151250383643,87
16,2,1,1,3,19,4.845098040014256,62
19,0,1,1,1,22,5.079181246047624,69
16,0,1,1,2,13,5.0,63
17,0,0,0,1,8,4.954242509439324,204
23,0,1,1,1,19,4.698970004336019,89
18,0,1,1,3,21,4.903089986991943,74
16,1,1,0,2,14,4.778151250383643,118
19,0,1,1,1,26,4.812913356642856,184
16,0,0,0,1,9,5.008600171761917,188
19,1,1,0,1,19,4.698970004336019,79
23,1,1,0,1,21,4.190331698170291,67
22,0,1,1,2,26,5.0413926851582245,74
18,1,1,1,2,21,4.698970004336019,46
15,0,1,1,3,11,5.230448921378273,102
17,0,1,0,1,5,5.079181246047624,168
23,0,1,1,1,21,4.544068044350275,74
19,1,1,1,2,21,4.544068044350275,86
25,0,0,1,1,13,4.09981870961523,105
16,0,1,1,3,21,5.079181246047624,74
23,0,1,1,1,16,4.7481880270062,99
20,2,1,1,2,21,4.845098040014256,67
3,1,1,1,2,21,4.778151250383643,37
24,1,1,1,1,21,4.0,82
21,0,1,1,1,16,5.139879086401236,99
15,0,1,1,2,21,5.021189299069937,75
17,0,1,1,2,16,5.230448921378273,68
15,0,1,1,2,13,5.2455126678141495,66
17,0,1,1,2,13,5.0,95
19,0,1,1,1,11,4.863322860120455,100
22,1,1,1,1,21,5.079181246047624,73
19,0,0,1,2,16,5.09875098849782,99
23,0,1,1,1,21,4.778151250383643,74
23,0,0,1,1,14,4.762678563727436,99
22,0,1,1,2,26,4.778151250383643,105
16,1,1,1,1,19,4.845098040014256,80
23,0,1,1,2,19,4.602059991327962,74
25,1,1,1,1,21,4.0,82
14,1,1,1,4,21,4.7737864449811935,37
24,1,1,0,1,19,4.176091259055681,82
24,0,1,1,1,13,4.342422680822206,65
19,0,1,1,2,26,5.0,77
17,0,0,1,2,11,4.952211058108668,102
18,1,1,1,2,21,4.954242509439324,86
20,0,1,1,2,13,5.217483944213906,140
20,0,1,1,2,16,5.146128035678237,90
23,0,1,1,1,22,4.30102999566398,148
18,0,1,1,1,22,4.934498451243567,89
19,1,1,1,1,19,4.624591459126847,55
24,1,0,1,1,16,3.7782236267660965,121
20,0,1,1,1,13,5.079181246047624,140
20,0,1,1,1,22,5.0,70
20,0,1,1,1,21,4.845098040014256,74
18,1,1,1,1,15,5.064457989226918,104
20,0,1,1,2,26,5.143014800254094,74
20,1,1,1,1,21,4.491361693834272,67
16,1,1,1,3,14,5.0413926851582245,118
16,0,1,1,1,13,5.0,95
20,1,1,1,1,21,4.3979400086720375,47
17,1,1,1,2,26,4.643452676486187,63
24,1,1,1,1,23,4.812913356642856,67
19,0,1,1,2,19,4.944482672150168,126
25,1,1,1,1,22,4.3979400086720375,84
24,0,1,1,1,21,5.079181246047624,74
23,0,1,1,2,14,4.672097857935717,99
19,0,1,1,1,11,4.903089986991943,100
14,1,1,1,2,21,4.954242509439324,67
22,0,1,1,1,21,4.8512583487190755,74
14,0,1,1,1,13,5.079181246047624,63
15,1,1,1,3,21,5.0413926851582245,105
25,1,1,1,1,19,5.0,82
21,1,1,1,1,19,4.3979400086720375,82
19,0,1,1,1,19,4.778151250383643,89
18,0,1,1,2,17,5.0413926851582245,104
18,1,1,1,1,26,4.778151250383643,79
22,1,1,1,1,21,4.778151250383643,73
21,0,1,1,1,21,5.0,89
23,1,1,1,1,21,4.361727836017592,83
18,0,0,1,1,11,5.190331698170291,102
24,1,1,1,1,20,4.602059991327962,53
15,0,1,1,3,13,5.079181246047624,112
15,0,1,1,1,19,5.079181246047624,110
16,1,1,1,4,22,4.482873583608754,35
15,0,1,1,4,11,5.383815365980431,102
25,0,1,0,1,21,3.8849651982007325,74
21,0,1,1,1,21,5.0413926851582245,88
23,1,0,1,1,21,4.837903944592942,67
13,0,1,1,2,22,5.079181246047624,138
16,1,1,1,3,21,4.477121254719662,46
17,1,1,1,2,19,4.903089986991943,55
21,0,1,1,1,22,4.778151250383643,138
22,1,1,1,1,20,4.531478917042255,67
18,0,1,1,1,21,5.033423755486949,74
13,1,0,0,1,8,4.6232492903979,186
23,0,0,1,1,16,4.875061263391699,99
14,0,1,1,1,13,5.301029995663981,63
20,0,1,1,2,13,4.799340549453581,63
14,1,1,1,3,21,4.903089986991943,88
23,0,1,1,2,21,4.544068044350275,74
20,0,1,1,2,16,4.954242509439324,67
16,1,1,1,3,21,5.079181246047624,46
20,0,1,1,3,11,5.08278537031645,101
18,0,1,1,2,20,4.746128005464327,108
15,0,1,1,1,22,5.0413926851582245,138
22,1,1,0,1,21,4.698970004336019,83
18,1,1,1,1,21,4.4698220159781625,67
13,1,1,0,3,21,4.799340549453581,67
18,0,1,1,3,22,5.1760912590556805,69
6,1,1,1,4,21,5.313867220369153,46
19,1,1,1,1,21,4.621176281775035,86
20,0,1,1,2,16,5.0,67
23,1,1,1,1,21,4.176091259055681,67
14,0,1,1,3,15,5.1760912590556805,70
21,0,1,1,1,13,4.602059991327962,62
12,0,1,1,1,11,5.397940008672037,102
14,0,1,1,2,11,5.3404441148401185,102
21,0,1,1,1,22,5.0,89
21,1,1,1,1,14,4.544068044350275,117
20,0,1,1,1,13,5.079181246047624,120
17,1,1,1,3,21,4.973127853599698,67
12,1,1,1,3,14,5.2516382204482115,78
19,1,1,1,2,21,4.778151250383643,67
15,1,1,1,2,21,4.977723605288848,66
25,1,1,0,1,21,4.518513939877887,82
23,1,1,1,2,19,4.180441298194718,55
17,1,1,1,2,19,4.959041392321093,79
17,1,1,1,2,18,4.778151250383643,75
18,0,1,1,2,18,4.845098040014256,85
23,1,1,1,2,19,4.176091259055681,55
25,1,1,1,1,21,4.0,73
18,0,1,1,1,26,4.806179973983887,124
23,1,1,1,1,14,4.544068044350275,117
16,0,1,1,4,13,5.164352855784436,112
24,0,1,1,1,11,4.954242509439324,67
16,0,1,1,4,26,5.322219294733919,105
16,1,1,1,4,22,5.06707085604537,90
13,1,1,1,1,14,4.845098040014256,78
17,0,1,1,2,16,5.079181246047624,68
20,1,1,1,2,14,4.7481880270062,117
21,0,1,1,1,13,5.079181246047624,63
14,1,1,1,2,14,4.954242509439324,78
20,1,1,1,1,19,4.857332496431268,82
24,0,1,1,1,21,4.3979400086720375,88
16,1,1,1,1,17,5.056904851336473,160
20,0,1,1,1,18,4.602059991327962,108
11,1,1,1,4,21,4.903089986991943,46
25,1,1,1,1,17,4.30102999566398,75
25,0,1,1,1,21,4.698970004336019,88
10,1,1,1,3,16,4.3979400086720375,92
15,1,1,1,1,21,5.079181246047624,67
21,0,1,1,2,11,5.079181246047624,67
23,0,1,1,1,21,5.0413926851582245,74
18,0,1,1,1,13,5.0413926851582245,65
22,0,1,0,1,13,4.732393759822968,140
21,1,1,1,1,14,4.698970004336019,87
16,0,1,1,2,22,5.170261715394957,69
22,0,0,1,1,11,4.431363764158987,148
18,0,1,1,2,22,5.423245873936807,70
22,0,1,1,1,22,4.698970004336019,89
19,0,1,1,3,21,5.036628895362161,74
24,1,1,1,1,21,4.243038048686294,67
8,1,1,1,3,21,4.477121254719662,60
23,0,0,1,1,19,4.801465453658702,126
20,1,1,1,2,19,4.477121254719662,82
22,1,1,1,1,20,4.3979400086720375,67
16,1,1,1,1,21,4.633468455579586,67
23,0,0,1,1,21,4.61523440120683,74
17,0,1,1,2,22,4.732393759822968,75
17,0,1,1,2,15,5.146128035678237,108
21,0,1,1,2,20,5.113943352306836,84
20,0,1,1,2,17,4.903089986991943,104
21,1,1,1,1,21,4.30102999566398,47
14,0,1,1,3,21,5.245023811488737,74
25,1,1,1,1,19,4.278753600952828,82
12,1,1,1,2,21,4.954242509439324,64
21,1,1,1,1,20,4.698970004336019,53
20,1,1,1,1,21,4.0,67
17,1,1,1,1,26,4.477121254719662,62
21,0,1,1,2,13,5.0413926851582245,100
16,0,1,1,3,26,5.130333768495006,148
22,0,0,1,1,19,4.750037589779494,89
24,1,0,0,1,19,4.462397997898956,82
19,0,1,1,1,21,5.0413926851582245,74
14,1,1,1,3,21,4.845098040014256,46
12,1,1,1,4,19,5.0413926851582245,103
23,1,1,1,1,20,4.778151250383643,53
22,1,1,1,1,19,4.176091259055681,68
20,1,1,1,1,21,4.544068044350275,82
23,0,1,1,1,21,4.30102999566398,74
22,0,1,1,1,21,4.9549657310584205,88
24,0,1,1,1,14,4.633468455579586,99
26,0,1,1,1,13,4.778151250383643,77
23,0,0,1,1,13,4.638748757721429,140
19,0,1,1,2,22,4.980003371583746,138
23,1,1,1,1,19,4.4222943008935625,68
21,1,1,1,2,21,4.3979400086720375,83
21,0,1,1,1,19,4.724275869600789,70
22,0,1,0,2,13,4.954242509439324,100
17,0,1,1,2,13,5.230448921378273,64
11,1,1,1,3,21,5.1760912590556805,67
17,0,1,1,1,19,5.0,126
20,1,1,1,1,21,4.602059991327962,86
17,0,1,0,1,9,4.9290355555420655,181
25,2,1,1,1,21,4.544068044350275,58
20,0,1,1,2,26,4.954242509439324,72
22,1,1,1,1,21,3.933892035764211,82
24,1,1,0,1,19,4.3979400086720375,82
21,0,1,1,1,22,4.778151250383643,74
23,0,1,1,1,13,5.0413926851582245,63
22,0,1,1,1,26,5.079181246047624,72
19,1,1,1,1,22,4.477121254719662,37
19,0,1,1,1,17,5.230448921378273,104
21,0,1,1,1,25,4.984527313343792,92
24,1,1,1,1,20,4.477121254719662,53
22,0,1,1,2,21,4.602059991327962,88
24,1,1,1,2,21,4.176091259055681,47
20,1,1,1,1,21,4.698970004336019,47
17,0,1,1,1,21,5.096910013008055,74
13,1,1,1,1,21,4.864849129587562,37
17,1,1,1,3,21,4.903089986991943,73
22,0,1,1,1,13,5.079181246047624,62
15,0,1,1,2,16,5.060697840353612,68
17,1,1,0,2,8,4.903089986991943,204
20,1,1,1,2,14,4.778151250383643,87
21,0,1,1,1,21,4.903089986991943,89
23,0,1,1,1,21,4.740362689494243,88
16,2,1,1,2,19,5.079181246047624,94
14,0,1,1,2,21,4.778151250383643,75
17,0,1,1,1,25,5.301029995663981,92
18,1,1,1,1,21,4.113943352306836,67
15,1,1,1,2,19,5.0413926851582245,79
19,0,1,0,1,19,4.875061263391699,126
24,1,1,1,1,19,4.602059991327962,82
23,1,1,1,1,21,4.0,73
16,1,1,1,1,19,4.954242509439324,62
21,0,0,1,1,21,4.778151250383643,88
17,1,1,1,2,26,4.30102999566398,62
22,0,1,1,1,19,4.845098040014256,126
24,1,1,1,1,22,4.361727836017592,84
21,0,1,1,1,11,5.0,101
17,0,1,1,2,17,4.886490725172481,74
20,0,1,1,2,11,4.477121254719662,168
21,1,0,1,1,17,4.6232492903979,74
17,0,1,1,2,21,4.929418925714292,74
19,1,1,0,2,15,4.544068044350275,104
16,1,1,1,3,19,4.954242509439324,79
20,0,1,1,1,13,5.079181246047624,94
17,0,1,1,2,13,5.0413926851582245,120
16,1,1,1,1,26,4.778151250383643,75
23,1,1,1,1,19,4.431363764158987,82
13,1,1,1,3,21,4.778151250383643,46
20,0,1,1,2,13,4.698970004336019,75
24,0,0,1,1,13,4.776236138320199,100
17,0,1,1,3,13,4.954242509439324,120
13,1,1,1,2,21,4.845098040014256,46
19,1,1,1,2,19,4.694605198933568,55
17,0,1,1,2,19,5.0,126
17,1,1,1,1,21,4.903089986991943,67
25,1,1,1,1,19,4.0,82
24,1,1,1,1,23,4.602059991327962,67
18,0,1,1,1,22,5.130333768495006,138
19,0,1,1,3,14,5.146128035678237,99
25,0,1,1,1,21,4.30102999566398,74
16,1,1,1,2,21,4.845098040014256,67
18,0,1,1,2,11,5.079181246047624,102
23,1,1,1,1,21,4.079181246047624,67
23,1,1,0,1,19,4.477121254719662,82
15,0,1,1,1,22,4.74638506972845,71
22,0,1,1,1,21,4.845098040014256,88
21,0,1,1,2,13,4.7558748556724915,120
22,1,1,1,1,19,4.3979400086720375,82
23,1,1,0,1,21,4.544068044350275,67
22,0,1,1,3,21,5.079181246047624,74
25,0,1,1,1,19,4.0,89
13,1,1,1,2,21,5.133538908370217,88
17,1,1,1,1,21,4.477121254719662,67
25,1,1,0,2,21,4.278753600952828,82
21,0,1,1,1,21,4.778151250383643,74
18,0,0,1,1,22,4.834039018159467,138
21,1,1,1,1,14,4.477121254719662,117
23,1,0,1,1,22,4.7558748556724915,84
19,0,1,1,3,17,5.079181246047624,74
21,1,1,1,1,19,4.740362689494243,79
22,1,1,1,1,22,4.602059991327962,84
15,0,1,1,2,21,5.079181246047624,74
15,1,1,1,3,26,5.0413926851582245,63
18,0,1,1,1,18,4.954242509439324,85
23,1,0,1,1,19,4.5334161417958905,82
17,1,1,1,2,19,5.0413926851582245,62
13,0,1,1,2,19,5.079181246047624,110
24,1,1,1,1,16,4.281033367247727,95
16,0,1,1,1,26,4.778151250383643,148
20,0,0,0,2,8,4.444044795918076,121
23,1,1,1,1,20,4.698970004336019,53
17,0,1,1,2,16,4.970811610872517,67
19,1,1,1,1,19,4.954242509439324,62
18,0,1,1,4,13,5.301029995663981,140
21,0,1,1,1,25,5.079181246047624,92
21,0,1,1,2,19,4.954242509439324,71
24,0,0,1,1,20,4.255272505103306,108
25,1,1,1,1,14,3.6989700043360187,89
14,0,1,1,3,27,4.903089986991943,52
19,0,1,1,2,21,5.079181246047624,74
19,1,1,1,1,21,4.544068044350275,86
18,1,1,1,1,21,4.602059991327962,46
15,0,1,0,2,13,5.190331698170291,120
18,0,1,0,2,9,5.190331698170291,181
19,0,1,1,1,22,5.1760912590556805,69
22,0,1,1,1,13,5.0,64
24,0,1,1,1,21,4.176091259055681,74
23,1,1,1,1,21,4.740362689494243,83
20,1,1,1,2,21,4.903089986991943,67
10,1,1,1,2,21,4.845098040014256,67
16,0,0,1,2,16,5.094527027793107,68
25,0,1,1,1,21,4.146128035678237,88
18,1,0,1,1,22,4.255272505103306,38
17,0,1,0,2,26,4.954242509439324,148
24,1,1,0,1,20,4.477121254719662,104
23,0,1,1,1,22,4.653212513775343,154
24,1,1,1,1,21,3.7923916894982534,103
24,1,0,0,1,21,4.8437247413002,82
26,1,1,1,1,21,4.176091259055681,73
21,0,1,0,2,13,5.0,140
15,1,1,1,3,21,4.954242509439324,86
15,1,1,1,1,21,4.230448921378274,46
19,0,1,1,2,13,4.903089986991943,120
21,0,0,0,2,11,4.959041392321093,168
24,1,1,1,1,21,4.278753600952828,67
21,0,1,1,2,19,4.778151250383643,89
19,0,1,0,1,13,5.301029995663981,184
20,0,1,1,2,19,4.903089986991943,126
19,1,1,1,2,26,4.845098040014256,79
13,1,1,1,2,19,4.845098040014256,68
25,1,0,1,1,16,4.518513939877887,95
25,1,1,1,1,16,3.778151250383643,95
23,1,1,1,1,21,4.602059991327962,47
15,1,1,1,1,14,4.845098040014256,130
22,0,1,1,1,21,4.845098040014256,74
14,1,1,1,2,19,4.845098040014256,79
22,0,0,0,1,15,4.892150277901364,104
20,0,0,1,1,21,4.72582999032058,74
17,0,1,0,2,26,4.903089986991943,148
18,1,1,1,1,19,5.0,55
18,0,1,1,1,15,5.0413926851582245,75
17,1,1,1,2,19,4.903089986991943,79
21,0,1,1,2,20,5.079181246047624,84
20,0,1,0,2,19,4.903089986991943,194
16,0,1,1,3,17,5.079181246047624,104
21,0,1,1,1,13,4.204119982655924,63
21,0,1,1,1,13,5.230448921378273,120
22,0,1,1,1,21,4.778151250383643,88
24,1,1,1,1,22,4.176091259055681,108
24,1,1,0,1,21,4.477121254719662,67
8,1,1,1,4,14,5.206825876031849,100
15,0,1,1,2,21,5.0,75
18,1,1,1,1,18,5.0413926851582245,98
16,1,1,1,2,21,4.681241237375587,46
25,0,1,1,1,21,4.0,88
24,1,1,1,1,21,4.477121254719662,67
15,1,1,1,2,21,4.903089986991943,67
23,0,1,1,1,17,4.602059991327962,109
23,0,1,1,1,22,4.707570176097936,69
18,1,1,1,2,19,4.954242509439324,62
17,1,1,1,1,14,5.021189299069937,118
20,0,1,1,1,13,4.602059991327962,140
2,1,1,1,2,21,4.505149978319905,37
21,0,1,1,1,19,4.602059991327962,89
18,0,1,1,1,22,4.662757831681573,70
21,0,1,1,2,11,4.903089986991943,67
8,1,0,1,2,21,4.7190411078698595,37
21,0,0,1,1,19,4.772578392792225,126
22,1,0,0,1,19,4.602059991327962,121
24,1,1,1,1,20,4.778151250383643,67
21,1,0,1,1,14,3.9822259916746745,117
24,1,1,1,1,20,4.3979400086720375,67
17,0,1,1,2,26,4.845098040014256,58
14,0,1,1,1,10,5.0,68
22,0,1,1,1,18,4.556302500767287,108
23,0,0,1,1,4,4.839622578648674,170
15,0,1,1,2,21,4.845098040014256,74
18,1,1,1,4,19,4.8808135922807905,79
19,0,1,1,2,19,4.778151250383643,89
21,0,0,1,1,19,4.740362689494243,71
16,1,1,1,4,21,4.903089986991943,46
20,1,1,1,1,23,4.518513939877887,67
18,1,1,1,2,21,4.845098040014256,86
23,0,1,1,2,13,4.826074802700826,100
17,0,1,1,1,11,4.954242509439324,67
24,0,1,1,1,16,4.602059991327962,99
18,0,1,1,2,21,5.0413926851582245,74
22,0,1,1,1,21,5.0413926851582245,88
22,0,1,1,1,22,5.0,69
23,1,1,1,1,19,4.477121254719662,82
19,0,1,1,1,19,5.158362492095249,89
11,0,1,1,1,11,5.079181246047624,102
22,0,0,1,1,19,4.586587304671755,126
18,1,1,1,1,19,5.0413926851582245,68
21,1,1,1,2,20,5.322219294733919,53
15,1,1,1,2,21,4.716003343634799,67
23,1,1,1,2,21,4.3979400086720375,47
23,1,1,1,1,22,4.778151250383643,84
22,0,1,1,3,19,4.799340549453581,70
24,1,1,1,1,20,4.477121254719662,67
19,0,1,1,2,13,5.079181246047624,100
23,0,1,1,1,22,4.845098040014256,74
17,0,1,1,2,22,5.301029995663981,71
16,1,1,1,1,26,4.845098040014256,79
21,0,0,1,1,21,4.738169898063887,74
23,0,1,1,1,4,4.176091259055681,170
23,1,1,1,2,21,4.954242509439324,47
22,0,0,1,1,21,4.449940988773337,88
18,0,1,1,1,21,4.863322860120455,89
17,0,1,1,2,22,4.778151250383643,138
22,1,1,1,1,19,4.845098040014256,82
17,0,1,1,1,26,4.602059991327962,148
24,1,1,1,1,19,4.0,82
21,0,1,1,1,19,4.954242509439324,126
25,1,0,1,1,17,3.301029995663981,74
3,1,1,1,2,21,5.0,60
23,0,1,1,1,22,4.845098040014256,69
25,0,1,1,1,22,3.301029995663981,69
21,0,1,1,1,21,5.079181246047624,74
24,1,1,1,1,14,3.740362689494243,118
19,0,1,1,1,26,5.143014800254094,58
20,1,1,1,1,21,4.30102999566398,47
20,0,1,1,1,21,5.162862993321926,74
16,1,1,1,2,21,5.079181246047624,46
19,0,1,1,2,13,4.778151250383643,62
19,0,1,1,2,21,5.079181246047624,74
17,1,1,1,1,26,4.544068044350275,62
16,0,0,1,2,25,4.785329835010767,92
14,0,1,0,3,9,4.778151250383643,235
22,1,1,1,2,22,4.845098040014256,89
20,0,1,1,2,21,4.954242509439324,74
21,0,0,1,1,17,4.63347855533382,109
17,0,0,1,2,22,4.875061263391699,69
18,0,1,1,1,22,5.079181246047624,69
20,0,1,1,1,25,4.595441104815296,75
19,0,1,1,1,21,4.845098040014256,74
20,0,0,1,1,11,4.886490725172481,168
18,1,1,1,1,14,5.0413926851582245,87
23,0,1,1,1,19,4.698970004336019,74
24,1,1,1,1,19,4.30102999566398,82
18,1,1,1,2,19,4.544068044350275,55
14,1,1,1,2,19,4.903089986991943,68
15,1,1,1,2,21,4.770852011642144,46
19,1,1,1,2,21,4.778151250383643,47
17,1,1,1,2,16,4.903089986991943,68
23,0,1,1,1,21,4.845098040014256,74
22,0,1,1,2,21,5.0,88
23,0,1,1,1,22,5.0,148
22,1,0,1,1,14,4.732393759822968,89
18,0,1,1,2,22,5.079181246047624,71
21,1,1,1,1,19,4.30102999566398,82
23,1,1,1,1,22,4.176091259055681,89
19,0,1,1,2,11,4.977723605288848,101
16,0,1,1,4,22,5.079181246047624,138
23,1,1,0,1,14,4.176091259055681,117
22,0,1,1,2,19,4.531478917042255,71
12,0,1,1,2,22,4.944482672150168,62
25,0,1,1,1,19,4.113943352306836,89
9,1,1,1,2,19,4.845098040014256,94
14,1,1,1,4,21,4.812913356642856,46
18,0,1,1,1,13,4.845098040014256,120
25,0,1,1,1,21,4.3802112417116055,74
20,0,0,1,1,13,4.869231719730975,62
22,0,0,1,1,16,4.778151250383643,99
25,1,1,1,1,20,4.322219294733919,53
20,0,1,1,1,21,5.079181246047624,74
14,0,0,1,1,13,4.89209460269048,120
24,0,1,1,1,11,5.1760912590556805,67
17,0,1,1,2,17,4.838849090737255,104
23,2,1,1,1,21,4.3979400086720375,62
19,1,1,1,2,19,4.954242509439324,148
22,1,1,1,1,22,4.383402410491815,89
21,0,1,1,1,14,5.130333768495006,99
24,1,1,1,1,21,4.602059991327962,86
21,1,1,0,2,19,4.845098040014256,82
20,0,1,1,1,13,5.0,95
24,1,1,1,1,23,4.3979400086720375,54
15,0,1,1,2,21,5.079181246047624,74
20,0,1,1,2,21,5.0,74
12,1,1,1,4,21,5.0413926851582245,67
18,0,1,1,2,22,5.0413926851582245,89
18,0,1,0,1,5,4.845098040014256,241
26,2,1,1,1,21,4.544068044350275,62
17,1,1,1,1,11,5.0413926851582245,89
21,0,1,1,1,11,4.30102999566398,168
21,1,1,1,1,19,4.544068044350275,82
21,0,1,1,1,13,5.238046103128794,140
17,0,0,1,1,21,4.986771734266244,74
23,0,1,1,1,13,4.653212513775343,70
20,0,1,1,1,26,4.698970004336019,72
11,1,1,1,2,19,4.949390006644912,83
17,0,1,1,1,19,5.033423755486949,126
13,1,1,1,3,19,5.033423755486949,103
14,1,1,1,4,19,5.0413926851582245,68
22,0,1,1,2,21,4.903089986991943,74
19,1,1,1,2,14,4.903089986991943,87
25,1,1,1,1,21,4.060697840353611,82
11,1,1,1,2,21,4.602059991327962,46
22,1,1,1,1,21,4.602059991327962,67
19,0,1,0,2,5,4.544068044350275,174
18,0,1,1,1,22,4.778151250383643,89
21,1,1,1,1,16,4.3979400086720375,110
21,1,0,1,1,14,4.633468455579586,89
17,0,1,1,3,13,4.698970004336019,120
20,0,1,1,2,21,4.887701675781762,74
23,1,1,1,2,19,4.903089986991943,82
20,1,1,1,2,22,4.698970004336019,38
19,0,1,1,3,17,4.903089986991943,74
23,0,1,1,1,14,4.698970004336019,99
17,0,1,1,2,17,5.127104798364807,74
23,0,1,1,1,21,4.3979400086720375,74
22,1,1,1,1,19,5.0,55
20,0,1,0,2,8,4.778151250383643,201
17,0,1,1,3,13,5.676693609624866,115
8,1,1,1,1,21,5.079181246047624,37
18,1,1,0,1,21,5.079181246047624,86
24,0,1,1,1,13,4.778151250383643,153
23,1,0,1,1,21,4.389555888095236,82
23,0,1,1,1,22,4.857332496431268,138
24,0,1,1,2,21,4.544068044350275,88
20,0,1,1,3,13,5.079181246047624,140
15,0,1,1,1,22,4.633468455579586,90
6,1,1,1,3,21,5.0,37
19,0,1,1,2,21,4.845098040014256,74
22,2,1,1,1,21,4.698970004336019,58
13,1,1,1,3,21,5.0,67
19,0,1,1,1,11,3.857332496431268,101
20,0,1,1,1,14,5.301029995663981,99
19,0,1,1,1,13,4.845098040014256,63
21,0,1,1,1,11,4.832508912706236,101
11,1,1,1,2,21,4.954242509439324,46
24,1,1,1,1,19,4.0,121
23,0,1,1,1,22,4.903089986991943,69
24,1,1,0,1,21,3.9542425094393248,83
16,0,1,1,2,21,5.278753600952829,74
14,1,1,1,1,19,4.954242509439324,68
9,1,1,1,1,21,4.7923916894982534,37
23,1,1,1,1,19,4.591064607026499,121
24,0,1,1,1,17,4.724275869600789,88
19,1,1,1,2,21,5.037091683257105,67
22,1,1,1,1,21,4.477121254719662,47
25,0,1,0,1,21,4.544068044350275,88
18,1,1,1,1,19,4.812913356642856,79
22,1,1,1,4,19,4.845098040014256,82
18,1,1,1,3,17,4.778151250383643,104
23,0,1,1,1,16,4.477121254719662,99
24,0,1,1,1,14,4.602059991327962,99
25,0,1,1,1,4,4.146128035678237,170
17,0,1,1,3,22,4.903089986991943,138
23,0,1,1,1,21,4.812913356642856,74
19,1,1,1,2,21,4.698970004336019,47
21,0,0,1,1,16,4.96685011110379,99
16,0,1,1,2,22,4.477121254719662,89
16,1,1,1,2,17,4.903089986991943,102
24,1,1,1,1,19,3.602059991327962,82
18,0,1,1,1,21,4.939519252618618,89
16,0,1,1,2,19,4.903089986991943,90
25,0,1,1,1,13,4.30102999566398,120
13,0,1,1,4,13,5.0413926851582245,117
12,1,1,1,2,21,4.643452676486187,88
21,1,1,0,2,18,4.855622114260253,76
14,1,1,1,1,19,5.107209969647868,62
22,1,1,0,1,16,4.602059991327962,110
23,1,0,0,1,14,4.6127838567197355,118
21,1,1,1,1,21,4.352182518111362,67
18,0,1,1,3,13,5.255272505103306,62
24,1,1,0,1,22,4.0,84
24,1,1,1,1,23,4.0,54
5,0,1,1,2,10,5.296665190261531,68
22,1,1,1,1,20,4.342422680822206,53
18,0,1,1,1,26,5.079181246047624,58
18,1,1,1,1,21,4.544068044350275,86
22,0,1,1,1,14,4.778151250383643,99
21,0,1,1,1,16,4.903089986991943,99
23,0,1,0,1,21,4.568201724066994,74
25,1,1,1,1,20,4.176091259055681,67
14,0,1,1,3,16,5.212187604403957,68
21,1,1,1,1,19,4.653212513775343,55
14,0,1,1,4,13,5.135132651376774,120
21,1,1,1,1,21,4.518513939877887,91
23,0,1,1,1,21,4.8512583487190755,74
17,0,1,1,2,19,5.096910013008055,194
10,1,1,1,4,19,5.079181246047624,94
23,0,0,1,1,19,4.4060459958453,90
20,0,1,1,1,14,5.0413926851582245,99
21,0,1,1,1,26,5.079181246047624,74
18,0,1,1,2,16,5.0,68
25,1,1,1,1,21,3.8450980400142565,67
17,1,1,1,1,21,4.863322860120455,46
23,0,1,1,1,21,4.914078585389112,74
22,1,1,1,1,19,4.462397997898956,82
16,0,1,1,3,22,4.845098040014256,70
24,1,1,1,1,23,4.0,67
25,0,1,1,1,7,4.0,113
24,1,1,1,1,19,4.477121254719662,82
18,1,1,1,1,21,4.477121254719662,86
25,1,1,0,1,21,3.6989700043360187,83
20,0,1,1,1,13,5.1003705451175625,120
21,0,1,1,1,11,5.278753600952829,101
20,1,1,1,1,21,4.740362689494243,47
10,1,1,1,2,11,5.079181246047624,165
22,0,1,1,1,21,4.845098040014256,74
24,1,1,1,1,19,4.3979400086720375,82
24,0,1,1,1,21,3.6989700043360187,88
24,0,0,1,1,16,4.441223674242612,99
23,1,0,0,1,14,4.863322860120455,187
25,0,1,1,1,14,4.857332496431268,99
14,1,1,1,1,16,5.301431532377628,68
13,1,1,1,2,19,5.0,63
24,1,1,1,1,23,4.903089986991943,67
22,0,1,1,1,26,4.903089986991943,74
23,1,0,1,1,14,4.06774020292624,117
23,1,1,1,1,21,4.3979400086720375,82
17,0,1,1,2,19,4.968482948553935,90
20,0,1,1,2,22,5.0413926851582245,138
20,1,1,1,2,19,5.167317334748176,82
25,1,1,1,2,16,4.0,121
23,1,1,1,2,21,4.477121254719662,83
16,1,1,1,3,26,4.845098040014256,76
19,0,1,1,1,21,4.799340549453581,74
22,1,1,1,1,21,4.698970004336019,67
21,0,1,1,1,13,4.392696953259665,140
25,1,1,0,1,19,4.204119982655924,82
22,1,1,1,1,13,4.602059991327962,82
18,0,1,1,1,13,5.068185861746161,112
25,0,1,1,1,16,4.230448921378274,99
24,0,1,0,1,22,4.602059991327962,108
20,0,1,1,1,14,4.954242509439324,99
21,0,1,1,2,22,5.079181246047624,70
12,0,1,1,1,16,5.303196057420489,68
25,1,1,1,1,13,4.30102999566398,110
21,1,1,1,2,21,4.4471580313422185,47
22,1,1,1,1,21,4.954242509439324,86
22,1,1,1,1,19,4.477121254719662,82
16,0,1,1,1,11,5.110589710299249,102
18,0,0,1,1,16,5.214101735973231,68
20,1,1,1,2,19,4.968482948553935,55
22,0,1,1,1,16,4.845098040014256,99
22,1,1,1,1,21,4.778151250383643,34
18,0,1,1,1,21,5.146128035678237,89
23,0,1,1,1,14,4.845098040014256,99
11,1,1,0,2,21,4.954242509439324,46
24,0,1,1,1,21,4.3979400086720375,88
22,1,1,1,1,21,5.0413926851582245,67
17,0,1,1,1,22,4.903089986991943,71
25,1,0,1,1,14,3.1149444157125843,87
21,1,1,1,1,21,4.602059991327962,67
23,0,0,1,1,20,4.531478917042255,84
25,1,0,1,1,19,4.491361693834272,121
20,0,1,1,1,14,5.0413926851582245,99
23,0,1,0,1,20,4.698970004336019,108
22,1,1,1,2,21,4.812913356642856,47
20,0,1,1,1,13,5.012837224705172,62
18,1,1,1,1,21,4.698970004336019,67
24,0,1,1,1,13,4.845098040014256,70
22,1,1,1,1,20,4.698970004336019,67
20,0,1,1,1,22,5.477121254719662,84
4,1,1,1,2,21,4.698970004336019,60
23,0,1,1,1,21,4.778151250383643,88
24,0,0,1,1,16,4.431363764158987,99
14,1,0,1,2,21,4.768134708685042,35
9,0,1,1,2,19,5.301029995663981,82
13,1,1,1,2,21,4.778151250383643,37
23,0,1,1,1,22,4.949390006644912,69
23,0,1,1,1,4,4.778151250383643,170
19,1,1,1,1,21,4.778151250383643,67
25,1,1,1,1,21,4.3979400086720375,67
21,1,1,1,1,19,5.107209969647868,82
17,1,1,1,2,21,4.9661417327390325,67
22,1,1,1,1,20,4.778151250383643,53
20,1,1,1,3,21,5.0,86
16,1,1,1,1,26,5.079181246047624,62
21,1,1,1,1,21,4.778151250383643,67
16,0,1,1,2,22,5.0,70
21,0,1,1,1,11,4.698970004336019,101
21,0,0,1,1,14,4.697229342759718,99
24,0,1,1,4,16,4.698970004336019,99
14,1,1,1,1,21,4.845098040014256,46
22,1,0,0,1,14,4.869231719730975,154
17,0,1,1,2,11,5.257678574869184,171
19,0,1,1,2,19,5.1760912590556805,126
18,1,1,1,1,21,5.0413926851582245,46
23,0,0,1,1,21,4.845098040014256,74
16,1,1,1,1,21,4.30102999566398,46
24,1,1,1,1,21,4.176091259055681,100
22,0,1,1,2,21,4.845098040014256,88
22,0,0,1,1,13,4.7923916894982534,77
17,1,1,1,1,21,4.698970004336019,86
24,1,1,1,1,19,4.505149978319905,82
24,1,0,1,1,22,4.0413926851582245,108
24,0,1,1,1,21,4.698970004336019,88
19,1,0,1,2,14,4.740362689494243,118
20,1,1,1,2,16,5.0413926851582245,100
13,0,1,1,2,13,4.99563519459755,65
13,0,1,1,2,11,4.903089986991943,102
24,1,0,1,1,14,4.384980295651304,89
15,0,1,1,1,22,5.278753600952829,71
23,0,1,1,1,21,4.778151250383643,88
20,0,1,1,2,21,5.0413926851582245,74
25,1,0,0,1,21,4.176091259055681,103
20,0,1,1,1,26,5.290034611362517,74
23,1,1,1,1,19,4.419344333673843,55
21,0,1,1,1,14,5.204119982655924,99
20,0,1,1,1,11,4.698970004336019,101
18,1,1,1,1,19,4.431363764158987,79
19,1,0,0,1,19,4.832508912706236,148
24,1,1,0,1,14,4.602059991327962,89
22,0,1,0,1,11,5.079181246047624,172
22,0,1,1,2,21,4.602059991327962,74
20,0,1,1,1,14,4.8808135922807905,99
16,1,1,1,1,21,4.886490725172481,67
12,1,1,1,2,21,5.0,64
18,1,1,1,2,19,4.602059991327962,62
14,1,1,1,3,14,5.0,130
24,0,1,1,1,13,4.698970004336019,45
20,1,1,1,1,19,4.724275869600789,79
17,0,1,1,3,13,5.079181246047624,115
17,1,1,1,2,21,4.812913356642856,67
22,1,1,0,1,19,4.778151250383643,82
23,1,1,1,2,16,4.602059991327962,87
18,1,1,1,3,22,4.907776702419327,89
19,0,0,1,1,15,4.888179493918324,104
15,0,1,1,2,22,5.0413926851582245,54
16,1,1,1,2,25,4.602059991327962,90
20,1,1,1,1,19,4.845098040014256,55
21,0,0,1,1,13,4.7923916894982534,75
20,1,1,0,1,8,4.6232492903979,121
18,0,1,0,1,9,4.698970004336019,184
20,1,0,0,1,19,4.732739449293046,82
23,1,1,1,1,21,4.602059991327962,34
18,1,1,1,1,14,5.079181246047624,116
24,1,1,1,1,22,4.698970004336019,84
12,1,1,1,3,21,4.698970004336019,64
24,1,1,0,2,20,4.477121254719662,67
19,0,1,1,1,26,4.8808135922807905,58
